DATETIME,CARRY,CARRY_CONTRACT,PRICE,PRICE_CONTRACT,FORWARD,FORWARD_CONTRACT
2010-01-04 23:00:00,114.109375,20100600,115.53125,20100300,114.109375,20100600
2010-01-05 23:00:00,114.75,20100600,116.203125,20100300,114.75,20100600
2010-01-06 23:00:00,114.5,20100600,115.96875,20100300,114.5,20100600
2010-01-07 23:00:00,114.375,20100600,115.84375,20100300,114.375,20100600
2010-01-08 23:00:00,114.46875,20100600,116.03125,20100300,114.46875,20100600
2010-01-11 23:00:00,114.46875,20100600,116.03125,20100300,114.46875,20100600
2010-01-12 23:00:00,115.171875,20100600,116.75,20100300,115.171875,20100600
2010-01-13 23:00:00,114.78125,20100600,116.390625,20100300,114.78125,20100600
2010-01-14 23:00:00,115.203125,20100600,116.75,20100300,115.203125,20100600
2010-01-15 23:00:00,115.703125,20100600,117.28125,20100300,115.703125,20100600
2010-01-19 23:00:00,115.5,20100600,117.078125,20100300,115.5,20100600
2010-01-20 23:00:00,115.828125,20100600,117.40625,20100300,115.828125,20100600
2010-01-21 23:00:00,116.234375,20100600,117.8125,20100300,116.234375,20100600
2010-01-22 23:00:00,116.34375,20100600,117.90625,20100300,116.34375,20100600
2010-01-25 23:00:00,116.15625,20100600,117.734375,20100300,116.15625,20100600
2010-01-26 23:00:00,116.265625,20100600,117.828125,20100300,116.265625,20100600
2010-01-27 23:00:00,116.125,20100600,117.65625,20100300,116.125,20100600
2010-01-28 23:00:00,116.171875,20100600,117.703125,20100300,116.171875,20100600
2010-01-29 23:00:00,116.65625,20100600,118.15625,20100300,116.65625,20100600
2010-02-01 23:00:00,116.34375,20100600,117.859375,20100300,116.34375,20100600
2010-02-02 23:00:00,116.53125,20100600,118.015625,20100300,116.53125,20100600
2010-02-03 23:00:00,116.078125,20100600,117.578125,20100300,116.078125,20100600
2010-02-04 23:00:00,116.78125,20100600,118.25,20100300,116.78125,20100600
2010-02-05 23:00:00,117.421875,20100600,118.859375,20100300,117.421875,20100600
2010-02-08 23:00:00,117.046875,20100600,118.484375,20100300,117.046875,20100600
2010-02-09 23:00:00,116.78125,20100600,118.234375,20100300,116.78125,20100600
2010-02-10 23:00:00,116.46875,20100600,117.90625,20100300,116.46875,20100600
2010-02-11 23:00:00,116.3125,20100600,117.765625,20100300,116.3125,20100600
2010-02-12 23:00:00,116.625,20100600,118.078125,20100300,116.625,20100600
2010-02-16 23:00:00,116.875,20100600,118.3125,20100300,116.875,20100600
2010-02-17 23:00:00,116.21875,20100600,117.671875,20100300,116.21875,20100600
2010-02-18 23:00:00,115.75,20100600,117.203125,20100300,115.75,20100600
2010-02-19 23:00:00,115.75,20100600,117.1875,20100300,115.75,20100600
2010-02-22 23:00:00,115.765625,20100600,117.1875,20100300,115.765625,20100600
2010-02-23 23:00:00,116.640625,20100600,118.046875,20100300,116.640625,20100600
2010-02-24 23:00:00,116.6875,20100600,118.078125,20100300,116.6875,20100600
2010-02-25 23:00:00,115.71875,20100900,117.140625,20100600,115.71875,20100900
2010-02-26 23:00:00,116.0625,20100900,117.484375,20100600,116.0625,20100900
2010-03-01 23:00:00,115.96875,20100900,117.390625,20100600,115.96875,20100900
2010-03-02 23:00:00,115.921875,20100900,117.40625,20100600,115.921875,20100900
2010-03-03 23:00:00,115.9375,20100900,117.421875,20100600,115.9375,20100900
2010-03-04 23:00:00,116.0625,20100900,117.515625,20100600,116.0625,20100900
2010-03-05 23:00:00,115.59375,20100900,117.046875,20100600,115.59375,20100900
2010-03-08 23:00:00,115.46875,20100900,116.921875,20100600,115.46875,20100900
2010-03-09 23:00:00,115.640625,20100900,117.0625,20100600,115.640625,20100900
2010-03-10 23:00:00,115.453125,20100900,116.875,20100600,115.453125,20100900
2010-03-11 23:00:00,115.359375,20100900,116.78125,20100600,115.359375,20100900
2010-03-12 23:00:00,115.359375,20100900,116.796875,20100600,115.359375,20100900
2010-03-15 23:00:00,115.390625,20100900,116.859375,20100600,115.390625,20100900
2010-03-16 23:00:00,115.890625,20100900,117.359375,20100600,115.890625,20100900
2010-03-17 23:00:00,115.890625,20100900,117.359375,20100600,115.890625,20100900
2010-03-18 23:00:00,115.671875,20100900,117.09375,20100600,115.671875,20100900
2010-03-19 23:00:00,115.53125,20100900,116.96875,20100600,115.53125,20100900
2010-03-22 23:00:00,115.84375,20100900,117.28125,20100600,115.84375,20100900
2010-03-23 23:00:00,115.84375,20100900,117.28125,20100600,115.84375,20100900
2010-03-24 23:00:00,114.65625,20100900,116.09375,20100600,114.65625,20100900
2010-03-25 23:00:00,114.109375,20100900,115.546875,20100600,114.109375,20100900
2010-03-26 23:00:00,114.5,20100900,115.953125,20100600,114.5,20100900
2010-03-29 23:00:00,114.484375,20100900,115.9375,20100600,114.484375,20100900
2010-03-30 23:00:00,114.484375,20100900,115.9375,20100600,114.484375,20100900
2010-03-31 23:00:00,114.8125,20100900,116.25,20100600,114.8125,20100900
2010-04-01 23:00:00,114.609375,20100900,116.03125,20100600,114.609375,20100900
2010-04-02 23:00:00,113.90625,20100900,115.34375,20100600,113.90625,20100900
2010-04-05 23:00:00,113.546875,20100900,115.0,20100600,113.546875,20100900
2010-04-06 23:00:00,113.765625,20100900,115.21875,20100600,113.765625,20100900
2010-04-07 23:00:00,114.59375,20100900,116.015625,20100600,114.59375,20100900
2010-04-08 23:00:00,114.390625,20100900,115.8125,20100600,114.390625,20100900
2010-04-09 23:00:00,114.484375,20100900,115.90625,20100600,114.484375,20100900
2010-04-12 23:00:00,114.84375,20100900,116.25,20100600,114.84375,20100900
2010-04-13 23:00:00,115.1875,20100900,116.578125,20100600,115.1875,20100900
2010-04-14 23:00:00,114.890625,20100900,116.28125,20100600,114.890625,20100900
2010-04-15 23:00:00,115.0,20100900,116.390625,20100600,115.0,20100900
2010-04-16 23:00:00,115.703125,20100900,117.078125,20100600,115.703125,20100900
2010-04-19 23:00:00,115.40625,20100900,116.796875,20100600,115.40625,20100900
2010-04-20 23:00:00,115.375,20100900,116.765625,20100600,115.375,20100900
2010-04-21 23:00:00,115.8125,20100900,117.1875,20100600,115.8125,20100900
2010-04-22 23:00:00,115.453125,20100900,116.828125,20100600,115.453125,20100900
2010-04-23 23:00:00,115.0625,20100900,116.453125,20100600,115.0625,20100900
2010-04-26 23:00:00,115.1875,20100900,116.578125,20100600,115.1875,20100900
2010-04-27 23:00:00,116.3125,20100900,117.65625,20100600,116.3125,20100900
2010-04-28 23:00:00,115.640625,20100900,117.0,20100600,115.640625,20100900
2010-04-29 23:00:00,116.09375,20100900,117.4375,20100600,116.09375,20100900
2010-04-30 23:00:00,116.625,20100900,117.90625,20100600,116.625,20100900
2010-05-03 23:00:00,116.171875,20100900,117.484375,20100600,116.171875,20100900
2010-05-04 23:00:00,116.859375,20100900,118.140625,20100600,116.859375,20100900
2010-05-05 23:00:00,117.40625,20100900,118.671875,20100600,117.40625,20100900
2010-05-06 23:00:00,118.84375,20100900,119.921875,20100600,118.84375,20100900
2010-05-07 23:00:00,118.546875,20100900,119.6875,20100600,118.546875,20100900
2010-05-10 23:00:00,117.765625,20100900,118.9375,20100600,117.765625,20100900
2010-05-11 23:00:00,117.875,20100900,119.015625,20100600,117.875,20100900
2010-05-12 23:00:00,117.65625,20100900,118.796875,20100600,117.65625,20100900
2010-05-13 23:00:00,117.78125,20100900,118.859375,20100600,117.78125,20100900
2010-05-14 23:00:00,118.703125,20100900,119.765625,20100600,118.703125,20100900
2010-05-17 23:00:00,118.515625,20100900,119.578125,20100600,118.515625,20100900
2010-05-18 23:00:00,119.15625,20100900,120.203125,20100600,119.15625,20100900
2010-05-19 23:00:00,119.25,20100900,120.25,20100600,119.25,20100900
2010-05-20 23:00:00,119.984375,20100900,120.953125,20100600,119.984375,20100900
2010-05-21 23:00:00,120.453125,20100900,121.3125,20100600,120.453125,20100900
2010-05-24 23:00:00,120.328125,20100900,121.171875,20100600,120.328125,20100900
2010-05-25 23:00:00,120.890625,20100900,121.671875,20100600,120.890625,20100900
2010-05-26 23:00:00,120.328125,20100900,121.15625,20100600,120.328125,20100900
2010-05-27 23:00:00,119.5,20100900,120.3125,20100600,119.5,20100900
2010-05-28 23:00:00,118.640625,20101200,119.875,20100900,118.640625,20101200
2010-06-01 23:00:00,118.65625,20101200,119.890625,20100900,118.65625,20101200
2010-06-02 23:00:00,118.3125,20101200,119.546875,20100900,118.3125,20101200
2010-06-03 23:00:00,118.09375,20101200,119.328125,20100900,118.09375,20101200
2010-06-04 23:00:00,119.5,20101200,120.734375,20100900,119.5,20101200
2010-06-07 23:00:00,119.640625,20101200,120.859375,20100900,119.640625,20101200
2010-06-08 23:00:00,119.859375,20101200,121.03125,20100900,119.859375,20101200
2010-06-09 23:00:00,119.71875,20101200,120.859375,20100900,119.71875,20101200
2010-06-10 23:00:00,118.703125,20101200,119.84375,20100900,118.703125,20101200
2010-06-11 23:00:00,119.5625,20101200,120.65625,20100900,119.5625,20101200
2010-06-14 23:00:00,119.09375,20101200,120.1875,20100900,119.09375,20101200
2010-06-15 23:00:00,118.796875,20101200,119.890625,20100900,118.796875,20101200
2010-06-16 23:00:00,118.96875,20101200,120.0625,20100900,118.96875,20101200
2010-06-17 23:00:00,119.625,20101200,120.71875,20100900,119.625,20101200
2010-06-18 23:00:00,119.34375,20101200,120.4375,20100900,119.34375,20101200
2010-06-21 23:00:00,119.203125,20101200,120.296875,20100900,119.203125,20101200
2010-06-22 23:00:00,119.890625,20101200,120.90625,20100900,119.890625,20101200
2010-06-23 23:00:00,120.34375,20101200,121.359375,20100900,120.34375,20101200
2010-06-24 23:00:00,120.3125,20101200,121.328125,20100900,120.3125,20101200
2010-06-25 23:00:00,120.484375,20101200,121.484375,20100900,120.484375,20101200
2010-06-28 23:00:00,121.15625,20101200,122.140625,20100900,121.15625,20101200
2010-06-29 23:00:00,121.5625,20101200,122.53125,20100900,121.5625,20101200
2010-06-30 23:00:00,121.578125,20101200,122.546875,20100900,121.578125,20101200
2010-07-01 23:00:00,121.65625,20101200,122.609375,20100900,121.65625,20101200
2010-07-02 23:00:00,121.359375,20101200,122.3125,20100900,121.359375,20101200
2010-07-06 23:00:00,121.78125,20101200,122.734375,20100900,121.78125,20101200
2010-07-07 23:00:00,121.484375,20101200,122.4375,20100900,121.484375,20101200
2010-07-08 23:00:00,121.203125,20101200,122.15625,20100900,121.203125,20101200
2010-07-09 23:00:00,120.96875,20101200,121.921875,20100900,120.96875,20101200
2010-07-12 23:00:00,121.15625,20101200,122.109375,20100900,121.15625,20101200
2010-07-13 23:00:00,120.703125,20101200,121.65625,20100900,120.703125,20101200
2010-07-14 23:00:00,121.3125,20101200,122.234375,20100900,121.3125,20101200
2010-07-15 23:00:00,121.875,20101200,122.78125,20100900,121.875,20101200
2010-07-16 23:00:00,122.296875,20101200,123.203125,20100900,122.296875,20101200
2010-07-19 23:00:00,122.140625,20101200,123.03125,20100900,122.140625,20101200
2010-07-20 23:00:00,122.359375,20101200,123.234375,20100900,122.359375,20101200
2010-07-21 23:00:00,122.625,20101200,123.5,20100900,122.625,20101200
2010-07-22 23:00:00,122.296875,20101200,123.171875,20100900,122.296875,20101200
2010-07-23 23:00:00,121.796875,20101200,122.671875,20100900,121.796875,20101200
2010-07-26 23:00:00,121.84375,20101200,122.734375,20100900,121.84375,20101200
2010-07-27 23:00:00,121.421875,20101200,122.328125,20100900,121.421875,20101200
2010-07-28 23:00:00,121.9375,20101200,122.859375,20100900,121.9375,20101200
2010-07-29 23:00:00,122.1875,20101200,123.09375,20100900,122.1875,20101200
2010-07-30 23:00:00,122.921875,20101200,123.8125,20100900,122.921875,20101200
2010-08-02 23:00:00,122.5,20101200,123.421875,20100900,122.5,20101200
2010-08-03 23:00:00,123.078125,20101200,123.984375,20100900,123.078125,20101200
2010-08-04 23:00:00,122.734375,20101200,123.625,20100900,122.734375,20101200
2010-08-05 23:00:00,123.0,20101200,123.890625,20100900,123.0,20101200
2010-08-06 23:00:00,123.703125,20101200,124.578125,20100900,123.703125,20101200
2010-08-09 23:00:00,123.640625,20101200,124.515625,20100900,123.640625,20101200
2010-08-10 23:00:00,124.109375,20101200,124.984375,20100900,124.109375,20101200
2010-08-11 23:00:00,124.78125,20101200,125.609375,20100900,124.78125,20101200
2010-08-12 23:00:00,124.484375,20101200,125.34375,20100900,124.484375,20101200
2010-08-13 23:00:00,124.734375,20101200,125.578125,20100900,124.734375,20101200
2010-08-16 23:00:00,125.375,20101200,126.203125,20100900,125.375,20101200
2010-08-17 23:00:00,124.828125,20101200,125.671875,20100900,124.828125,20101200
2010-08-18 23:00:00,124.75,20101200,125.609375,20100900,124.75,20101200
2010-08-19 23:00:00,125.0625,20101200,125.953125,20100900,125.0625,20101200
2010-08-20 23:00:00,124.640625,20101200,125.53125,20100900,124.640625,20101200
2010-08-23 23:00:00,124.78125,20101200,125.65625,20100900,124.78125,20101200
2010-08-24 23:00:00,125.59375,20101200,126.40625,20100900,125.59375,20101200
2010-08-25 23:00:00,125.09375,20101200,125.921875,20100900,125.09375,20101200
2010-08-26 23:00:00,125.40625,20101200,126.21875,20100900,125.40625,20101200
2010-08-27 23:00:00,124.34375,20101200,125.1875,20100900,124.34375,20101200
2010-08-30 23:00:00,124.609375,20110300,125.28125,20101200,124.609375,20110300
2010-08-31 23:00:00,124.96875,20110300,125.625,20101200,124.96875,20110300
2010-09-01 23:00:00,124.140625,20110300,124.796875,20101200,124.140625,20110300
2010-09-02 23:00:00,123.890625,20110300,124.546875,20101200,123.890625,20110300
2010-09-03 23:00:00,123.359375,20110300,124.015625,20101200,123.359375,20110300
2010-09-07 23:00:00,124.1875,20110300,124.84375,20101200,124.1875,20110300
2010-09-08 23:00:00,123.75,20110300,124.4375,20101200,123.75,20110300
2010-09-09 23:00:00,122.921875,20110300,123.625,20101200,122.921875,20110300
2010-09-10 23:00:00,122.6875,20110300,123.390625,20101200,122.6875,20110300
2010-09-13 23:00:00,123.203125,20110300,123.90625,20101200,123.203125,20110300
2010-09-14 23:00:00,123.734375,20110300,124.4375,20101200,123.734375,20110300
2010-09-15 23:00:00,123.484375,20110300,124.1875,20101200,123.484375,20110300
2010-09-16 23:00:00,123.203125,20110300,123.90625,20101200,123.203125,20110300
2010-09-17 23:00:00,123.4375,20110300,124.140625,20101200,123.4375,20110300
2010-09-20 23:00:00,123.703125,20110300,124.40625,20101200,123.703125,20110300
2010-09-21 23:00:00,124.703125,20110300,125.375,20101200,124.703125,20110300
2010-09-22 23:00:00,124.90625,20110300,125.5625,20101200,124.90625,20110300
2010-09-23 23:00:00,124.921875,20110300,125.578125,20101200,124.921875,20110300
2010-09-24 23:00:00,124.59375,20110300,125.21875,20101200,124.59375,20110300
2010-09-27 23:00:00,125.359375,20110300,125.953125,20101200,125.359375,20110300
2010-09-28 23:00:00,125.859375,20110300,126.4375,20101200,125.859375,20110300
2010-09-29 23:00:00,125.5625,20110300,126.15625,20101200,125.5625,20110300
2010-09-30 23:00:00,125.453125,20110300,126.046875,20101200,125.453125,20110300
2010-10-01 23:00:00,125.484375,20110300,126.078125,20101200,125.484375,20110300
2010-10-04 23:00:00,125.890625,20110300,126.46875,20101200,125.890625,20110300
2010-10-05 23:00:00,126.046875,20110300,126.640625,20101200,126.046875,20110300
2010-10-06 23:00:00,126.515625,20110300,127.09375,20101200,126.515625,20110300
2010-10-07 23:00:00,126.578125,20110300,127.140625,20101200,126.578125,20110300
2010-10-08 23:00:00,126.765625,20110300,127.3125,20101200,126.765625,20110300
2010-10-11 23:00:00,126.890625,20110300,127.4375,20101200,126.890625,20110300
2010-10-12 23:00:00,126.5,20110300,127.078125,20101200,126.5,20110300
2010-10-13 23:00:00,126.640625,20110300,127.21875,20101200,126.640625,20110300
2010-10-14 23:00:00,126.03125,20110300,126.671875,20101200,126.03125,20110300
2010-10-15 23:00:00,125.53125,20110300,126.234375,20101200,125.53125,20110300
2010-10-18 23:00:00,126.21875,20110300,126.890625,20101200,126.21875,20110300
2010-10-19 23:00:00,126.359375,20110300,127.03125,20101200,126.359375,20110300
2010-10-20 23:00:00,126.359375,20110300,127.046875,20101200,126.359375,20110300
2010-10-21 23:00:00,125.9375,20110300,126.640625,20101200,125.9375,20110300
2010-10-22 23:00:00,125.6875,20110300,126.421875,20101200,125.6875,20110300
2010-10-25 23:00:00,125.703125,20110300,126.421875,20101200,125.703125,20110300
2010-10-26 23:00:00,124.96875,20110300,125.71875,20101200,124.96875,20110300
2010-10-27 23:00:00,124.4375,20110300,125.21875,20101200,124.4375,20110300
2010-10-28 23:00:00,125.078125,20110300,125.859375,20101200,125.078125,20110300
2010-10-29 23:00:00,125.5,20110300,126.28125,20101200,125.5,20110300
2010-11-01 23:00:00,125.5,20110300,126.3125,20101200,125.5,20110300
2010-11-02 23:00:00,125.75,20110300,126.53125,20101200,125.75,20110300
2010-11-03 23:00:00,125.8125,20110300,126.578125,20101200,125.8125,20110300
2010-11-04 23:00:00,126.96875,20110300,127.75,20101200,126.96875,20110300
2010-11-05 23:00:00,126.5625,20110300,127.421875,20101200,126.5625,20110300
2010-11-08 23:00:00,126.5,20110300,127.359375,20101200,126.5,20110300
2010-11-09 23:00:00,125.640625,20110300,126.53125,20101200,125.640625,20110300
2010-11-10 23:00:00,126.109375,20110300,126.96875,20101200,126.109375,20110300
2010-11-11 23:00:00,125.59375,20110300,126.484375,20101200,125.59375,20110300
2010-11-12 23:00:00,124.984375,20110300,125.9375,20101200,124.984375,20110300
2010-11-15 23:00:00,123.765625,20110300,124.765625,20101200,123.765625,20110300
2010-11-16 23:00:00,124.0625,20110300,125.046875,20101200,124.0625,20110300
2010-11-17 23:00:00,123.890625,20110300,124.875,20101200,123.890625,20110300
2010-11-18 23:00:00,123.484375,20110300,124.484375,20101200,123.484375,20110300
2010-11-19 23:00:00,123.53125,20110300,124.515625,20101200,123.53125,20110300
2010-11-22 23:00:00,124.171875,20110300,125.09375,20101200,124.171875,20110300
2010-11-23 23:00:00,124.53125,20110300,125.40625,20101200,124.53125,20110300
2010-11-24 23:00:00,123.34375,20110300,124.28125,20101200,123.34375,20110300
2010-11-26 23:00:00,123.65625,20110300,124.59375,20101200,123.65625,20110300
2010-11-29 23:00:00,123.09375,20110600,123.921875,20110300,123.09375,20110600
2010-11-30 23:00:00,123.28125,20110600,124.109375,20110300,123.28125,20110600
2010-12-01 23:00:00,122.0,20110600,122.828125,20110300,122.0,20110600
2010-12-02 23:00:00,121.609375,20110600,122.4375,20110300,121.609375,20110600
2010-12-03 23:00:00,121.796875,20110600,122.625,20110300,121.796875,20110600
2010-12-06 23:00:00,122.5,20110600,123.328125,20110300,122.5,20110600
2010-12-07 23:00:00,120.5625,20110600,121.390625,20110300,120.5625,20110600
2010-12-08 23:00:00,119.96875,20110600,120.796875,20110300,119.96875,20110600
2010-12-09 23:00:00,119.65625,20110600,120.765625,20110300,119.65625,20110600
2010-12-10 23:00:00,119.109375,20110600,120.21875,20110300,119.109375,20110600
2010-12-13 23:00:00,119.546875,20110600,120.65625,20110300,119.546875,20110600
2010-12-14 23:00:00,118.171875,20110600,119.28125,20110300,118.171875,20110600
2010-12-15 23:00:00,117.796875,20110600,118.90625,20110300,117.796875,20110600
2010-12-16 23:00:00,118.03125,20110600,119.21875,20110300,118.03125,20110600
2010-12-17 23:00:00,119.0625,20110600,120.25,20110300,119.0625,20110600
2010-12-20 23:00:00,118.890625,20110600,120.078125,20110300,118.890625,20110600
2010-12-21 23:00:00,119.046875,20110600,120.234375,20110300,119.046875,20110600
2010-12-22 23:00:00,118.8125,20110600,120.0,20110300,118.8125,20110600
2010-12-23 23:00:00,118.40625,20110600,119.59375,20110300,118.40625,20110600
2010-12-27 23:00:00,118.75,20110600,119.9375,20110300,118.75,20110600
2010-12-28 23:00:00,117.8125,20110600,119.03125,20110300,117.8125,20110600
2010-12-29 23:00:00,119.03125,20110600,120.25,20110300,119.03125,20110600
2010-12-30 23:00:00,118.765625,20110600,119.984375,20110300,118.765625,20110600
2010-12-31 23:00:00,119.21875,20110600,120.4375,20110300,119.21875,20110600
2011-01-03 23:00:00,119.0,20110600,120.171875,20110300,119.0,20110600
2011-01-04 23:00:00,119.15625,20110600,120.3125,20110300,119.15625,20110600
2011-01-05 23:00:00,118.0625,20110600,119.234375,20110300,118.0625,20110600
2011-01-06 23:00:00,118.625,20110600,119.8125,20110300,118.625,20110600
2011-01-07 23:00:00,119.515625,20110600,120.671875,20110300,119.515625,20110600
2011-01-10 23:00:00,119.734375,20110600,120.875,20110300,119.734375,20110600
2011-01-11 23:00:00,119.40625,20110600,120.546875,20110300,119.40625,20110600
2011-01-12 23:00:00,119.40625,20110600,120.5625,20110300,119.40625,20110600
2011-01-13 23:00:00,119.953125,20110600,121.109375,20110300,119.953125,20110600
2011-01-14 23:00:00,119.6875,20110600,120.859375,20110300,119.6875,20110600
2011-01-18 23:00:00,119.359375,20110600,120.59375,20110300,119.359375,20110600
2011-01-19 23:00:00,119.5625,20110600,120.78125,20110300,119.5625,20110600
2011-01-20 23:00:00,118.5625,20110600,119.828125,20110300,118.5625,20110600
2011-01-21 23:00:00,118.921875,20110600,120.15625,20110300,118.921875,20110600
2011-01-24 23:00:00,118.984375,20110600,120.234375,20110300,118.984375,20110600
2011-01-25 23:00:00,119.765625,20110600,120.921875,20110300,119.765625,20110600
2011-01-26 23:00:00,119.046875,20110600,120.25,20110300,119.046875,20110600
2011-01-27 23:00:00,119.46875,20110600,120.671875,20110300,119.46875,20110600
2011-01-28 23:00:00,119.953125,20110600,121.15625,20110300,119.953125,20110600
2011-01-31 23:00:00,119.546875,20110600,120.796875,20110300,119.546875,20110600
2011-02-01 23:00:00,119.015625,20110600,120.296875,20110300,119.015625,20110600
2011-02-02 23:00:00,118.609375,20110600,119.890625,20110300,118.609375,20110600
2011-02-03 23:00:00,118.140625,20110600,119.4375,20110300,118.140625,20110600
2011-02-04 23:00:00,117.078125,20110600,118.578125,20110300,117.078125,20110600
2011-02-07 23:00:00,117.078125,20110600,118.609375,20110300,117.078125,20110600
2011-02-08 23:00:00,116.375,20110600,117.984375,20110300,116.375,20110600
2011-02-09 23:00:00,117.015625,20110600,118.578125,20110300,117.015625,20110600
2011-02-10 23:00:00,116.46875,20110600,118.125,20110300,116.46875,20110600
2011-02-11 23:00:00,116.90625,20110600,118.5,20110300,116.90625,20110600
2011-02-14 23:00:00,117.078125,20110600,118.625,20110300,117.078125,20110600
2011-02-15 23:00:00,117.15625,20110600,118.640625,20110300,117.15625,20110600
2011-02-16 23:00:00,117.140625,20110600,118.59375,20110300,117.140625,20110600
2011-02-17 23:00:00,117.578125,20110600,119.015625,20110300,117.578125,20110600
2011-02-18 23:00:00,117.625,20110600,119.0625,20110300,117.625,20110600
2011-02-22 23:00:00,118.75,20110600,120.09375,20110300,118.75,20110600
2011-02-23 23:00:00,118.5,20110600,119.8125,20110300,118.5,20110600
2011-02-24 23:00:00,118.78125,20110600,120.046875,20110300,118.78125,20110600
2011-02-25 23:00:00,117.71875,20110900,118.9375,20110600,117.71875,20110900
2011-02-28 23:00:00,117.890625,20110900,119.046875,20110600,117.890625,20110900
2011-03-01 23:00:00,117.9375,20110900,119.125,20110600,117.9375,20110900
2011-03-02 23:00:00,117.53125,20110900,118.71875,20110600,117.53125,20110900
2011-03-03 23:00:00,116.640625,20110900,117.828125,20110600,116.640625,20110900
2011-03-04 23:00:00,117.4375,20110900,118.625,20110600,117.4375,20110900
2011-03-07 23:00:00,117.421875,20110900,118.609375,20110600,117.421875,20110900
2011-03-08 23:00:00,117.15625,20110900,118.34375,20110600,117.15625,20110900
2011-03-09 23:00:00,117.734375,20110900,118.921875,20110600,117.734375,20110900
2011-03-10 23:00:00,118.4375,20110900,119.625,20110600,118.4375,20110900
2011-03-11 23:00:00,118.375,20110900,119.6875,20110600,118.375,20110900
2011-03-14 23:00:00,118.875,20110900,120.1875,20110600,118.875,20110900
2011-03-15 23:00:00,119.03125,20110900,120.34375,20110600,119.03125,20110900
2011-03-16 23:00:00,119.921875,20110900,121.25,20110600,119.921875,20110900
2011-03-17 23:00:00,119.609375,20110900,120.9375,20110600,119.609375,20110900
2011-03-18 23:00:00,119.34375,20110900,120.6875,20110600,119.34375,20110900
2011-03-21 23:00:00,118.828125,20110900,120.203125,20110600,118.828125,20110900
2011-03-22 23:00:00,118.609375,20110900,120.046875,20110600,118.609375,20110900
2011-03-23 23:00:00,118.53125,20110900,119.96875,20110600,118.53125,20110900
2011-03-24 23:00:00,118.015625,20110900,119.5,20110600,118.015625,20110900
2011-03-25 23:00:00,117.703125,20110900,119.1875,20110600,117.703125,20110900
2011-03-28 23:00:00,117.59375,20110900,119.078125,20110600,117.59375,20110900
2011-03-29 23:00:00,117.28125,20110900,118.765625,20110600,117.28125,20110900
2011-03-30 23:00:00,117.65625,20110900,119.125,20110600,117.65625,20110900
2011-03-31 23:00:00,117.5625,20110900,119.03125,20110600,117.5625,20110900
2011-04-01 23:00:00,117.59375,20110900,118.96875,20110600,117.59375,20110900
2011-04-04 23:00:00,117.8125,20110900,119.21875,20110600,117.8125,20110900
2011-04-05 23:00:00,117.328125,20110900,118.765625,20110600,117.328125,20110900
2011-04-06 23:00:00,116.9375,20110900,118.375,20110600,116.9375,20110900
2011-04-07 23:00:00,117.046875,20110900,118.46875,20110600,117.046875,20110900
2011-04-08 23:00:00,116.859375,20110900,118.375,20110600,116.859375,20110900
2011-04-11 23:00:00,116.921875,20110900,118.453125,20110600,116.921875,20110900
2011-04-12 23:00:00,117.546875,20110900,119.09375,20110600,117.546875,20110900
2011-04-13 23:00:00,117.859375,20110900,119.390625,20110600,117.859375,20110900
2011-04-14 23:00:00,117.671875,20110900,119.203125,20110600,117.671875,20110900
2011-04-15 23:00:00,118.3125,20110900,119.8125,20110600,118.3125,20110900
2011-04-18 23:00:00,118.640625,20110900,120.1875,20110600,118.640625,20110900
2011-04-19 23:00:00,118.71875,20110900,120.25,20110600,118.71875,20110900
2011-04-20 23:00:00,118.390625,20110900,119.90625,20110600,118.390625,20110900
2011-04-21 23:00:00,118.5,20110900,119.984375,20110600,118.5,20110900
2011-04-25 23:00:00,118.828125,20110900,120.328125,20110600,118.828125,20110900
2011-04-26 23:00:00,119.1875,20110900,120.671875,20110600,119.1875,20110900
2011-04-27 23:00:00,118.9375,20110900,120.421875,20110600,118.9375,20110900
2011-04-28 23:00:00,119.484375,20110900,120.953125,20110600,119.484375,20110900
2011-04-29 23:00:00,119.6875,20110900,121.140625,20110600,119.6875,20110900
2011-05-02 23:00:00,119.78125,20110900,121.234375,20110600,119.78125,20110900
2011-05-03 23:00:00,120.0,20110900,121.4375,20110600,120.0,20110900
2011-05-04 23:00:00,120.203125,20110900,121.640625,20110600,120.203125,20110900
2011-05-05 23:00:00,120.625,20110900,122.0625,20110600,120.625,20110900
2011-05-06 23:00:00,120.875,20110900,122.28125,20110600,120.875,20110900
2011-05-09 23:00:00,121.0625,20110900,122.46875,20110600,121.0625,20110900
2011-05-10 23:00:00,120.640625,20110900,122.09375,20110600,120.640625,20110900
2011-05-11 23:00:00,120.96875,20110900,122.421875,20110600,120.96875,20110900
2011-05-12 23:00:00,120.703125,20110900,122.171875,20110600,120.703125,20110900
2011-05-13 23:00:00,121.046875,20110900,122.5,20110600,121.046875,20110900
2011-05-16 23:00:00,121.3125,20110900,122.75,20110600,121.3125,20110900
2011-05-17 23:00:00,121.515625,20110900,122.9375,20110600,121.515625,20110900
2011-05-18 23:00:00,121.09375,20110900,122.53125,20110600,121.09375,20110900
2011-05-19 23:00:00,121.1875,20110900,122.609375,20110600,121.1875,20110900
2011-05-20 23:00:00,121.421875,20110900,122.8125,20110600,121.421875,20110900
2011-05-23 23:00:00,121.625,20110900,123.0,20110600,121.625,20110900
2011-05-24 23:00:00,121.703125,20110900,123.078125,20110600,121.703125,20110900
2011-05-25 23:00:00,121.765625,20110900,123.140625,20110600,121.765625,20110900
2011-05-26 23:00:00,122.390625,20110900,123.75,20110600,122.390625,20110900
2011-05-27 23:00:00,122.46875,20110900,123.859375,20110600,122.46875,20110900
2011-05-31 23:00:00,121.609375,20111200,122.609375,20110900,121.609375,20111200
2011-06-01 23:00:00,122.3125,20111200,123.3125,20110900,122.3125,20111200
2011-06-02 23:00:00,121.96875,20111200,122.96875,20110900,121.96875,20111200
2011-06-03 23:00:00,122.328125,20111200,123.328125,20110900,122.328125,20111200
2011-06-06 23:00:00,122.34375,20111200,123.34375,20110900,122.34375,20111200
2011-06-07 23:00:00,121.96875,20111200,123.265625,20110900,121.96875,20111200
2011-06-08 23:00:00,122.421875,20111200,123.71875,20110900,122.421875,20111200
2011-06-09 23:00:00,121.96875,20111200,123.265625,20110900,121.96875,20111200
2011-06-10 23:00:00,122.21875,20111200,123.515625,20110900,122.21875,20111200
2011-06-13 23:00:00,122.046875,20111200,123.34375,20110900,122.046875,20111200
2011-06-14 23:00:00,121.21875,20111200,122.53125,20110900,121.21875,20111200
2011-06-15 23:00:00,122.34375,20111200,123.6875,20110900,122.34375,20111200
2011-06-16 23:00:00,122.796875,20111200,124.140625,20110900,122.796875,20111200
2011-06-17 23:00:00,122.546875,20111200,123.90625,20110900,122.546875,20111200
2011-06-20 23:00:00,122.4375,20111200,123.8125,20110900,122.4375,20111200
2011-06-21 23:00:00,122.28125,20111200,123.640625,20110900,122.28125,20111200
2011-06-22 23:00:00,122.265625,20111200,123.65625,20110900,122.265625,20111200
2011-06-23 23:00:00,122.96875,20111200,124.34375,20110900,122.96875,20111200
2011-06-24 23:00:00,123.359375,20111200,124.734375,20110900,123.359375,20111200
2011-06-27 23:00:00,123.03125,20111200,124.40625,20110900,123.03125,20111200
2011-06-28 23:00:00,121.9375,20111200,123.328125,20110900,121.9375,20111200
2011-06-29 23:00:00,121.390625,20111200,122.84375,20110900,121.390625,20111200
2011-06-30 23:00:00,120.828125,20111200,122.328125,20110900,120.828125,20111200
2011-07-01 23:00:00,120.46875,20111200,121.984375,20110900,120.46875,20111200
2011-07-05 23:00:00,121.140625,20111200,122.65625,20110900,121.140625,20111200
2011-07-06 23:00:00,121.46875,20111200,122.984375,20110900,121.46875,20111200
2011-07-07 23:00:00,120.9375,20111200,122.46875,20110900,120.9375,20111200
2011-07-08 23:00:00,122.21875,20111200,123.71875,20110900,122.21875,20111200
2011-07-11 23:00:00,123.0625,20111200,124.546875,20110900,123.0625,20111200
2011-07-12 23:00:00,123.15625,20111200,124.625,20110900,123.15625,20111200
2011-07-13 23:00:00,123.328125,20111200,124.796875,20110900,123.328125,20111200
2011-07-14 23:00:00,122.953125,20111200,124.4375,20110900,122.953125,20111200
2011-07-15 23:00:00,123.421875,20111200,124.859375,20110900,123.421875,20111200
2011-07-18 23:00:00,123.484375,20111200,124.921875,20110900,123.484375,20111200
2011-07-19 23:00:00,123.5,20111200,124.921875,20110900,123.5,20111200
2011-07-20 23:00:00,123.171875,20111200,124.59375,20110900,123.171875,20111200
2011-07-21 23:00:00,122.5625,20111200,124.0,20110900,122.5625,20111200
2011-07-22 23:00:00,122.90625,20111200,124.328125,20110900,122.90625,20111200
2011-07-25 23:00:00,122.6875,20111200,124.125,20110900,122.6875,20111200
2011-07-26 23:00:00,123.125,20111200,124.53125,20110900,123.125,20111200
2011-07-27 23:00:00,122.8125,20111200,124.234375,20110900,122.8125,20111200
2011-07-28 23:00:00,123.078125,20111200,124.5,20110900,123.078125,20111200
2011-07-29 23:00:00,124.375,20111200,125.6875,20110900,124.375,20111200
2011-08-01 23:00:00,124.859375,20111200,126.140625,20110900,124.859375,20111200
2011-08-02 23:00:00,125.734375,20111200,126.953125,20110900,125.734375,20111200
2011-08-03 23:00:00,125.84375,20111200,127.046875,20110900,125.84375,20111200
2011-08-04 23:00:00,126.84375,20111200,128.0,20110900,126.84375,20111200
2011-08-05 23:00:00,125.875,20111200,127.046875,20110900,125.875,20111200
2011-08-08 23:00:00,127.453125,20111200,128.578125,20110900,127.453125,20111200
2011-08-09 23:00:00,128.71875,20111200,129.828125,20110900,128.71875,20111200
2011-08-10 23:00:00,129.03125,20111200,130.0625,20110900,129.03125,20111200
2011-08-11 23:00:00,128.203125,20111200,129.21875,20110900,128.203125,20111200
2011-08-12 23:00:00,128.84375,20111200,129.875,20110900,128.84375,20111200
2011-08-15 23:00:00,128.53125,20111200,129.5625,20110900,128.53125,20111200
2011-08-16 23:00:00,129.078125,20111200,130.078125,20110900,129.078125,20111200
2011-08-17 23:00:00,129.390625,20111200,130.359375,20110900,129.390625,20111200
2011-08-18 23:00:00,129.828125,20111200,130.78125,20110900,129.828125,20111200
2011-08-19 23:00:00,129.859375,20111200,130.796875,20110900,129.859375,20111200
2011-08-22 23:00:00,129.65625,20111200,130.59375,20110900,129.65625,20111200
2011-08-23 23:00:00,129.390625,20111200,130.328125,20110900,129.390625,20111200
2011-08-24 23:00:00,128.640625,20111200,129.578125,20110900,128.640625,20111200
2011-08-25 23:00:00,129.046875,20111200,129.984375,20110900,129.046875,20111200
2011-08-26 23:00:00,129.359375,20111200,130.28125,20110900,129.359375,20111200
2011-08-29 23:00:00,128.75,20111200,129.71875,20110900,128.75,20111200
2011-08-30 23:00:00,128.421875,20120300,129.421875,20111200,128.421875,20120300
2011-08-31 23:00:00,128.03125,20120300,129.03125,20111200,128.03125,20120300
2011-09-01 23:00:00,128.59375,20120300,129.59375,20111200,128.59375,20120300
2011-09-02 23:00:00,129.359375,20120300,130.359375,20111200,129.359375,20120300
2011-09-06 23:00:00,129.296875,20120300,130.296875,20111200,129.296875,20120300
2011-09-07 23:00:00,129.015625,20120300,129.953125,20111200,129.015625,20120300
2011-09-08 23:00:00,129.390625,20120300,130.328125,20111200,129.390625,20120300
2011-09-09 23:00:00,129.984375,20120300,130.890625,20111200,129.984375,20120300
2011-09-12 23:00:00,129.6875,20120300,130.59375,20111200,129.6875,20120300
2011-09-13 23:00:00,129.28125,20120300,130.1875,20111200,129.28125,20120300
2011-09-14 23:00:00,129.15625,20120300,130.015625,20111200,129.15625,20120300
2011-09-15 23:00:00,128.625,20120300,129.484375,20111200,128.625,20120300
2011-09-16 23:00:00,128.703125,20120300,129.5625,20111200,128.703125,20120300
2011-09-19 23:00:00,129.6875,20120300,130.546875,20111200,129.6875,20120300
2011-09-20 23:00:00,129.671875,20120300,130.46875,20111200,129.671875,20120300
2011-09-21 23:00:00,129.953125,20120300,130.75,20111200,129.953125,20120300
2011-09-22 23:00:00,131.0625,20120300,131.75,20111200,131.0625,20120300
2011-09-23 23:00:00,130.3125,20120300,130.96875,20111200,130.3125,20120300
2011-09-26 23:00:00,129.609375,20120300,130.34375,20111200,129.609375,20120300
2011-09-27 23:00:00,128.796875,20120300,129.5625,20111200,128.796875,20120300
2011-09-28 23:00:00,128.90625,20120300,129.671875,20111200,128.90625,20120300
2011-09-29 23:00:00,129.234375,20120300,129.984375,20111200,129.234375,20120300
2011-09-30 23:00:00,129.390625,20120300,130.09375,20111200,129.390625,20120300
2011-10-03 23:00:00,130.328125,20120300,130.984375,20111200,130.328125,20120300
2011-10-04 23:00:00,130.296875,20120300,130.953125,20111200,130.296875,20120300
2011-10-05 23:00:00,129.421875,20120300,130.109375,20111200,129.421875,20120300
2011-10-06 23:00:00,128.8125,20120300,129.515625,20111200,128.8125,20120300
2011-10-07 23:00:00,128.15625,20120300,128.890625,20111200,128.15625,20120300
2011-10-10 23:00:00,126.78125,20120300,127.5859375,20111200,126.78125,20120300
2011-10-11 23:00:00,127.4375,20120300,128.234375,20111200,127.4375,20120300
2011-10-12 23:00:00,127.09375,20120300,127.921875,20111200,127.09375,20120300
2011-10-13 23:00:00,127.625,20120300,128.4375,20111200,127.625,20120300
2011-10-14 23:00:00,127.296875,20120300,128.125,20111200,127.296875,20120300
2011-10-17 23:00:00,127.875,20120300,128.71875,20111200,127.875,20120300
2011-10-18 23:00:00,128.0,20120300,128.828125,20111200,128.0,20120300
2011-10-19 23:00:00,128.0,20120300,128.84375,20111200,128.0,20120300
2011-10-20 23:00:00,127.859375,20120300,128.703125,20111200,127.859375,20120300
2011-10-21 23:00:00,127.765625,20120300,128.65625,20111200,127.765625,20120300
2011-10-24 23:00:00,127.453125,20120300,128.34375,20111200,127.453125,20120300
2011-10-25 23:00:00,128.28125,20120300,129.125,20111200,128.28125,20120300
2011-10-26 23:00:00,127.703125,20120300,128.578125,20111200,127.703125,20120300
2011-10-27 23:00:00,126.359375,20120300,127.3125,20111200,126.359375,20120300
2011-10-28 23:00:00,127.203125,20120300,128.09375,20111200,127.203125,20120300
2011-10-31 23:00:00,128.21875,20120300,129.0625,20111200,128.21875,20120300
2011-11-01 23:00:00,129.46875,20120300,130.25,20111200,129.46875,20120300
2011-11-02 23:00:00,129.546875,20120300,130.3125,20111200,129.546875,20120300
2011-11-03 23:00:00,129.265625,20120300,130.046875,20111200,129.265625,20120300
2011-11-04 23:00:00,129.46875,20120300,130.25,20111200,129.46875,20120300
2011-11-07 23:00:00,129.8125,20120300,130.546875,20111200,129.8125,20120300
2011-11-08 23:00:00,129.28125,20120300,130.046875,20111200,129.28125,20120300
2011-11-09 23:00:00,130.0625,20120300,130.8125,20111200,130.0625,20120300
2011-11-10 23:00:00,129.578125,20120300,130.34375,20111200,129.578125,20120300
2011-11-11 23:00:00,129.0,20120300,129.7734375,20111200,129.0,20120300
2011-11-14 23:00:00,129.703125,20120300,130.453125,20111200,129.703125,20120300
2011-11-15 23:00:00,129.59375,20120300,130.328125,20111200,129.59375,20120300
2011-11-16 23:00:00,129.78125,20120300,130.5,20111200,129.78125,20120300
2011-11-17 23:00:00,130.140625,20120300,130.828125,20111200,130.140625,20120300
2011-11-18 23:00:00,129.59375,20120300,130.296875,20111200,129.59375,20120300
2011-11-21 23:00:00,129.890625,20120300,130.578125,20111200,129.890625,20120300
2011-11-22 23:00:00,130.125,20120300,130.796875,20111200,130.125,20120300
2011-11-23 23:00:00,130.5625,20120300,131.21875,20111200,130.5625,20120300
2011-11-25 23:00:00,130.0,20120300,130.65625,20111200,130.0,20120300
2011-11-28 23:00:00,130.015625,20120300,130.71875,20111200,130.015625,20120300
2011-11-29 23:00:00,128.734375,20120600,129.734375,20120300,128.734375,20120600
2011-11-30 23:00:00,128.34375,20120600,129.34375,20120300,128.34375,20120600
2011-12-01 23:00:00,128.140625,20120600,129.140625,20120300,128.140625,20120600
2011-12-02 23:00:00,128.671875,20120600,129.671875,20120300,128.671875,20120600
2011-12-05 23:00:00,128.5625,20120600,129.5625,20120300,128.5625,20120600
2011-12-06 23:00:00,128.328125,20120600,129.328125,20120300,128.328125,20120600
2011-12-07 23:00:00,128.96875,20120600,129.96875,20120300,128.96875,20120600
2011-12-08 23:00:00,129.375,20120600,130.375,20120300,129.375,20120600
2011-12-09 23:00:00,128.84375,20120600,129.84375,20120300,128.84375,20120600
2011-12-12 23:00:00,129.203125,20120600,130.203125,20120300,129.203125,20120600
2011-12-13 23:00:00,129.484375,20120600,130.484375,20120300,129.484375,20120600
2011-12-14 23:00:00,129.8125,20120600,130.8125,20120300,129.8125,20120600
2011-12-15 23:00:00,129.71875,20120600,130.71875,20120300,129.71875,20120600
2011-12-16 23:00:00,130.171875,20120600,131.171875,20120300,130.171875,20120600
2011-12-19 23:00:00,130.328125,20120600,131.328125,20120300,130.328125,20120600
2011-12-20 23:00:00,129.78125,20120600,130.625,20120300,129.78125,20120600
2011-12-21 23:00:00,129.890625,20120600,130.421875,20120300,129.890625,20120600
2011-12-22 23:00:00,130.0,20120600,130.453125,20120300,130.0,20120600
2011-12-23 23:00:00,129.390625,20120600,129.859375,20120300,129.390625,20120600
2011-12-27 23:00:00,129.484375,20120600,129.953125,20120300,129.484375,20120600
2011-12-28 23:00:00,130.265625,20120600,130.703125,20120300,130.265625,20120600
2011-12-29 23:00:00,130.46875,20120600,130.84375,20120300,130.46875,20120600
2011-12-30 23:00:00,130.75,20120600,131.125,20120300,130.75,20120600
2012-01-03 23:00:00,130.1875,20120600,130.546875,20120300,130.1875,20120600
2012-01-04 23:00:00,130.03125,20120600,130.390625,20120300,130.03125,20120600
2012-01-05 23:00:00,130.171875,20120600,130.5,20120300,130.171875,20120600
2012-01-06 23:00:00,130.421875,20120600,130.75,20120300,130.421875,20120600
2012-01-09 23:00:00,130.53125,20120600,130.859375,20120300,130.53125,20120600
2012-01-10 23:00:00,130.390625,20120600,130.71875,20120300,130.390625,20120600
2012-01-11 23:00:00,130.921875,20120600,131.203125,20120300,130.921875,20120600
2012-01-12 23:00:00,130.6875,20120600,130.96875,20120300,130.6875,20120600
2012-01-13 23:00:00,131.296875,20120600,131.546875,20120300,131.296875,20120600
2012-01-17 23:00:00,131.34375,20120600,131.59375,20120300,131.34375,20120600
2012-01-18 23:00:00,131.015625,20120600,131.265625,20120300,131.015625,20120600
2012-01-19 23:00:00,130.4375,20120600,130.703125,20120300,130.4375,20120600
2012-01-20 23:00:00,129.96875,20120600,130.265625,20120300,129.96875,20120600
2012-01-23 23:00:00,129.640625,20120600,129.984375,20120300,129.640625,20120600
2012-01-24 23:00:00,129.75,20120600,130.09375,20120300,129.75,20120600
2012-01-25 23:00:00,130.46875,20120600,130.765625,20120300,130.46875,20120600
2012-01-26 23:00:00,131.1875,20120600,131.4375,20120300,131.1875,20120600
2012-01-27 23:00:00,131.53125,20120600,131.71875,20120300,131.53125,20120600
2012-01-30 23:00:00,131.859375,20120600,132.03125,20120300,131.859375,20120600
2012-01-31 23:00:00,132.09375,20120600,132.25,20120300,132.09375,20120600
2012-02-01 23:00:00,131.8125,20120600,131.984375,20120300,131.8125,20120600
2012-02-02 23:00:00,132.015625,20120600,132.171875,20120300,132.015625,20120600
2012-02-03 23:00:00,131.09375,20120600,131.328125,20120300,131.09375,20120600
2012-02-06 23:00:00,131.453125,20120600,131.671875,20120300,131.453125,20120600
2012-02-07 23:00:00,130.890625,20120600,131.15625,20120300,130.890625,20120600
2012-02-08 23:00:00,130.828125,20120600,131.09375,20120300,130.828125,20120600
2012-02-09 23:00:00,130.484375,20120600,130.78125,20120300,130.484375,20120600
2012-02-10 23:00:00,131.140625,20120600,131.390625,20120300,131.140625,20120600
2012-02-13 23:00:00,130.859375,20120600,131.125,20120300,130.859375,20120600
2012-02-14 23:00:00,131.3125,20120600,131.53125,20120300,131.3125,20120600
2012-02-15 23:00:00,131.375,20120600,131.578125,20120300,131.375,20120600
2012-02-16 23:00:00,130.75,20120600,130.984375,20120300,130.75,20120600
2012-02-17 23:00:00,130.671875,20120600,130.921875,20120300,130.671875,20120600
2012-02-21 23:00:00,130.34375,20120600,130.640625,20120300,130.34375,20120600
2012-02-22 23:00:00,130.765625,20120600,131.046875,20120300,130.765625,20120600
2012-02-23 23:00:00,130.921875,20120600,131.203125,20120300,130.921875,20120600
2012-02-24 23:00:00,130.921875,20120600,131.1875,20120300,130.921875,20120600
2012-02-27 23:00:00,131.34375,20120600,131.625,20120300,131.34375,20120600
2012-02-28 23:00:00,130.546875,20120900,131.390625,20120600,130.546875,20120900
2012-02-29 23:00:00,130.0,20120900,130.953125,20120600,130.0,20120900
2012-03-01 23:00:00,129.578125,20120900,130.53125,20120600,129.578125,20120900
2012-03-02 23:00:00,130.140625,20120900,131.09375,20120600,130.140625,20120900
2012-03-05 23:00:00,129.921875,20120900,130.875,20120600,129.921875,20120900
2012-03-06 23:00:00,130.46875,20120900,131.421875,20120600,130.46875,20120900
2012-03-07 23:00:00,130.265625,20120900,131.21875,20120600,130.265625,20120900
2012-03-08 23:00:00,129.953125,20120900,130.90625,20120600,129.953125,20120900
2012-03-09 23:00:00,129.765625,20120900,130.71875,20120600,129.765625,20120900
2012-03-12 23:00:00,129.796875,20120900,130.75,20120600,129.796875,20120900
2012-03-13 23:00:00,129.171875,20120900,130.125,20120600,129.171875,20120900
2012-03-14 23:00:00,127.8125,20120900,128.765625,20120600,127.8125,20120900
2012-03-15 23:00:00,127.890625,20120900,128.84375,20120600,127.890625,20120900
2012-03-16 23:00:00,127.65625,20120900,128.609375,20120600,127.65625,20120900
2012-03-19 23:00:00,127.0,20120900,127.953125,20120600,127.0,20120900
2012-03-20 23:00:00,126.84375,20120900,127.921875,20120600,126.84375,20120900
2012-03-21 23:00:00,127.375,20120900,128.5625,20120600,127.375,20120900
2012-03-22 23:00:00,127.546875,20120900,128.734375,20120600,127.546875,20120900
2012-03-23 23:00:00,127.859375,20120900,129.046875,20120600,127.859375,20120900
2012-03-26 23:00:00,127.875,20120900,129.0625,20120600,127.875,20120900
2012-03-27 23:00:00,128.3125,20120900,129.59375,20120600,128.3125,20120900
2012-03-28 23:00:00,128.359375,20120900,129.578125,20120600,128.359375,20120900
2012-03-29 23:00:00,128.6875,20120900,129.90625,20120600,128.6875,20120900
2012-03-30 23:00:00,128.25,20120900,129.484375,20120600,128.25,20120900
2012-04-02 23:00:00,128.4375,20120900,129.703125,20120600,128.4375,20120900
2012-04-03 23:00:00,127.65625,20120900,128.921875,20120600,127.65625,20120900
2012-04-04 23:00:00,128.109375,20120900,129.375,20120600,128.109375,20120900
2012-04-05 23:00:00,128.71875,20120900,129.96875,20120600,128.71875,20120900
2012-04-06 23:00:00,129.859375,20120900,131.046875,20120600,129.859375,20120900
2012-04-09 23:00:00,129.96875,20120900,131.140625,20120600,129.96875,20120900
2012-04-10 23:00:00,130.4375,20120900,131.59375,20120600,130.4375,20120900
2012-04-11 23:00:00,130.171875,20120900,131.328125,20120600,130.171875,20120900
2012-04-12 23:00:00,129.984375,20120900,131.140625,20120600,129.984375,20120900
2012-04-13 23:00:00,130.375,20120900,131.53125,20120600,130.375,20120900
2012-04-16 23:00:00,130.53125,20120900,131.6875,20120600,130.53125,20120900
2012-04-17 23:00:00,130.28125,20120900,131.421875,20120600,130.28125,20120900
2012-04-18 23:00:00,130.421875,20120900,131.5625,20120600,130.421875,20120900
2012-04-19 23:00:00,130.640625,20120900,131.765625,20120600,130.640625,20120900
2012-04-20 23:00:00,130.546875,20120900,131.671875,20120600,130.546875,20120900
2012-04-23 23:00:00,130.859375,20120900,131.984375,20120600,130.859375,20120900
2012-04-24 23:00:00,130.640625,20120900,131.78125,20120600,130.640625,20120900
2012-04-25 23:00:00,130.546875,20120900,131.6875,20120600,130.546875,20120900
2012-04-26 23:00:00,130.78125,20120900,131.921875,20120600,130.78125,20120900
2012-04-27 23:00:00,131.03125,20120900,132.15625,20120600,131.03125,20120900
2012-04-30 23:00:00,131.171875,20120900,132.28125,20120600,131.171875,20120900
2012-05-01 23:00:00,130.84375,20120900,131.96875,20120600,130.84375,20120900
2012-05-02 23:00:00,131.0625,20120900,132.1875,20120600,131.0625,20120900
2012-05-03 23:00:00,131.078125,20120900,132.1875,20120600,131.078125,20120900
2012-05-04 23:00:00,131.546875,20120900,132.640625,20120600,131.546875,20120900
2012-05-07 23:00:00,131.546875,20120900,132.640625,20120600,131.546875,20120900
2012-05-08 23:00:00,131.828125,20120900,132.921875,20120600,131.828125,20120900
2012-05-09 23:00:00,131.796875,20120900,132.90625,20120600,131.796875,20120900
2012-05-10 23:00:00,131.671875,20120900,132.78125,20120600,131.671875,20120900
2012-05-11 23:00:00,131.984375,20120900,133.078125,20120600,131.984375,20120900
2012-05-14 23:00:00,132.359375,20120900,133.421875,20120600,132.359375,20120900
2012-05-15 23:00:00,132.34375,20120900,133.375,20120600,132.34375,20120900
2012-05-16 23:00:00,132.40625,20120900,133.421875,20120600,132.40625,20120900
2012-05-17 23:00:00,132.765625,20120900,133.765625,20120600,132.765625,20120900
2012-05-18 23:00:00,132.8125,20120900,133.8125,20120600,132.8125,20120900
2012-05-21 23:00:00,132.59375,20120900,133.625,20120600,132.59375,20120900
2012-05-22 23:00:00,132.265625,20120900,133.3125,20120600,132.265625,20120900
2012-05-23 23:00:00,132.796875,20120900,133.796875,20120600,132.796875,20120900
2012-05-24 23:00:00,132.5625,20120900,133.546875,20120600,132.5625,20120900
2012-05-25 23:00:00,132.78125,20120900,133.765625,20120600,132.78125,20120900
2012-05-29 23:00:00,132.84375,20120900,133.828125,20120600,132.84375,20120900
2012-05-30 23:00:00,132.859375,20121200,133.703125,20120900,132.859375,20121200
2012-05-31 23:00:00,133.09375,20121200,133.9375,20120900,133.09375,20121200
2012-06-01 23:00:00,133.890625,20121200,134.734375,20120900,133.890625,20121200
2012-06-04 23:00:00,133.1875,20121200,134.09375,20120900,133.1875,20121200
2012-06-05 23:00:00,133.03125,20121200,133.9375,20120900,133.03125,20121200
2012-06-06 23:00:00,132.390625,20121200,133.296875,20120900,132.390625,20121200
2012-06-07 23:00:00,132.515625,20121200,133.421875,20120900,132.515625,20121200
2012-06-08 23:00:00,132.578125,20121200,133.484375,20120900,132.578125,20121200
2012-06-11 23:00:00,132.875,20121200,133.78125,20120900,132.875,20121200
2012-06-12 23:00:00,132.3125,20121200,133.21875,20120900,132.3125,20121200
2012-06-13 23:00:00,132.625,20121200,133.71875,20120900,132.625,20121200
2012-06-14 23:00:00,132.421875,20121200,133.515625,20120900,132.421875,20121200
2012-06-15 23:00:00,132.6875,20121200,133.78125,20120900,132.6875,20121200
2012-06-18 23:00:00,132.640625,20121200,133.734375,20120900,132.640625,20121200
2012-06-19 23:00:00,132.390625,20121200,133.484375,20120900,132.390625,20121200
2012-06-20 23:00:00,132.109375,20121200,133.203125,20120900,132.109375,20121200
2012-06-21 23:00:00,132.265625,20121200,133.359375,20120900,132.265625,20121200
2012-06-22 23:00:00,131.90625,20121200,133.0,20120900,131.90625,20121200
2012-06-25 23:00:00,132.46875,20121200,133.5625,20120900,132.46875,20121200
2012-06-26 23:00:00,132.34375,20121200,133.4375,20120900,132.34375,20121200
2012-06-27 23:00:00,132.453125,20121200,133.546875,20120900,132.453125,20121200
2012-06-28 23:00:00,132.859375,20121200,133.921875,20120900,132.859375,20121200
2012-06-29 23:00:00,132.4375,20121200,133.375,20120900,132.4375,20121200
2012-07-02 23:00:00,133.078125,20121200,134.015625,20120900,133.078125,20121200
2012-07-03 23:00:00,132.703125,20121200,133.640625,20120900,132.703125,20121200
2012-07-05 23:00:00,133.015625,20121200,133.953125,20120900,133.015625,20121200
2012-07-06 23:00:00,133.4375,20121200,134.359375,20120900,133.4375,20121200
2012-07-09 23:00:00,133.5625,20121200,134.546875,20120900,133.5625,20121200
2012-07-10 23:00:00,133.640625,20121200,134.625,20120900,133.640625,20121200
2012-07-11 23:00:00,133.609375,20121200,134.59375,20120900,133.609375,20121200
2012-07-12 23:00:00,133.703125,20121200,134.65625,20120900,133.703125,20121200
2012-07-13 23:00:00,133.59375,20121200,134.546875,20120900,133.59375,20121200
2012-07-16 23:00:00,133.84375,20121200,134.8125,20120900,133.84375,20121200
2012-07-17 23:00:00,133.59375,20121200,134.546875,20120900,133.59375,20121200
2012-07-18 23:00:00,133.796875,20121200,134.75,20120900,133.796875,20121200
2012-07-19 23:00:00,133.484375,20121200,134.46875,20120900,133.484375,20121200
2012-07-20 23:00:00,133.90625,20121200,134.90625,20120900,133.90625,20121200
2012-07-23 23:00:00,134.125,20121200,135.0625,20120900,134.125,20121200
2012-07-24 23:00:00,134.34375,20121200,135.265625,20120900,134.34375,20121200
2012-07-25 23:00:00,134.3125,20121200,135.234375,20120900,134.3125,20121200
2012-07-26 23:00:00,134.09375,20121200,135.03125,20120900,134.09375,20121200
2012-07-27 23:00:00,133.140625,20121200,134.125,20120900,133.140625,20121200
2012-07-30 23:00:00,133.5625,20121200,134.5625,20120900,133.5625,20121200
2012-07-31 23:00:00,133.640625,20121200,134.65625,20120900,133.640625,20121200
2012-08-01 23:00:00,133.109375,20121200,134.15625,20120900,133.109375,20121200
2012-08-02 23:00:00,133.640625,20121200,134.625,20120900,133.640625,20121200
2012-08-03 23:00:00,132.890625,20121200,133.90625,20120900,132.890625,20121200
2012-08-06 23:00:00,133.09375,20121200,134.109375,20120900,133.09375,20121200
2012-08-07 23:00:00,132.515625,20121200,133.578125,20120900,132.515625,20121200
2012-08-08 23:00:00,132.4375,20121200,133.484375,20120900,132.4375,20121200
2012-08-09 23:00:00,132.40625,20121200,133.453125,20120900,132.40625,20121200
2012-08-10 23:00:00,132.703125,20121200,133.734375,20120900,132.703125,20121200
2012-08-13 23:00:00,132.59375,20121200,133.625,20120900,132.59375,20121200
2012-08-14 23:00:00,132.0625,20121200,133.140625,20120900,132.0625,20121200
2012-08-15 23:00:00,131.484375,20121200,132.578125,20120900,131.484375,20121200
2012-08-16 23:00:00,131.265625,20121200,132.359375,20120900,131.265625,20121200
2012-08-17 23:00:00,131.421875,20121200,132.5,20120900,131.421875,20121200
2012-08-20 23:00:00,131.421875,20121200,132.515625,20120900,131.421875,20121200
2012-08-21 23:00:00,131.5,20121200,132.609375,20120900,131.5,20121200
2012-08-22 23:00:00,132.21875,20121200,133.3125,20120900,132.21875,20121200
2012-08-23 23:00:00,132.609375,20121200,133.6875,20120900,132.609375,20121200
2012-08-24 23:00:00,132.484375,20121200,133.578125,20120900,132.484375,20121200
2012-08-27 23:00:00,132.71875,20121200,133.8125,20120900,132.71875,20121200
2012-08-28 23:00:00,132.875,20121200,133.953125,20120900,132.875,20121200
2012-08-29 23:00:00,131.90625,20130300,132.75,20121200,131.90625,20130300
2012-08-30 23:00:00,132.296875,20130300,133.140625,20121200,132.296875,20130300
2012-08-31 23:00:00,132.875,20130300,133.71875,20121200,132.875,20130300
2012-09-04 23:00:00,132.5625,20130300,133.40625,20121200,132.5625,20130300
2012-09-05 23:00:00,132.515625,20130300,133.359375,20121200,132.515625,20130300
2012-09-06 23:00:00,131.890625,20130300,132.734375,20121200,131.890625,20130300
2012-09-07 23:00:00,132.171875,20130300,133.015625,20121200,132.171875,20130300
2012-09-10 23:00:00,132.015625,20130300,132.859375,20121200,132.015625,20130300
2012-09-11 23:00:00,131.9375,20130300,132.78125,20121200,131.9375,20130300
2012-09-12 23:00:00,131.5,20130300,132.34375,20121200,131.5,20130300
2012-09-13 23:00:00,131.921875,20130300,132.765625,20121200,131.921875,20130300
2012-09-14 23:00:00,131.046875,20130300,131.890625,20121200,131.046875,20130300
2012-09-17 23:00:00,131.1875,20130300,132.03125,20121200,131.1875,20130300
2012-09-18 23:00:00,131.359375,20130300,132.203125,20121200,131.359375,20130300
2012-09-19 23:00:00,131.53125,20130300,132.375,20121200,131.53125,20130300
2012-09-20 23:00:00,131.75,20130300,132.40625,20121200,131.75,20130300
2012-09-21 23:00:00,132.09375,20130300,132.671875,20121200,132.09375,20130300
2012-09-24 23:00:00,132.3125,20130300,132.921875,20121200,132.3125,20130300
2012-09-25 23:00:00,132.578125,20130300,133.171875,20121200,132.578125,20130300
2012-09-26 23:00:00,133.0,20130300,133.640625,20121200,133.0,20130300
2012-09-27 23:00:00,132.90625,20130300,133.5,20121200,132.90625,20130300
2012-09-28 23:00:00,132.890625,20130300,133.484375,20121200,132.890625,20130300
2012-10-01 23:00:00,133.0,20130300,133.578125,20121200,133.0,20130300
2012-10-02 23:00:00,133.078125,20130300,133.640625,20121200,133.078125,20130300
2012-10-03 23:00:00,133.171875,20130300,133.734375,20121200,133.171875,20130300
2012-10-04 23:00:00,132.859375,20130300,133.421875,20121200,132.859375,20130300
2012-10-05 23:00:00,132.34375,20130300,132.921875,20121200,132.34375,20130300
2012-10-08 23:00:00,132.67188000000002,20130300,133.26561999999998,20121200,132.67188000000002,20130300
2012-10-09 23:00:00,132.453125,20130300,133.046875,20121200,132.453125,20130300
2012-10-10 23:00:00,132.640625,20130300,133.21875,20121200,132.640625,20130300
2012-10-11 23:00:00,132.6875,20130300,133.265625,20121200,132.6875,20130300
2012-10-12 23:00:00,132.75,20130300,133.3125,20121200,132.75,20130300
2012-10-15 23:00:00,132.75,20130300,133.3125,20121200,132.75,20130300
2012-10-16 23:00:00,132.296875,20130300,132.875,20121200,132.296875,20130300
2012-10-17 23:00:00,131.484375,20130300,132.078125,20121200,131.484375,20130300
2012-10-18 23:00:00,131.375,20130300,131.984375,20121200,131.375,20130300
2012-10-19 23:00:00,131.8125,20130300,132.390625,20121200,131.8125,20130300
2012-10-22 23:00:00,131.515625,20130300,132.109375,20121200,131.515625,20130300
2012-10-23 23:00:00,131.796875,20130300,132.375,20121200,131.796875,20130300
2012-10-24 23:00:00,131.78125,20130300,132.375,20121200,131.78125,20130300
2012-10-25 23:00:00,131.28125,20130300,131.90625,20121200,131.28125,20130300
2012-10-26 23:00:00,131.96875,20130300,132.5625,20121200,131.96875,20130300
2012-10-29 23:00:00,132.1875,20130300,132.78125,20121200,132.1875,20130300
2012-10-30 23:00:00,132.078125,20130300,132.671875,20121200,132.078125,20130300
2012-10-31 23:00:00,132.46875,20130300,133.03125,20121200,132.46875,20130300
2012-11-01 23:00:00,132.25,20130300,132.828125,20121200,132.25,20130300
2012-11-02 23:00:00,132.203125,20130300,132.78125,20121200,132.203125,20130300
2012-11-05 23:00:00,132.578125,20130300,133.140625,20121200,132.578125,20130300
2012-11-06 23:00:00,132.125,20130300,132.703125,20121200,132.125,20130300
2012-11-07 23:00:00,133.046875,20130300,133.578125,20121200,133.046875,20130300
2012-11-08 23:00:00,133.34375,20130300,133.859375,20121200,133.34375,20130300
2012-11-09 23:00:00,133.40625,20130300,133.90625,20121200,133.40625,20130300
2012-11-12 23:00:00,133.39061999999998,20130300,133.89061999999998,20121200,133.39061999999998,20130300
2012-11-13 23:00:00,133.5625,20130300,134.046875,20121200,133.5625,20130300
2012-11-14 23:00:00,133.5625,20130300,134.046875,20121200,133.5625,20130300
2012-11-15 23:00:00,133.53125,20130300,134.03125,20121200,133.53125,20130300
2012-11-16 23:00:00,133.703125,20130300,134.1875,20121200,133.703125,20130300
2012-11-19 23:00:00,133.390625,20130300,133.90625,20121200,133.390625,20130300
2012-11-20 23:00:00,133.09375,20130300,133.609375,20121200,133.09375,20130300
2012-11-21 23:00:00,132.875,20130300,133.390625,20121200,132.875,20130300
2012-11-23 23:00:00,132.828125,20130300,133.328125,20121200,132.828125,20130300
2012-11-26 23:00:00,133.0625,20130300,133.546875,20121200,133.0625,20130300
2012-11-27 23:00:00,133.21875,20130300,133.71875,20121200,133.21875,20130300
2012-11-28 23:00:00,132.640625,20130600,133.484375,20130300,132.640625,20130600
2012-11-29 23:00:00,132.6875,20130600,133.53125,20130300,132.6875,20130600
2012-11-30 23:00:00,132.796875,20130600,133.640625,20130300,132.796875,20130600
2012-12-03 23:00:00,132.625,20130600,133.46875,20130300,132.625,20130600
2012-12-04 23:00:00,132.734375,20130600,133.578125,20130300,132.734375,20130600
2012-12-05 23:00:00,132.953125,20130600,133.796875,20130300,132.953125,20130600
2012-12-06 23:00:00,133.03125,20130600,133.875,20130300,133.03125,20130600
2012-12-07 23:00:00,132.71875,20130600,133.5625,20130300,132.71875,20130600
2012-12-10 23:00:00,132.78125,20130600,133.625,20130300,132.78125,20130600
2012-12-11 23:00:00,132.5625,20130600,133.40625,20130300,132.5625,20130600
2012-12-12 23:00:00,132.21875,20130600,133.0625,20130300,132.21875,20130600
2012-12-13 23:00:00,131.890625,20130600,132.734375,20130300,131.890625,20130600
2012-12-14 23:00:00,131.953125,20130600,132.796875,20130300,131.953125,20130600
2012-12-17 23:00:00,131.546875,20130600,132.390625,20130300,131.546875,20130600
2012-12-18 23:00:00,131.09375,20130600,131.9375,20130300,131.09375,20130600
2012-12-19 23:00:00,131.3125,20130600,132.15625,20130300,131.3125,20130600
2012-12-20 23:00:00,131.3125,20130600,132.15625,20130300,131.3125,20130600
2012-12-21 23:00:00,131.640625,20130600,132.484375,20130300,131.640625,20130600
2012-12-24 23:00:00,131.484375,20130600,132.328125,20130300,131.484375,20130600
2012-12-26 23:00:00,131.640625,20130600,132.5,20130300,131.640625,20130600
2012-12-27 23:00:00,132.0625,20130600,132.921875,20130300,132.0625,20130600
2012-12-28 23:00:00,132.09375,20130600,132.953125,20130300,132.09375,20130600
2012-12-31 23:00:00,131.921875,20130600,132.78125,20130300,131.921875,20130600
2013-01-02 23:00:00,131.171875,20130600,132.140625,20130300,131.171875,20130600
2013-01-03 23:00:00,130.625,20130600,131.625,20130300,130.625,20130600
2013-01-04 23:00:00,130.46875,20130600,131.515625,20130300,130.46875,20130600
2013-01-07 23:00:00,130.53125,20130600,131.578125,20130300,130.53125,20130600
2013-01-08 23:00:00,130.828125,20130600,131.859375,20130300,130.828125,20130600
2013-01-09 23:00:00,131.03125,20130600,132.0625,20130300,131.03125,20130600
2013-01-10 23:00:00,130.65625,20130600,131.71875,20130300,130.65625,20130600
2013-01-11 23:00:00,130.84375,20130600,131.90625,20130300,130.84375,20130600
2013-01-14 23:00:00,130.96875,20130600,132.03125,20130300,130.96875,20130600
2013-01-15 23:00:00,131.21875,20130600,132.265625,20130300,131.21875,20130600
2013-01-16 23:00:00,131.25,20130600,132.296875,20130300,131.25,20130600
2013-01-17 23:00:00,130.8125,20130600,131.875,20130300,130.8125,20130600
2013-01-18 23:00:00,131.09375,20130600,132.140625,20130300,131.09375,20130600
2013-01-22 23:00:00,131.21875,20130600,132.265625,20130300,131.21875,20130600
2013-01-23 23:00:00,131.25,20130600,132.296875,20130300,131.25,20130600
2013-01-24 23:00:00,131.1875,20130600,132.234375,20130300,131.1875,20130600
2013-01-25 23:00:00,130.3125,20130600,131.40625,20130300,130.3125,20130600
2013-01-28 23:00:00,130.09375,20130600,131.21875,20130300,130.09375,20130600
2013-01-29 23:00:00,130.09375,20130600,131.21875,20130300,130.09375,20130600
2013-01-30 23:00:00,130.046875,20130600,131.1875,20130300,130.046875,20130600
2013-01-31 23:00:00,130.140625,20130600,131.28125,20130300,130.140625,20130600
2013-02-01 23:00:00,129.96875,20130600,131.125,20130300,129.96875,20130600
2013-02-04 23:00:00,130.34375,20130600,131.5,20130300,130.34375,20130600
2013-02-05 23:00:00,130.046875,20130600,131.21875,20130300,130.046875,20130600
2013-02-06 23:00:00,130.453125,20130600,131.609375,20130300,130.453125,20130600
2013-02-07 23:00:00,130.59375,20130600,131.75,20130300,130.59375,20130600
2013-02-08 23:00:00,130.578125,20130600,131.734375,20130300,130.578125,20130600
2013-02-11 23:00:00,130.546875,20130600,131.6875,20130300,130.546875,20130600
2013-02-12 23:00:00,130.28125,20130600,131.4375,20130300,130.28125,20130600
2013-02-13 23:00:00,130.0,20130600,131.15625,20130300,130.0,20130600
2013-02-14 23:00:00,130.40625,20130600,131.5625,20130300,130.40625,20130600
2013-02-15 23:00:00,130.390625,20130600,131.53125,20130300,130.390625,20130600
2013-02-19 23:00:00,130.1875,20130600,131.34375,20130300,130.1875,20130600
2013-02-20 23:00:00,130.3125,20130600,131.46875,20130300,130.3125,20130600
2013-02-21 23:00:00,130.625,20130600,131.796875,20130300,130.625,20130600
2013-02-22 23:00:00,130.734375,20130600,131.90625,20130300,130.734375,20130600
2013-02-25 23:00:00,131.34375,20130600,132.5,20130300,131.34375,20130600
2013-02-26 23:00:00,131.53125,20130900,131.53125,20130600,131.53125,20130900
2013-02-27 23:00:00,131.4375,20130900,131.4375,20130600,131.4375,20130900
2013-02-28 23:00:00,131.546875,20130900,131.546875,20130600,131.546875,20130900
2013-03-01 23:00:00,131.78125,20130900,131.78125,20130600,131.78125,20130900
2013-03-04 23:00:00,131.625,20130900,131.625,20130600,131.625,20130900
2013-03-05 23:00:00,131.51561999999998,20130900,131.53125,20130600,131.51561999999998,20130900
2013-03-06 23:00:00,131.1875,20130900,131.20311999999998,20130600,131.1875,20130900
2013-03-07 23:00:00,130.70311999999998,20130900,130.71875,20130600,130.70311999999998,20130900
2013-03-08 23:00:00,130.20311999999998,20130900,130.21875,20130600,130.20311999999998,20130900
2013-03-11 23:00:00,130.20311999999998,20130900,130.21875,20130600,130.20311999999998,20130900
2013-03-12 23:00:00,130.46875,20130900,130.48438000000002,20130600,130.46875,20130900
2013-03-13 23:00:00,130.45311999999998,20130900,130.46875,20130600,130.45311999999998,20130900
2013-03-14 23:00:00,130.46875,20130900,130.48438000000002,20130600,130.46875,20130900
2013-03-15 23:00:00,130.875,20130900,130.89061999999998,20130600,130.875,20130900
2013-03-18 23:00:00,131.1875,20130900,131.20311999999998,20130600,131.1875,20130900
2013-03-19 23:00:00,131.54688000000002,20130900,131.5625,20130600,131.54688000000002,20130900
2013-03-20 23:00:00,130.54688000000002,20130900,131.39061999999998,20130600,130.54688000000002,20130900
2013-03-21 23:00:00,130.5625,20130900,131.40625,20130600,130.5625,20130900
2013-03-22 23:00:00,130.60938000000002,20130900,131.51561999999998,20130600,130.60938000000002,20130900
2013-03-25 23:00:00,130.67188000000002,20130900,131.57811999999998,20130600,130.67188000000002,20130900
2013-03-26 23:00:00,130.8125,20130900,131.70311999999998,20130600,130.8125,20130900
2013-03-27 23:00:00,131.25,20130900,132.125,20130600,131.25,20130900
2013-03-28 23:00:00,131.10938000000002,20130900,131.98438000000002,20130600,131.10938000000002,20130900
2013-04-01 23:00:00,131.26561999999998,20130900,132.125,20130600,131.26561999999998,20130900
2013-04-02 23:00:00,131.125,20130900,131.98438000000002,20130600,131.125,20130900
2013-04-03 23:00:00,131.5625,20130900,132.40625,20130600,131.5625,20130900
2013-04-04 23:00:00,132.03125,20130900,132.84375,20130600,132.03125,20130900
2013-04-05 23:00:00,132.375,20130900,133.15625,20130600,132.375,20130900
2013-04-08 23:00:00,132.04688000000002,20130900,132.85938000000002,20130600,132.04688000000002,20130900
2013-04-09 23:00:00,132.0,20130900,132.8125,20130600,132.0,20130900
2013-04-10 23:00:00,131.60938000000002,20130900,132.42188000000002,20130600,131.60938000000002,20130900
2013-04-11 23:00:00,131.73438000000002,20130900,132.54688000000002,20130600,131.73438000000002,20130900
2013-04-12 23:00:00,132.1875,20130900,132.98438000000002,20130600,132.1875,20130900
2013-04-15 23:00:00,132.26561999999998,20130900,133.04688000000002,20130600,132.26561999999998,20130900
2013-04-16 23:00:00,132.15625,20130900,132.95311999999998,20130600,132.15625,20130900
2013-04-17 23:00:00,132.28125,20130900,133.0625,20130600,132.28125,20130900
2013-04-18 23:00:00,132.375,20130900,133.14061999999998,20130600,132.375,20130900
2013-04-19 23:00:00,132.21875,20130900,133.0,20130600,132.21875,20130900
2013-04-22 23:00:00,132.3125,20130900,133.09375,20130600,132.3125,20130900
2013-04-23 23:00:00,132.29688000000002,20130900,133.07811999999998,20130600,132.29688000000002,20130900
2013-04-24 23:00:00,132.32811999999998,20130900,133.10938000000002,20130600,132.32811999999998,20130900
2013-04-25 23:00:00,132.26561999999998,20130900,133.0625,20130600,132.26561999999998,20130900
2013-04-26 23:00:00,132.65625,20130900,133.4375,20130600,132.65625,20130900
2013-04-29 23:00:00,132.6875,20130900,133.45311999999998,20130600,132.6875,20130900
2013-04-30 23:00:00,132.59375,20130900,133.35938000000002,20130600,132.59375,20130900
2013-05-01 23:00:00,132.84375,20130900,133.60938000000002,20130600,132.84375,20130900
2013-05-02 23:00:00,132.875,20130900,133.64061999999998,20130600,132.875,20130900
2013-05-03 23:00:00,132.04688000000002,20130900,132.85938000000002,20130600,132.04688000000002,20130900
2013-05-06 23:00:00,131.84375,20130900,132.67188000000002,20130600,131.84375,20130900
2013-05-07 23:00:00,131.79688000000002,20130900,132.625,20130600,131.79688000000002,20130900
2013-05-08 23:00:00,131.95311999999998,20130900,132.78125,20130600,131.95311999999998,20130900
2013-05-09 23:00:00,131.89061999999998,20130900,132.71875,20130600,131.89061999999998,20130900
2013-05-10 23:00:00,131.20311999999998,20130900,132.07811999999998,20130600,131.20311999999998,20130900
2013-05-13 23:00:00,131.07811999999998,20130900,131.96875,20130600,131.07811999999998,20130900
2013-05-14 23:00:00,130.8125,20130900,131.71875,20130600,130.8125,20130900
2013-05-15 23:00:00,130.9375,20130900,131.84375,20130600,130.9375,20130900
2013-05-16 23:00:00,131.57811999999998,20130900,132.46875,20130600,131.57811999999998,20130900
2013-05-17 23:00:00,130.9375,20130900,131.85938000000002,20130600,130.9375,20130900
2013-05-20 23:00:00,130.875,20130900,131.8125,20130600,130.875,20130900
2013-05-21 23:00:00,130.96875,20130900,131.90625,20130600,130.96875,20130900
2013-05-22 23:00:00,130.26561999999998,20130900,131.23438000000002,20130600,130.26561999999998,20130900
2013-05-23 23:00:00,130.3125,20130900,131.26561999999998,20130600,130.3125,20130900
2013-05-24 23:00:00,130.40625,20130900,131.34375,20130600,130.40625,20130900
2013-05-28 23:00:00,129.42188000000002,20130900,130.39061999999998,20130600,129.42188000000002,20130900
2013-05-29 23:00:00,129.48438000000002,20131200,129.48438000000002,20130900,129.48438000000002,20131200
2013-05-30 23:00:00,129.48438000000002,20131200,129.48438000000002,20130900,129.48438000000002,20131200
2013-05-31 23:00:00,129.21875,20131200,129.21875,20130900,129.21875,20131200
2013-06-03 23:00:00,129.39061999999998,20131200,129.39061999999998,20130900,129.39061999999998,20131200
2013-06-04 23:00:00,129.3125,20131200,129.3125,20130900,129.3125,20131200
2013-06-05 23:00:00,129.54688000000002,20131200,129.54688000000002,20130900,129.54688000000002,20131200
2013-06-06 23:00:00,129.78125,20131200,129.78125,20130900,129.78125,20131200
2013-06-07 23:00:00,129.07811999999998,20131200,129.07811999999998,20130900,129.07811999999998,20131200
2013-06-10 23:00:00,128.73438000000002,20131200,128.73438000000002,20130900,128.73438000000002,20131200
2013-06-11 23:00:00,128.84375,20131200,128.84375,20130900,128.84375,20131200
2013-06-12 23:00:00,128.625,20131200,128.625,20130900,128.625,20131200
2013-06-13 23:00:00,129.01561999999998,20131200,129.01561999999998,20130900,129.01561999999998,20131200
2013-06-14 23:00:00,129.60938000000002,20131200,129.60938000000002,20130900,129.60938000000002,20131200
2013-06-17 23:00:00,129.3125,20131200,129.3125,20130900,129.3125,20131200
2013-06-18 23:00:00,128.73438000000002,20131200,129.23438000000002,20130900,128.73438000000002,20131200
2013-06-19 23:00:00,127.40625,20131200,127.90625,20130900,127.40625,20131200
2013-06-20 23:00:00,126.34375,20131200,127.09375,20130900,126.34375,20131200
2013-06-21 23:00:00,125.48438,20131200,126.26562,20130900,125.48438,20131200
2013-06-24 23:00:00,125.17188,20131200,125.95312,20130900,125.17188,20131200
2013-06-25 23:00:00,124.92188,20131200,125.70312,20130900,124.92188,20131200
2013-06-26 23:00:00,125.375,20131200,126.15625,20130900,125.375,20131200
2013-06-27 23:00:00,125.70312,20131200,126.64062,20130900,125.70312,20131200
2013-06-28 23:00:00,125.625,20131200,126.5625,20130900,125.625,20131200
2013-07-01 23:00:00,125.59375,20131200,126.53125,20130900,125.59375,20131200
2013-07-02 23:00:00,125.70312,20131200,126.60938,20130900,125.70312,20131200
2013-07-03 23:00:00,125.45312,20131200,126.35938,20130900,125.45312,20131200
2013-07-05 23:00:00,123.75,20131200,124.65625,20130900,123.75,20131200
2013-07-08 23:00:00,124.375,20131200,125.28125,20130900,124.375,20131200
2013-07-09 23:00:00,124.60938,20131200,125.5,20130900,124.60938,20131200
2013-07-10 23:00:00,124.375,20131200,125.28125,20130900,124.375,20131200
2013-07-11 23:00:00,125.45312,20131200,126.3125,20130900,125.45312,20131200
2013-07-12 23:00:00,125.23438,20131200,126.09375,20130900,125.23438,20131200
2013-07-15 23:00:00,125.64062,20131200,126.5,20130900,125.64062,20131200
2013-07-16 23:00:00,125.75,20131200,126.59375,20130900,125.75,20131200
2013-07-17 23:00:00,126.1875,20131200,127.01562,20130900,126.1875,20131200
2013-07-18 23:00:00,125.89062,20131200,126.75,20130900,125.89062,20131200
2013-07-19 23:00:00,126.26562,20131200,127.09375,20130900,126.26562,20131200
2013-07-22 23:00:00,126.28125,20131200,127.10938,20130900,126.28125,20131200
2013-07-23 23:00:00,126.09375,20131200,126.95312,20130900,126.09375,20131200
2013-07-24 23:00:00,125.51562,20131200,126.42188,20130900,125.51562,20131200
2013-07-25 23:00:00,125.35938,20131200,126.29688,20130900,125.35938,20131200
2013-07-26 23:00:00,125.78125,20131200,126.6875,20130900,125.78125,20131200
2013-07-29 23:00:00,125.625,20131200,126.53125,20130900,125.625,20131200
2013-07-30 23:00:00,125.51562,20131200,126.42188,20130900,125.51562,20131200
2013-07-31 23:00:00,125.5,20131200,126.4375,20130900,125.5,20131200
2013-08-01 23:00:00,124.375,20131200,125.375,20130900,124.375,20131200
2013-08-02 23:00:00,125.65625,20131200,126.57812,20130900,125.65625,20131200
2013-08-05 23:00:00,125.40625,20131200,126.34375,20130900,125.40625,20131200
2013-08-06 23:00:00,125.40625,20131200,126.35938,20130900,125.40625,20131200
2013-08-07 23:00:00,125.71875,20131200,126.64062,20130900,125.71875,20131200
2013-08-08 23:00:00,125.89062,20131200,126.8125,20130900,125.89062,20131200
2013-08-09 23:00:00,125.89062,20131200,126.8125,20130900,125.89062,20131200
2013-08-12 23:00:00,125.70312,20131200,126.625,20130900,125.70312,20131200
2013-08-13 23:00:00,124.70312,20131200,125.70312,20130900,124.70312,20131200
2013-08-14 23:00:00,124.78125,20131200,125.78125,20130900,124.78125,20131200
2013-08-15 23:00:00,124.4375,20131200,125.5,20130900,124.4375,20131200
2013-08-16 23:00:00,123.875,20131200,124.98438,20130900,123.875,20131200
2013-08-19 23:00:00,123.4375,20131200,124.60938,20130900,123.4375,20131200
2013-08-20 23:00:00,124.03125,20131200,125.17188,20130900,124.03125,20131200
2013-08-21 23:00:00,123.54688,20131200,124.71875,20130900,123.54688,20131200
2013-08-22 23:00:00,123.0,20131200,124.26562,20130900,123.0,20131200
2013-08-23 23:00:00,123.625,20131200,124.85938,20130900,123.625,20131200
2013-08-26 23:00:00,123.82812,20131200,125.04688,20130900,123.82812,20131200
2013-08-27 23:00:00,124.60938,20131200,125.73438,20130900,124.60938,20131200
2013-08-28 23:00:00,124.09375,20140300,124.09375,20131200,124.09375,20140300
2013-08-29 23:00:00,124.375,20140300,124.375,20131200,124.375,20140300
2013-08-30 23:00:00,124.28125,20140300,124.28125,20131200,124.28125,20140300
2013-09-03 23:00:00,123.5625,20140300,123.5625,20131200,123.5625,20140300
2013-09-04 23:00:00,123.09375,20140300,123.09375,20131200,123.09375,20140300
2013-09-05 23:00:00,122.40625,20140300,122.40625,20131200,122.40625,20140300
2013-09-06 23:00:00,122.9375,20140300,122.9375,20131200,122.9375,20140300
2013-09-09 23:00:00,123.125,20140300,123.35938,20131200,123.125,20140300
2013-09-10 23:00:00,122.70312,20140300,122.9375,20131200,122.70312,20140300
2013-09-11 23:00:00,123.10938,20140300,123.39062,20131200,123.10938,20140300
2013-09-12 23:00:00,123.10938,20140300,123.42188,20131200,123.10938,20140300
2013-09-13 23:00:00,123.0625,20140300,123.54688,20131200,123.0625,20140300
2013-09-16 23:00:00,123.45312,20140300,123.96875,20131200,123.45312,20140300
2013-09-17 23:00:00,123.28125,20140300,124.14062,20131200,123.28125,20140300
2013-09-18 23:00:00,124.71875,20140300,125.57812,20131200,124.71875,20140300
2013-09-19 23:00:00,124.34375,20140300,125.20312,20131200,124.34375,20140300
2013-09-20 23:00:00,124.4375,20140300,125.29688,20131200,124.4375,20140300
2013-09-23 23:00:00,124.59375,20140300,125.45312,20131200,124.59375,20140300
2013-09-24 23:00:00,124.9375,20140300,125.9375,20131200,124.9375,20140300
2013-09-25 23:00:00,124.96875,20140300,126.28125,20131200,124.96875,20140300
2013-09-26 23:00:00,124.75,20140300,126.09375,20131200,124.75,20140300
2013-09-27 23:00:00,125.0,20140300,126.34375,20131200,125.0,20140300
2013-09-30 23:00:00,125.07812,20140300,126.39062,20131200,125.07812,20140300
2013-10-01 23:00:00,124.703125,20140300,126.046875,20131200,124.703125,20140300
2013-10-02 11:39:33,124.88411458333331,20140300,,20131200,124.88411458333331,20140300
2013-10-02 11:40:39,,20140300,126.2265625,20131200,,20140300
2013-10-02 13:04:28,124.8125,20140300,,20131200,124.8125,20140300
2013-10-02 13:05:30,,20140300,126.1424278846154,20131200,,20140300
2013-10-02 15:01:02,125.19951923076924,20140300,,20131200,125.19951923076924,20140300
2013-10-02 15:02:05,,20140300,126.55588942307692,20131200,,20140300
2013-10-02 23:00:00,125.125,20140300,126.4375,20131200,125.125,20140300
2013-10-03 15:01:02,125.1328125,20140300,,20131200,125.1328125,20140300
2013-10-03 15:02:10,,20140300,126.50420673076924,20131200,,20140300
2013-10-03 23:00:00,125.21875,20140300,126.625,20131200,125.21875,20140300
2013-10-04 10:15:21,125.203125,20140300,,20131200,125.203125,20140300
2013-10-04 10:16:28,,20140300,126.5234375,20131200,,20140300
2013-10-04 13:51:06,125.08834134615385,20140300,,20131200,125.08834134615385,20140300
2013-10-04 13:52:11,,20140300,126.3984375,20131200,,20140300
2013-10-04 23:00:00,124.796875,20140300,126.171875,20131200,124.796875,20140300
2013-10-07 15:06:17,125.1328125,20140300,,20131200,125.1328125,20140300
2013-10-07 15:07:20,,20140300,126.45853365384615,20131200,,20140300
2013-10-07 23:00:00,125.078125,20140300,126.34375,20131200,125.078125,20140300
2013-10-08 15:01:05,124.92708333333331,20140300,,20131200,124.92708333333331,20140300
2013-10-08 15:02:09,,20140300,126.24579326923076,20131200,,20140300
2013-10-08 15:49:22,124.89603365384615,20140300,,20131200,124.89603365384615,20140300
2013-10-08 15:50:25,,20140300,126.24338942307692,20131200,,20140300
2013-10-08 23:00:00,124.875,20140300,126.25,20131200,124.875,20140300
2013-10-09 23:00:00,124.984375,20140300,126.140625,20131200,124.984375,20140300
2013-10-10 15:22:02,124.47786458333331,20140300,,20131200,124.47786458333331,20140300
2013-10-10 15:23:05,,20140300,125.7950721153846,20131200,,20140300
2013-10-10 23:00:00,124.4375,20140300,126.03125,20131200,124.4375,20140300
2013-10-11 23:00:00,124.8125,20140300,126.078125,20131200,124.8125,20140300
2013-10-13 15:23:48,,20140300,,20131200,,20140300
2013-10-13 15:24:56,,20140300,,20131200,,20140300
2013-10-14 07:37:54,124.953125,20140300,,20131200,124.953125,20140300
2013-10-14 07:38:58,,20140300,126.2734375,20131200,,20140300
2013-10-14 23:00:00,124.421875,20140300,125.765625,20131200,124.421875,20140300
2013-10-15 08:39:49,124.44010416666669,20140300,,20131200,124.44010416666669,20140300
2013-10-15 08:40:53,,20140300,125.78665865384615,20131200,,20140300
2013-10-15 12:41:49,124.46875,20140300,,20131200,124.46875,20140300
2013-10-15 12:42:55,,20140300,125.8203125,20131200,,20140300
2013-10-15 15:42:22,124.55228365384615,20140300,,20131200,124.55228365384615,20140300
2013-10-15 15:43:28,,20140300,125.94170673076924,20131200,,20140300
2013-10-15 22:15:35,,20140300,,20131200,,20140300
2013-10-15 22:16:41,,20140300,,20131200,,20140300
2013-10-15 23:00:00,124.53125,20140300,125.796875,20131200,124.53125,20140300
2013-10-16 07:32:52,124.390625,20140300,,20131200,124.390625,20140300
2013-10-16 07:33:58,,20140300,125.76021634615385,20131200,,20140300
2013-10-16 11:01:27,124.4765625,20140300,,20131200,124.4765625,20140300
2013-10-16 11:02:33,,20140300,125.8515625,20131200,,20140300
2013-10-16 16:28:50,124.39002403846152,20140300,,20131200,124.39002403846152,20140300
2013-10-16 16:29:57,,20140300,125.77824519230772,20131200,,20140300
2013-10-16 23:00:00,124.96875,20140300,126.296875,20131200,124.96875,20140300
2013-10-17 23:00:00,125.546875,20140300,126.890625,20131200,125.546875,20140300
2013-10-18 02:26:23,125.5546875,20140300,,20131200,125.5546875,20140300
2013-10-18 02:27:30,,20140300,126.8515625,20131200,,20140300
2013-10-18 23:00:00,125.671875,20140300,126.9375,20131200,125.671875,20140300
2013-10-21 13:14:52,125.50716145833331,20140300,,20131200,125.50716145833331,20140300
2013-10-21 13:16:02,,20140300,126.7890625,20131200,,20140300
2013-10-21 16:51:47,125.44651442307692,20140300,,20131200,125.44651442307692,20140300
2013-10-21 16:53:00,,20140300,126.7578125,20131200,,20140300
2013-10-21 23:00:00,125.453125,20140300,126.78125,20131200,125.453125,20140300
2013-10-22 16:20:23,126.140625,20140300,,20131200,126.140625,20140300
2013-10-22 16:21:34,,20140300,127.3984375,20131200,,20140300
2013-10-22 23:00:00,126.203125,20140300,127.484375,20131200,126.203125,20140300
2013-10-23 23:00:00,126.34375,20140300,127.53125,20131200,126.34375,20140300
2013-10-24 06:48:51,126.3125,20140300,,20131200,126.3125,20140300
2013-10-24 06:50:01,,20140300,127.5546875,20131200,,20140300
2013-10-24 08:11:05,126.34014423076924,20140300,,20131200,126.34014423076924,20140300
2013-10-24 08:12:15,,20140300,127.5859375,20131200,,20140300
2013-10-24 15:01:04,126.33233173076924,20140300,,20131200,126.33233173076924,20140300
2013-10-24 15:02:14,,20140300,127.55348557692308,20131200,,20140300
2013-10-24 23:00:00,126.21875,20140300,127.390625,20131200,126.21875,20140300
2013-10-25 15:01:02,126.279296875,20140300,,20131200,126.279296875,20140300
2013-10-25 15:02:12,,20140300,127.51983173076924,20131200,,20140300
2013-10-25 23:00:00,126.421875,20140300,127.546875,20131200,126.421875,20140300
2013-10-27 20:03:55,,20140300,,20131200,,20140300
2013-10-27 20:05:06,,20140300,,20131200,,20140300
2013-10-28 15:01:03,126.404296875,20140300,,20131200,126.404296875,20140300
2013-10-28 15:02:12,,20140300,127.6328125,20131200,,20140300
2013-10-28 23:00:00,126.296875,20140300,127.5,20131200,126.296875,20140300
2013-10-29 15:01:02,126.39192708333331,20140300,,20131200,126.39192708333331,20140300
2013-10-29 15:02:11,,20140300,127.64192708333331,20131200,,20140300
2013-10-29 23:00:00,126.484375,20140300,127.6875,20131200,126.484375,20140300
2013-10-30 15:01:03,126.5859375,20140300,,20131200,126.5859375,20140300
2013-10-30 15:02:11,,20140300,127.8359375,20131200,,20140300
2013-10-30 23:00:00,126.203125,20140300,127.40625,20131200,126.203125,20140300
2013-10-31 15:01:02,125.90925480769228,20140300,,20131200,125.90925480769228,20140300
2013-10-31 15:02:11,,20140300,127.17728365384615,20131200,,20140300
2013-10-31 23:00:00,125.96875,20140300,127.21875,20131200,125.96875,20140300
2013-11-01 15:01:02,125.59309895833331,20140300,,20131200,125.59309895833331,20140300
2013-11-01 15:02:11,,20140300,126.87079326923076,20131200,,20140300
2013-11-01 23:00:00,125.453125,20140300,126.75,20131200,125.453125,20140300
2013-11-04 15:01:03,125.716796875,20140300,,20131200,125.716796875,20140300
2013-11-04 15:02:12,,20140300,126.9825721153846,20131200,,20140300
2013-11-04 23:00:00,125.703125,20140300,126.9375,20131200,125.703125,20140300
2013-11-05 15:01:02,125.29146634615385,20140300,,20131200,125.29146634615385,20140300
2013-11-05 15:02:11,,20140300,126.53255208333331,20131200,,20140300
2013-11-05 23:00:00,125.25,20140300,126.515625,20131200,125.25,20140300
2013-11-06 15:01:03,125.55048076923076,20140300,,20131200,125.55048076923076,20140300
2013-11-06 15:02:12,,20140300,126.81911057692308,20131200,,20140300
2013-11-06 23:00:00,125.625,20140300,126.90625,20131200,125.625,20140300
2013-11-07 15:01:03,125.82572115384615,20140300,,20131200,125.82572115384615,20140300
2013-11-07 15:02:13,,20140300,127.12079326923076,20131200,,20140300
2013-11-07 23:00:00,125.921875,20140300,127.1875,20131200,125.921875,20140300
2013-11-08 15:01:03,124.8341346153846,20140300,,20131200,124.8341346153846,20140300
2013-11-08 15:02:16,,20140300,126.140625,20131200,,20140300
2013-11-08 23:00:00,124.75,20140300,126.109375,20131200,124.75,20140300
2013-11-11 15:01:06,124.736328125,20140300,,20131200,124.736328125,20140300
2013-11-11 15:02:19,,20140300,126.0703125,20131200,,20140300
2013-11-11 23:00:00,124.6875,20140300,126.015625,20131200,124.6875,20140300
2013-11-12 15:01:07,124.66861979166669,20140300,,20131200,124.66861979166669,20140300
2013-11-12 15:02:17,,20140300,126.0078125,20131200,,20140300
2013-11-12 23:00:00,124.5,20140300,125.84375,20131200,124.5,20140300
2013-11-13 15:01:03,124.81960227272728,20140300,,20131200,124.81960227272728,20140300
2013-11-13 15:02:13,,20140300,126.16526442307692,20131200,,20140300
2013-11-13 23:00:00,125.3125,20140300,126.65625,20131200,125.3125,20140300
2013-11-14 15:01:07,125.15685096153848,20140300,,20131200,125.15685096153848,20140300
2013-11-14 15:02:20,,20140300,126.48978365384615,20131200,,20140300
2013-11-14 23:00:00,125.5625,20140300,126.90625,20131200,125.5625,20140300
2013-11-15 15:01:04,125.52103365384615,20140300,,20131200,125.52103365384615,20140300
2013-11-15 15:02:13,,20140300,126.8359375,20131200,,20140300
2013-11-15 23:00:00,125.4375,20140300,126.796875,20131200,125.4375,20140300
2013-11-18 15:01:03,125.6268028846154,20140300,,20131200,125.6268028846154,20140300
2013-11-18 15:02:13,,20140300,127.01622596153848,20131200,,20140300
2013-11-18 23:00:00,125.78125,20140300,127.09375,20131200,125.78125,20140300
2013-11-19 15:01:03,125.56670673076924,20140300,,20131200,125.56670673076924,20140300
2013-11-19 15:02:14,,20140300,126.88401442307692,20131200,,20140300
2013-11-19 23:00:00,125.453125,20140300,126.765625,20131200,125.453125,20140300
2013-11-20 15:00:18,125.5625,20140300,,20131200,125.5625,20140300
2013-11-20 15:00:43,,20140300,126.8828125,20131200,,20140300
2013-11-20 23:00:00,124.9375,20140300,126.296875,20131200,124.9375,20140300
2013-11-21 15:00:18,124.703125,20140300,,20131200,124.703125,20140300
2013-11-21 15:00:43,,20140300,126.0625,20131200,,20140300
2013-11-21 23:00:00,125.046875,20140300,126.390625,20131200,125.046875,20140300
2013-11-22 15:00:18,125.1171875,20140300,,20131200,125.1171875,20140300
2013-11-22 15:00:44,,20140300,126.4296875,20131200,,20140300
2013-11-22 23:00:00,125.28125,20140300,126.578125,20131200,125.28125,20140300
2013-11-25 15:00:18,125.4765625,20140300,,20131200,125.4765625,20140300
2013-11-25 15:00:42,,20140300,126.7421875,20131200,,20140300
2013-11-25 23:00:00,125.390625,20140300,126.671875,20131200,125.390625,20140300
2013-11-26 16:11:35,125.6171875,20140300,,20131200,125.6171875,20140300
2013-11-26 16:11:59,,20140300,126.8984375,20131200,,20140300
2013-11-26 23:00:00,125.796875,20140300,127.0625,20131200,125.796875,20140300
2013-11-27 20:07:39,,20140600,125.4609375,20140300,,20140600
2013-11-27 23:00:00,,20140600,125.484375,20140300,,20140600
2013-11-28 15:00:18,,20140600,125.3984375,20140300,,20140600
2013-11-29 15:00:21,,20140600,125.2421875,20140300,,20140600
2013-11-29 23:00:00,,20140600,125.375,20140300,,20140600
2013-12-02 15:00:19,,20140600,124.92578125,20140300,,20140600
2013-12-02 23:00:00,,20140600,124.859375,20140300,,20140600
2013-12-03 15:00:20,,20140600,125.0546875,20140300,,20140600
2013-12-03 23:00:00,,20140600,125.09375,20140300,,20140600
2013-12-04 20:06:58,,20140600,124.6171875,20140300,,20140600
2013-12-04 23:00:00,,20140600,124.609375,20140300,,20140600
2013-12-05 15:00:21,,20140600,124.45703125,20140300,,20140600
2013-12-05 23:00:00,,20140600,124.359375,20140300,,20140600
2013-12-06 15:00:24,,20140600,124.3359375,20140300,,20140600
2013-12-06 23:00:00,,20140600,124.21875,20140300,,20140600
2013-12-09 23:00:00,,20140600,124.34375,20140300,,20140600
2013-12-10 23:00:00,,20140600,124.875,20140300,,20140600
2013-12-11 06:42:57,,20140600,124.7578125,20140300,,20140600
2013-12-11 15:00:20,,20140600,124.6171875,20140300,,20140600
2013-12-11 23:00:00,,20140600,124.515625,20140300,,20140600
2013-12-12 15:00:19,,20140600,124.2890625,20140300,,20140600
2013-12-12 23:00:00,,20140600,124.25,20140300,,20140600
2013-12-13 15:00:21,,20140600,124.1953125,20140300,,20140600
2013-12-13 23:00:00,,20140600,124.265625,20140300,,20140600
2013-12-16 19:48:56,,20140600,124.2109375,20140300,,20140600
2013-12-16 23:00:00,,20140600,124.234375,20140300,,20140600
2013-12-17 15:00:19,,20140600,124.37109375,20140300,,20140600
2013-12-17 23:00:00,,20140600,124.546875,20140300,,20140600
2013-12-18 15:46:18,,20140600,124.2265625,20140300,,20140600
2013-12-18 23:00:00,,20140600,124.296875,20140300,,20140600
2013-12-19 15:00:25,,20140600,123.62890625,20140300,,20140600
2013-12-19 23:00:00,,20140600,123.65625,20140300,,20140600
2013-12-20 15:00:20,,20140600,123.7109375,20140300,,20140600
2013-12-20 23:00:00,,20140600,123.734375,20140300,,20140600
2013-12-23 23:00:00,,20140600,123.4375,20140300,,20140600
2013-12-24 11:11:02,,20140600,123.3828125,20140300,,20140600
2013-12-24 15:00:18,121.76953125,20140600,,20140300,121.76953125,20140600
2013-12-24 15:00:42,,20140600,123.1796875,20140300,,20140600
2013-12-24 23:00:00,121.546875,20140600,123.046875,20140300,121.546875,20140600
2013-12-25 15:00:19,,20140600,,20140300,,20140600
2013-12-25 15:00:44,,20140600,,20140300,,20140600
2013-12-26 15:00:40,121.4375,20140600,,20140300,121.4375,20140600
2013-12-26 15:01:06,,20140600,122.9921875,20140300,,20140600
2013-12-26 23:00:00,,20140600,122.984375,20140300,,20140600
2013-12-27 15:00:19,121.375,20140600,,20140300,121.375,20140600
2013-12-27 15:00:44,,20140600,122.9296875,20140300,,20140600
2013-12-27 23:00:00,121.46875,20140600,122.984375,20140300,121.46875,20140600
2013-12-30 15:00:19,121.552734375,20140600,,20140300,121.552734375,20140600
2013-12-30 15:00:45,,20140600,123.1484375,20140300,,20140600
2013-12-30 23:00:00,121.625,20140600,123.21875,20140300,121.625,20140600
2013-12-31 15:00:19,121.1640625,20140600,,20140300,121.1640625,20140600
2013-12-31 15:00:43,,20140600,123.0546875,20140300,,20140600
2013-12-31 23:00:00,121.453125,20140600,123.046875,20140300,121.453125,20140600
2014-01-01 15:00:19,,20140600,,20140300,,20140600
2014-01-01 15:00:44,,20140600,,20140300,,20140600
2014-01-02 15:00:20,121.48177083333331,20140600,,20140300,121.48177083333331,20140600
2014-01-02 15:00:45,,20140600,123.03515625,20140300,,20140600
2014-01-02 23:00:00,121.625,20140600,123.21875,20140300,121.625,20140600
2014-01-03 15:00:19,121.578125,20140600,,20140300,121.578125,20140600
2014-01-03 15:00:44,,20140600,123.1328125,20140300,,20140600
2014-01-03 23:00:00,121.59375,20140600,123.171875,20140300,121.59375,20140600
2014-01-06 15:00:19,121.775390625,20140600,,20140300,121.775390625,20140600
2014-01-06 15:00:44,,20140600,123.375,20140300,,20140600
2014-01-06 23:00:00,121.890625,20140600,123.46875,20140300,121.890625,20140600
2014-01-07 15:00:22,121.953125,20140600,,20140300,121.953125,20140600
2014-01-07 15:00:47,,20140600,123.515625,20140300,,20140600
2014-01-07 23:00:00,122.078125,20140600,123.6875,20140300,122.078125,20140600
2014-01-08 15:00:19,121.638671875,20140600,,20140300,121.638671875,20140600
2014-01-08 15:00:46,,20140600,123.2578125,20140300,,20140600
2014-01-08 23:00:00,121.484375,20140600,123.109375,20140300,121.484375,20140600
2014-01-09 15:00:19,121.5,20140600,,20140300,121.5,20140600
2014-01-09 15:00:48,,20140600,123.1484375,20140300,,20140600
2014-01-09 23:00:00,121.6875,20140600,123.328125,20140300,121.6875,20140600
2014-01-10 23:00:00,122.65625,20140600,124.296875,20140300,122.65625,20140600
2014-01-13 23:00:00,122.9375,20140600,124.578125,20140300,122.9375,20140600
2014-01-14 15:00:19,122.7578125,20140600,,20140300,122.7578125,20140600
2014-01-14 15:00:45,,20140600,124.40234375,20140300,,20140600
2014-01-14 23:00:00,122.515625,20140600,124.171875,20140300,122.515625,20140600
2014-01-15 15:00:18,122.1328125,20140600,,20140300,122.1328125,20140600
2014-01-15 15:00:44,,20140600,123.79296875,20140300,,20140600
2014-01-15 23:00:00,122.3125,20140600,123.96875,20140300,122.3125,20140600
2014-01-16 15:00:18,122.56640625,20140600,,20140300,122.56640625,20140600
2014-01-16 15:00:43,,20140600,124.2421875,20140300,,20140600
2014-01-16 23:00:00,122.625,20140600,124.265625,20140300,122.625,20140600
2014-01-17 15:00:23,122.56640625,20140600,,20140300,122.56640625,20140600
2014-01-17 15:00:47,,20140600,124.20703125,20140300,,20140600
2014-01-17 23:00:00,122.796875,20140600,124.421875,20140300,122.796875,20140600
2014-01-20 18:29:23,,20140600,,20140300,,20140600
2014-01-20 18:29:49,,20140600,,20140300,,20140600
2014-01-21 15:00:20,122.6875,20140600,,20140300,122.6875,20140600
2014-01-21 15:00:46,,20140600,124.3203125,20140300,,20140600
2014-01-21 23:00:00,122.75,20140600,124.375,20140300,122.75,20140600
2014-01-22 15:00:20,122.453125,20140600,,20140300,122.453125,20140600
2014-01-22 15:00:48,,20140600,124.0859375,20140300,,20140600
2014-01-22 23:00:00,122.34375,20140600,123.96875,20140300,122.34375,20140600
2014-01-23 15:00:19,122.89453125,20140600,,20140300,122.89453125,20140600
2014-01-23 15:00:44,,20140600,124.5,20140300,,20140600
2014-01-23 23:00:00,123.171875,20140600,124.78125,20140300,123.171875,20140600
2014-01-24 15:00:19,123.5546875,20140600,,20140300,123.5546875,20140600
2014-01-24 15:00:45,,20140600,125.1796875,20140300,,20140600
2014-01-24 23:00:00,123.4375,20140600,125.0625,20140300,123.4375,20140600
2014-01-27 15:00:19,123.3359375,20140600,,20140300,123.3359375,20140600
2014-01-27 15:00:48,,20140600,125.015625,20140300,,20140600
2014-01-27 23:00:00,123.1875,20140600,124.8125,20140300,123.1875,20140600
2014-01-28 15:00:20,123.2421875,20140600,,20140300,123.2421875,20140600
2014-01-28 15:00:46,,20140600,124.8984375,20140300,,20140600
2014-01-28 23:00:00,123.4375,20140600,125.078125,20140300,123.4375,20140600
2014-01-29 23:00:00,123.984375,20140600,125.625,20140300,123.984375,20140600
2014-01-30 15:00:21,123.76171875,20140600,,20140300,123.76171875,20140600
2014-01-30 15:00:49,,20140600,125.39453125,20140300,,20140600
2014-01-30 22:01:35,,20140600,,20140300,,20140600
2014-01-30 22:02:11,,20140600,,20140300,,20140600
2014-01-30 23:00:00,123.8125,20140600,125.453125,20140300,123.8125,20140600
2014-01-31 23:00:00,124.109375,20140600,125.75,20140300,124.109375,20140600
2014-02-03 15:21:20,124.55208333333331,20140600,,20140300,124.55208333333331,20140600
2014-02-03 15:21:56,,20140600,126.140625,20140300,,20140600
2014-02-03 16:43:50,124.58203125,20140600,,20140300,124.58203125,20140600
2014-02-03 16:44:21,,20140600,126.2109375,20140300,,20140600
2014-02-03 17:45:30,124.59375,20140600,,20140300,124.59375,20140600
2014-02-03 17:45:59,,20140600,126.22265625,20140300,,20140600
2014-02-03 23:00:00,124.8125,20140600,126.421875,20140300,124.8125,20140600
2014-02-04 23:00:00,124.53125,20140600,126.140625,20140300,124.53125,20140600
2014-02-05 15:32:30,124.44140625,20140600,,20140300,124.44140625,20140600
2014-02-05 15:33:06,,20140600,126.03125,20140300,,20140600
2014-02-05 16:36:41,124.31770833333331,20140600,,20140300,124.31770833333331,20140600
2014-02-05 16:37:14,,20140600,125.9140625,20140300,,20140600
2014-02-05 17:37:45,124.255859375,20140600,,20140300,124.255859375,20140600
2014-02-05 17:38:14,,20140600,125.8671875,20140300,,20140600
2014-02-05 23:00:00,124.265625,20140600,125.875,20140300,124.265625,20140600
2014-02-06 23:00:00,124.0,20140600,125.609375,20140300,124.0,20140600
2014-02-07 15:17:14,124.33203125,20140600,,20140300,124.33203125,20140600
2014-02-07 15:17:42,,20140600,125.9453125,20140300,,20140600
2014-02-07 17:17:15,124.40625,20140600,,20140300,124.40625,20140600
2014-02-07 17:17:45,,20140600,126.03125,20140300,,20140600
2014-02-07 23:00:00,124.34375,20140600,125.96875,20140300,124.34375,20140600
2014-02-10 15:13:27,124.33854166666669,20140600,,20140300,124.33854166666669,20140600
2014-02-10 15:14:00,,20140600,125.9609375,20140300,,20140600
2014-02-10 16:18:59,124.40625,20140600,,20140300,124.40625,20140600
2014-02-10 16:19:37,,20140600,126.0078125,20140300,,20140600
2014-02-10 17:19:00,124.359375,20140600,,20140300,124.359375,20140600
2014-02-10 17:19:40,,20140600,125.9765625,20140300,,20140600
2014-02-10 18:18:59,124.328125,20140600,,20140300,124.328125,20140600
2014-02-10 18:19:30,,20140600,125.9453125,20140300,,20140600
2014-02-10 23:00:00,124.3125,20140600,125.9375,20140300,124.3125,20140600
2014-02-11 15:00:18,123.912109375,20140600,,20140300,123.912109375,20140600
2014-02-11 15:00:56,,20140600,125.5234375,20140300,,20140600
2014-02-11 16:04:12,123.984375,20140600,,20140300,123.984375,20140600
2014-02-11 16:04:47,,20140600,125.60546875,20140300,,20140600
2014-02-11 17:04:13,123.90625,20140600,,20140300,123.90625,20140600
2014-02-11 17:04:53,,20140600,125.5234375,20140300,,20140600
2014-02-11 18:04:13,123.921875,20140600,,20140300,123.921875,20140600
2014-02-11 18:04:48,,20140600,125.53125,20140300,,20140600
2014-02-11 23:00:00,123.953125,20140600,125.578125,20140300,123.953125,20140600
2014-02-12 15:20:55,123.671875,20140600,,20140300,123.671875,20140600
2014-02-12 15:21:23,,20140600,125.3203125,20140300,,20140600
2014-02-12 16:22:04,123.5703125,20140600,,20140300,123.5703125,20140600
2014-02-12 16:22:29,,20140600,125.1953125,20140300,,20140600
2014-02-12 17:22:57,123.5859375,20140600,,20140300,123.5859375,20140600
2014-02-12 17:23:22,,20140600,125.2265625,20140300,,20140600
2014-02-12 18:22:58,123.5625,20140600,,20140300,123.5625,20140600
2014-02-12 18:23:31,,20140600,125.18359375,20140300,,20140600
2014-02-12 23:00:00,123.625,20140600,125.25,20140300,123.625,20140600
2014-02-13 15:21:56,124.015625,20140600,,20140300,124.015625,20140600
2014-02-13 15:22:27,,20140600,125.6484375,20140300,,20140600
2014-02-13 16:21:56,124.0546875,20140600,,20140300,124.0546875,20140600
2014-02-13 16:22:21,,20140600,125.66927083333331,20140300,,20140600
2014-02-13 17:21:57,124.072265625,20140600,,20140300,124.072265625,20140600
2014-02-13 17:22:28,,20140600,125.7109375,20140300,,20140600
2014-02-13 18:21:58,124.171875,20140600,,20140300,124.171875,20140600
2014-02-13 18:22:27,,20140600,125.7890625,20140300,,20140600
2014-02-13 23:00:00,124.140625,20140600,125.75,20140300,124.140625,20140600
2014-02-14 16:13:14,124.0234375,20140600,,20140300,124.0234375,20140600
2014-02-14 16:13:43,,20140600,125.625,20140300,,20140600
2014-02-14 17:13:15,124.0625,20140600,,20140300,124.0625,20140600
2014-02-14 17:13:43,,20140600,125.6640625,20140300,,20140600
2014-02-14 18:13:15,124.078125,20140600,,20140300,124.078125,20140600
2014-02-14 18:13:45,,20140600,125.6796875,20140300,,20140600
2014-02-14 23:00:00,124.03125,20140600,125.640625,20140300,124.03125,20140600
2014-02-18 15:16:42,124.33203125,20140600,,20140300,124.33203125,20140600
2014-02-18 15:17:15,,20140600,125.91015625,20140300,,20140600
2014-02-18 16:19:26,124.3046875,20140600,,20140300,124.3046875,20140600
2014-02-18 16:19:53,,20140600,125.8984375,20140300,,20140600
2014-02-18 17:19:57,124.4375,20140600,,20140300,124.4375,20140600
2014-02-18 17:20:27,,20140600,126.0234375,20140300,,20140600
2014-02-18 23:00:00,124.359375,20140600,125.953125,20140300,124.359375,20140600
2014-02-19 15:15:14,124.498046875,20140600,,20140300,124.498046875,20140600
2014-02-19 15:15:42,,20140600,126.0703125,20140300,,20140600
2014-02-19 16:19:21,124.5078125,20140600,,20140300,124.5078125,20140600
2014-02-19 16:19:49,,20140600,126.1015625,20140300,,20140600
2014-02-19 17:19:51,124.5,20140600,,20140300,124.5,20140600
2014-02-19 17:20:26,,20140600,126.1015625,20140300,,20140600
2014-02-19 18:19:54,124.3828125,20140600,,20140300,124.3828125,20140600
2014-02-19 18:20:30,,20140600,125.9765625,20140300,,20140600
2014-02-19 23:00:00,124.15625,20140600,125.734375,20140300,124.15625,20140600
2014-02-20 15:27:59,123.8515625,20140600,,20140300,123.8515625,20140600
2014-02-20 15:28:33,,20140600,125.4140625,20140300,,20140600
2014-02-20 16:31:53,123.8515625,20140600,,20140300,123.8515625,20140600
2014-02-20 16:32:22,,20140600,125.4375,20140300,,20140600
2014-02-20 17:31:58,123.8359375,20140600,,20140300,123.8359375,20140600
2014-02-20 17:32:35,,20140600,125.4140625,20140300,,20140600
2014-02-20 18:31:59,123.8203125,20140600,,20140300,123.8203125,20140600
2014-02-20 18:32:31,,20140600,125.3984375,20140300,,20140600
2014-02-20 23:00:00,123.921875,20140600,125.5,20140300,123.921875,20140600
2014-02-21 15:20:46,123.92447916666669,20140600,,20140300,123.92447916666669,20140600
2014-02-21 15:21:12,,20140600,125.5078125,20140300,,20140600
2014-02-21 16:23:48,123.8984375,20140600,,20140300,123.8984375,20140600
2014-02-21 16:24:18,,20140600,125.4765625,20140300,,20140600
2014-02-21 17:24:00,123.953125,20140600,,20140300,123.953125,20140600
2014-02-21 17:24:25,,20140600,125.5390625,20140300,,20140600
2014-02-21 18:24:03,123.9765625,20140600,,20140300,123.9765625,20140600
2014-02-21 18:24:45,,20140600,125.5390625,20140300,,20140600
2014-02-21 23:00:00,124.046875,20140600,125.609375,20140300,124.046875,20140600
2014-02-24 15:11:51,123.9453125,20140600,,20140300,123.9453125,20140600
2014-02-24 15:12:17,,20140600,125.5078125,20140300,,20140600
2014-02-24 16:14:28,123.9453125,20140600,,20140300,123.9453125,20140600
2014-02-24 16:14:57,,20140600,125.4921875,20140300,,20140600
2014-02-24 17:40:09,123.8515625,20140600,,20140300,123.8515625,20140600
2014-02-24 17:40:40,,20140600,125.3984375,20140300,,20140600
2014-02-24 19:01:42,123.9296875,20140600,,20140300,123.9296875,20140600
2014-02-24 19:02:10,,20140600,125.4765625,20140300,,20140600
2014-02-24 23:00:00,123.921875,20140600,125.46875,20140300,123.921875,20140600
2014-02-25 13:05:52,124.0546875,20140600,,20140300,124.0546875,20140600
2014-02-25 13:06:32,,20140600,125.58984375,20140300,,20140600
2014-02-25 14:43:32,124.1796875,20140600,,20140300,124.1796875,20140600
2014-02-25 14:44:02,,20140600,125.7109375,20140300,,20140600
2014-02-25 16:26:12,124.3046875,20140600,,20140300,124.3046875,20140600
2014-02-25 16:26:52,,20140600,125.8359375,20140300,,20140600
2014-02-25 18:00:52,124.3203125,20140600,,20140300,124.3203125,20140600
2014-02-25 18:01:28,,20140600,125.85546875,20140300,,20140600
2014-02-25 19:19:35,124.296875,20140600,,20140300,124.296875,20140600
2014-02-25 19:20:07,,20140600,125.8359375,20140300,,20140600
2014-02-25 23:00:00,124.28125,20140600,125.828125,20140300,124.28125,20140600
2014-02-26 12:02:39,,20140900,124.1640625,20140600,,20140900
2014-02-26 13:16:55,,20140900,124.2109375,20140600,,20140900
2014-02-26 23:00:00,,20140900,124.515625,20140600,,20140900
2014-02-27 12:37:49,,20140900,124.7734375,20140600,,20140900
2014-02-27 13:53:17,,20140900,124.6484375,20140600,,20140900
2014-02-27 15:05:56,,20140900,124.73828125,20140600,,20140900
2014-02-27 16:22:03,,20140900,124.6640625,20140600,,20140900
2014-02-27 17:36:08,,20140900,124.7421875,20140600,,20140900
2014-02-27 18:41:31,,20140900,124.6640625,20140600,,20140900
2014-02-27 19:25:29,,20140900,124.6796875,20140600,,20140900
2014-02-27 23:00:00,,20140900,124.75,20140600,,20140900
2014-02-28 12:36:50,,20140900,124.5859375,20140600,,20140900
2014-02-28 13:42:33,,20140900,124.5078125,20140600,,20140900
2014-02-28 14:54:17,,20140900,124.2890625,20140600,,20140900
2014-02-28 16:10:41,,20140900,124.29296875,20140600,,20140900
2014-02-28 17:25:04,,20140900,124.39453125,20140600,,20140900
2014-02-28 23:00:00,,20140900,124.53125,20140600,,20140900
2014-03-03 14:12:56,,20140900,124.8203125,20140600,,20140900
2014-03-03 16:42:37,,20140900,124.9609375,20140600,,20140900
2014-03-03 18:58:54,,20140900,124.9453125,20140600,,20140900
2014-03-03 23:00:00,,20140900,124.984375,20140600,,20140900
2014-03-04 15:01:36,,20140900,124.49739583333331,20140600,,20140900
2014-03-04 16:19:47,,20140900,124.44921875,20140600,,20140900
2014-03-04 17:29:29,,20140900,124.4140625,20140600,,20140900
2014-03-04 23:00:00,,20140900,124.328125,20140600,,20140900
2014-03-05 14:33:06,,20140900,124.140625,20140600,,20140900
2014-03-05 16:00:01,,20140900,124.390625,20140600,,20140900
2014-03-05 17:17:04,,20140900,124.390625,20140600,,20140900
2014-03-05 18:21:46,,20140900,124.3828125,20140600,,20140900
2014-03-05 23:00:00,,20140900,124.328125,20140600,,20140900
2014-03-06 15:14:49,,20140900,124.0546875,20140600,,20140900
2014-03-06 16:32:51,,20140900,124.0078125,20140600,,20140900
2014-03-06 17:49:47,,20140900,124.0546875,20140600,,20140900
2014-03-06 18:54:14,,20140900,124.0390625,20140600,,20140900
2014-03-06 23:00:00,,20140900,124.015625,20140600,,20140900
2014-03-07 14:54:35,,20140900,123.53515625,20140600,,20140900
2014-03-07 16:16:54,,20140900,123.6484375,20140600,,20140900
2014-03-07 17:28:17,,20140900,123.5234375,20140600,,20140900
2014-03-07 18:30:49,,20140900,123.5703125,20140600,,20140900
2014-03-08 20:47:43,,20140900,,20140600,,20140900
2014-03-10 14:05:27,,20140900,123.58984375,20140600,,20140900
2014-03-10 14:57:57,,20140900,123.6796875,20140600,,20140900
2014-03-10 16:13:48,,20140900,123.6484375,20140600,,20140900
2014-03-10 23:00:00,,20140900,123.65625,20140600,,20140900
2014-03-11 23:00:00,,20140900,123.765625,20140600,,20140900
2014-03-12 14:09:08,,20140900,124.02734375,20140600,,20140900
2014-03-12 15:09:01,,20140900,123.9921875,20140600,,20140900
2014-03-12 23:00:00,,20140900,124.125,20140600,,20140900
2014-03-13 23:00:00,,20140900,124.6875,20140600,,20140900
2014-03-14 14:11:50,,20140900,124.59375,20140600,,20140900
2014-03-14 14:54:17,,20140900,124.6953125,20140600,,20140900
2014-03-14 15:54:44,,20140900,124.578125,20140600,,20140900
2014-03-14 16:47:03,,20140900,124.5859375,20140600,,20140900
2014-03-14 17:39:05,,20140900,124.66015625,20140600,,20140900
2014-03-14 18:21:54,,20140900,124.63671875,20140600,,20140900
2014-03-14 19:00:13,,20140900,124.6640625,20140600,,20140900
2014-03-14 23:00:00,,20140900,124.65625,20140600,,20140900
2014-03-17 11:38:07,,20140900,124.37890625,20140600,,20140900
2014-03-17 14:29:26,,20140900,124.4453125,20140600,,20140900
2014-03-17 15:27:45,,20140900,124.53385416666669,20140600,,20140900
2014-03-17 23:00:00,,20140900,124.3125,20140600,,20140900
2014-03-18 14:29:02,,20140900,124.32421875,20140600,,20140900
2014-03-18 15:24:13,,20140900,124.43359375,20140600,,20140900
2014-03-19 14:49:26,,20140900,124.3515625,20140600,,20140900
2014-03-19 15:52:09,,20140900,124.3359375,20140600,,20140900
2014-03-19 16:45:05,,20140900,124.2890625,20140600,,20140900
2014-03-19 17:38:14,,20140900,124.1953125,20140600,,20140900
2014-03-19 18:22:41,,20140900,123.6578125,20140600,,20140900
2014-03-19 23:00:00,,20140900,123.4375,20140600,,20140900
2014-03-20 23:00:00,,20140900,123.390625,20140600,,20140900
2014-03-21 23:00:00,,20140900,123.5,20140600,,20140900
2014-03-25 15:40:55,,20140900,123.4765625,20140600,,20140900
2014-03-25 16:32:45,,20140900,123.48828125,20140600,,20140900
2014-03-25 17:24:43,,20140900,123.5546875,20140600,,20140900
2014-03-25 18:09:26,,20140900,123.4921875,20140600,,20140900
2014-03-25 18:48:44,,20140900,123.47265625,20140600,,20140900
2014-03-25 23:00:00,122.71875,20140900,123.375,20140600,122.71875,20140900
2014-03-26 23:00:00,122.734375,20140900,123.796875,20140600,122.734375,20140900
2014-03-27 14:05:23,,20140900,123.6640625,20140600,,20140900
2014-03-27 15:06:42,,20140900,123.7109375,20140600,,20140900
2014-03-27 16:08:09,,20140900,123.8671875,20140600,,20140900
2014-03-27 17:09:32,,20140900,123.78515625,20140600,,20140900
2014-03-27 18:10:57,,20140900,123.9140625,20140600,,20140900
2014-03-27 23:00:00,122.78125,20140900,123.84375,20140600,122.78125,20140900
2014-03-28 14:05:42,,20140900,123.6171875,20140600,,20140900
2014-03-28 15:45:40,,20140900,123.515625,20140600,,20140900
2014-03-28 16:47:21,,20140900,123.4765625,20140600,,20140900
2014-03-28 23:00:00,,20140900,123.5,20140600,,20140900
2014-03-31 23:00:00,122.515625,20140900,123.515625,20140600,122.515625,20140900
2014-04-01 23:00:00,,20140900,123.375,20140600,,20140900
2014-04-02 23:00:00,122.0625,20140900,122.921875,20140600,122.0625,20140900
2014-04-03 23:00:00,122.0,20140900,123.0,20140600,122.0,20140900
2014-04-04 23:00:00,122.703125,20140900,,20140600,122.703125,20140900
2014-04-07 14:14:48,,20140900,123.7890625,20140600,,20140900
2014-04-07 15:16:31,,20140900,123.8671875,20140600,,20140900
2014-04-07 16:17:59,,20140900,123.9140625,20140600,,20140900
2014-04-07 17:19:03,,20140900,123.9765625,20140600,,20140900
2014-04-07 18:20:08,,20140900,123.9296875,20140600,,20140900
2014-04-07 23:00:00,122.875,20140900,123.90625,20140600,122.875,20140900
2014-04-08 23:00:00,123.109375,20140900,,20140600,123.109375,20140900
2014-04-09 23:00:00,123.25,20140900,,20140600,123.25,20140900
2014-04-10 15:38:25,,20140900,124.4140625,20140600,,20140900
2014-04-10 16:40:35,,20140900,124.6171875,20140600,,20140900
2014-04-10 17:41:55,,20140900,124.6953125,20140600,,20140900
2014-04-10 23:00:00,123.765625,20140900,124.6875,20140600,123.765625,20140900
2014-04-11 14:29:41,,20140900,124.8359375,20140600,,20140900
2014-04-11 15:32:08,,20140900,124.8046875,20140600,,20140900
2014-04-11 16:33:55,,20140900,124.7109375,20140600,,20140900
2014-04-11 17:35:16,,20140900,124.7734375,20140600,,20140900
2014-04-11 18:36:35,,20140900,124.8203125,20140600,,20140900
2014-04-11 23:00:00,123.90625,20140900,124.828125,20140600,123.90625,20140900
2014-04-14 23:00:00,123.59375,20140900,124.609375,20140600,123.59375,20140900
2014-04-15 14:11:28,,20140900,124.4765625,20140600,,20140900
2014-04-15 15:13:30,,20140900,124.5390625,20140600,,20140900
2014-04-15 16:15:21,,20140900,124.76171875,20140600,,20140900
2014-04-15 17:16:40,,20140900,124.7578125,20140600,,20140900
2014-04-15 18:18:00,,20140900,124.7890625,20140600,,20140900
2014-04-15 23:00:00,123.890625,20140900,124.5625,20140600,123.890625,20140900
2014-04-16 14:12:27,,20140900,124.4453125,20140600,,20140900
2014-04-16 15:14:01,,20140900,124.3796875,20140600,,20140900
2014-04-16 16:15:22,,20140900,124.3984375,20140600,,20140900
2014-04-16 17:16:41,,20140900,124.4453125,20140600,,20140900
2014-04-16 18:18:00,,20140900,124.40625,20140600,,20140900
2014-04-16 23:00:00,123.40625,20140900,124.34375,20140600,123.40625,20140900
2014-04-17 14:13:12,,20140900,124.3046875,20140600,,20140900
2014-04-17 15:15:08,,20140900,124.1015625,20140600,,20140900
2014-04-17 16:16:58,,20140900,124.0390625,20140600,,20140900
2014-04-17 17:18:16,,20140900,123.80859375,20140600,,20140900
2014-04-17 18:19:39,,20140900,123.7421875,20140600,,20140900
2014-04-17 23:00:00,122.8125,20140900,123.65625,20140600,122.8125,20140900
2014-04-21 23:00:00,122.84375,20140900,123.75,20140600,122.84375,20140900
2014-04-22 14:11:59,,20140900,123.671875,20140600,,20140900
2014-04-22 15:13:35,,20140900,123.6171875,20140600,,20140900
2014-04-22 16:15:17,,20140900,123.5703125,20140600,,20140900
2014-04-22 17:16:28,,20140900,123.6953125,20140600,,20140900
2014-04-22 18:17:42,,20140900,123.640625,20140600,,20140900
2014-04-22 23:00:00,122.703125,20140900,123.625,20140600,122.703125,20140900
2014-04-23 23:00:00,123.0625,20140900,123.953125,20140600,123.0625,20140900
2014-04-24 23:00:00,123.015625,20140900,123.921875,20140600,123.015625,20140900
2014-04-25 15:25:42,,20140900,124.1484375,20140600,,20140900
2014-04-25 16:27:20,,20140900,124.2109375,20140600,,20140900
2014-04-25 17:29:00,,20140900,124.1171875,20140600,,20140900
2014-04-25 18:30:15,,20140900,124.12109375,20140600,,20140900
2014-04-25 23:00:00,123.1875,20140900,124.0625,20140600,123.1875,20140900
2014-04-28 14:14:45,,20140900,123.9765625,20140600,,20140900
2014-04-28 16:54:44,,20140900,123.8984375,20140600,,20140900
2014-04-28 23:00:00,123.203125,20140900,,20140600,123.203125,20140900
2014-04-29 23:00:00,123.09375,20140900,,20140600,123.09375,20140900
2014-04-30 15:54:19,,20140900,124.2734375,20140600,,20140900
2014-04-30 18:21:24,,20140900,124.3046875,20140600,,20140900
2014-04-30 23:00:00,123.484375,20140900,124.390625,20140600,123.484375,20140900
2014-05-01 14:22:04,,20140900,124.3671875,20140600,,20140900
2014-05-01 16:05:10,,20140900,124.5703125,20140600,,20140900
2014-05-01 17:37:31,,20140900,124.625,20140600,,20140900
2014-05-01 23:00:00,123.734375,20140900,124.625,20140600,123.734375,20140900
2014-05-02 14:04:00,,20140900,124.08984375,20140600,,20140900
2014-05-02 15:31:09,,20140900,124.3515625,20140600,,20140900
2014-05-02 16:46:25,,20140900,124.57421875,20140600,,20140900
2014-05-02 17:57:27,,20140900,124.6015625,20140600,,20140900
2014-05-02 18:59:33,,20140900,124.7109375,20140600,,20140900
2014-05-02 23:00:00,123.8125,20140900,124.671875,20140600,123.8125,20140900
2014-05-05 15:49:00,,20140900,124.5546875,20140600,,20140900
2014-05-05 16:55:08,,20140900,124.57421875,20140600,,20140900
2014-05-05 18:00:15,,20140900,124.6171875,20140600,,20140900
2014-05-05 23:00:00,123.71875,20140900,124.578125,20140600,123.71875,20140900
2014-05-06 14:01:29,,20140900,124.6640625,20140600,,20140900
2014-05-06 15:12:43,,20140900,124.6015625,20140600,,20140900
2014-05-06 16:26:25,,20140900,124.60546875,20140600,,20140900
2014-05-06 17:28:12,,20140900,124.6296875,20140600,,20140900
2014-05-06 18:29:49,,20140900,124.6640625,20140600,,20140900
2014-05-06 23:00:00,123.78125,20140900,124.65625,20140600,123.78125,20140900
2014-05-07 14:08:48,,20140900,124.5234375,20140600,,20140900
2014-05-07 15:11:29,,20140900,124.73828125,20140600,,20140900
2014-05-07 17:44:04,,20140900,124.88671875,20140600,,20140900
2014-05-07 18:46:09,,20140900,124.8671875,20140600,,20140900
2014-05-07 23:00:00,123.953125,20140900,124.875,20140600,123.953125,20140900
2014-05-08 14:10:22,,20140900,124.9609375,20140600,,20140900
2014-05-08 15:33:06,,20140900,124.9296875,20140600,,20140900
2014-05-08 16:45:55,,20140900,125.1171875,20140600,,20140900
2014-05-08 17:48:49,,20140900,125.1171875,20140600,,20140900
2014-05-08 18:51:10,,20140900,125.0234375,20140600,,20140900
2014-05-08 23:00:00,124.203125,20140900,125.046875,20140600,124.203125,20140900
2014-05-09 14:34:34,,20140900,124.9453125,20140600,,20140900
2014-05-09 15:49:21,,20140900,125.0078125,20140600,,20140900
2014-05-09 17:01:44,,20140900,124.9796875,20140600,,20140900
2014-05-09 18:03:20,,20140900,124.9921875,20140600,,20140900
2014-05-09 23:00:00,124.109375,20140900,125.0,20140600,124.109375,20140900
2014-05-12 14:13:49,,20140900,124.8359375,20140600,,20140900
2014-05-12 15:18:44,,20140900,124.78125,20140600,,20140900
2014-05-12 16:31:46,,20140900,124.7890625,20140600,,20140900
2014-05-12 17:44:43,,20140900,124.8046875,20140600,,20140900
2014-05-12 18:47:14,,20140900,124.7421875,20140600,,20140900
2014-05-12 23:00:00,123.859375,20140900,124.75,20140600,123.859375,20140900
2014-05-13 14:05:39,,20140900,124.9765625,20140600,,20140900
2014-05-13 15:28:17,,20140900,125.0078125,20140600,,20140900
2014-05-13 16:41:35,,20140900,125.0546875,20140600,,20140900
2014-05-13 17:46:57,,20140900,125.0703125,20140600,,20140900
2014-05-13 18:48:46,,20140900,125.0859375,20140600,,20140900
2014-05-13 23:00:00,124.1875,20140900,125.09375,20140600,124.1875,20140900
2014-05-14 14:17:33,,20140900,125.3046875,20140600,,20140900
2014-05-14 15:20:41,,20140900,125.5859375,20140600,,20140900
2014-05-14 16:34:45,,20140900,125.65234375,20140600,,20140900
2014-05-14 17:47:37,,20140900,125.7109375,20140600,,20140900
2014-05-14 18:50:46,,20140900,125.6015625,20140600,,20140900
2014-05-14 23:00:00,124.8125,20140900,125.625,20140600,124.8125,20140900
2014-05-15 14:29:11,,20140900,125.7046875,20140600,,20140900
2014-05-15 23:00:00,125.109375,20140900,125.9375,20140600,125.109375,20140900
2014-05-16 23:00:00,124.9375,20140900,125.78125,20140600,124.9375,20140900
2014-05-19 15:05:42,,20140900,125.8515625,20140600,,20140900
2014-05-19 16:07:05,,20140900,125.9921875,20140600,,20140900
2014-05-19 17:08:22,,20140900,125.8703125,20140600,,20140900
2014-05-19 18:09:35,,20140900,125.8671875,20140600,,20140900
2014-05-19 23:00:00,124.90625,20140900,125.75,20140600,124.90625,20140900
2014-05-20 15:19:42,,20140900,125.8203125,20140600,,20140900
2014-05-20 16:32:59,,20140900,125.82421875,20140600,,20140900
2014-05-20 17:47:18,,20140900,125.91015625,20140600,,20140900
2014-05-20 18:50:42,,20140900,125.9765625,20140600,,20140900
2014-05-20 23:00:00,125.140625,20140900,125.953125,20140600,125.140625,20140900
2014-05-21 14:08:29,,20140900,125.7578125,20140600,,20140900
2014-05-21 15:31:33,,20140900,125.7265625,20140600,,20140900
2014-05-21 16:40:10,,20140900,125.7109375,20140600,,20140900
2014-05-21 17:41:45,,20140900,125.7265625,20140600,,20140900
2014-05-21 18:43:37,,20140900,125.6953125,20140600,,20140900
2014-05-21 23:00:00,124.9375,20140900,125.78125,20140600,124.9375,20140900
2014-05-22 14:01:53,,20140900,125.7421875,20140600,,20140900
2014-05-22 15:13:57,,20140900,125.6953125,20140600,,20140900
2014-05-22 16:20:39,,20140900,125.6734375,20140600,,20140900
2014-05-22 17:22:57,,20140900,125.6640625,20140600,,20140900
2014-05-22 18:24:46,,20140900,125.6328125,20140600,,20140900
2014-05-22 23:00:00,124.84375,20140900,125.6875,20140600,124.84375,20140900
2014-05-23 23:00:00,124.96875,20140900,125.796875,20140600,124.96875,20140900
2014-05-27 15:15:45,,20140900,125.6796875,20140600,,20140900
2014-05-27 16:36:00,,20140900,125.7734375,20140600,,20140900
2014-05-27 17:40:47,,20140900,125.7890625,20140600,,20140900
2014-05-27 18:43:05,,20140900,125.828125,20140600,,20140900
2014-05-27 23:00:00,,20140900,125.90625,20140600,,20140900
2014-05-28 14:08:03,125.4609375,20140900,,20140600,125.4609375,20140900
2014-05-28 15:28:00,125.5390625,20140900,,20140600,125.5390625,20140900
2014-05-28 16:33:31,125.6640625,20140900,,20140600,125.6640625,20140900
2014-05-28 17:35:37,125.6484375,20140900,,20140600,125.6484375,20140900
2014-05-28 18:37:28,125.65234375,20140900,,20140600,125.65234375,20140900
2014-05-28 23:00:00,125.65625,20140900,126.4375,20140600,125.65625,20140900
2014-05-29 14:16:24,125.6953125,20140900,,20140600,125.6953125,20140900
2014-05-29 15:26:32,125.875,20140900,,20140600,125.875,20140900
2014-05-29 16:38:03,125.8828125,20140900,,20140600,125.8828125,20140900
2014-05-29 17:39:50,125.8046875,20140900,,20140600,125.8046875,20140900
2014-05-29 18:41:36,125.6796875,20140900,,20140600,125.6796875,20140900
2014-05-29 23:00:00,125.578125,20140900,126.359375,20140600,125.578125,20140900
2014-05-30 14:10:04,,20141200,125.421875,20140900,,20141200
2014-05-30 15:18:02,,20141200,125.3515625,20140900,,20141200
2014-05-30 16:31:40,,20141200,125.3828125,20140900,,20141200
2014-05-30 17:43:12,,20141200,125.40625,20140900,,20141200
2014-05-30 18:45:47,,20141200,125.4609375,20140900,,20141200
2014-05-30 23:00:00,,20141200,125.328125,20140900,,20141200
2014-06-02 14:53:07,,20141200,125.0859375,20140900,,20141200
2014-06-02 16:17:23,,20141200,125.0546875,20140900,,20141200
2014-06-02 17:28:52,,20141200,124.8671875,20140900,,20141200
2014-06-02 18:32:16,,20141200,124.84765625,20140900,,20141200
2014-06-02 23:00:00,,20141200,124.890625,20140900,,20141200
2014-06-03 14:10:46,,20141200,124.7109375,20140900,,20141200
2014-06-03 15:33:03,,20141200,124.60546875,20140900,,20141200
2014-06-03 16:46:35,,20141200,124.6328125,20140900,,20141200
2014-06-03 17:57:41,,20141200,124.6015625,20140900,,20141200
2014-06-03 18:59:36,,20141200,124.4609375,20140900,,20141200
2014-06-03 23:00:00,,20141200,124.421875,20140900,,20141200
2014-06-05 16:38:41,,20141200,124.49609375,20140900,,20141200
2014-06-05 23:00:00,,20141200,124.515625,20140900,,20141200
2014-06-06 23:00:00,,20141200,124.359375,20140900,,20141200
2014-06-09 23:00:00,,20141200,124.171875,20140900,,20141200
2014-06-10 23:00:00,,20141200,124.0,20140900,,20141200
2014-06-11 17:55:09,,20141200,124.1640625,20140900,,20141200
2014-06-11 19:00:16,,20141200,124.1171875,20140900,,20141200
2014-06-11 23:00:00,,20141200,124.109375,20140900,,20141200
2014-06-12 16:21:10,,20141200,124.2890625,20140900,,20141200
2014-06-12 23:00:00,123.796875,20141200,,20140900,123.796875,20141200
2014-06-13 14:13:49,,20141200,123.9921875,20140900,,20141200
2014-06-13 17:24:56,,20141200,124.2421875,20140900,,20141200
2014-06-13 18:51:14,,20141200,124.3046875,20140900,,20141200
2014-06-13 23:00:00,123.53125,20141200,124.296875,20140900,123.53125,20141200
2014-06-16 14:12:58,,20141200,124.3359375,20140900,,20141200
2014-06-16 16:10:20,,20141200,124.3515625,20140900,,20141200
2014-06-16 17:28:16,,20141200,124.2734375,20140900,,20141200
2014-06-16 18:31:44,,20141200,124.2109375,20140900,,20141200
2014-06-16 23:00:00,123.546875,20141200,124.3125,20140900,123.546875,20141200
2014-06-17 14:12:46,,20141200,124.0078125,20140900,,20141200
2014-06-17 15:28:04,,20141200,123.8671875,20140900,,20141200
2014-06-17 16:46:16,,20141200,123.9296875,20140900,,20141200
2014-06-17 17:53:06,,20141200,123.8828125,20140900,,20141200
2014-06-17 18:55:57,,20141200,123.8984375,20140900,,20141200
2014-06-17 23:00:00,,20141200,123.890625,20140900,,20141200
2014-06-18 14:15:06,,20141200,124.1015625,20140900,,20141200
2014-06-18 15:23:10,,20141200,124.1484375,20140900,,20141200
2014-06-18 17:01:33,,20141200,124.1015625,20140900,,20141200
2014-06-18 18:02:57,,20141200,124.1328125,20140900,,20141200
2014-06-18 23:00:00,122.65625,20141200,124.375,20140900,122.65625,20141200
2014-06-19 16:07:39,,20141200,124.5546875,20140900,,20141200
2014-06-19 17:09:19,,20141200,124.4765625,20140900,,20141200
2014-06-19 18:10:25,,20141200,124.3203125,20140900,,20141200
2014-06-19 23:00:00,123.8125,20141200,124.3125,20140900,123.8125,20141200
2014-06-20 14:09:33,,20141200,124.1171875,20140900,,20141200
2014-06-20 15:19:18,,20141200,124.1328125,20140900,,20141200
2014-06-20 16:32:23,,20141200,124.2109375,20140900,,20141200
2014-06-20 17:33:53,,20141200,124.3203125,20140900,,20141200
2014-06-20 23:00:00,,20141200,124.3125,20140900,,20141200
2014-06-23 14:27:04,,20141200,124.4765625,20140900,,20141200
2014-06-23 15:56:17,,20141200,124.4140625,20140900,,20141200
2014-06-23 17:11:53,,20141200,124.4140625,20140900,,20141200
2014-06-23 18:21:40,,20141200,124.3984375,20140900,,20141200
2014-06-23 23:00:00,123.5625,20141200,124.28125,20140900,123.5625,20141200
2014-06-24 14:33:42,,20141200,124.4921875,20140900,,20141200
2014-06-24 15:39:39,,20141200,124.3515625,20140900,,20141200
2014-06-24 16:54:30,,20141200,124.3828125,20140900,,20141200
2014-06-24 18:07:35,,20141200,124.5390625,20140900,,20141200
2014-06-24 23:00:00,123.546875,20141200,124.5625,20140900,123.546875,20141200
2014-06-25 23:00:00,124.171875,20141200,124.78125,20140900,124.171875,20141200
2014-06-26 15:51:19,,20141200,125.0859375,20140900,,20141200
2014-06-26 23:00:00,124.265625,20141200,125.03125,20140900,124.265625,20141200
2014-06-27 15:21:34,,20141200,125.2421875,20140900,,20141200
2014-06-27 23:00:00,124.46875,20141200,125.0625,20140900,124.46875,20141200
2014-06-30 15:55:03,,20141200,125.1171875,20140900,,20141200
2014-06-30 23:00:00,124.375,20141200,125.125,20140900,124.375,20141200
2014-07-01 15:49:18,,20141200,124.9453125,20140900,,20141200
2014-07-01 17:26:12,,20141200,124.9140625,20140900,,20141200
2014-07-01 18:48:41,,20141200,124.8671875,20140900,,20141200
2014-07-01 23:00:00,124.03125,20141200,124.84375,20140900,124.03125,20141200
2014-07-02 15:24:32,,20141200,124.5234375,20140900,,20141200
2014-07-02 17:05:13,,20141200,124.4765625,20140900,,20141200
2014-07-02 18:26:49,,20141200,124.3828125,20140900,,20141200
2014-07-02 23:00:00,123.578125,20141200,124.421875,20140900,123.578125,20141200
2014-07-03 23:00:00,123.3125,20141200,,20140900,123.3125,20141200
2014-07-04 16:44:06,,20141200,124.1953125,20140900,,20141200
2014-07-07 18:00:11,,20141200,124.3671875,20140900,,20141200
2014-07-07 23:00:00,123.546875,20141200,124.390625,20140900,123.546875,20141200
2014-07-08 15:02:49,,20141200,124.7578125,20140900,,20141200
2014-07-08 16:46:41,,20141200,124.7734375,20140900,,20141200
2014-07-08 18:27:32,,20141200,124.8046875,20140900,,20141200
2014-07-08 23:00:00,123.921875,20141200,124.734375,20140900,123.921875,20141200
2014-07-09 14:42:48,,20141200,124.6171875,20140900,,20141200
2014-07-09 16:38:37,,20141200,124.6171875,20140900,,20141200
2014-07-09 18:18:52,,20141200,124.5703125,20140900,,20141200
2014-07-09 23:00:00,124.0625,20141200,124.921875,20140900,124.0625,20141200
2014-07-10 14:51:11,,20141200,125.3984375,20140900,,20141200
2014-07-10 16:46:40,,20141200,125.2265625,20140900,,20141200
2014-07-10 18:15:48,,20141200,125.1171875,20140900,,20141200
2014-07-10 23:00:00,124.28125,20141200,125.09375,20140900,124.28125,20141200
2014-07-11 14:43:19,,20141200,125.2578125,20140900,,20141200
2014-07-11 16:38:59,,20141200,125.2890625,20140900,,20141200
2014-07-11 18:15:04,,20141200,125.2890625,20140900,,20141200
2014-07-11 23:00:00,124.453125,20141200,125.265625,20140900,124.453125,20141200
2014-07-14 14:23:21,,20141200,125.0859375,20140900,,20141200
2014-07-14 16:27:45,,20141200,125.0234375,20140900,,20141200
2014-07-14 18:09:13,,20141200,124.9921875,20140900,,20141200
2014-07-14 23:00:00,124.15625,20141200,125.015625,20140900,124.15625,20141200
2014-07-15 14:47:28,,20141200,124.9921875,20140900,,20141200
2014-07-15 16:42:21,,20141200,124.9296875,20140900,,20141200
2014-07-15 18:11:24,,20141200,125.0703125,20140900,,20141200
2014-07-15 23:00:00,124.046875,20141200,124.90625,20140900,124.046875,20141200
2014-07-16 14:07:13,,20141200,124.8046875,20140900,,20141200
2014-07-16 16:15:51,,20141200,124.8359375,20140900,,20141200
2014-07-16 17:55:55,,20141200,124.8984375,20140900,,20141200
2014-07-16 23:00:00,124.03125,20141200,124.921875,20140900,124.03125,20141200
2014-07-17 15:34:45,,20141200,125.1484375,20140900,,20141200
2014-07-17 17:16:45,,20141200,125.3046875,20140900,,20141200
2014-07-17 18:44:57,,20141200,125.3359375,20140900,,20141200
2014-07-17 23:00:00,124.6875,20141200,125.5,20140900,124.6875,20141200
2014-07-18 14:05:17,,20141200,125.4140625,20140900,,20141200
2014-07-18 16:30:22,,20141200,125.3046875,20140900,,20141200
2014-07-18 18:09:35,,20141200,125.2265625,20140900,,20141200
2014-07-18 23:00:00,124.40625,20141200,125.234375,20140900,124.40625,20141200
2014-07-21 14:34:18,,20141200,125.3359375,20140900,,20141200
2014-07-21 16:32:11,,20141200,125.4296875,20140900,,20141200
2014-07-21 18:14:25,,20141200,125.3203125,20140900,,20141200
2014-07-21 23:00:00,124.5,20141200,125.265625,20140900,124.5,20141200
2014-07-22 15:31:39,,20141200,125.1953125,20140900,,20141200
2014-07-22 17:15:00,,20141200,125.2578125,20140900,,20141200
2014-07-22 18:41:44,,20141200,125.3828125,20140900,,20141200
2014-07-22 23:00:00,124.609375,20141200,125.359375,20140900,124.609375,20141200
2014-07-23 15:28:24,,20141200,125.4921875,20140900,,20141200
2014-07-23 17:11:30,,20141200,125.4609375,20140900,,20141200
2014-07-23 18:38:13,,20141200,125.4921875,20140900,,20141200
2014-07-23 23:00:00,124.6875,20141200,125.390625,20140900,124.6875,20141200
2014-07-24 14:52:13,,20141200,124.9765625,20140900,,20141200
2014-07-24 16:52:11,,20141200,125.0703125,20140900,,20141200
2014-07-24 18:25:07,,20141200,124.9609375,20140900,,20141200
2014-07-24 23:00:00,124.28125,20141200,124.984375,20140900,124.28125,20141200
2014-07-25 14:19:55,,20141200,125.1953125,20140900,,20141200
2014-07-25 16:31:14,,20141200,125.2890625,20140900,,20141200
2014-07-25 18:12:00,,20141200,125.2578125,20140900,,20141200
2014-07-25 23:00:00,124.578125,20141200,125.328125,20140900,124.578125,20141200
2014-07-28 14:51:37,,20141200,125.2421875,20140900,,20141200
2014-07-28 16:46:58,,20141200,125.1640625,20140900,,20141200
2014-07-28 18:13:43,,20141200,125.1328125,20140900,,20141200
2014-07-28 23:00:00,124.3125,20141200,125.140625,20140900,124.3125,20141200
2014-07-29 14:13:06,,20141200,125.3671875,20140900,,20141200
2014-07-29 16:29:58,,20141200,125.2890625,20140900,,20141200
2014-07-29 18:10:19,,20141200,125.2734375,20140900,,20141200
2014-07-29 23:00:00,124.609375,20141200,125.359375,20140900,124.609375,20141200
2014-07-30 15:28:27,,20141200,124.8515625,20140900,,20141200
2014-07-30 17:11:01,,20141200,124.6640625,20140900,,20141200
2014-07-30 18:36:13,,20141200,124.6328125,20140900,,20141200
2014-07-30 23:00:00,123.8125,20141200,124.640625,20140900,123.8125,20141200
2014-07-31 23:00:00,123.765625,20141200,,20140900,123.765625,20141200
2014-08-01 23:00:00,124.453125,20141200,,20140900,124.453125,20141200
2014-08-04 23:00:00,124.59375,20141200,,20140900,124.59375,20141200
2014-08-05 23:00:00,124.609375,20141200,,20140900,124.609375,20141200
2014-08-06 16:06:24,,20141200,125.5234375,20140900,,20141200
2014-08-06 17:18:32,,20141200,125.6015625,20140900,,20141200
2014-08-06 18:21:31,,20141200,125.5546875,20140900,,20141200
2014-08-06 23:00:00,124.75,20141200,125.53125,20140900,124.75,20141200
2014-08-07 15:19:17,,20141200,125.6328125,20140900,,20141200
2014-08-07 17:14:26,,20141200,125.8046875,20140900,,20141200
2014-08-07 18:40:42,,20141200,125.7734375,20140900,,20141200
2014-08-07 23:00:00,125.1875,20141200,,20140900,125.1875,20141200
2014-08-08 14:59:49,,20141200,126.1953125,20140900,,20141200
2014-08-08 16:50:55,,20141200,126.2265625,20140900,,20141200
2014-08-08 18:18:27,,20141200,126.1796875,20140900,,20141200
2014-08-08 23:00:00,125.25,20141200,,20140900,125.25,20141200
2014-08-11 15:06:30,,20141200,125.8515625,20140900,,20141200
2014-08-11 16:51:32,,20141200,125.9140625,20140900,,20141200
2014-08-11 18:18:27,,20141200,125.9609375,20140900,,20141200
2014-08-11 23:00:00,125.1875,20141200,125.859375,20140900,125.1875,20141200
2014-08-12 15:21:56,,20141200,125.8203125,20140900,,20141200
2014-08-12 17:07:28,,20141200,125.8671875,20140900,,20141200
2014-08-12 18:36:55,,20141200,125.8359375,20140900,,20141200
2014-08-12 23:00:00,125.078125,20141200,125.8125,20140900,125.078125,20141200
2014-08-13 14:52:49,,20141200,126.0234375,20140900,,20141200
2014-08-13 16:49:17,,20141200,126.0390625,20140900,,20141200
2014-08-13 18:19:09,,20141200,126.1015625,20140900,,20141200
2014-08-13 23:00:00,125.4375,20141200,126.125,20140900,125.4375,20141200
2014-08-14 23:00:00,125.578125,20141200,126.265625,20140900,125.578125,20141200
2014-08-15 14:58:34,,20141200,126.3984375,20140900,,20141200
2014-08-15 17:01:59,,20141200,126.9765625,20140900,,20141200
2014-08-15 18:32:17,,20141200,126.7578125,20140900,,20141200
2014-08-15 23:00:00,125.953125,20141200,126.609375,20140900,125.953125,20141200
2014-08-18 14:44:24,,20141200,126.4296875,20140900,,20141200
2014-08-18 16:44:04,,20141200,126.3984375,20140900,,20141200
2014-08-18 18:18:06,,20141200,126.3359375,20140900,,20141200
2014-08-18 23:00:00,125.671875,20141200,126.359375,20140900,125.671875,20141200
2014-08-19 14:49:43,,20141200,126.4765625,20140900,,20141200
2014-08-19 16:47:46,,20141200,126.3046875,20140900,,20141200
2014-08-19 18:18:33,,20141200,126.2734375,20140900,,20141200
2014-08-19 23:00:00,125.578125,20141200,126.25,20140900,125.578125,20141200
2014-08-20 14:51:37,,20141200,126.1171875,20140900,,20141200
2014-08-20 16:54:49,,20141200,126.1484375,20140900,,20141200
2014-08-20 18:23:13,,20141200,126.1015625,20140900,,20141200
2014-08-20 23:00:00,125.234375,20141200,125.90625,20140900,125.234375,20141200
2014-08-21 14:02:17,,20141200,125.8671875,20140900,,20141200
2014-08-21 16:02:25,,20141200,125.9765625,20140900,,20141200
2014-08-21 18:00:54,,20141200,125.9453125,20140900,,20141200
2014-08-21 23:00:00,125.359375,20141200,126.0,20140900,125.359375,20141200
2014-08-22 15:02:56,,20141200,125.8671875,20140900,,20141200
2014-08-22 17:04:07,,20141200,125.8515625,20140900,,20141200
2014-08-22 18:33:33,,20141200,125.9609375,20140900,,20141200
2014-08-22 23:00:00,125.25,20141200,125.921875,20140900,125.25,20141200
2014-08-25 14:40:09,,20141200,125.9453125,20140900,,20141200
2014-08-25 16:05:59,,20141200,125.8515625,20140900,,20141200
2014-08-25 17:40:44,,20141200,125.8984375,20140900,,20141200
2014-08-25 23:00:00,125.34375,20141200,125.96875,20140900,125.34375,20141200
2014-08-26 23:00:00,125.40625,20141200,126.0,20140900,125.40625,20141200
2014-08-27 15:25:54,125.5703125,20141200,,20140900,125.5703125,20141200
2014-08-27 17:13:05,125.6640625,20141200,,20140900,125.6640625,20141200
2014-08-27 18:56:08,125.6171875,20141200,,20140900,125.6171875,20141200
2014-08-27 23:00:00,125.625,20141200,126.21875,20140900,125.625,20141200
2014-08-28 15:21:15,,20150300,125.8203125,20141200,,20150300
2014-08-28 17:14:24,,20150300,125.7890625,20141200,,20150300
2014-08-28 18:48:32,,20150300,125.7265625,20141200,,20150300
2014-08-28 23:00:00,,20150300,125.8125,20141200,,20150300
2014-08-29 15:13:10,,20150300,125.8203125,20141200,,20150300
2014-08-29 17:06:19,,20150300,125.8359375,20141200,,20150300
2014-08-29 23:00:00,,20150300,125.765625,20141200,,20150300
2014-09-02 14:20:32,,20150300,125.3671875,20141200,,20150300
2014-09-02 16:13:14,,20150300,125.3359375,20141200,,20150300
2014-09-02 17:36:13,,20150300,125.2890625,20141200,,20150300
2014-09-02 18:48:57,,20150300,125.3515625,20141200,,20150300
2014-09-02 23:00:00,,20150300,125.234375,20141200,,20150300
2014-09-03 15:06:23,,20150300,125.1015625,20141200,,20150300
2014-09-03 17:03:06,,20150300,125.1484375,20141200,,20150300
2014-09-03 23:00:00,124.3125,20150300,125.28125,20141200,124.3125,20150300
2014-09-04 15:40:04,,20150300,125.0390625,20141200,,20150300
2014-09-04 17:35:30,,20150300,124.9921875,20141200,,20150300
2014-09-04 23:00:00,,20150300,125.0,20141200,,20150300
2014-09-05 15:10:59,,20150300,125.2890625,20141200,,20150300
2014-09-05 17:11:08,,20150300,125.3203125,20141200,,20150300
2014-09-05 23:00:00,124.0,20150300,125.0625,20141200,124.0,20150300
2014-09-08 15:11:42,,20150300,125.3359375,20141200,,20150300
2014-09-08 17:11:25,,20150300,125.1015625,20141200,,20150300
2014-09-08 23:00:00,,20150300,124.9375,20141200,,20150300
2014-09-09 15:02:48,,20150300,124.7109375,20141200,,20150300
2014-09-09 17:02:01,,20150300,124.6796875,20141200,,20150300
2014-09-09 18:41:08,,20150300,124.6328125,20141200,,20150300
2014-09-09 23:00:00,,20150300,124.65625,20141200,,20150300
2014-09-10 15:06:35,,20150300,124.4609375,20141200,,20150300
2014-09-10 17:00:10,,20150300,124.5234375,20141200,,20150300
2014-09-10 18:38:47,,20150300,124.5546875,20141200,,20150300
2014-09-10 23:00:00,,20150300,124.484375,20141200,,20150300
2014-09-11 14:55:18,,20150300,124.5390625,20141200,,20150300
2014-09-11 16:26:53,,20150300,124.5703125,20141200,,20150300
2014-09-11 17:45:24,,20150300,124.5234375,20141200,,20150300
2014-09-11 23:00:00,,20150300,124.390625,20141200,,20150300
2014-09-12 14:36:23,,20150300,124.0546875,20141200,,20150300
2014-09-12 16:34:22,,20150300,124.1484375,20141200,,20150300
2014-09-12 18:26:59,,20150300,124.1328125,20141200,,20150300
2014-09-12 23:00:00,,20150300,123.96875,20141200,,20150300
2014-09-15 14:30:55,,20150300,124.1796875,20141200,,20150300
2014-09-15 16:03:17,,20150300,124.1484375,20141200,,20150300
2014-09-15 17:22:31,,20150300,124.1484375,20141200,,20150300
2014-09-15 23:00:00,,20150300,124.171875,20141200,,20150300
2014-09-16 15:32:34,,20150300,124.2109375,20141200,,20150300
2014-09-16 17:23:01,,20150300,124.3359375,20141200,,20150300
2014-09-16 23:00:00,,20150300,124.1875,20141200,,20150300
2014-09-17 14:59:35,,20150300,124.3046875,20141200,,20150300
2014-09-17 16:57:12,,20150300,124.3203125,20141200,,20150300
2014-09-17 18:36:31,,20150300,124.3984375,20141200,,20150300
2014-09-17 23:00:00,,20150300,123.953125,20141200,,20150300
2014-09-18 14:11:01,,20150300,123.7109375,20141200,,20150300
2014-09-18 16:33:16,,20150300,123.7109375,20141200,,20150300
2014-09-18 18:18:14,,20150300,123.7734375,20141200,,20150300
2014-09-18 23:00:00,122.765625,20150300,123.75,20141200,122.765625,20150300
2014-09-19 14:27:28,,20150300,123.9296875,20141200,,20150300
2014-09-19 16:21:26,,20150300,123.9140625,20141200,,20150300
2014-09-19 17:57:07,,20150300,123.9609375,20141200,,20150300
2014-09-19 23:00:00,122.78125,20150300,124.015625,20141200,122.78125,20150300
2014-09-22 15:04:48,,20150300,124.1484375,20141200,,20150300
2014-09-22 16:41:03,,20150300,124.3203125,20141200,,20150300
2014-09-22 18:13:10,,20150300,124.3515625,20141200,,20150300
2014-09-22 23:00:00,123.234375,20150300,124.3125,20141200,123.234375,20150300
2014-09-23 14:03:11,,20150300,124.3984375,20141200,,20150300
2014-09-23 16:17:25,,20150300,124.4140625,20141200,,20150300
2014-09-23 17:54:56,,20150300,124.3828125,20141200,,20150300
2014-09-23 23:00:00,123.5,20150300,124.53125,20141200,123.5,20150300
2014-09-24 14:14:12,,20150300,124.5078125,20141200,,20150300
2014-09-24 16:31:22,,20150300,124.4296875,20141200,,20150300
2014-09-24 18:10:53,,20150300,124.4140625,20141200,,20150300
2014-09-24 23:00:00,123.4375,20150300,124.28125,20141200,123.4375,20150300
2014-09-25 14:35:04,,20150300,124.5234375,20141200,,20150300
2014-09-25 16:41:42,,20150300,124.6640625,20141200,,20150300
2014-09-25 18:15:42,,20150300,124.6640625,20141200,,20150300
2014-09-25 23:00:00,123.59375,20150300,124.734375,20141200,123.59375,20150300
2014-09-26 14:10:16,,20150300,124.5078125,20141200,,20150300
2014-09-26 16:32:03,,20150300,124.5859375,20141200,,20150300
2014-09-26 18:10:41,,20150300,124.3984375,20141200,,20150300
2014-09-26 23:00:00,123.328125,20150300,124.453125,20141200,123.328125,20150300
2014-09-29 14:09:36,,20150300,124.8046875,20141200,,20150300
2014-09-29 16:30:59,,20150300,124.8046875,20141200,,20150300
2014-09-29 18:10:32,,20150300,124.8046875,20141200,,20150300
2014-09-29 23:00:00,123.71875,20150300,124.765625,20141200,123.71875,20150300
2014-09-30 15:10:16,,20150300,124.7890625,20141200,,20150300
2014-09-30 16:49:35,,20150300,124.8046875,20141200,,20150300
2014-09-30 18:11:34,,20150300,124.7890625,20141200,,20150300
2014-09-30 23:00:00,,20150300,124.703125,20141200,,20150300
2014-10-01 15:48:21,,20150300,125.3671875,20141200,,20150300
2014-10-01 17:29:52,,20150300,125.4609375,20141200,,20150300
2014-10-01 18:54:40,,20150300,125.4296875,20141200,,20150300
2014-10-01 23:00:00,124.5,20150300,125.484375,20141200,124.5,20150300
2014-10-02 15:37:20,,20150300,125.4296875,20141200,,20150300
2014-10-02 17:46:29,,20150300,125.5390625,20141200,,20150300
2014-10-02 23:00:00,124.375,20150300,125.328125,20141200,124.375,20150300
2014-10-03 14:21:38,,20150300,125.0234375,20141200,,20150300
2014-10-03 16:31:13,,20150300,125.0390625,20141200,,20150300
2014-10-03 18:06:47,,20150300,125.1015625,20141200,,20150300
2014-10-03 23:00:00,124.203125,20150300,125.15625,20141200,124.203125,20150300
2014-10-06 14:05:06,,20150300,125.2265625,20141200,,20150300
2014-10-06 16:25:25,,20150300,125.3359375,20141200,,20150300
2014-10-06 18:02:06,,20150300,125.5234375,20141200,,20150300
2014-10-06 23:00:00,124.484375,20150300,125.40625,20141200,124.484375,20150300
2014-10-07 14:13:57,,20150300,125.6328125,20141200,,20150300
2014-10-07 16:46:11,,20150300,125.8515625,20141200,,20150300
2014-10-07 18:15:37,,20150300,125.9296875,20141200,,20150300
2014-10-07 23:00:00,125.140625,20150300,126.0,20141200,125.140625,20150300
2014-10-08 14:33:26,,20150300,126.1328125,20141200,,20150300
2014-10-08 16:45:55,,20150300,126.0859375,20141200,,20150300
2014-10-08 18:16:27,,20150300,125.8828125,20141200,,20150300
2014-10-08 23:00:00,125.40625,20150300,126.359375,20141200,125.40625,20150300
2014-10-09 14:34:09,,20150300,126.4765625,20141200,,20150300
2014-10-09 16:47:12,,20150300,126.4609375,20141200,,20150300
2014-10-09 18:14:10,,20150300,126.6171875,20141200,,20150300
2014-10-09 23:00:00,125.65625,20150300,126.40625,20141200,125.65625,20150300
2014-10-10 14:33:30,,20150300,126.5859375,20141200,,20150300
2014-10-10 16:46:13,,20150300,126.5859375,20141200,,20150300
2014-10-10 18:13:26,,20150300,126.5078125,20141200,,20150300
2014-10-10 23:00:00,125.71875,20150300,126.625,20141200,125.71875,20150300
2014-10-13 14:01:04,,20150300,126.9453125,20141200,,20150300
2014-10-13 15:04:56,,20150300,127.0234375,20141200,,20150300
2014-10-13 16:13:59,,20150300,127.2734375,20141200,,20150300
2014-10-13 17:14:38,,20150300,127.2265625,20141200,,20150300
2014-10-13 18:15:17,,20150300,127.1796875,20141200,,20150300
2014-10-13 23:00:00,126.375,20150300,127.15625,20141200,126.375,20150300
2014-10-14 14:30:25,,20150300,127.3984375,20141200,,20150300
2014-10-14 16:43:54,,20150300,127.3203125,20141200,,20150300
2014-10-14 18:13:37,,20150300,127.2890625,20141200,,20150300
2014-10-14 23:00:00,126.734375,20150300,127.484375,20141200,126.734375,20150300
2014-10-15 14:14:57,,20150300,128.8984375,20141200,,20150300
2014-10-15 16:36:21,,20150300,128.8671875,20141200,,20150300
2014-10-15 18:16:09,,20150300,129.3828125,20141200,,20150300
2014-10-15 23:00:00,127.421875,20150300,128.15625,20141200,127.421875,20150300
2014-10-16 14:35:22,,20150300,128.7578125,20141200,,20150300
2014-10-16 23:00:00,127.265625,20150300,127.984375,20141200,127.265625,20150300
2014-10-17 14:31:46,,20150300,127.6953125,20141200,,20150300
2014-10-17 16:45:07,,20150300,127.5234375,20141200,,20150300
2014-10-17 18:13:50,,20150300,127.8046875,20141200,,20150300
2014-10-17 23:00:00,126.9375,20150300,127.640625,20141200,126.9375,20150300
2014-10-20 14:47:32,,20150300,127.8515625,20141200,,20150300
2014-10-20 16:33:17,,20150300,127.7421875,20141200,,20150300
2014-10-20 18:12:43,,20150300,127.7890625,20141200,,20150300
2014-10-20 23:00:00,127.109375,20150300,127.8125,20141200,127.109375,20150300
2014-10-21 14:16:11,,20150300,127.5234375,20141200,,20150300
2014-10-21 16:31:19,,20150300,127.5859375,20141200,,20150300
2014-10-21 18:11:01,,20150300,127.7109375,20141200,,20150300
2014-10-21 23:00:00,126.96875,20150300,127.546875,20141200,126.96875,20150300
2014-10-22 16:04:47,,20150300,127.3984375,20141200,,20150300
2014-10-22 17:47:31,,20150300,127.3828125,20141200,,20150300
2014-10-22 23:00:00,126.734375,20150300,127.390625,20141200,126.734375,20150300
2014-10-23 14:33:35,,20150300,127.1015625,20141200,,20150300
2014-10-23 16:46:45,,20150300,126.9765625,20141200,,20150300
2014-10-23 18:13:43,,20150300,126.8203125,20141200,,20150300
2014-10-23 23:00:00,126.1875,20150300,126.9375,20141200,126.1875,20150300
2014-10-24 16:04:44,,20150300,127.1640625,20141200,,20150300
2014-10-24 17:47:04,,20150300,127.0703125,20141200,,20150300
2014-10-24 23:00:00,126.359375,20150300,127.046875,20141200,126.359375,20150300
2014-10-27 14:42:53,,20150300,127.1953125,20141200,,20150300
2014-10-27 16:32:12,,20150300,127.2109375,20141200,,20150300
2014-10-27 18:13:11,,20150300,127.1328125,20141200,,20150300
2014-10-27 23:00:00,126.421875,20150300,127.125,20141200,126.421875,20150300
2014-10-28 14:06:48,,20150300,126.8984375,20141200,,20150300
2014-10-28 16:29:30,,20150300,126.9609375,20141200,,20150300
2014-10-28 18:09:50,,20150300,126.9609375,20141200,,20150300
2014-10-28 23:00:00,126.296875,20150300,126.859375,20141200,126.296875,20150300
2014-10-29 14:11:59,,20150300,126.7734375,20141200,,20150300
2014-10-29 18:55:29,,20150300,126.4140625,20141200,,20150300
2014-10-29 23:00:00,125.71875,20150300,126.46875,20141200,125.71875,20150300
2014-10-30 15:23:12,,20150300,126.6640625,20141200,,20150300
2014-10-30 17:08:57,,20150300,126.6171875,20141200,,20150300
2014-10-30 18:28:42,,20150300,126.5703125,20141200,,20150300
2014-10-30 23:00:00,125.875,20150300,126.59375,20141200,125.875,20150300
2014-10-31 14:14:41,,20150300,126.4296875,20141200,,20150300
2014-10-31 16:33:25,,20150300,126.3203125,20141200,,20150300
2014-10-31 18:15:15,,20150300,126.4296875,20141200,,20150300
2014-10-31 23:00:00,125.671875,20150300,126.375,20141200,125.671875,20150300
2014-11-03 16:31:56,,20150300,126.0078125,20141200,,20150300
2014-11-03 18:24:34,,20150300,126.1171875,20141200,,20150300
2014-11-03 23:00:00,125.53125,20150300,126.265625,20141200,125.53125,20150300
2014-11-04 14:56:42,,20150300,126.2734375,20141200,,20150300
2014-11-04 16:41:29,,20150300,126.4765625,20141200,,20150300
2014-11-04 18:17:45,,20150300,126.4453125,20141200,,20150300
2014-11-04 23:00:00,125.609375,20150300,126.359375,20141200,125.609375,20150300
2014-11-05 14:53:48,,20150300,126.1640625,20141200,,20150300
2014-11-05 16:39:33,,20150300,126.2265625,20141200,,20150300
2014-11-05 18:15:09,,20150300,126.2109375,20141200,,20150300
2014-11-05 23:00:00,125.59375,20150300,126.3125,20141200,125.59375,20150300
2014-11-06 15:03:22,,20150300,126.3046875,20141200,,20150300
2014-11-06 16:47:53,,20150300,126.1171875,20141200,,20150300
2014-11-06 18:15:35,,20150300,126.0390625,20141200,,20150300
2014-11-06 23:00:00,125.296875,20150300,126.0,20141200,125.296875,20150300
2014-11-07 15:06:31,,20150300,126.4296875,20141200,,20150300
2014-11-07 16:50:03,,20150300,126.6640625,20141200,,20150300
2014-11-07 18:14:18,,20150300,126.5703125,20141200,,20150300
2014-11-07 23:00:00,125.953125,20150300,126.6875,20141200,125.953125,20150300
2014-11-10 15:33:57,,20150300,126.5546875,20141200,,20150300
2014-11-10 17:18:54,,20150300,126.4296875,20141200,,20150300
2014-11-10 23:00:00,125.53125,20150300,126.28125,20141200,125.53125,20150300
2014-11-11 14:31:33,,20150300,126.2421875,20141200,,20150300
2014-11-11 16:32:07,,20150300,126.1328125,20141200,,20150300
2014-11-11 18:13:21,,20150300,126.1328125,20141200,,20150300
2014-11-11 23:00:00,125.4375,20150300,126.21875,20141200,125.4375,20150300
2014-11-12 14:42:57,,20150300,126.5390625,20141200,,20150300
2014-11-12 16:31:19,,20150300,126.4453125,20141200,,20150300
2014-11-12 18:13:39,,20150300,126.3515625,20141200,,20150300
2014-11-12 23:00:00,125.578125,20150300,126.28125,20141200,125.578125,20150300
2014-11-13 14:05:02,,20150300,126.4453125,20141200,,20150300
2014-11-13 16:28:47,,20150300,126.4609375,20141200,,20150300
2014-11-13 18:08:28,,20150300,126.3203125,20141200,,20150300
2014-11-13 23:00:00,125.78125,20150300,126.484375,20141200,125.78125,20150300
2014-11-14 15:15:30,,20150300,126.3984375,20141200,,20150300
2014-11-14 17:00:35,,20150300,126.5390625,20141200,,20150300
2014-11-14 18:27:17,,20150300,126.6171875,20141200,,20150300
2014-11-14 23:00:00,125.96875,20150300,126.640625,20141200,125.96875,20150300
2014-11-17 14:40:32,,20150300,126.6328125,20141200,,20150300
2014-11-17 16:32:55,,20150300,126.5234375,20141200,,20150300
2014-11-17 18:13:59,,20150300,126.5078125,20141200,,20150300
2014-11-17 23:00:00,125.796875,20150300,126.484375,20141200,125.796875,20150300
2014-11-18 15:10:28,,20150300,126.6171875,20141200,,20150300
2014-11-18 16:56:29,,20150300,126.6015625,20141200,,20150300
2014-11-18 18:23:08,,20150300,126.6015625,20141200,,20150300
2014-11-18 23:00:00,125.90625,20150300,126.609375,20141200,125.90625,20150300
2014-11-19 14:44:17,,20150300,126.3515625,20141200,,20150300
2014-11-19 16:34:03,,20150300,126.3515625,20141200,,20150300
2014-11-19 18:15:55,,20150300,126.3984375,20141200,,20150300
2014-11-19 23:00:00,125.625,20150300,126.34375,20141200,125.625,20150300
2014-11-20 14:12:15,,20150300,126.6640625,20141200,,20150300
2014-11-20 16:31:35,,20150300,126.4453125,20141200,,20150300
2014-11-20 18:11:24,,20150300,126.5234375,20141200,,20150300
2014-11-20 23:00:00,125.828125,20150300,126.53125,20141200,125.828125,20150300
2014-11-21 14:56:30,,20150300,126.6171875,20141200,,20150300
2014-11-21 16:39:24,,20150300,126.6640625,20141200,,20150300
2014-11-21 18:18:27,,20150300,126.6328125,20141200,,20150300
2014-11-21 23:00:00,125.984375,20150300,126.671875,20141200,125.984375,20150300
2014-11-24 14:40:04,,20150300,126.5390625,20141200,,20150300
2014-11-24 16:31:13,,20150300,126.6640625,20141200,,20150300
2014-11-24 18:12:18,,20150300,126.7578125,20141200,,20150300
2014-11-24 23:00:00,126.140625,20150300,126.828125,20141200,126.140625,20150300
2014-11-25 14:44:14,,20150300,126.8671875,20141200,,20150300
2014-11-25 16:32:44,,20150300,126.8515625,20141200,,20150300
2014-11-25 18:15:04,,20150300,126.9765625,20141200,,20150300
2014-11-25 23:00:00,126.453125,20150300,127.09375,20141200,126.453125,20150300
2014-11-26 15:41:22,,20150300,127.3203125,20141200,,20150300
2014-11-26 17:23:51,,20150300,127.2890625,20141200,,20150300
2014-11-26 23:00:00,126.671875,20150300,127.296875,20141200,126.671875,20150300
2014-11-28 23:00:00,,20150600,127.15625,20150300,,20150600
2014-12-01 14:56:45,,20150600,127.4453125,20150300,,20150600
2014-12-01 17:23:22,,20150600,127.1171875,20150300,,20150600
2014-12-01 23:00:00,,20150600,126.890625,20150300,,20150600
2014-12-02 15:19:08,,20150600,126.4453125,20150300,,20150600
2014-12-02 17:04:59,,20150600,126.5234375,20150300,,20150600
2014-12-02 18:32:36,,20150600,126.4296875,20150300,,20150600
2014-12-02 23:00:00,,20150600,126.390625,20150300,,20150600
2014-12-03 14:47:02,,20150600,126.2109375,20150300,,20150600
2014-12-03 16:31:40,,20150600,126.2578125,20150300,,20150600
2014-12-03 18:09:39,,20150600,126.2265625,20150300,,20150600
2014-12-03 23:00:00,,20150600,126.28125,20150300,,20150600
2014-12-04 14:05:32,,20150600,126.4140625,20150300,,20150600
2014-12-04 16:31:28,,20150600,126.4296875,20150300,,20150600
2014-12-04 18:10:38,,20150600,126.3828125,20150300,,20150600
2014-12-04 23:00:00,,20150600,126.578125,20150300,,20150600
2014-12-05 15:15:27,,20150600,126.0390625,20150300,,20150600
2014-12-05 16:58:20,,20150600,125.8515625,20150300,,20150600
2014-12-05 18:24:21,,20150600,125.8828125,20150300,,20150600
2014-12-05 23:00:00,,20150600,125.890625,20150300,,20150600
2014-12-08 14:59:45,,20150600,125.8984375,20150300,,20150600
2014-12-08 16:44:56,,20150600,125.9921875,20150300,,20150600
2014-12-08 18:15:43,,20150600,126.0546875,20150300,,20150600
2014-12-08 23:00:00,,20150600,126.21875,20150300,,20150600
2014-12-09 15:48:53,,20150600,126.8046875,20150300,,20150600
2014-12-09 17:36:02,,20150600,126.6328125,20150300,,20150600
2014-12-09 23:00:00,,20150600,126.625,20150300,,20150600
2014-12-10 15:09:56,,20150600,126.7578125,20150300,,20150600
2014-12-10 16:56:58,,20150600,126.7734375,20150300,,20150600
2014-12-10 18:25:06,,20150600,126.8203125,20150300,,20150600
2014-12-10 23:00:00,,20150600,127.0625,20150300,,20150600
2014-12-11 15:06:11,,20150600,126.9296875,20150300,,20150600
2014-12-11 16:51:55,,20150600,126.7734375,20150300,,20150600
2014-12-11 18:17:41,,20150600,126.7578125,20150300,,20150600
2014-12-11 23:00:00,,20150600,126.78125,20150300,,20150600
2014-12-12 14:38:11,,20150600,127.3515625,20150300,,20150600
2014-12-12 16:20:20,,20150600,127.6015625,20150300,,20150600
2014-12-12 17:43:08,,20150600,127.6328125,20150300,,20150600
2014-12-12 23:00:00,,20150600,127.625,20150300,,20150600
2014-12-15 18:33:11,,20150600,127.4296875,20150300,,20150600
2014-12-15 23:00:00,,20150600,127.265625,20150300,,20150600
2014-12-16 14:10:25,,20150600,127.7734375,20150300,,20150600
2014-12-16 16:27:57,,20150600,127.4296875,20150300,,20150600
2014-12-16 17:31:21,,20150600,127.6484375,20150300,,20150600
2014-12-16 18:34:45,,20150600,127.6953125,20150300,,20150600
2014-12-16 23:00:00,,20150600,127.71875,20150300,,20150600
2014-12-17 14:10:28,,20150600,127.6015625,20150300,,20150600
2014-12-17 15:22:55,,20150600,127.5234375,20150300,,20150600
2014-12-17 16:31:15,,20150600,127.3984375,20150300,,20150600
2014-12-17 17:37:22,,20150600,127.3515625,20150300,,20150600
2014-12-17 18:38:33,,20150600,127.3359375,20150300,,20150600
2014-12-17 23:00:00,,20150600,127.03125,20150300,,20150600
2014-12-18 14:35:23,,20150600,126.4921875,20150300,,20150600
2014-12-18 15:58:15,,20150600,126.3359375,20150300,,20150600
2014-12-18 17:06:22,,20150600,126.4453125,20150300,,20150600
2014-12-18 18:08:58,,20150600,126.5078125,20150300,,20150600
2014-12-18 23:00:00,,20150600,126.4375,20150300,,20150600
2014-12-19 14:19:48,,20150600,126.5859375,20150300,,20150600
2014-12-19 15:39:18,,20150600,126.6015625,20150300,,20150600
2014-12-19 16:43:26,,20150600,126.6953125,20150300,,20150600
2014-12-19 17:45:06,,20150600,126.6328125,20150300,,20150600
2014-12-19 18:46:32,,20150600,126.5390625,20150300,,20150600
2014-12-19 23:00:00,,20150600,126.6875,20150300,,20150600
2014-12-22 15:05:21,,20150600,126.6953125,20150300,,20150600
2014-12-22 16:31:19,,20150600,126.5546875,20150300,,20150600
2014-12-22 17:46:31,,20150600,126.6328125,20150300,,20150600
2014-12-22 23:00:00,,20150600,126.6875,20150300,,20150600
2014-12-23 14:13:40,,20150600,126.4296875,20150300,,20150600
2014-12-23 15:41:52,,20150600,126.4140625,20150300,,20150600
2014-12-23 16:57:09,,20150600,126.3515625,20150300,,20150600
2014-12-23 18:00:02,,20150600,126.3203125,20150300,,20150600
2014-12-23 23:00:00,,20150600,125.96875,20150300,,20150600
2014-12-24 15:02:48,,20150600,125.7734375,20150300,,20150600
2014-12-24 16:18:41,,20150600,125.6640625,20150300,,20150600
2014-12-24 17:27:32,,20150600,125.8984375,20150300,,20150600
2014-12-24 23:00:00,,20150600,125.984375,20150300,,20150600
2014-12-26 23:00:00,,20150600,126.015625,20150300,,20150600
2014-12-29 15:17:02,,20150600,126.3359375,20150300,,20150600
2014-12-29 16:37:13,,20150600,126.4140625,20150300,,20150600
2014-12-29 17:53:59,,20150600,126.2890625,20150300,,20150600
2014-12-29 23:00:00,,20150600,126.359375,20150300,,20150600
2014-12-30 14:28:42,,20150600,126.6796875,20150300,,20150600
2014-12-30 16:02:11,,20150600,126.6640625,20150300,,20150600
2014-12-30 17:17:52,,20150600,126.6953125,20150300,,20150600
2014-12-30 18:36:31,,20150600,126.5859375,20150300,,20150600
2014-12-30 23:00:00,125.859375,20150600,126.5625,20150300,125.859375,20150600
2014-12-31 14:12:14,,20150600,126.7109375,20150300,,20150600
2014-12-31 15:20:17,,20150600,126.7421875,20150300,,20150600
2014-12-31 16:36:39,,20150600,126.7421875,20150300,,20150600
2014-12-31 17:46:05,,20150600,126.7265625,20150300,,20150600
2014-12-31 23:00:00,125.90625,20150600,126.6875,20150300,125.90625,20150600
2015-01-02 14:16:47,,20150600,126.7265625,20150300,,20150600
2015-01-02 15:45:17,,20150600,127.2734375,20150300,,20150600
2015-01-02 17:00:16,,20150600,127.2421875,20150300,,20150600
2015-01-02 18:04:06,,20150600,127.1015625,20150300,,20150600
2015-01-02 23:00:00,126.359375,20150600,127.171875,20150300,126.359375,20150600
2015-01-05 14:08:21,,20150600,127.3828125,20150300,,20150600
2015-01-05 15:38:35,,20150600,127.6640625,20150300,,20150600
2015-01-05 16:54:43,,20150600,127.7109375,20150300,,20150600
2015-01-05 17:58:52,,20150600,127.7421875,20150300,,20150600
2015-01-05 23:00:00,127.125,20150600,127.8125,20150300,127.125,20150600
2015-01-06 15:04:33,,20150600,128.3203125,20150300,,20150600
2015-01-06 16:31:51,,20150600,128.5703125,20150300,,20150600
2015-01-06 17:46:59,,20150600,128.6796875,20150300,,20150600
2015-01-06 23:00:00,127.75,20150600,128.328125,20150300,127.75,20150600
2015-01-07 15:40:00,,20150600,128.2421875,20150300,,20150600
2015-01-07 16:58:37,,20150600,128.2734375,20150300,,20150600
2015-01-07 18:03:10,,20150600,128.3671875,20150300,,20150600
2015-01-07 23:00:00,127.703125,20150600,128.453125,20150300,127.703125,20150600
2015-01-08 15:09:02,,20150600,128.1484375,20150300,,20150600
2015-01-08 16:33:26,,20150600,128.0703125,20150300,,20150600
2015-01-08 17:50:20,,20150600,128.0859375,20150300,,20150600
2015-01-08 23:00:00,127.390625,20150600,128.109375,20150300,127.390625,20150600
2015-01-09 14:22:54,,20150600,128.2734375,20150300,,20150600
2015-01-09 15:57:07,,20150600,128.6015625,20150300,,20150600
2015-01-09 17:11:31,,20150600,128.6953125,20150300,,20150600
2015-01-09 18:13:12,,20150600,128.6953125,20150300,,20150600
2015-01-09 23:00:00,127.859375,20150600,128.5625,20150300,127.859375,20150600
2015-01-12 14:15:48,,20150600,128.8359375,20150300,,20150600
2015-01-12 15:46:27,,20150600,128.8828125,20150300,,20150600
2015-01-12 17:03:46,,20150600,128.8984375,20150300,,20150600
2015-01-12 18:08:21,,20150600,128.9765625,20150300,,20150600
2015-01-12 23:00:00,128.375,20150600,129.09375,20150300,128.375,20150600
2015-01-13 14:24:03,,20150600,128.8984375,20150300,,20150600
2015-01-13 15:53:33,,20150600,128.9765625,20150300,,20150600
2015-01-13 17:08:22,,20150600,129.0546875,20150300,,20150600
2015-01-13 18:10:58,,20150600,129.0703125,20150300,,20150600
2015-01-13 23:00:00,128.625,20150600,129.25,20150300,128.625,20150600
2015-01-14 15:14:51,,20150600,129.8515625,20150300,,20150600
2015-01-14 16:35:21,,20150600,129.9609375,20150300,,20150600
2015-01-14 17:52:32,,20150600,129.9765625,20150300,,20150600
2015-01-14 23:00:00,129.03125,20150600,129.671875,20150300,129.03125,20150600
2015-01-15 14:50:02,,20150600,129.8828125,20150300,,20150600
2015-01-15 16:23:08,,20150600,129.9921875,20150300,,20150600
2015-01-15 17:39:24,,20150600,130.3984375,20150300,,20150600
2015-01-15 23:00:00,129.859375,20150600,130.46875,20150300,129.859375,20150600
2015-01-16 15:22:06,,20150600,130.2109375,20150300,,20150600
2015-01-16 16:40:49,,20150600,130.1015625,20150300,,20150600
2015-01-16 17:55:11,,20150600,129.8046875,20150300,,20150600
2015-01-16 23:00:00,129.34375,20150600,129.859375,20150300,129.34375,20150600
2015-01-19 14:23:25,,20150600,129.9921875,20150300,,20150600
2015-01-19 15:57:45,,20150600,129.9921875,20150300,,20150600
2015-01-19 17:14:53,,20150600,130.0234375,20150300,,20150600
2015-01-19 18:34:03,,20150600,130.03125,20150300,,20150600
2015-01-20 14:20:40,,20150600,130.0390625,20150300,,20150600
2015-01-20 15:55:14,,20150600,130.2734375,20150300,,20150600
2015-01-20 17:13:20,,20150600,130.1328125,20150300,,20150600
2015-01-20 18:18:05,,20150600,130.0859375,20150300,,20150600
2015-01-20 23:00:00,129.28125,20150600,129.796875,20150300,129.28125,20150600
2015-01-21 14:45:27,,20150600,129.8984375,20150300,,20150600
2015-01-21 16:19:08,,20150600,129.8203125,20150300,,20150600
2015-01-21 17:37:08,,20150600,129.4921875,20150300,,20150600
2015-01-21 23:00:00,128.90625,20150600,129.375,20150300,128.90625,20150600
2015-01-22 14:50:58,,20150600,129.4140625,20150300,,20150600
2015-01-22 16:22:22,,20150600,129.3671875,20150300,,20150600
2015-01-22 17:37:45,,20150600,129.2734375,20150300,,20150600
2015-01-22 19:00:51,,20150600,129.0703125,20150300,,20150600
2015-01-22 23:00:00,128.5,20150600,129.171875,20150300,128.5,20150600
2015-01-23 23:00:00,129.109375,20150600,129.75,20150300,129.109375,20150600
2015-01-26 15:14:48,,20150600,129.5546875,20150300,,20150600
2015-01-26 16:36:58,,20150600,129.5390625,20150300,,20150600
2015-01-26 17:54:20,,20150600,129.6171875,20150300,,20150600
2015-01-26 23:00:00,128.96875,20150600,129.546875,20150300,128.96875,20150600
2015-01-27 14:20:35,,20150600,130.1328125,20150300,,20150600
2015-01-27 15:54:42,,20150600,130.1015625,20150300,,20150600
2015-01-27 17:11:05,,20150600,129.9453125,20150300,,20150600
2015-01-27 18:16:12,,20150600,129.8203125,20150300,,20150600
2015-01-27 23:00:00,129.0625,20150600,129.6875,20150300,129.0625,20150600
2015-01-28 14:42:18,,20150600,129.8046875,20150300,,20150600
2015-01-28 16:15:27,,20150600,129.8984375,20150300,,20150600
2015-01-28 17:32:42,,20150600,129.8359375,20150300,,20150600
2015-01-28 18:56:06,,20150600,130.0078125,20150300,,20150600
2015-01-28 23:00:00,129.984375,20150600,130.515625,20150300,129.984375,20150600
2015-01-29 15:20:18,,20150600,130.1796875,20150300,,20150600
2015-01-29 16:41:12,,20150600,130.1796875,20150300,,20150600
2015-01-29 17:55:57,,20150600,130.1015625,20150300,,20150600
2015-01-29 23:00:00,129.546875,20150600,130.109375,20150300,129.546875,20150600
2015-01-30 15:16:15,,20150600,130.8203125,20150300,,20150600
2015-01-30 16:37:51,,20150600,130.9296875,20150300,,20150600
2015-01-30 17:55:36,,20150600,130.9296875,20150300,,20150600
2015-01-30 23:00:00,130.390625,20150600,130.921875,20150300,130.390625,20150600
2015-02-02 14:23:28,,20150600,130.6484375,20150300,,20150600
2015-02-02 16:00:21,,20150600,130.7890625,20150300,,20150600
2015-02-02 17:19:19,,20150600,130.8203125,20150300,,20150600
2015-02-02 18:42:04,,20150600,130.9765625,20150300,,20150600
2015-02-02 23:00:00,130.421875,20150600,130.90625,20150300,130.421875,20150600
2015-02-03 14:23:21,,20150600,130.4140625,20150300,,20150600
2015-02-03 15:59:17,,20150600,130.3828125,20150300,,20150600
2015-02-03 17:16:40,,20150600,130.3046875,20150300,,20150600
2015-02-03 18:22:08,,20150600,130.1953125,20150300,,20150600
2015-02-03 23:00:00,129.484375,20150600,130.078125,20150300,129.484375,20150600
2015-02-04 15:20:24,,20150600,129.6953125,20150300,,20150600
2015-02-04 16:42:50,,20150600,129.7109375,20150300,,20150600
2015-02-04 17:58:47,,20150600,129.8203125,20150300,,20150600
2015-02-04 23:00:00,129.484375,20150600,130.03125,20150300,129.484375,20150600
2015-02-05 14:06:58,,20150600,129.9140625,20150300,,20150600
2015-02-05 16:04:45,,20150600,129.8359375,20150300,,20150600
2015-02-05 17:23:42,,20150600,129.9296875,20150300,,20150600
2015-02-05 18:29:36,,20150600,129.8359375,20150300,,20150600
2015-02-05 23:00:00,129.28125,20150600,129.875,20150300,129.28125,20150600
2015-02-06 15:24:15,,20150600,128.8515625,20150300,,20150600
2015-02-06 16:47:43,,20150600,128.7578125,20150300,,20150600
2015-02-06 17:58:32,,20150600,128.6796875,20150300,,20150600
2015-02-06 23:00:00,127.96875,20150600,128.59375,20150300,127.96875,20150600
2015-02-09 14:22:11,,20150600,128.8203125,20150300,,20150600
2015-02-09 15:59:31,,20150600,128.7890625,20150300,,20150600
2015-02-09 17:18:28,,20150600,128.6484375,20150300,,20150600
2015-02-09 18:42:36,,20150600,128.6328125,20150300,,20150600
2015-02-09 23:00:00,128.0,20150600,128.578125,20150300,128.0,20150600
2015-02-10 15:09:11,,20150600,128.3671875,20150300,,20150600
2015-02-10 16:31:22,,20150600,128.3671875,20150300,,20150600
2015-02-10 17:48:48,,20150600,128.2890625,20150300,,20150600
2015-02-10 23:00:00,127.671875,20150600,128.296875,20150300,127.671875,20150600
2015-02-11 15:18:30,,20150600,128.3671875,20150300,,20150600
2015-02-11 16:40:07,,20150600,128.1953125,20150300,,20150600
2015-02-11 17:58:46,,20150600,128.2265625,20150300,,20150600
2015-02-11 23:00:00,127.6875,20150600,128.25,20150300,127.6875,20150600
2015-02-12 14:59:33,,20150600,128.4765625,20150300,,20150600
2015-02-12 16:31:15,,20150600,128.4765625,20150300,,20150600
2015-02-12 17:49:13,,20150600,128.5546875,20150300,,20150600
2015-02-12 23:00:00,127.796875,20150600,128.40625,20150300,127.796875,20150600
2015-02-13 15:23:16,,20150600,128.2578125,20150300,,20150600
2015-02-13 16:46:06,,20150600,128.2734375,20150300,,20150600
2015-02-13 17:57:35,,20150600,128.2578125,20150300,,20150600
2015-02-13 23:00:00,127.5625,20150600,128.21875,20150300,127.5625,20150600
2015-02-16 14:35:35,,20150600,128.0390625,20150300,,20150600
2015-02-16 17:01:51,,20150600,128.1953125,20150300,,20150600
2015-02-16 18:33:44,,20150600,128.265625,20150300,,20150600
2015-02-17 14:06:50,,20150600,128.0859375,20150300,,20150600
2015-02-17 15:49:40,,20150600,127.6640625,20150300,,20150600
2015-02-17 16:58:16,,20150600,127.6328125,20150300,,20150600
2015-02-17 18:28:44,,20150600,127.2109375,20150300,,20150600
2015-02-17 23:00:00,126.609375,20150600,127.328125,20150300,126.609375,20150600
2015-02-18 14:41:34,,20150600,127.3828125,20150300,,20150600
2015-02-18 16:30:27,,20150600,127.4765625,20150300,,20150600
2015-02-18 17:34:04,,20150600,127.3984375,20150300,,20150600
2015-02-18 18:34:58,,20150600,127.4453125,20150300,,20150600
2015-02-18 23:00:00,127.40625,20150600,128.09375,20150300,127.40625,20150600
2015-02-19 14:01:09,,20150600,127.8046875,20150300,,20150600
2015-02-19 16:22:44,,20150600,127.9296875,20150300,,20150600
2015-02-19 17:27:15,,20150600,127.8359375,20150300,,20150600
2015-02-19 18:28:39,,20150600,127.5859375,20150300,,20150600
2015-02-19 23:00:00,126.90625,20150600,127.609375,20150300,126.90625,20150600
2015-02-20 14:01:42,,20150600,127.9140625,20150300,,20150600
2015-02-20 16:22:49,,20150600,127.9765625,20150300,,20150600
2015-02-20 17:25:40,,20150600,128.1171875,20150300,,20150600
2015-02-20 18:28:28,,20150600,127.9140625,20150300,,20150600
2015-02-20 23:00:00,126.78125,20150600,127.484375,20150300,126.78125,20150600
2015-02-23 14:01:55,,20150600,127.7890625,20150300,,20150600
2015-02-23 15:23:06,,20150600,127.9296875,20150300,,20150600
2015-02-23 16:31:11,,20150600,127.8359375,20150300,,20150600
2015-02-23 17:36:52,,20150600,127.9453125,20150300,,20150600
2015-02-23 18:38:53,,20150600,127.9140625,20150300,,20150600
2015-02-23 23:00:00,127.265625,20150600,127.953125,20150300,127.265625,20150600
2015-02-24 15:27:31,,20150600,127.9296875,20150300,,20150600
2015-02-24 16:28:20,,20150600,128.2578125,20150300,,20150600
2015-02-24 17:28:36,,20150600,128.4609375,20150300,,20150600
2015-02-24 18:28:52,,20150600,128.5859375,20150300,,20150600
2015-02-24 23:00:00,128.046875,20150600,128.6875,20150300,128.046875,20150600
2015-02-25 14:27:32,,20150900,128.0078125,20150600,,20150900
2015-02-25 15:27:54,,20150900,128.1171875,20150600,,20150900
2015-02-25 16:28:10,,20150900,127.9609375,20150600,,20150900
2015-02-25 17:28:28,,20150900,127.9453125,20150600,,20150900
2015-02-25 18:49:50,,20150900,128.1328125,20150600,,20150900
2015-02-25 23:00:00,,20150900,128.15625,20150600,,20150900
2015-02-26 14:06:46,,20150900,127.9453125,20150600,,20150900
2015-02-26 15:07:29,,20150900,127.9453125,20150600,,20150900
2015-02-26 16:10:05,,20150900,127.7578125,20150600,,20150900
2015-02-26 17:10:22,,20150900,127.8359375,20150600,,20150900
2015-02-26 18:10:39,,20150900,127.6796875,20150600,,20150900
2015-02-26 23:00:00,,20150900,127.484375,20150600,,20150900
2015-02-27 14:12:17,,20150900,127.7421875,20150600,,20150900
2015-02-27 16:08:05,,20150900,127.7265625,20150600,,20150900
2015-02-27 17:10:44,,20150900,127.6953125,20150600,,20150900
2015-02-27 18:12:22,,20150900,127.6328125,20150600,,20150900
2015-03-02 14:07:57,,20150900,127.6953125,20150600,,20150900
2015-03-02 15:26:48,,20150900,127.4140625,20150600,,20150900
2015-03-02 16:27:26,,20150900,127.2578125,20150600,,20150900
2015-03-02 17:27:54,,20150900,127.2734375,20150600,,20150900
2015-03-02 18:30:13,,20150900,127.2890625,20150600,,20150900
2015-03-02 23:00:00,,20150900,127.09375,20150600,,20150900
2015-03-03 14:02:31,,20150900,127.0546875,20150600,,20150900
2015-03-03 15:53:24,,20150900,127.0234375,20150600,,20150900
2015-03-03 16:53:52,,20150900,127.0546875,20150600,,20150900
2015-03-03 17:54:13,,20150900,126.9765625,20150600,,20150900
2015-03-03 18:54:31,,20150900,127.0078125,20150600,,20150900
2015-03-03 23:00:00,,20150900,126.875,20150600,,20150900
2015-03-04 14:08:37,,20150900,127.0546875,20150600,,20150900
2015-03-04 15:09:16,,20150900,126.8984375,20150600,,20150900
2015-03-04 16:32:36,,20150900,126.8671875,20150600,,20150900
2015-03-04 17:34:27,,20150900,126.8671875,20150600,,20150900
2015-03-04 18:34:52,,20150900,126.8671875,20150600,,20150900
2015-03-04 23:00:00,,20150900,126.890625,20150600,,20150900
2015-03-05 14:08:39,,20150900,127.0546875,20150600,,20150900
2015-03-05 15:09:01,,20150900,127.0234375,20150600,,20150900
2015-03-05 16:09:26,,20150900,126.8359375,20150600,,20150900
2015-03-05 18:12:33,,20150900,127.0390625,20150600,,20150900
2015-03-05 23:00:00,,20150900,127.125,20150600,,20150900
2015-03-06 14:07:13,,20150900,126.3828125,20150600,,20150900
2015-03-06 15:07:43,,20150900,126.1015625,20150600,,20150900
2015-03-06 16:23:14,,20150900,126.1171875,20150600,,20150900
2015-03-06 17:23:37,,20150900,126.0859375,20150600,,20150900
2015-03-06 18:24:00,,20150900,125.9921875,20150600,,20150900
2015-03-06 23:00:00,,20150900,126.015625,20150600,,20150900
2015-03-09 14:06:02,,20150900,126.3203125,20150600,,20150900
2015-03-09 15:06:33,,20150900,126.4609375,20150600,,20150900
2015-03-09 16:32:08,,20150900,126.3515625,20150600,,20150900
2015-03-09 17:32:36,,20150900,126.3515625,20150600,,20150900
2015-03-09 18:33:16,,20150900,126.4140625,20150600,,20150900
2015-03-09 23:00:00,,20150900,126.453125,20150600,,20150900
2015-03-10 14:11:39,,20150900,126.9140625,20150600,,20150900
2015-03-10 15:12:00,,20150900,126.8046875,20150600,,20150900
2015-03-10 16:35:20,,20150900,126.8671875,20150600,,20150900
2015-03-10 17:36:04,,20150900,126.8671875,20150600,,20150900
2015-03-10 18:36:35,,20150900,126.8828125,20150600,,20150900
2015-03-10 23:00:00,,20150900,126.90625,20150600,,20150900
2015-03-11 14:07:04,,20150900,126.8515625,20150600,,20150900
2015-03-11 15:07:32,,20150900,126.8671875,20150600,,20150900
2015-03-11 16:46:58,,20150900,126.7578125,20150600,,20150900
2015-03-11 17:47:28,,20150900,127.0234375,20150600,,20150900
2015-03-11 18:48:56,,20150900,127.0234375,20150600,,20150900
2015-03-11 23:00:00,,20150900,127.0,20150600,,20150900
2015-03-12 14:10:32,,20150900,127.2109375,20150600,,20150900
2015-03-12 15:11:03,,20150900,127.3828125,20150600,,20150900
2015-03-12 17:00:38,,20150900,127.2421875,20150600,,20150900
2015-03-12 18:02:16,,20150900,127.0546875,20150600,,20150900
2015-03-12 23:00:00,,20150900,127.078125,20150600,,20150900
2015-03-13 14:29:19,,20150900,127.1640625,20150600,,20150900
2015-03-13 15:31:20,,20150900,127.2265625,20150600,,20150900
2015-03-13 16:57:52,,20150900,127.1328125,20150600,,20150900
2015-03-13 17:58:52,,20150900,127.2265625,20150600,,20150900
2015-03-13 18:59:18,,20150900,127.1171875,20150600,,20150900
2015-03-13 23:00:00,,20150900,127.0625,20150600,,20150900
2015-03-16 14:05:53,,20150900,127.4609375,20150600,,20150900
2015-03-16 15:06:23,,20150900,127.4140625,20150600,,20150900
2015-03-16 16:32:12,,20150900,127.3359375,20150600,,20150900
2015-03-16 17:32:39,,20150900,127.3671875,20150600,,20150900
2015-03-16 18:33:52,,20150900,127.2421875,20150600,,20150900
2015-03-16 23:00:00,,20150900,127.375,20150600,,20150900
2015-03-17 14:08:12,,20150900,127.4921875,20150600,,20150900
2015-03-17 15:50:00,,20150900,127.5390625,20150600,,20150900
2015-03-17 16:50:17,,20150900,127.4921875,20150600,,20150900
2015-03-17 17:50:33,,20150900,127.4921875,20150600,,20150900
2015-03-17 18:52:20,,20150900,127.4765625,20150600,,20150900
2015-03-17 23:00:00,,20150900,127.53125,20150600,,20150900
2015-03-18 14:23:43,,20150900,127.7265625,20150600,,20150900
2015-03-18 16:05:19,,20150900,127.7734375,20150600,,20150900
2015-03-18 17:05:35,,20150900,127.7421875,20150600,,20150900
2015-03-18 18:05:51,,20150900,128.0390625,20150600,,20150900
2015-03-18 23:00:00,,20150900,128.796875,20150600,,20150900
2015-03-19 14:06:40,,20150900,128.5859375,20150600,,20150900
2015-03-19 15:06:58,,20150900,128.5078125,20150600,,20150900
2015-03-19 16:18:20,,20150900,128.3046875,20150600,,20150900
2015-03-19 17:18:38,,20150900,128.2421875,20150600,,20150900
2015-03-19 18:18:53,,20150900,128.2734375,20150600,,20150900
2015-03-19 23:00:00,,20150900,128.25,20150600,,20150900
2015-03-20 14:06:43,,20150900,128.6171875,20150600,,20150900
2015-03-20 15:07:02,,20150900,128.6796875,20150600,,20150900
2015-03-20 16:28:40,,20150900,128.6015625,20150600,,20150900
2015-03-20 17:28:57,,20150900,128.6484375,20150600,,20150900
2015-03-20 18:29:37,,20150900,128.6484375,20150600,,20150900
2015-03-20 23:00:00,,20150900,128.703125,20150600,,20150900
2015-03-23 14:05:17,,20150900,128.7578125,20150600,,20150900
2015-03-23 15:05:39,,20150900,128.6953125,20150600,,20150900
2015-03-23 16:55:03,,20150900,128.8203125,20150600,,20150900
2015-03-23 17:55:32,,20150900,128.8671875,20150600,,20150900
2015-03-23 18:57:36,,20150900,128.8046875,20150600,,20150900
2015-03-23 23:00:00,,20150900,128.890625,20150600,,20150900
2015-03-24 14:05:46,,20150900,128.9140625,20150600,,20150900
2015-03-24 16:00:19,,20150900,128.7890625,20150600,,20150900
2015-03-24 17:00:35,,20150900,128.9453125,20150600,,20150900
2015-03-24 18:00:54,,20150900,129.0859375,20150600,,20150900
2015-03-24 23:00:00,,20150900,129.15625,20150600,,20150900
2015-03-25 14:06:33,,20150900,129.1171875,20150600,,20150900
2015-03-25 15:06:52,,20150900,129.0859375,20150600,,20150900
2015-03-25 16:31:33,,20150900,129.1015625,20150600,,20150900
2015-03-25 17:31:51,,20150900,128.9140625,20150600,,20150900
2015-03-25 18:33:30,,20150900,128.8203125,20150600,,20150900
2015-03-25 23:00:00,,20150900,128.734375,20150600,,20150900
2015-03-26 14:07:59,,20150900,128.3828125,20150600,,20150900
2015-03-26 15:08:21,,20150900,128.3984375,20150600,,20150900
2015-03-26 16:31:57,,20150900,128.4453125,20150600,,20150900
2015-03-26 17:32:23,,20150900,128.3203125,20150600,,20150900
2015-03-26 18:34:20,,20150900,128.2890625,20150600,,20150900
2015-03-26 23:00:00,127.78125,20150900,128.3125,20150600,127.78125,20150900
2015-03-27 14:19:26,,20150900,128.6328125,20150600,,20150900
2015-03-27 15:19:46,,20150900,128.5703125,20150600,,20150900
2015-03-27 16:43:45,,20150900,128.5859375,20150600,,20150900
2015-03-27 17:44:28,,20150900,128.5546875,20150600,,20150900
2015-03-27 18:46:25,,20150900,128.6171875,20150600,,20150900
2015-03-27 23:00:00,128.140625,20150900,128.546875,20150600,128.140625,20150900
2015-03-30 14:05:41,,20150900,128.6484375,20150600,,20150900
2015-03-30 15:56:29,,20150900,128.7421875,20150600,,20150900
2015-03-30 16:56:48,,20150900,128.5859375,20150600,,20150900
2015-03-30 17:57:04,,20150900,128.6015625,20150600,,20150900
2015-03-30 18:57:21,,20150900,128.6796875,20150600,,20150900
2015-03-30 23:00:00,,20150900,128.625,20150600,,20150900
2015-03-31 14:05:55,,20150900,128.7734375,20150600,,20150900
2015-03-31 16:02:56,,20150900,128.8828125,20150600,,20150900
2015-03-31 17:03:14,,20150900,128.8828125,20150600,,20150900
2015-03-31 18:03:30,,20150900,128.8515625,20150600,,20150900
2015-03-31 23:00:00,,20150900,128.90625,20150600,,20150900
2015-04-01 14:07:16,,20150900,129.2421875,20150600,,20150900
2015-04-01 15:07:35,,20150900,129.4453125,20150600,,20150900
2015-04-01 16:31:51,,20150900,129.3984375,20150600,,20150900
2015-04-01 17:32:07,,20150900,129.4765625,20150600,,20150900
2015-04-01 18:32:23,,20150900,129.4296875,20150600,,20150900
2015-04-01 23:00:00,128.90625,20150900,129.390625,20150600,128.90625,20150900
2015-04-02 14:07:13,,20150900,129.3671875,20150600,,20150900
2015-04-02 15:07:32,,20150900,129.1953125,20150600,,20150900
2015-04-02 23:00:00,128.75,20150900,129.109375,20150600,128.75,20150900
2015-04-06 14:02:30,,20150900,129.8203125,20150600,,20150900
2015-04-06 15:49:36,,20150900,129.7421875,20150600,,20150900
2015-04-06 23:00:00,129.03125,20150900,,20150600,129.03125,20150900
2015-04-07 14:01:58,,20150900,129.3203125,20150600,,20150900
2015-04-07 15:47:50,,20150900,129.1640625,20150600,,20150900
2015-04-07 16:48:06,,20150900,129.2109375,20150600,,20150900
2015-04-07 17:48:24,,20150900,129.2265625,20150600,,20150900
2015-04-07 18:48:42,,20150900,129.2578125,20150600,,20150900
2015-04-07 23:00:00,129.03125,20150900,129.421875,20150600,129.03125,20150900
2015-04-08 14:01:56,,20150900,129.4765625,20150600,,20150900
2015-04-08 15:49:54,,20150900,129.2890625,20150600,,20150900
2015-04-08 16:50:10,,20150900,129.1953125,20150600,,20150900
2015-04-08 17:50:27,,20150900,129.1640625,20150600,,20150900
2015-04-08 18:50:45,,20150900,129.3046875,20150600,,20150900
2015-04-08 23:00:00,129.0,20150900,129.296875,20150600,129.0,20150900
2015-04-09 14:04:34,,20150900,129.3828125,20150600,,20150900
2015-04-09 15:59:29,,20150900,129.0703125,20150600,,20150900
2015-04-09 16:59:44,,20150900,129.1171875,20150600,,20150900
2015-04-09 18:00:01,,20150900,129.0390625,20150600,,20150900
2015-04-09 19:00:18,,20150900,128.8671875,20150600,,20150900
2015-04-09 23:00:00,128.5,20150900,128.84375,20150600,128.5,20150900
2015-04-10 14:05:43,,20150900,129.0390625,20150600,,20150900
2015-04-10 16:07:12,,20150900,128.8828125,20150600,,20150900
2015-04-10 17:07:28,,20150900,128.8984375,20150600,,20150900
2015-04-10 18:07:46,,20150900,128.8984375,20150600,,20150900
2015-04-10 23:00:00,128.359375,20150900,128.84375,20150600,128.359375,20150900
2015-04-13 14:07:22,,20150900,128.8984375,20150600,,20150900
2015-04-13 15:23:41,,20150900,128.9921875,20150600,,20150900
2015-04-13 16:24:08,,20150900,128.8515625,20150600,,20150900
2015-04-13 17:24:40,,20150900,128.9609375,20150600,,20150900
2015-04-13 18:25:02,,20150900,129.0078125,20150600,,20150900
2015-04-13 23:00:00,128.578125,20150900,129.046875,20150600,128.578125,20150900
2015-04-14 14:03:08,,20150900,129.6171875,20150600,,20150900
2015-04-14 15:50:34,,20150900,129.6015625,20150600,,20150900
2015-04-14 16:50:51,,20150900,129.6484375,20150600,,20150900
2015-04-14 17:51:08,,20150900,129.5234375,20150600,,20150900
2015-04-14 18:51:27,,20150900,129.4921875,20150600,,20150900
2015-04-14 23:00:00,129.03125,20150900,129.34375,20150600,129.03125,20150900
2015-04-15 14:07:21,,20150900,129.4921875,20150600,,20150900
2015-04-15 15:54:21,,20150900,129.5234375,20150600,,20150900
2015-04-15 16:54:38,,20150900,129.5390625,20150600,,20150900
2015-04-15 17:54:55,,20150900,129.6015625,20150600,,20150900
2015-04-15 18:55:11,,20150900,129.4921875,20150600,,20150900
2015-04-15 23:00:00,128.921875,20150900,129.421875,20150600,128.921875,20150900
2015-04-16 14:07:24,,20150900,129.6171875,20150600,,20150900
2015-04-16 15:07:42,,20150900,129.4765625,20150600,,20150900
2015-04-16 16:20:03,,20150900,129.3671875,20150600,,20150900
2015-04-16 17:20:18,,20150900,129.3359375,20150600,,20150900
2015-04-16 18:20:35,,20150900,129.4609375,20150600,,20150900
2015-04-16 23:00:00,129.25,20150900,129.65625,20150600,129.25,20150900
2015-04-17 14:07:16,,20150900,129.5390625,20150600,,20150900
2015-04-17 15:07:35,,20150900,129.6328125,20150600,,20150900
2015-04-17 16:22:07,,20150900,129.4296875,20150600,,20150900
2015-04-17 17:22:23,,20150900,129.6328125,20150600,,20150900
2015-04-17 18:22:40,,20150900,129.6640625,20150600,,20150900
2015-04-17 23:00:00,129.4375,20150900,129.71875,20150600,129.4375,20150900
2015-04-20 14:07:10,,20150900,129.6640625,20150600,,20150900
2015-04-20 15:51:13,,20150900,129.6171875,20150600,,20150900
2015-04-20 16:51:31,,20150900,129.6171875,20150600,,20150900
2015-04-20 17:51:47,,20150900,129.5546875,20150600,,20150900
2015-04-20 18:52:05,,20150900,129.4921875,20150600,,20150900
2015-04-20 23:00:00,129.109375,20150900,129.5625,20150600,129.109375,20150900
2015-04-21 14:08:01,,20150900,129.6171875,20150600,,20150900
2015-04-21 15:52:55,,20150900,129.4453125,20150600,,20150900
2015-04-21 16:53:11,,20150900,129.4453125,20150600,,20150900
2015-04-21 17:53:29,,20150900,129.3828125,20150600,,20150900
2015-04-21 18:53:45,,20150900,129.3515625,20150600,,20150900
2015-04-21 23:00:00,129.0,20150900,129.390625,20150600,129.0,20150900
2015-04-22 14:07:15,,20150900,129.3515625,20150600,,20150900
2015-04-22 15:07:36,,20150900,129.0234375,20150600,,20150900
2015-04-22 16:22:49,,20150900,128.9609375,20150600,,20150900
2015-04-22 17:23:05,,20150900,128.8984375,20150600,,20150900
2015-04-22 18:23:23,,20150900,128.8671875,20150600,,20150900
2015-04-22 23:00:00,128.375,20150900,128.765625,20150600,128.375,20150900
2015-04-23 14:26:23,,20150900,128.8828125,20150600,,20150900
2015-04-23 15:26:49,,20150900,128.8515625,20150600,,20150900
2015-04-23 16:51:11,,20150900,128.9921875,20150600,,20150900
2015-04-23 17:51:26,,20150900,128.9296875,20150600,,20150900
2015-04-23 18:51:49,,20150900,129.0078125,20150600,,20150900
2015-04-23 23:00:00,128.75,20150900,129.0625,20150600,128.75,20150900
2015-04-24 14:24:50,,20150900,129.2734375,20150600,,20150900
2015-04-24 15:25:26,,20150900,129.3515625,20150600,,20150900
2015-04-24 16:49:56,,20150900,129.3984375,20150600,,20150900
2015-04-24 17:50:13,,20150900,129.3359375,20150600,,20150900
2015-04-24 18:50:28,,20150900,129.3515625,20150600,,20150900
2015-04-24 23:00:00,128.9375,20150900,129.421875,20150600,128.9375,20150900
2015-04-27 14:07:12,,20150900,129.2890625,20150600,,20150900
2015-04-27 15:50:04,,20150900,129.1796875,20150600,,20150900
2015-04-27 16:50:20,,20150900,129.2578125,20150600,,20150900
2015-04-27 17:50:38,,20150900,129.3203125,20150600,,20150900
2015-04-27 18:50:56,,20150900,129.3984375,20150600,,20150900
2015-04-27 23:00:00,128.9375,20150900,129.359375,20150600,128.9375,20150900
2015-04-28 14:08:16,,20150900,129.0703125,20150600,,20150900
2015-04-28 15:52:04,,20150900,129.0859375,20150600,,20150900
2015-04-28 16:52:20,,20150900,129.0546875,20150600,,20150900
2015-04-28 17:52:39,,20150900,128.9296875,20150600,,20150900
2015-04-28 18:52:57,,20150900,128.9140625,20150600,,20150900
2015-04-28 23:00:00,128.5,20150900,128.859375,20150600,128.5,20150900
2015-04-29 14:08:07,,20150900,128.2421875,20150600,,20150900
2015-04-29 15:08:28,,20150900,128.4296875,20150600,,20150900
2015-04-29 16:22:39,,20150900,128.2734375,20150600,,20150900
2015-04-29 17:22:56,,20150900,128.2421875,20150600,,20150900
2015-04-29 18:23:12,,20150900,128.3671875,20150600,,20150900
2015-04-29 23:00:00,127.96875,20150900,128.453125,20150600,127.96875,20150900
2015-04-30 14:01:36,,20150900,128.0703125,20150600,,20150900
2015-04-30 15:48:01,,20150900,127.8671875,20150600,,20150900
2015-04-30 17:03:53,,20150900,127.9296875,20150600,,20150900
2015-04-30 23:00:00,127.921875,20150900,128.4375,20150600,127.921875,20150900
2015-05-01 14:33:39,,20150900,128.0703125,20150600,,20150900
2015-05-01 15:47:52,,20150900,127.8046875,20150600,,20150900
2015-05-01 16:59:40,,20150900,127.9296875,20150600,,20150900
2015-05-01 23:00:00,127.203125,20150900,127.8125,20150600,127.203125,20150900
2015-05-04 14:04:10,,20150900,127.9453125,20150600,,20150900
2015-05-04 15:25:36,,20150900,128.0546875,20150600,,20150900
2015-05-04 17:31:41,,20150900,127.7734375,20150600,,20150900
2015-05-04 18:32:38,,20150900,127.7734375,20150600,,20150900
2015-05-04 23:00:00,127.125,20150900,127.6875,20150600,127.125,20150900
2015-05-05 14:22:29,,20150900,127.8046875,20150600,,20150900
2015-05-05 15:44:39,,20150900,127.4765625,20150600,,20150900
2015-05-05 17:54:19,,20150900,127.3984375,20150600,,20150900
2015-05-05 18:55:09,,20150900,127.4140625,20150600,,20150900
2015-05-05 23:00:00,126.890625,20150900,127.5,20150600,126.890625,20150900
2015-05-06 14:49:34,,20150900,127.3515625,20150600,,20150900
2015-05-06 16:11:00,,20150900,127.1484375,20150600,,20150900
2015-05-06 18:25:51,,20150900,127.1015625,20150600,,20150900
2015-05-06 23:00:00,126.421875,20150900,127.109375,20150600,126.421875,20150900
2015-05-07 14:17:00,,20150900,127.2265625,20150600,,20150900
2015-05-07 15:17:28,,20150900,127.2265625,20150600,,20150900
2015-05-07 16:17:46,,20150900,127.1796875,20150600,,20150900
2015-05-07 17:18:02,,20150900,127.2421875,20150600,,20150900
2015-05-07 18:29:40,,20150900,127.3984375,20150600,,20150900
2015-05-07 23:00:00,126.78125,20150900,127.421875,20150600,126.78125,20150900
2015-05-08 14:07:18,,20150900,127.7890625,20150600,,20150900
2015-05-08 15:07:45,,20150900,127.9921875,20150600,,20150900
2015-05-08 16:31:57,,20150900,128.0390625,20150600,,20150900
2015-05-08 17:32:13,,20150900,128.1015625,20150600,,20150900
2015-05-08 18:32:30,,20150900,128.0078125,20150600,,20150900
2015-05-08 23:00:00,127.21875,20150900,127.859375,20150600,127.21875,20150900
2015-05-11 14:07:16,,20150900,127.5859375,20150600,,20150900
2015-05-11 15:34:48,,20150900,127.4296875,20150600,,20150900
2015-05-11 16:35:06,,20150900,127.3046875,20150600,,20150900
2015-05-11 17:35:22,,20150900,127.2734375,20150600,,20150900
2015-05-11 18:35:39,,20150900,127.2109375,20150600,,20150900
2015-05-11 23:00:00,126.25,20150900,127.0,20150600,126.25,20150900
2015-05-12 14:07:38,,20150900,126.7265625,20150600,,20150900
2015-05-12 15:15:25,,20150900,126.8203125,20150600,,20150900
2015-05-12 16:19:20,,20150900,126.9921875,20150600,,20150900
2015-05-12 17:19:35,,20150900,127.0390625,20150600,,20150900
2015-05-12 18:19:46,,20150900,127.1328125,20150600,,20150900
2015-05-12 23:00:00,126.234375,20150900,127.0625,20150600,126.234375,20150900
2015-05-13 14:05:17,,20150900,127.4453125,20150600,,20150900
2015-05-13 16:00:54,,20150900,127.3828125,20150600,,20150900
2015-05-13 17:01:11,,20150900,127.1015625,20150600,,20150900
2015-05-13 18:01:29,,20150900,127.1171875,20150600,,20150900
2015-05-13 23:00:00,126.203125,20150900,126.9375,20150600,126.203125,20150900
2015-05-14 14:11:18,,20150900,127.1328125,20150600,,20150900
2015-05-14 16:08:54,,20150900,127.3046875,20150600,,20150900
2015-05-14 17:09:11,,20150900,127.2890625,20150600,,20150900
2015-05-14 18:09:28,,20150900,127.2578125,20150600,,20150900
2015-05-14 23:00:00,126.625,20150900,127.390625,20150600,126.625,20150900
2015-05-15 14:05:50,,20150900,127.5859375,20150600,,20150900
2015-05-15 16:00:08,,20150900,127.8515625,20150600,,20150900
2015-05-15 17:00:26,,20150900,127.9609375,20150600,,20150900
2015-05-15 18:00:43,,20150900,128.0390625,20150600,,20150900
2015-05-15 19:00:58,,20150900,128.0546875,20150600,,20150900
2015-05-15 23:00:00,127.390625,20150900,128.046875,20150600,127.390625,20150900
2015-05-18 14:07:43,,20150900,127.7265625,20150600,,20150900
2015-05-18 15:24:05,,20150900,127.5390625,20150600,,20150900
2015-05-18 16:24:37,,20150900,127.4921875,20150600,,20150900
2015-05-18 17:25:03,,20150900,127.5390625,20150600,,20150900
2015-05-18 18:25:34,,20150900,127.4921875,20150600,,20150900
2015-05-18 23:00:00,126.71875,20150900,127.390625,20150600,126.71875,20150900
2015-05-19 14:06:50,,20150900,127.0390625,20150600,,20150900
2015-05-19 15:35:32,,20150900,127.0390625,20150600,,20150900
2015-05-19 16:35:47,,20150900,127.0703125,20150600,,20150900
2015-05-19 17:35:58,,20150900,127.1484375,20150600,,20150900
2015-05-19 18:36:10,,20150900,127.0390625,20150600,,20150900
2015-05-19 23:00:00,126.171875,20150900,126.90625,20150600,126.171875,20150900
2015-05-20 14:08:30,,20150900,127.2734375,20150600,,20150900
2015-05-20 15:23:48,,20150900,127.0546875,20150600,,20150900
2015-05-20 16:24:06,,20150900,127.1953125,20150600,,20150900
2015-05-20 17:24:24,,20150900,127.1640625,20150600,,20150900
2015-05-20 18:24:40,,20150900,127.1796875,20150600,,20150900
2015-05-20 23:00:00,126.5,20150900,127.21875,20150600,126.5,20150900
2015-05-21 14:10:59,126.6171875,20150900,,20150600,126.6171875,20150900
2015-05-21 15:46:47,126.8203125,20150900,,20150600,126.8203125,20150900
2015-05-21 16:47:02,126.8203125,20150900,,20150600,126.8203125,20150900
2015-05-21 17:47:19,126.8359375,20150900,,20150600,126.8359375,20150900
2015-05-21 18:47:35,126.984375,20150900,,20150600,126.984375,20150900
2015-05-21 23:00:00,126.984375,20150900,127.65625,20150600,126.984375,20150900
2015-05-22 14:08:12,126.7734375,20150900,,20150600,126.7734375,20150900
2015-05-22 15:36:59,126.6953125,20150900,,20150600,126.6953125,20150900
2015-05-22 16:37:16,126.8046875,20150900,,20150600,126.8046875,20150900
2015-05-22 17:37:33,126.6328125,20150900,,20150600,126.6328125,20150900
2015-05-22 18:37:51,126.7265625,20150900,,20150600,126.7265625,20150900
2015-05-22 23:00:00,126.765625,20150900,127.453125,20150600,126.765625,20150900
2015-05-25 14:03:52,126.9140625,20150900,,20150600,126.9140625,20150900
2015-05-25 15:33:57,126.8671875,20150900,,20150600,126.8671875,20150900
2015-05-25 16:35:20,126.8359375,20150900,,20150600,126.8359375,20150900
2015-05-25 17:35:59,126.8359375,20150900,,20150600,126.8359375,20150900
2015-05-25 18:36:46,126.828125,20150900,,20150600,126.828125,20150900
2015-05-26 14:06:54,126.8515625,20150900,,20150600,126.8515625,20150900
2015-05-26 15:32:01,126.8515625,20150900,,20150600,126.8515625,20150900
2015-05-26 16:32:23,127.1015625,20150900,,20150600,127.1015625,20150900
2015-05-26 17:32:49,127.1484375,20150900,,20150600,127.1484375,20150900
2015-05-26 18:33:32,127.2109375,20150900,,20150600,127.2109375,20150900
2015-05-26 23:00:00,127.3125,20150900,127.90625,20150600,127.3125,20150900
2015-05-27 14:08:02,127.1796875,20150900,,20150600,127.1796875,20150900
2015-05-27 15:26:28,127.0390625,20150900,,20150600,127.0390625,20150900
2015-05-27 16:26:46,127.0546875,20150900,,20150600,127.0546875,20150900
2015-05-27 17:27:04,127.0390625,20150900,,20150600,127.0390625,20150900
2015-05-27 18:27:20,127.1015625,20150900,,20150600,127.1015625,20150900
2015-05-27 23:00:00,127.3125,20150900,127.921875,20150600,127.3125,20150900
2015-05-28 14:07:12,,20151200,127.2734375,20150900,,20151200
2015-05-28 15:47:21,,20151200,127.2421875,20150900,,20151200
2015-05-28 16:47:36,,20151200,127.2109375,20150900,,20151200
2015-05-28 17:47:53,,20151200,127.2578125,20150900,,20151200
2015-05-28 18:48:10,,20151200,127.3828125,20150900,,20151200
2015-05-28 23:00:00,126.734375,20151200,127.34375,20150900,126.734375,20151200
2015-05-29 14:08:07,,20151200,127.5234375,20150900,,20151200
2015-05-29 15:49:04,,20151200,127.5078125,20150900,,20151200
2015-05-29 16:49:20,,20151200,127.4921875,20150900,,20151200
2015-05-29 17:49:38,,20151200,127.5703125,20150900,,20151200
2015-05-29 18:49:55,,20151200,127.6328125,20150900,,20151200
2015-05-29 23:00:00,,20151200,127.46875,20150900,,20151200
2015-06-01 14:10:22,,20151200,127.5859375,20150900,,20151200
2015-06-01 15:30:28,,20151200,127.2890625,20150900,,20151200
2015-06-01 16:31:06,,20151200,127.2109375,20150900,,20151200
2015-06-01 17:31:36,,20151200,126.9921875,20150900,,20151200
2015-06-01 18:31:51,,20151200,127.0078125,20150900,,20151200
2015-06-01 23:00:00,,20151200,126.984375,20150900,,20151200
2015-06-02 14:05:14,,20151200,126.4765625,20150900,,20151200
2015-06-02 15:36:13,,20151200,126.3984375,20150900,,20151200
2015-06-02 16:36:34,,20151200,126.3671875,20150900,,20151200
2015-06-02 17:37:09,,20151200,126.3046875,20150900,,20151200
2015-06-02 18:37:51,,20151200,126.2890625,20150900,,20151200
2015-06-02 23:00:00,,20151200,126.3125,20150900,,20151200
2015-06-03 14:05:16,,20151200,126.0859375,20150900,,20151200
2015-06-03 15:57:12,,20151200,125.8203125,20150900,,20151200
2015-06-03 16:57:31,,20151200,125.6171875,20150900,,20151200
2015-06-03 17:57:47,,20151200,125.4453125,20150900,,20151200
2015-06-03 18:58:04,,20151200,125.5234375,20150900,,20151200
2015-06-03 23:00:00,,20151200,125.375,20150900,,20151200
2015-06-04 14:08:28,,20151200,125.6953125,20150900,,20151200
2015-06-04 15:48:57,,20151200,125.9765625,20150900,,20151200
2015-06-04 16:49:16,,20151200,125.6640625,20150900,,20151200
2015-06-04 17:49:32,,20151200,125.8671875,20150900,,20151200
2015-06-04 18:49:50,,20151200,125.9453125,20150900,,20151200
2015-06-04 23:00:00,,20151200,125.90625,20150900,,20151200
2015-06-05 14:02:49,,20151200,124.9140625,20150900,,20151200
2015-06-05 15:52:18,,20151200,125.1484375,20150900,,20151200
2015-06-05 16:52:36,,20151200,125.3046875,20150900,,20151200
2015-06-05 17:52:51,,20151200,125.1796875,20150900,,20151200
2015-06-05 18:53:10,,20151200,125.1015625,20150900,,20151200
2015-06-05 23:00:00,,20151200,125.109375,20150900,,20151200
2015-06-08 14:08:25,,20151200,125.2578125,20150900,,20151200
2015-06-08 15:17:03,,20151200,125.3515625,20150900,,20151200
2015-06-08 16:17:25,,20151200,125.3671875,20150900,,20151200
2015-06-08 17:17:42,,20151200,125.2890625,20150900,,20151200
2015-06-08 18:17:58,,20151200,125.3046875,20150900,,20151200
2015-06-08 23:00:00,124.0,20151200,125.296875,20150900,124.0,20151200
2015-06-09 14:06:56,,20151200,125.1953125,20150900,,20151200
2015-06-09 15:15:06,,20151200,124.9453125,20150900,,20151200
2015-06-09 16:15:34,,20151200,124.9296875,20150900,,20151200
2015-06-09 17:15:51,,20151200,124.9921875,20150900,,20151200
2015-06-09 18:16:07,,20151200,125.1015625,20150900,,20151200
2015-06-09 23:00:00,124.0,20151200,125.0,20150900,124.0,20151200
2015-06-10 14:08:32,,20151200,124.7109375,20150900,,20151200
2015-06-10 15:33:57,,20151200,124.7265625,20150900,,20151200
2015-06-10 16:34:15,,20151200,124.6171875,20150900,,20151200
2015-06-10 17:34:31,,20151200,124.6484375,20150900,,20151200
2015-06-10 18:34:49,,20151200,124.7890625,20150900,,20151200
2015-06-10 23:00:00,123.953125,20151200,124.5625,20150900,123.953125,20151200
2015-06-11 14:01:45,,20151200,124.9453125,20150900,,20151200
2015-06-11 15:52:32,,20151200,124.8515625,20150900,,20151200
2015-06-11 16:52:49,,20151200,125.0546875,20150900,,20151200
2015-06-11 17:53:07,,20151200,125.0859375,20150900,,20151200
2015-06-11 18:53:25,,20151200,125.2109375,20150900,,20151200
2015-06-11 23:00:00,124.875,20151200,125.34375,20150900,124.875,20151200
2015-06-12 14:05:25,,20151200,125.2265625,20150900,,20151200
2015-06-12 15:07:58,,20151200,125.4296875,20150900,,20151200
2015-06-12 16:08:14,,20151200,125.6171875,20150900,,20151200
2015-06-12 17:08:25,,20151200,125.5703125,20150900,,20151200
2015-06-12 18:08:35,,20151200,125.4609375,20150900,,20151200
2015-06-12 23:00:00,,20151200,125.25,20150900,,20151200
2015-06-15 14:01:06,,20151200,125.8203125,20150900,,20151200
2015-06-15 15:01:28,,20151200,125.8046875,20150900,,20151200
2015-06-15 16:39:12,,20151200,125.6484375,20150900,,20151200
2015-06-15 17:40:07,,20151200,125.5546875,20150900,,20151200
2015-06-15 18:40:35,,20151200,125.5234375,20150900,,20151200
2015-06-15 23:00:00,,20151200,125.546875,20150900,,20151200
2015-06-16 14:08:18,,20151200,125.8203125,20150900,,20151200
2015-06-16 15:21:12,,20151200,125.7265625,20150900,,20151200
2015-06-16 16:21:30,,20151200,125.7890625,20150900,,20151200
2015-06-16 17:21:48,,20151200,125.9296875,20150900,,20151200
2015-06-16 18:22:07,,20151200,125.8984375,20150900,,20151200
2015-06-16 23:00:00,,20151200,125.90625,20150900,,20151200
2015-06-17 14:08:13,,20151200,125.8203125,20150900,,20151200
2015-06-17 15:45:41,,20151200,125.6015625,20150900,,20151200
2015-06-17 16:45:57,,20151200,125.4453125,20150900,,20151200
2015-06-17 17:46:14,,20151200,125.4453125,20150900,,20151200
2015-06-17 18:46:32,,20151200,125.3515625,20150900,,20151200
2015-06-17 23:00:00,,20151200,126.15625,20150900,,20151200
2015-06-18 14:07:10,,20151200,126.1328125,20150900,,20151200
2015-06-18 15:08:43,,20151200,126.0078125,20150900,,20151200
2015-06-18 16:35:52,,20151200,125.8671875,20150900,,20151200
2015-06-18 17:36:16,,20151200,125.6171875,20150900,,20151200
2015-06-18 18:36:48,,20151200,125.7421875,20150900,,20151200
2015-06-18 23:00:00,125.1875,20151200,125.953125,20150900,125.1875,20151200
2015-06-19 14:29:07,,20151200,126.3828125,20150900,,20151200
2015-06-19 16:11:30,,20151200,126.5078125,20150900,,20151200
2015-06-19 17:11:48,,20151200,126.4921875,20150900,,20151200
2015-06-19 18:12:06,,20151200,126.5390625,20150900,,20151200
2015-06-19 23:00:00,125.875,20151200,126.59375,20150900,125.875,20151200
2015-06-22 14:11:26,,20151200,126.0703125,20150900,,20151200
2015-06-22 23:00:00,,20151200,125.75,20150900,,20151200
2015-06-23 14:26:27,,20151200,125.3046875,20150900,,20151200
2015-06-23 15:26:51,,20151200,125.5078125,20150900,,20151200
2015-06-23 16:27:07,,20151200,125.6796875,20150900,,20151200
2015-06-23 17:27:25,,20151200,125.6171875,20150900,,20151200
2015-06-23 18:46:11,,20151200,125.6640625,20150900,,20151200
2015-06-23 23:00:00,,20151200,125.4375,20150900,,20151200
2015-06-24 14:08:12,,20151200,125.5234375,20150900,,20151200
2015-06-24 15:23:09,,20151200,125.4609375,20150900,,20151200
2015-06-24 16:23:37,,20151200,125.4609375,20150900,,20151200
2015-06-24 17:24:15,,20151200,125.4921875,20150900,,20151200
2015-06-24 18:24:34,,20151200,125.5390625,20150900,,20151200
2015-06-24 23:00:00,,20151200,125.671875,20150900,,20151200
2015-06-25 14:08:01,,20151200,125.3828125,20150900,,20151200
2015-06-25 15:21:15,,20151200,125.3828125,20150900,,20151200
2015-06-25 16:21:34,,20151200,125.3359375,20150900,,20151200
2015-06-25 17:21:53,,20151200,125.3359375,20150900,,20151200
2015-06-25 18:22:10,,20151200,125.5546875,20150900,,20151200
2015-06-25 23:00:00,124.65625,20151200,125.515625,20150900,124.65625,20151200
2015-06-26 14:08:03,,20151200,125.1796875,20150900,,20151200
2015-06-26 15:19:06,,20151200,125.1171875,20150900,,20151200
2015-06-26 16:19:28,,20151200,125.1015625,20150900,,20151200
2015-06-26 17:19:46,,20151200,125.0234375,20150900,,20151200
2015-06-26 18:20:03,,20151200,124.9609375,20150900,,20151200
2015-06-26 23:00:00,124.0,20151200,125.0,20150900,124.0,20151200
2015-06-29 14:01:13,,20151200,125.9296875,20150900,,20151200
2015-06-29 15:16:47,,20151200,125.7734375,20150900,,20151200
2015-06-29 16:17:18,,20151200,125.9296875,20150900,,20151200
2015-06-29 17:17:43,,20151200,125.9453125,20150900,,20151200
2015-06-29 18:18:18,,20151200,126.0390625,20150900,,20151200
2015-06-29 23:00:00,,20151200,126.3125,20150900,,20151200
2015-06-30 14:08:16,,20151200,126.0546875,20150900,,20151200
2015-06-30 15:22:16,,20151200,126.1484375,20150900,,20151200
2015-06-30 16:22:52,,20151200,126.1484375,20150900,,20151200
2015-06-30 17:23:12,,20151200,126.3046875,20150900,,20151200
2015-06-30 18:23:41,,20151200,126.3046875,20150900,,20151200
2015-06-30 23:00:00,125.5,20151200,126.03125,20150900,125.5,20151200
2015-07-01 23:00:00,124.6875,20151200,125.46875,20150900,124.6875,20151200
2015-07-02 14:13:01,,20151200,125.9765625,20150900,,20151200
2015-07-02 15:34:50,,20151200,125.9609375,20150900,,20151200
2015-07-02 16:35:32,,20151200,125.9453125,20150900,,20151200
2015-07-02 17:35:54,,20151200,126.0703125,20150900,,20151200
2015-07-02 18:36:49,,20151200,125.9609375,20150900,,20151200
2015-07-02 23:00:00,124.84375,20151200,125.921875,20150900,124.84375,20151200
2015-07-03 14:02:19,,20151200,126.2578125,20150900,,20151200
2015-07-03 15:16:51,,20151200,126.2890625,20150900,,20151200
2015-07-03 16:19:23,,20151200,126.3515625,20150900,,20151200
2015-07-03 17:21:48,,20151200,126.3515625,20150900,,20151200
2015-07-06 14:08:06,,20151200,126.5859375,20150900,,20151200
2015-07-06 15:16:27,,20151200,126.3984375,20150900,,20151200
2015-07-06 16:17:56,,20151200,126.3359375,20150900,,20151200
2015-07-06 17:18:13,,20151200,126.4609375,20150900,,20151200
2015-07-06 18:18:32,,20151200,126.5390625,20150900,,20151200
2015-07-06 23:00:00,125.875,20151200,126.65625,20150900,125.875,20151200
2015-07-07 14:01:15,,20151200,127.1953125,20150900,,20151200
2015-07-07 15:16:50,,20151200,127.4453125,20150900,,20151200
2015-07-07 16:17:14,,20151200,127.5078125,20150900,,20151200
2015-07-07 17:17:46,,20151200,127.3828125,20150900,,20151200
2015-07-07 18:18:14,,20151200,127.1953125,20150900,,20151200
2015-07-07 23:00:00,126.46875,20151200,126.953125,20150900,126.46875,20151200
2015-07-08 14:08:37,,20151200,127.0390625,20150900,,20151200
2015-07-08 15:22:36,,20151200,127.1484375,20150900,,20151200
2015-07-08 16:23:10,,20151200,127.0703125,20150900,,20151200
2015-07-08 17:23:31,,20151200,127.2265625,20150900,,20151200
2015-07-08 18:24:06,,20151200,127.2578125,20150900,,20151200
2015-07-08 23:00:00,126.328125,20151200,127.3125,20150900,126.328125,20151200
2015-07-09 14:07:26,,20151200,126.8828125,20150900,,20151200
2015-07-09 15:19:20,,20151200,126.9140625,20150900,,20151200
2015-07-09 16:19:42,,20151200,126.8203125,20150900,,20151200
2015-07-09 17:20:08,,20151200,126.8515625,20150900,,20151200
2015-07-09 18:20:40,,20151200,126.7421875,20150900,,20151200
2015-07-09 23:00:00,125.9375,20151200,126.59375,20150900,125.9375,20151200
2015-07-10 14:05:37,,20151200,126.0703125,20150900,,20151200
2015-07-10 15:37:23,,20151200,126.0703125,20150900,,20151200
2015-07-10 16:37:40,,20151200,126.1328125,20150900,,20151200
2015-07-10 17:38:13,,20151200,125.9453125,20150900,,20151200
2015-07-10 18:38:52,,20151200,125.8046875,20150900,,20151200
2015-07-10 23:00:00,124.90625,20151200,125.828125,20150900,124.90625,20151200
2015-07-13 14:08:14,,20151200,125.4765625,20150900,,20151200
2015-07-13 15:20:45,,20151200,125.4296875,20150900,,20151200
2015-07-13 16:21:26,,20151200,125.5546875,20150900,,20151200
2015-07-13 17:21:49,,20151200,125.6953125,20150900,,20151200
2015-07-13 18:22:30,,20151200,125.7265625,20150900,,20151200
2015-07-13 23:00:00,124.828125,20151200,125.5625,20150900,124.828125,20151200
2015-07-14 14:08:37,,20151200,125.9296875,20150900,,20151200
2015-07-14 15:23:09,,20151200,125.7890625,20150900,,20151200
2015-07-14 16:23:27,,20151200,125.8671875,20150900,,20151200
2015-07-14 17:24:11,,20151200,125.8671875,20150900,,20151200
2015-07-14 18:24:30,,20151200,125.8828125,20150900,,20151200
2015-07-14 23:00:00,125.0,20151200,125.921875,20150900,125.0,20151200
2015-07-15 14:05:21,,20151200,125.7265625,20150900,,20151200
2015-07-15 15:14:34,,20151200,125.8671875,20150900,,20151200
2015-07-15 16:15:14,,20151200,125.8984375,20150900,,20151200
2015-07-15 17:15:31,,20151200,126.1796875,20150900,,20151200
2015-07-15 18:15:48,,20151200,126.2890625,20150900,,20151200
2015-07-15 23:00:00,125.53125,20151200,126.3125,20150900,125.53125,20151200
2015-07-16 14:08:37,,20151200,125.9765625,20150900,,20151200
2015-07-16 15:30:51,,20151200,126.0703125,20150900,,20151200
2015-07-16 16:31:10,,20151200,126.1484375,20150900,,20151200
2015-07-16 17:31:27,,20151200,126.1953125,20150900,,20151200
2015-07-16 18:31:46,,20151200,126.1484375,20150900,,20151200
2015-07-16 23:00:00,125.328125,20151200,126.21875,20150900,125.328125,20151200
2015-07-17 14:08:39,,20151200,126.0234375,20150900,,20151200
2015-07-17 15:32:43,,20151200,126.1640625,20150900,,20151200
2015-07-17 16:33:02,,20151200,126.1796875,20150900,,20151200
2015-07-17 17:33:18,,20151200,126.1953125,20150900,,20151200
2015-07-17 18:33:35,,20151200,126.1953125,20150900,,20151200
2015-07-17 23:00:00,125.328125,20151200,126.140625,20150900,125.328125,20151200
2015-07-20 14:08:34,,20151200,125.9453125,20150900,,20151200
2015-07-20 15:21:36,,20151200,125.9140625,20150900,,20151200
2015-07-20 16:21:57,,20151200,125.8671875,20150900,,20151200
2015-07-20 17:22:18,,20151200,125.8984375,20150900,,20151200
2015-07-20 18:22:53,,20151200,125.8828125,20150900,,20151200
2015-07-20 23:00:00,124.984375,20151200,125.90625,20150900,124.984375,20151200
2015-07-21 14:08:21,,20151200,125.7109375,20150900,,20151200
2015-07-21 15:22:03,,20151200,125.9140625,20150900,,20151200
2015-07-21 16:22:20,,20151200,126.1015625,20150900,,20151200
2015-07-21 17:24:27,,20151200,126.1328125,20150900,,20151200
2015-07-21 18:24:47,,20151200,126.2734375,20150900,,20151200
2015-07-21 23:00:00,125.34375,20151200,126.171875,20150900,125.34375,20151200
2015-07-22 15:22:15,,20151200,126.3828125,20150900,,20151200
2015-07-22 16:22:45,,20151200,126.3828125,20150900,,20151200
2015-07-22 17:23:21,,20151200,126.3671875,20150900,,20151200
2015-07-22 18:23:45,,20151200,126.3203125,20150900,,20151200
2015-07-22 23:00:00,125.46875,20151200,126.296875,20150900,125.46875,20151200
2015-07-23 14:05:51,,20151200,126.2578125,20150900,,20151200
2015-07-23 15:47:58,,20151200,126.2734375,20150900,,20151200
2015-07-23 16:48:15,,20151200,126.3828125,20150900,,20151200
2015-07-23 17:48:33,,20151200,126.4609375,20150900,,20151200
2015-07-23 18:48:51,,20151200,126.5703125,20150900,,20151200
2015-07-23 23:00:00,125.84375,20151200,126.65625,20150900,125.84375,20151200
2015-07-24 14:01:47,,20151200,126.8046875,20150900,,20151200
2015-07-24 15:49:52,,20151200,126.7109375,20150900,,20151200
2015-07-24 16:50:16,,20151200,126.7734375,20150900,,20151200
2015-07-24 17:50:37,,20151200,126.7734375,20150900,,20151200
2015-07-24 18:50:55,,20151200,126.8359375,20150900,,20151200
2015-07-24 23:00:00,125.984375,20151200,126.765625,20150900,125.984375,20151200
2015-07-27 14:08:38,,20151200,127.0859375,20150900,,20151200
2015-07-27 15:22:53,,20151200,127.1484375,20150900,,20151200
2015-07-27 16:23:27,,20151200,127.1015625,20150900,,20151200
2015-07-27 17:23:57,,20151200,127.0703125,20150900,,20151200
2015-07-27 18:24:17,,20151200,127.1640625,20150900,,20151200
2015-07-27 23:00:00,126.453125,20151200,127.234375,20150900,126.453125,20151200
2015-07-28 14:08:36,,20151200,126.8984375,20150900,,20151200
2015-07-28 15:24:25,,20151200,126.9140625,20150900,,20151200
2015-07-28 16:24:43,,20151200,126.9921875,20150900,,20151200
2015-07-28 17:25:09,,20151200,127.0390625,20150900,,20151200
2015-07-28 18:25:36,,20151200,126.9921875,20150900,,20151200
2015-07-28 23:00:00,126.203125,20151200,126.953125,20150900,126.203125,20151200
2015-07-29 14:07:46,,20151200,126.8515625,20150900,,20151200
2015-07-29 15:22:44,,20151200,126.7421875,20150900,,20151200
2015-07-29 16:23:24,,20151200,126.6640625,20150900,,20151200
2015-07-29 17:23:42,,20151200,126.6640625,20150900,,20151200
2015-07-29 18:23:59,,20151200,126.6953125,20150900,,20151200
2015-07-29 23:00:00,126.0,20151200,126.828125,20150900,126.0,20151200
2015-07-30 14:08:41,,20151200,126.6796875,20150900,,20151200
2015-07-30 15:36:10,,20151200,126.5703125,20150900,,20151200
2015-07-30 16:36:28,,20151200,126.7265625,20150900,,20151200
2015-07-30 17:36:45,,20151200,126.8359375,20150900,,20151200
2015-07-30 18:37:03,,20151200,126.8359375,20150900,,20151200
2015-07-30 23:00:00,126.0625,20151200,126.828125,20150900,126.0625,20151200
2015-07-31 14:05:47,,20151200,127.4140625,20150900,,20151200
2015-07-31 15:45:15,,20151200,127.4765625,20150900,,20151200
2015-07-31 16:45:33,,20151200,127.3984375,20150900,,20151200
2015-07-31 17:45:50,,20151200,127.4453125,20150900,,20151200
2015-07-31 18:46:09,,20151200,127.4765625,20150900,,20151200
2015-07-31 23:00:00,126.78125,20151200,127.53125,20150900,126.78125,20151200
2015-08-03 14:01:05,,20151200,127.3828125,20150900,,20151200
2015-08-03 15:29:22,,20151200,127.6953125,20150900,,20151200
2015-08-03 16:29:49,,20151200,127.6328125,20150900,,20151200
2015-08-03 17:30:07,,20151200,127.8359375,20150900,,20151200
2015-08-03 18:30:46,,20151200,127.8359375,20150900,,20151200
2015-08-03 23:00:00,127.140625,20151200,127.8125,20150900,127.140625,20151200
2015-08-04 14:08:51,,20151200,127.6171875,20150900,,20151200
2015-08-04 15:25:30,,20151200,127.5546875,20150900,,20151200
2015-08-04 16:25:53,,20151200,127.6640625,20150900,,20151200
2015-08-04 17:26:10,,20151200,127.5546875,20150900,,20151200
2015-08-04 18:26:40,,20151200,127.5546875,20150900,,20151200
2015-08-04 23:00:00,126.40625,20151200,127.125,20150900,126.40625,20151200
2015-08-05 14:09:16,,20151200,126.9765625,20150900,,20151200
2015-08-05 15:29:48,,20151200,126.6328125,20150900,,20151200
2015-08-05 16:30:27,,20151200,126.6796875,20150900,,20151200
2015-08-05 17:30:44,,20151200,126.7734375,20150900,,20151200
2015-08-05 18:31:02,,20151200,126.8359375,20150900,,20151200
2015-08-05 23:00:00,126.046875,20151200,126.78125,20150900,126.046875,20151200
2015-08-06 14:05:48,,20151200,126.8203125,20150900,,20151200
2015-08-06 15:48:01,,20151200,126.9609375,20150900,,20151200
2015-08-06 16:48:18,,20151200,127.0703125,20150900,,20151200
2015-08-06 17:48:34,,20151200,127.1328125,20150900,,20151200
2015-08-06 18:48:52,,20151200,127.0078125,20150900,,20151200
2015-08-06 23:00:00,126.328125,20151200,127.0625,20150900,126.328125,20151200
2015-08-07 14:02:43,,20151200,126.9609375,20150900,,20151200
2015-08-07 15:55:00,,20151200,127.3359375,20150900,,20151200
2015-08-07 16:55:18,,20151200,127.3984375,20150900,,20151200
2015-08-07 17:55:35,,20151200,127.3671875,20150900,,20151200
2015-08-07 18:55:53,,20151200,127.4140625,20150900,,20151200
2015-08-07 23:00:00,126.765625,20151200,127.46875,20150900,126.765625,20151200
2015-08-10 14:02:40,,20151200,127.2421875,20150900,,20151200
2015-08-10 15:29:41,,20151200,127.1328125,20150900,,20151200
2015-08-10 16:30:06,,20151200,127.1171875,20150900,,20151200
2015-08-10 17:30:29,,20151200,127.0390625,20150900,,20151200
2015-08-10 18:30:59,,20151200,127.0546875,20150900,,20151200
2015-08-10 23:00:00,126.359375,20151200,127.0625,20150900,126.359375,20151200
2015-08-11 14:07:50,,20151200,127.6796875,20150900,,20151200
2015-08-11 15:37:08,,20151200,127.7421875,20150900,,20151200
2015-08-11 16:37:25,,20151200,127.8984375,20150900,,20151200
2015-08-11 17:37:59,,20151200,127.9296875,20150900,,20151200
2015-08-11 18:38:26,,20151200,127.8984375,20150900,,20151200
2015-08-11 23:00:00,127.203125,20151200,127.8125,20150900,127.203125,20151200
2015-08-12 14:08:47,,20151200,128.1640625,20150900,,20151200
2015-08-12 15:30:06,,20151200,128.3203125,20150900,,20151200
2015-08-12 16:30:24,,20151200,128.3046875,20150900,,20151200
2015-08-12 17:30:39,,20151200,128.3203125,20150900,,20151200
2015-08-12 18:30:57,,20151200,128.0859375,20150900,,20151200
2015-08-12 23:00:00,127.234375,20151200,127.890625,20150900,127.234375,20151200
2015-08-13 14:08:59,,20151200,127.5546875,20150900,,20151200
2015-08-13 15:34:12,,20151200,127.6953125,20150900,,20151200
2015-08-13 16:34:30,,20151200,127.7109375,20150900,,20151200
2015-08-13 17:34:48,,20151200,127.6328125,20150900,,20151200
2015-08-13 18:35:06,,20151200,127.5703125,20150900,,20151200
2015-08-13 23:00:00,126.84375,20151200,127.5,20150900,126.84375,20151200
2015-08-14 14:06:50,,20151200,127.3828125,20150900,,20151200
2015-08-14 15:34:55,,20151200,127.3671875,20150900,,20151200
2015-08-14 16:35:13,,20151200,127.3671875,20150900,,20151200
2015-08-14 17:35:31,,20151200,127.4765625,20150900,,20151200
2015-08-14 18:35:48,,20151200,127.4765625,20150900,,20151200
2015-08-14 23:00:00,126.6875,20151200,127.328125,20150900,126.6875,20151200
2015-08-17 14:08:58,,20151200,127.7890625,20150900,,20151200
2015-08-17 15:24:27,,20151200,127.6796875,20150900,,20151200
2015-08-17 16:24:46,,20151200,127.7109375,20150900,,20151200
2015-08-17 17:25:22,,20151200,127.7109375,20150900,,20151200
2015-08-17 18:25:55,,20151200,127.7890625,20150900,,20151200
2015-08-17 23:00:00,127.0,20151200,127.625,20150900,127.0,20151200
2015-08-18 14:07:57,,20151200,127.4765625,20150900,,20151200
2015-08-18 15:33:53,,20151200,127.4765625,20150900,,20151200
2015-08-18 16:34:11,,20151200,127.5234375,20150900,,20151200
2015-08-18 17:34:41,,20151200,127.5234375,20150900,,20151200
2015-08-18 18:34:58,,20151200,127.5859375,20150900,,20151200
2015-08-18 23:00:00,126.75,20151200,127.40625,20150900,126.75,20151200
2015-08-19 14:09:01,,20151200,127.2734375,20150900,,20151200
2015-08-19 15:26:03,,20151200,127.3203125,20150900,,20151200
2015-08-19 16:26:22,,20151200,127.5859375,20150900,,20151200
2015-08-19 17:26:40,,20151200,127.7109375,20150900,,20151200
2015-08-19 18:26:58,,20151200,127.7109375,20150900,,20151200
2015-08-19 23:00:00,127.53125,20151200,128.140625,20150900,127.53125,20151200
2015-08-20 14:07:21,,20151200,128.1953125,20150900,,20151200
2015-08-20 15:36:16,,20151200,128.3828125,20150900,,20151200
2015-08-20 16:36:32,,20151200,128.2421875,20150900,,20151200
2015-08-20 17:36:50,,20151200,128.2578125,20150900,,20151200
2015-08-20 18:37:06,,20151200,128.3359375,20150900,,20151200
2015-08-20 23:00:00,127.703125,20151200,128.328125,20150900,127.703125,20151200
2015-08-21 14:09:05,,20151200,128.5078125,20150900,,20151200
2015-08-21 15:35:11,,20151200,128.3828125,20150900,,20151200
2015-08-21 16:35:29,,20151200,128.6328125,20150900,,20151200
2015-08-21 17:35:47,,20151200,128.7265625,20150900,,20151200
2015-08-21 18:36:04,,20151200,128.7109375,20150900,,20151200
2015-08-21 23:00:00,128.140625,20151200,128.71875,20150900,128.140625,20151200
2015-08-24 14:12:17,,20151200,129.3359375,20150900,,20151200
2015-08-24 15:36:41,,20151200,129.2578125,20150900,,20151200
2015-08-24 16:36:57,,20151200,129.0390625,20150900,,20151200
2015-08-24 17:37:16,,20151200,128.8828125,20150900,,20151200
2015-08-24 18:37:39,,20151200,128.9140625,20150900,,20151200
2015-08-24 23:00:00,128.421875,20151200,128.984375,20150900,128.421875,20151200
2015-08-25 14:12:20,,20151200,128.6171875,20150900,,20151200
2015-08-25 15:38:21,,20151200,128.5390625,20150900,,20151200
2015-08-25 16:38:48,,20151200,128.3828125,20150900,,20151200
2015-08-25 17:39:06,,20151200,128.2265625,20150900,,20151200
2015-08-25 18:39:23,,20151200,128.3359375,20150900,,20151200
2015-08-25 23:00:00,127.6875,20151200,128.234375,20150900,127.6875,20151200
2015-08-26 14:01:17,,20151200,127.9296875,20150900,,20151200
2015-08-26 15:50:38,,20151200,128.2421875,20150900,,20151200
2015-08-26 16:50:56,,20151200,128.3046875,20150900,,20151200
2015-08-26 17:51:14,,20151200,128.3515625,20150900,,20151200
2015-08-26 18:51:32,,20151200,128.0078125,20150900,,20151200
2015-08-26 23:00:00,127.25,20151200,127.796875,20150900,127.25,20151200
2015-08-27 14:06:38,,20151200,127.6015625,20150900,,20151200
2015-08-27 15:33:48,,20151200,127.7265625,20150900,,20151200
2015-08-27 16:34:07,,20151200,127.6484375,20150900,,20151200
2015-08-27 17:34:23,,20151200,127.6328125,20150900,,20151200
2015-08-27 18:34:41,,20151200,127.8828125,20150900,,20151200
2015-08-27 23:00:00,127.234375,20151200,127.84375,20150900,127.234375,20151200
2015-08-28 23:00:00,,20160300,127.234375,20151200,,20160300
2015-09-02 14:26:22,,20160300,127.1796875,20151200,,20160300
2015-09-02 15:27:10,,20160300,127.1640625,20151200,,20160300
2015-09-02 16:27:27,,20160300,127.1796875,20151200,,20160300
2015-09-02 17:27:44,,20160300,127.3984375,20151200,,20160300
2015-09-02 18:47:09,,20160300,127.3046875,20151200,,20160300
2015-09-02 23:00:00,,20160300,127.203125,20151200,,20160300
2015-09-03 14:06:09,,20160300,127.4453125,20151200,,20160300
2015-09-03 15:34:04,,20160300,127.2578125,20151200,,20160300
2015-09-03 16:34:59,,20160300,127.3359375,20151200,,20160300
2015-09-03 17:36:10,,20160300,127.3984375,20151200,,20160300
2015-09-03 18:37:05,,20160300,127.4765625,20151200,,20160300
2015-09-03 23:00:00,,20160300,127.390625,20151200,,20160300
2015-09-04 14:04:29,,20160300,127.6015625,20151200,,20160300
2015-09-04 15:33:11,,20160300,127.4921875,20151200,,20160300
2015-09-04 16:34:03,,20160300,127.6171875,20151200,,20160300
2015-09-04 17:34:44,,20160300,127.7890625,20151200,,20160300
2015-09-04 18:35:08,,20160300,127.8203125,20151200,,20160300
2015-09-04 23:00:00,,20160300,127.703125,20151200,,20160300
2015-09-07 14:26:14,,20160300,127.5546875,20151200,,20160300
2015-09-07 15:26:40,,20160300,127.5703125,20151200,,20160300
2015-09-07 16:27:25,,20160300,127.5546875,20151200,,20160300
2015-09-07 17:28:18,,20160300,127.5703125,20151200,,20160300
2015-09-07 18:47:16,,20160300,127.5625,20151200,,20160300
2015-09-08 14:08:13,,20160300,127.3046875,20151200,,20160300
2015-09-08 15:18:38,,20160300,127.4140625,20151200,,20160300
2015-09-08 16:18:58,,20160300,127.3359375,20151200,,20160300
2015-09-08 17:19:18,,20160300,127.3203125,20151200,,20160300
2015-09-08 18:19:35,,20160300,127.2578125,20151200,,20160300
2015-09-08 23:00:00,,20160300,127.25,20151200,,20160300
2015-09-09 14:01:11,,20160300,126.8828125,20151200,,20160300
2015-09-09 15:26:20,,20160300,126.8828125,20151200,,20160300
2015-09-09 16:27:06,,20160300,126.9609375,20151200,,20160300
2015-09-09 17:27:36,,20160300,126.8984375,20151200,,20160300
2015-09-09 18:27:54,,20160300,127.0078125,20151200,,20160300
2015-09-09 23:00:00,,20160300,127.375,20151200,,20160300
2015-09-10 14:04:59,,20160300,127.2734375,20151200,,20160300
2015-09-10 15:37:08,,20160300,127.1953125,20151200,,20160300
2015-09-10 16:37:36,,20160300,127.1796875,20151200,,20160300
2015-09-10 17:38:18,,20160300,127.1640625,20151200,,20160300
2015-09-10 18:38:38,,20160300,127.0390625,20151200,,20160300
2015-09-10 23:00:00,,20160300,127.09375,20151200,,20160300
2015-09-11 14:08:32,,20160300,127.3984375,20151200,,20160300
2015-09-11 15:30:39,,20160300,127.4921875,20151200,,20160300
2015-09-11 16:30:57,,20160300,127.5390625,20151200,,20160300
2015-09-11 17:31:15,,20160300,127.4609375,20151200,,20160300
2015-09-11 18:31:34,,20160300,127.4921875,20151200,,20160300
2015-09-11 23:00:00,,20160300,127.453125,20151200,,20160300
2015-09-14 14:06:29,,20160300,127.6484375,20151200,,20160300
2015-09-14 15:34:51,,20160300,127.6484375,20151200,,20160300
2015-09-14 16:35:07,,20160300,127.5546875,20151200,,20160300
2015-09-14 17:35:26,,20160300,127.5859375,20151200,,20160300
2015-09-14 18:35:46,,20160300,127.5859375,20151200,,20160300
2015-09-14 23:00:00,,20160300,127.5625,20151200,,20160300
2015-09-15 14:06:37,,20160300,127.3671875,20151200,,20160300
2015-09-15 15:37:57,,20160300,127.1640625,20151200,,20160300
2015-09-15 16:38:48,,20160300,127.1953125,20151200,,20160300
2015-09-15 17:39:11,,20160300,127.0546875,20151200,,20160300
2015-09-15 18:39:42,,20160300,126.7890625,20151200,,20160300
2015-09-15 23:00:00,,20160300,126.71875,20151200,,20160300
2015-09-16 14:01:08,,20160300,126.6171875,20151200,,20160300
2015-09-16 15:49:53,,20160300,126.7265625,20151200,,20160300
2015-09-16 16:50:10,,20160300,126.8046875,20151200,,20160300
2015-09-16 17:50:29,,20160300,126.7109375,20151200,,20160300
2015-09-16 18:50:46,,20160300,126.6484375,20151200,,20160300
2015-09-16 23:00:00,,20160300,126.5625,20151200,,20160300
2015-09-17 14:07:59,,20160300,126.6015625,20151200,,20160300
2015-09-17 16:00:25,,20160300,126.6484375,20151200,,20160300
2015-09-17 17:00:40,,20160300,126.6171875,20151200,,20160300
2015-09-17 18:00:59,,20160300,126.5859375,20151200,,20160300
2015-09-17 23:00:00,,20160300,127.4375,20151200,,20160300
2015-09-18 15:37:05,,20160300,127.7109375,20151200,,20160300
2015-09-18 16:37:27,,20160300,127.7421875,20151200,,20160300
2015-09-18 17:37:45,,20160300,127.8203125,20151200,,20160300
2015-09-18 18:38:02,,20160300,127.8828125,20151200,,20160300
2015-09-18 23:00:00,,20160300,128.0,20151200,,20160300
2015-09-21 14:05:12,,20160300,127.6640625,20151200,,20160300
2015-09-21 15:35:35,,20160300,127.5546875,20151200,,20160300
2015-09-21 16:36:01,,20160300,127.5390625,20151200,,20160300
2015-09-22 14:08:24,,20160300,127.796875,20151200,,20160300
2015-09-22 15:23:54,,20160300,127.8671875,20151200,,20160300
2015-09-22 16:24:30,,20160300,127.9921875,20151200,,20160300
2015-09-22 17:24:50,,20160300,128.0546875,20151200,,20160300
2015-09-22 18:25:23,,20160300,128.0703125,20151200,,20160300
2015-09-22 23:00:00,,20160300,128.09375,20151200,,20160300
2015-09-23 14:24:09,,20160300,127.9296875,20151200,,20160300
2015-09-23 16:20:14,,20160300,127.8984375,20151200,,20160300
2015-09-23 17:20:41,,20160300,127.9609375,20151200,,20160300
2015-09-23 18:21:10,,20160300,127.9765625,20151200,,20160300
2015-09-23 23:00:00,,20160300,127.890625,20151200,,20160300
2015-09-24 14:07:23,,20160300,128.3203125,20151200,,20160300
2015-09-24 15:07:46,,20160300,128.3984375,20151200,,20160300
2015-09-24 16:44:33,,20160300,128.3046875,20151200,,20160300
2015-09-24 17:45:08,,20160300,128.2578125,20151200,,20160300
2015-09-24 18:45:51,,20160300,128.3359375,20151200,,20160300
2015-09-24 23:00:00,,20160300,128.09375,20151200,,20160300
2015-09-25 14:07:03,,20160300,127.6484375,20151200,,20160300
2015-09-25 15:07:27,,20160300,127.7734375,20151200,,20160300
2015-09-25 16:43:08,,20160300,127.7421875,20151200,,20160300
2015-09-25 17:43:48,,20160300,127.7890625,20151200,,20160300
2015-09-25 18:44:33,,20160300,127.8515625,20151200,,20160300
2015-09-25 23:00:00,,20160300,127.8125,20151200,,20160300
2015-09-28 14:08:41,,20160300,127.9296875,20151200,,20160300
2015-09-28 15:51:29,,20160300,128.2265625,20151200,,20160300
2015-09-28 16:51:47,,20160300,128.3203125,20151200,,20160300
2015-09-28 17:52:06,,20160300,128.3515625,20151200,,20160300
2015-09-28 18:52:25,,20160300,128.3203125,20151200,,20160300
2015-09-28 23:00:00,,20160300,128.375,20151200,,20160300
2015-09-29 14:07:50,,20160300,128.4296875,20151200,,20160300
2015-09-29 15:53:04,,20160300,128.5859375,20151200,,20160300
2015-09-29 16:53:24,,20160300,128.6484375,20151200,,20160300
2015-09-29 17:53:43,,20160300,128.8046875,20151200,,20160300
2015-09-29 18:54:03,,20160300,128.7421875,20151200,,20160300
2015-09-29 23:00:00,128.375,20160300,128.796875,20151200,128.375,20160300
2015-09-30 14:07:51,,20160300,128.5390625,20151200,,20160300
2015-09-30 15:08:15,,20160300,128.6171875,20151200,,20160300
2015-09-30 16:24:30,,20160300,128.6640625,20151200,,20160300
2015-09-30 17:24:49,,20160300,128.6953125,20151200,,20160300
2015-09-30 18:25:08,,20160300,128.6953125,20151200,,20160300
2015-09-30 23:00:00,128.296875,20160300,128.765625,20151200,128.296875,20160300
2015-10-01 14:06:12,,20160300,128.9140625,20151200,,20160300
2015-10-01 15:06:43,,20160300,128.9296875,20151200,,20160300
2015-10-01 16:24:00,,20160300,128.8359375,20151200,,20160300
2015-10-01 17:24:26,,20160300,128.9140625,20151200,,20160300
2015-10-01 18:25:17,,20160300,128.8203125,20151200,,20160300
2015-10-01 23:00:00,128.5,20160300,128.8125,20151200,128.5,20160300
2015-10-02 14:08:18,,20160300,129.7421875,20151200,,20160300
2015-10-02 15:08:42,,20160300,129.9921875,20151200,,20160300
2015-10-02 16:50:06,,20160300,129.6640625,20151200,,20160300
2015-10-02 17:50:31,,20160300,129.4765625,20151200,,20160300
2015-10-02 18:50:56,,20160300,129.3046875,20151200,,20160300
2015-10-02 23:00:00,129.0,20160300,129.359375,20151200,129.0,20160300
2015-10-05 14:01:12,,20160300,129.1640625,20151200,,20160300
2015-10-05 15:01:34,,20160300,129.0859375,20151200,,20160300
2015-10-05 16:30:25,,20160300,129.0703125,20151200,,20160300
2015-10-05 17:30:45,,20160300,129.0078125,20151200,,20160300
2015-10-05 18:31:05,,20160300,128.9453125,20151200,,20160300
2015-10-05 23:00:00,128.53125,20160300,128.828125,20151200,128.53125,20160300
2015-10-06 14:07:48,,20160300,128.7734375,20151200,,20160300
2015-10-06 15:56:01,,20160300,128.9296875,20151200,,20160300
2015-10-06 16:56:35,,20160300,128.9453125,20151200,,20160300
2015-10-06 17:56:54,,20160300,128.9609375,20151200,,20160300
2015-10-06 18:57:29,,20160300,128.9609375,20151200,,20160300
2015-10-06 23:00:00,128.703125,20160300,129.015625,20151200,128.703125,20160300
2015-10-07 14:06:55,,20160300,128.7578125,20151200,,20160300
2015-10-07 15:07:19,,20160300,128.6484375,20151200,,20160300
2015-10-07 16:24:00,,20160300,128.8515625,20151200,,20160300
2015-10-07 17:24:18,,20160300,128.7890625,20151200,,20160300
2015-10-07 18:24:38,,20160300,128.8203125,20151200,,20160300
2015-10-07 23:00:00,128.25,20160300,128.71875,20151200,128.25,20160300
2015-10-08 14:23:47,,20160300,128.8359375,20151200,,20160300
2015-10-08 15:24:10,,20160300,128.7734375,20151200,,20160300
2015-10-08 16:52:38,,20160300,128.7109375,20151200,,20160300
2015-10-08 17:53:15,,20160300,128.6015625,20151200,,20160300
2015-10-08 18:53:51,,20160300,128.4921875,20151200,,20160300
2015-10-08 23:00:00,128.34375,20160300,128.46875,20151200,128.34375,20160300
2015-10-09 14:14:07,,20160300,128.2734375,20151200,,20160300
2015-10-09 15:14:31,,20160300,128.5390625,20151200,,20160300
2015-10-09 16:51:11,,20160300,128.3984375,20151200,,20160300
2015-10-09 17:51:55,,20160300,128.3984375,20151200,,20160300
2015-10-09 18:52:33,,20160300,128.4609375,20151200,,20160300
2015-10-09 23:00:00,128.015625,20160300,128.4375,20151200,128.015625,20160300
2015-10-12 14:12:22,,20160300,128.6484375,20151200,,20160300
2015-10-12 15:12:48,,20160300,128.6796875,20151200,,20160300
2015-10-12 16:13:08,,20160300,128.6953125,20151200,,20160300
2015-10-12 23:00:00,128.359375,20160300,128.8125,20151200,128.359375,20160300
2015-10-13 14:07:33,,20160300,128.8828125,20151200,,20160300
2015-10-13 15:52:38,,20160300,128.6796875,20151200,,20160300
2015-10-13 16:52:57,,20160300,128.7890625,20151200,,20160300
2015-10-13 17:53:16,,20160300,128.7890625,20151200,,20160300
2015-10-13 18:53:35,,20160300,128.8203125,20151200,,20160300
2015-10-13 23:00:00,128.53125,20160300,128.953125,20151200,128.53125,20160300
2015-10-14 14:07:10,,20160300,129.2734375,20151200,,20160300
2015-10-14 15:07:33,,20160300,129.1796875,20151200,,20160300
2015-10-14 16:31:13,,20160300,129.3671875,20151200,,20160300
2015-10-14 17:31:33,,20160300,129.3984375,20151200,,20160300
2015-10-14 18:31:51,,20160300,129.4296875,20151200,,20160300
2015-10-14 23:00:00,129.203125,20160300,129.578125,20151200,129.203125,20160300
2015-10-15 14:08:04,,20160300,129.2890625,20151200,,20160300
2015-10-15 15:08:28,,20160300,129.1640625,20151200,,20160300
2015-10-15 16:46:06,,20160300,129.2734375,20151200,,20160300
2015-10-15 17:46:44,,20160300,129.1796875,20151200,,20160300
2015-10-15 18:47:22,,20160300,129.1796875,20151200,,20160300
2015-10-15 23:00:00,128.890625,20160300,129.125,20151200,128.890625,20160300
2015-10-16 14:07:13,,20160300,129.1484375,20151200,,20160300
2015-10-16 15:07:36,,20160300,129.0390625,20151200,,20160300
2015-10-16 16:24:50,,20160300,129.0078125,20151200,,20160300
2015-10-16 17:25:09,,20160300,129.0546875,20151200,,20160300
2015-10-16 18:25:29,,20160300,129.0078125,20151200,,20160300
2015-10-16 23:00:00,128.65625,20160300,129.0,20151200,128.65625,20160300
2015-10-19 14:07:54,,20160300,128.9453125,20151200,,20160300
2015-10-19 15:49:30,,20160300,128.8203125,20151200,,20160300
2015-10-19 16:49:49,,20160300,128.7734375,20151200,,20160300
2015-10-19 17:50:09,,20160300,128.8046875,20151200,,20160300
2015-10-19 18:50:29,,20160300,128.8984375,20151200,,20160300
2015-10-19 23:00:00,128.546875,20160300,128.9375,20151200,128.546875,20160300
2015-10-20 14:01:13,,20160300,128.6328125,20151200,,20160300
2015-10-20 15:01:39,,20160300,128.5078125,20151200,,20160300
2015-10-20 16:32:14,,20160300,128.5546875,20151200,,20160300
2015-10-20 17:32:33,,20160300,128.5859375,20151200,,20160300
2015-10-20 18:32:53,,20160300,128.5703125,20151200,,20160300
2015-10-20 23:00:00,128.203125,20160300,128.546875,20151200,128.203125,20160300
2015-10-21 14:07:57,,20160300,128.7734375,20151200,,20160300
2015-10-21 15:08:22,,20160300,128.8515625,20151200,,20160300
2015-10-21 16:26:39,,20160300,128.8984375,20151200,,20160300
2015-10-21 17:27:00,,20160300,128.9609375,20151200,,20160300
2015-10-21 18:27:19,,20160300,128.9609375,20151200,,20160300
2015-10-21 23:00:00,128.53125,20160300,128.875,20151200,128.53125,20160300
2015-10-22 14:07:42,,20160300,128.8671875,20151200,,20160300
2015-10-22 15:08:16,,20160300,128.8828125,20151200,,20160300
2015-10-22 16:51:31,,20160300,128.8671875,20151200,,20160300
2015-10-22 17:52:14,,20160300,128.8828125,20151200,,20160300
2015-10-22 18:52:50,,20160300,129.0703125,20151200,,20160300
2015-10-22 23:00:00,128.546875,20160300,128.9375,20151200,128.546875,20160300
2015-10-23 14:26:24,,20160300,128.4765625,20151200,,20160300
2015-10-23 15:26:46,,20160300,128.4609375,20151200,,20160300
2015-10-23 16:57:54,,20160300,128.3828125,20151200,,20160300
2015-10-23 17:58:32,,20160300,128.4140625,20151200,,20160300
2015-10-23 18:58:57,,20160300,128.3515625,20151200,,20160300
2015-10-23 23:00:00,127.96875,20160300,128.390625,20151200,127.96875,20160300
2015-10-26 14:08:15,,20160300,128.5859375,20151200,,20160300
2015-10-26 15:08:44,,20160300,128.5546875,20151200,,20160300
2015-10-26 16:31:36,,20160300,128.5390625,20151200,,20160300
2015-10-26 17:32:16,,20160300,128.5546875,20151200,,20160300
2015-10-26 18:32:39,,20160300,128.5859375,20151200,,20160300
2015-10-26 23:00:00,128.140625,20160300,128.578125,20151200,128.140625,20160300
2015-10-27 14:05:35,,20160300,128.8671875,20151200,,20160300
2015-10-27 15:06:04,,20160300,128.9140625,20151200,,20160300
2015-10-27 16:32:57,,20160300,129.0078125,20151200,,20160300
2015-10-27 17:33:30,,20160300,128.9921875,20151200,,20160300
2015-10-27 18:35:31,,20160300,128.9609375,20151200,,20160300
2015-10-27 23:00:00,128.46875,20160300,128.828125,20151200,128.46875,20160300
2015-10-28 14:05:30,,20160300,128.7890625,20151200,,20160300
2015-10-28 15:06:00,,20160300,128.6328125,20151200,,20160300
2015-10-28 16:26:30,,20160300,128.6640625,20151200,,20160300
2015-10-28 17:26:50,,20160300,128.6015625,20151200,,20160300
2015-10-28 18:27:08,,20160300,128.3359375,20151200,,20160300
2015-10-28 23:00:00,127.71875,20160300,128.125,20151200,127.71875,20160300
2015-10-29 23:00:00,127.109375,20160300,,20151200,127.109375,20160300
2015-10-30 23:00:00,127.203125,20160300,,20151200,127.203125,20160300
2015-11-02 14:01:08,,20160300,127.4921875,20151200,,20160300
2015-11-02 15:17:23,,20160300,127.4921875,20151200,,20160300
2015-11-02 16:17:47,,20160300,127.4296875,20151200,,20160300
2015-11-02 17:18:23,,20160300,127.4140625,20151200,,20160300
2015-11-02 18:18:49,,20160300,127.4296875,20151200,,20160300
2015-11-02 23:00:00,126.84375,20160300,127.375,20151200,126.84375,20160300
2015-11-03 14:01:18,,20160300,127.2421875,20151200,,20160300
2015-11-03 15:21:33,,20160300,127.2109375,20151200,,20160300
2015-11-03 16:21:58,,20160300,127.1953125,20151200,,20160300
2015-11-03 17:22:26,,20160300,127.1328125,20151200,,20160300
2015-11-03 18:22:57,,20160300,127.1015625,20151200,,20160300
2015-11-03 23:00:00,126.578125,20160300,127.140625,20151200,126.578125,20160300
2015-11-04 14:07:52,,20160300,127.1171875,20151200,,20160300
2015-11-04 15:26:53,,20160300,127.1328125,20151200,,20160300
2015-11-04 16:27:23,,20160300,126.8984375,20151200,,20160300
2015-11-04 17:28:03,,20160300,126.9140625,20151200,,20160300
2015-11-04 18:28:27,,20160300,126.8671875,20151200,,20160300
2015-11-04 23:00:00,126.375,20160300,126.90625,20151200,126.375,20160300
2015-11-05 14:08:19,,20160300,126.9921875,20151200,,20160300
2015-11-05 15:30:30,,20160300,126.8671875,20151200,,20160300
2015-11-05 16:30:57,,20160300,126.7578125,20151200,,20160300
2015-11-05 17:31:16,,20160300,126.7109375,20151200,,20160300
2015-11-05 18:31:33,,20160300,126.7421875,20151200,,20160300
2015-11-05 23:00:00,126.296875,20160300,126.890625,20151200,126.296875,20160300
2015-11-06 14:07:31,,20160300,126.0859375,20151200,,20160300
2015-11-06 15:08:28,,20160300,126.0859375,20151200,,20160300
2015-11-06 16:08:46,,20160300,126.0390625,20151200,,20160300
2015-11-06 17:09:02,,20160300,125.9921875,20151200,,20160300
2015-11-06 18:09:20,,20160300,126.0078125,20151200,,20160300
2015-11-06 23:00:00,125.484375,20160300,126.078125,20151200,125.484375,20160300
2015-11-09 14:08:36,,20160300,126.0234375,20151200,,20160300
2015-11-09 15:25:07,,20160300,125.8046875,20151200,,20160300
2015-11-09 16:26:02,,20160300,125.8515625,20151200,,20160300
2015-11-09 17:26:30,,20160300,126.0078125,20151200,,20160300
2015-11-09 18:26:55,,20160300,125.9140625,20151200,,20160300
2015-11-09 23:00:00,125.375,20160300,125.9375,20151200,125.375,20160300
2015-11-10 14:08:08,,20160300,126.1015625,20151200,,20160300
2015-11-10 15:28:48,,20160300,126.0078125,20151200,,20160300
2015-11-10 16:29:08,,20160300,126.1640625,20151200,,20160300
2015-11-10 17:29:25,,20160300,126.1953125,20151200,,20160300
2015-11-10 18:29:43,,20160300,126.2890625,20151200,,20160300
2015-11-10 23:00:00,125.609375,20160300,126.25,20151200,125.609375,20160300
2015-11-11 14:08:09,,20160300,126.1640625,20151200,,20160300
2015-11-11 15:57:05,,20160300,126.1015625,20151200,,20160300
2015-11-11 16:57:23,,20160300,126.1171875,20151200,,20160300
2015-11-11 17:57:41,,20160300,126.0703125,20151200,,20160300
2015-11-11 18:57:59,,20160300,126.0859375,20151200,,20160300
2015-11-11 23:00:00,125.375,20160300,126.09375,20151200,125.375,20160300
2015-11-12 14:08:27,,20160300,126.1015625,20151200,,20160300
2015-11-12 15:09:02,,20160300,126.1953125,20151200,,20160300
2015-11-12 16:26:46,,20160300,126.2578125,20151200,,20160300
2015-11-12 17:27:04,,20160300,126.3359375,20151200,,20160300
2015-11-12 18:27:22,,20160300,126.2890625,20151200,,20160300
2015-11-12 23:00:00,125.515625,20160300,126.171875,20151200,125.515625,20160300
2015-11-13 14:24:43,,20160300,126.4296875,20151200,,20160300
2015-11-13 15:28:17,,20160300,126.5390625,20151200,,20160300
2015-11-13 16:32:37,,20160300,126.5546875,20151200,,20160300
2015-11-13 17:32:55,,20160300,126.5390625,20151200,,20160300
2015-11-13 18:33:12,,20160300,126.5234375,20151200,,20160300
2015-11-13 23:00:00,125.875,20160300,126.515625,20151200,125.875,20160300
2015-11-16 14:08:39,,20160300,126.7109375,20151200,,20160300
2015-11-16 15:09:02,,20160300,126.7890625,20151200,,20160300
2015-11-16 16:31:25,,20160300,126.7734375,20151200,,20160300
2015-11-16 17:31:42,,20160300,126.8828125,20151200,,20160300
2015-11-16 18:32:01,,20160300,126.8046875,20151200,,20160300
2015-11-16 23:00:00,126.0625,20160300,126.6875,20151200,126.0625,20160300
2015-11-17 14:08:47,,20160300,126.4765625,20151200,,20160300
2015-11-17 15:09:19,,20160300,126.4453125,20151200,,20160300
2015-11-17 16:52:19,,20160300,126.3984375,20151200,,20160300
2015-11-17 17:53:02,,20160300,126.4921875,20151200,,20160300
2015-11-17 18:53:23,,20160300,126.6484375,20151200,,20160300
2015-11-17 23:00:00,126.1875,20160300,126.796875,20151200,126.1875,20160300
2015-11-18 14:04:22,,20160300,126.5234375,20151200,,20160300
2015-11-18 15:06:26,,20160300,126.5390625,20151200,,20160300
2015-11-18 17:07:11,,20160300,126.5546875,20151200,,20160300
2015-11-18 18:07:31,,20160300,126.6484375,20151200,,20160300
2015-11-18 23:00:00,126.0,20160300,126.625,20151200,126.0,20160300
2015-11-19 14:12:12,,20160300,126.6953125,20151200,,20160300
2015-11-19 15:13:57,,20160300,126.8203125,20151200,,20160300
2015-11-19 16:14:23,,20160300,126.7890625,20151200,,20160300
2015-11-19 17:52:41,,20160300,126.8671875,20151200,,20160300
2015-11-19 18:53:17,,20160300,126.7734375,20151200,,20160300
2015-11-19 23:00:00,126.171875,20160300,126.765625,20151200,126.171875,20160300
2015-11-20 14:01:55,,20160300,126.8203125,20151200,,20160300
2015-11-20 15:02:59,,20160300,126.8671875,20151200,,20160300
2015-11-20 16:03:17,,20160300,126.8828125,20151200,,20160300
2015-11-20 18:06:34,,20160300,126.8671875,20151200,,20160300
2015-11-20 23:00:00,126.09375,20160300,126.671875,20151200,126.09375,20160300
2015-11-23 14:04:09,125.9765625,20160300,,20151200,125.9765625,20160300
2015-11-23 15:04:37,126.0546875,20160300,,20151200,126.0546875,20160300
2015-11-23 16:53:32,126.0859375,20160300,,20151200,126.0859375,20160300
2015-11-23 17:53:51,126.1484375,20160300,,20151200,126.1484375,20160300
2015-11-23 18:54:19,126.2734375,20160300,,20151200,126.2734375,20160300
2015-11-23 23:00:00,126.21875,20160300,126.765625,20151200,126.21875,20160300
2015-11-24 15:10:37,126.3515625,20160300,,20151200,126.3515625,20160300
2015-11-24 16:32:12,126.4296875,20160300,,20151200,126.4296875,20160300
2015-11-24 17:46:58,126.4296875,20160300,,20151200,126.4296875,20160300
2015-11-24 23:00:00,126.421875,20160300,126.96875,20151200,126.421875,20160300
2015-11-25 15:36:53,126.3515625,20160300,,20151200,126.3515625,20160300
2015-11-25 16:57:04,126.3828125,20160300,,20151200,126.3828125,20160300
2015-11-25 18:03:40,126.4453125,20160300,,20151200,126.4453125,20160300
2015-11-25 23:00:00,126.375,20160300,126.96875,20151200,126.375,20160300
2015-11-26 15:02:33,,20160600,126.5078125,20160300,,20160600
2015-11-26 16:31:38,,20160600,126.5390625,20160300,,20160600
2015-11-26 17:43:49,,20160600,126.5234375,20160300,,20160600
2015-11-26 18:45:46,,20160600,126.5234375,20160300,,20160600
2015-11-27 14:59:22,,20160600,126.5703125,20160300,,20160600
2015-11-27 16:30:08,,20160600,126.5546875,20160300,,20160600
2015-11-27 17:46:06,,20160600,126.5078125,20160300,,20160600
2015-11-27 23:00:00,,20160600,126.5,20160300,,20160600
2015-11-30 14:56:07,,20160600,126.5078125,20160300,,20160600
2015-11-30 16:24:52,,20160600,126.5078125,20160300,,20160600
2015-11-30 18:47:13,,20160600,126.4609375,20160300,,20160600
2015-11-30 23:00:00,,20160600,126.484375,20160300,,20160600
2015-12-01 15:01:04,,20160600,126.6328125,20160300,,20160600
2015-12-01 16:31:49,,20160600,126.9765625,20160300,,20160600
2015-12-01 23:00:00,,20160600,127.015625,20160300,,20160600
2015-12-02 14:01:35,,20160600,126.7734375,20160300,,20160600
2015-12-02 15:29:47,,20160600,126.6015625,20160300,,20160600
2015-12-02 16:48:33,,20160600,126.6640625,20160300,,20160600
2015-12-02 23:00:00,,20160600,126.671875,20160300,,20160600
2015-12-03 15:08:51,,20160600,125.9921875,20160300,,20160600
2015-12-03 16:30:58,,20160600,125.7421875,20160300,,20160600
2015-12-03 17:47:40,,20160600,125.6796875,20160300,,20160600
2015-12-03 23:00:00,,20160600,125.59375,20160300,,20160600
2015-12-04 14:12:27,,20160600,125.8046875,20160300,,20160600
2015-12-04 15:41:41,,20160600,125.8515625,20160300,,20160600
2015-12-04 16:58:39,,20160600,126.0234375,20160300,,20160600
2015-12-04 23:00:00,,20160600,125.9375,20160300,,20160600
2015-12-07 15:08:02,,20160600,126.1484375,20160300,,20160600
2015-12-07 16:31:08,,20160600,126.2890625,20160300,,20160600
2015-12-07 18:48:46,,20160600,126.3984375,20160300,,20160600
2015-12-07 23:00:00,,20160600,126.265625,20160300,,20160600
2015-12-08 15:01:08,,20160600,126.3984375,20160300,,20160600
2015-12-08 16:29:49,,20160600,126.4140625,20160300,,20160600
2015-12-08 18:59:16,,20160600,126.4453125,20160300,,20160600
2015-12-08 23:00:00,,20160600,126.421875,20160300,,20160600
2015-12-09 14:04:27,,20160600,126.3984375,20160300,,20160600
2015-12-09 15:30:57,,20160600,126.2265625,20160300,,20160600
2015-12-09 16:48:13,,20160600,126.3203125,20160300,,20160600
2015-12-09 23:00:00,,20160600,126.609375,20160300,,20160600
2015-12-10 14:11:57,,20160600,126.6015625,20160300,,20160600
2015-12-10 15:36:57,,20160600,126.5078125,20160300,,20160600
2015-12-10 16:54:45,,20160600,126.5078125,20160300,,20160600
2015-12-10 23:00:00,,20160600,126.328125,20160300,,20160600
2015-12-11 14:35:15,,20160600,126.8359375,20160300,,20160600
2015-12-11 16:06:35,,20160600,126.9140625,20160300,,20160600
2015-12-11 17:24:06,,20160600,126.9453125,20160300,,20160600
2015-12-11 23:00:00,,20160600,127.140625,20160300,,20160600
2015-12-14 14:11:25,,20160600,126.8515625,20160300,,20160600
2015-12-14 15:11:50,,20160600,126.6796875,20160300,,20160600
2015-12-14 17:17:30,,20160600,126.6484375,20160300,,20160600
2015-12-14 18:17:57,,20160600,126.4453125,20160300,,20160600
2015-12-14 23:00:00,,20160600,126.40625,20160300,,20160600
2015-12-15 23:00:00,,20160600,126.09375,20160300,,20160600
2015-12-16 17:47:34,,20160600,125.7109375,20160300,,20160600
2015-12-16 23:00:00,,20160600,125.671875,20160300,,20160600
2015-12-17 17:57:24,,20160600,126.0859375,20160300,,20160600
2015-12-17 23:00:00,,20160600,126.25,20160300,,20160600
2015-12-18 18:16:03,,20160600,126.5703125,20160300,,20160600
2015-12-18 23:00:00,,20160600,126.453125,20160300,,20160600
2015-12-21 14:35:28,,20160600,126.5390625,20160300,,20160600
2015-12-21 15:37:06,,20160600,126.5546875,20160300,,20160600
2015-12-21 16:37:25,,20160600,126.6953125,20160300,,20160600
2015-12-21 17:37:44,,20160600,126.5859375,20160300,,20160600
2015-12-21 23:00:00,,20160600,126.578125,20160300,,20160600
2015-12-22 14:01:13,,20160600,126.3515625,20160300,,20160600
2015-12-22 15:01:36,,20160600,126.4453125,20160300,,20160600
2015-12-22 16:31:20,,20160600,126.3671875,20160300,,20160600
2015-12-22 17:31:40,,20160600,126.3515625,20160300,,20160600
2015-12-22 18:32:00,,20160600,126.2734375,20160300,,20160600
2015-12-22 23:00:00,125.78125,20160600,126.234375,20160300,125.78125,20160600
2015-12-23 14:08:49,,20160600,125.9453125,20160300,,20160600
2015-12-23 15:09:13,,20160600,126.0234375,20160300,,20160600
2015-12-23 16:31:21,,20160600,125.9921875,20160300,,20160600
2015-12-23 17:31:41,,20160600,125.9765625,20160300,,20160600
2015-12-23 18:32:00,,20160600,126.0390625,20160300,,20160600
2015-12-23 23:00:00,125.46875,20160600,126.0625,20160300,125.46875,20160600
2015-12-24 17:47:49,,20160600,126.1328125,20160300,,20160600
2015-12-24 23:00:00,,20160600,126.171875,20160300,,20160600
2015-12-28 14:02:04,,20160600,126.1640625,20160300,,20160600
2015-12-28 15:02:29,,20160600,126.1640625,20160300,,20160600
2015-12-28 16:02:47,,20160600,126.2890625,20160300,,20160600
2015-12-28 17:21:15,,20160600,126.3046875,20160300,,20160600
2015-12-28 18:21:42,,20160600,126.2734375,20160300,,20160600
2015-12-28 23:00:00,,20160600,126.265625,20160300,,20160600
2015-12-29 14:07:31,,20160600,126.0859375,20160300,,20160600
2015-12-29 15:55:20,,20160600,125.9765625,20160300,,20160600
2015-12-29 16:55:39,,20160600,125.9453125,20160300,,20160600
2015-12-29 17:55:56,,20160600,125.9609375,20160300,,20160600
2015-12-29 18:56:19,,20160600,125.6953125,20160300,,20160600
2015-12-29 23:00:00,,20160600,125.640625,20160300,,20160600
2015-12-30 14:08:13,,20160600,125.5234375,20160300,,20160600
2015-12-30 15:08:34,,20160600,125.5546875,20160300,,20160600
2015-12-30 16:30:26,,20160600,125.5390625,20160300,,20160600
2015-12-30 17:30:45,,20160600,125.5546875,20160300,,20160600
2015-12-30 18:31:03,,20160600,125.6796875,20160300,,20160600
2015-12-30 23:00:00,,20160600,125.625,20160300,,20160600
2015-12-31 14:37:06,,20160600,125.8359375,20160300,,20160600
2015-12-31 15:42:14,,20160600,125.9453125,20160300,,20160600
2015-12-31 17:31:36,,20160600,125.7578125,20160300,,20160600
2015-12-31 18:32:22,,20160600,125.9609375,20160300,,20160600
2015-12-31 23:00:00,,20160600,125.921875,20160300,,20160600
2016-01-04 14:15:46,,20160600,126.3359375,20160300,,20160600
2016-01-04 15:54:45,,20160600,126.4453125,20160300,,20160600
2016-01-04 16:55:04,,20160600,126.3984375,20160300,,20160600
2016-01-04 17:55:22,,20160600,126.4609375,20160300,,20160600
2016-01-04 18:55:40,,20160600,126.3359375,20160300,,20160600
2016-01-04 23:00:00,125.53125,20160600,126.25,20160300,125.53125,20160600
2016-01-05 14:08:08,,20160600,126.2578125,20160300,,20160600
2016-01-05 15:08:30,,20160600,126.2109375,20160300,,20160600
2016-01-05 16:23:16,,20160600,126.2890625,20160300,,20160600
2016-01-05 17:23:35,,20160600,126.3828125,20160300,,20160600
2016-01-05 18:23:55,,20160600,126.3984375,20160300,,20160600
2016-01-05 23:00:00,125.71875,20160600,126.21875,20160300,125.71875,20160600
2016-01-06 14:26:56,,20160600,126.7109375,20160300,,20160600
2016-01-06 15:27:29,,20160600,126.6015625,20160300,,20160600
2016-01-06 17:00:19,,20160600,126.7421875,20160300,,20160600
2016-01-06 18:00:49,,20160600,126.7421875,20160300,,20160600
2016-01-06 23:00:00,126.1875,20160600,126.875,20160300,126.1875,20160600
2016-01-07 14:04:12,,20160600,127.0234375,20160300,,20160600
2016-01-07 15:04:38,,20160600,126.9453125,20160300,,20160600
2016-01-07 17:05:54,,20160600,126.8515625,20160300,,20160600
2016-01-07 18:06:10,,20160600,126.8515625,20160300,,20160600
2016-01-07 23:00:00,126.53125,20160600,127.140625,20160300,126.53125,20160600
2016-01-08 14:04:34,,20160600,127.0078125,20160300,,20160600
2016-01-08 15:04:59,,20160600,127.2109375,20160300,,20160600
2016-01-08 16:05:17,,20160600,127.2421875,20160300,,20160600
2016-01-08 17:42:07,,20160600,127.2421875,20160300,,20160600
2016-01-08 18:42:50,,20160600,127.2578125,20160300,,20160600
2016-01-08 23:00:00,126.890625,20160600,127.53125,20160300,126.890625,20160600
2016-01-11 14:07:27,,20160600,127.2109375,20160300,,20160600
2016-01-11 15:07:49,,20160600,127.1640625,20160300,,20160600
2016-01-11 16:30:30,,20160600,127.3203125,20160300,,20160600
2016-01-11 17:30:49,,20160600,127.4296875,20160300,,20160600
2016-01-11 18:31:08,,20160600,127.4453125,20160300,,20160600
2016-01-11 23:00:00,126.765625,20160600,127.265625,20160300,126.765625,20160600
2016-01-12 14:05:06,,20160600,127.1328125,20160300,,20160600
2016-01-12 15:05:26,,20160600,127.2109375,20160300,,20160600
2016-01-12 17:23:33,,20160600,127.6796875,20160300,,20160600
2016-01-12 18:24:28,,20160600,127.7421875,20160300,,20160600
2016-01-12 23:00:00,127.296875,20160600,127.671875,20160300,127.296875,20160600
2016-01-13 14:04:37,,20160600,127.6328125,20160300,,20160600
2016-01-13 15:05:00,,20160600,127.5703125,20160300,,20160600
2016-01-13 16:05:20,,20160600,127.6796875,20160300,,20160600
2016-01-13 17:47:18,,20160600,127.7265625,20160300,,20160600
2016-01-13 18:47:49,,20160600,127.9609375,20160300,,20160600
2016-01-13 23:00:00,127.5,20160600,128.09375,20160300,127.5,20160600
2016-01-14 14:09:09,,20160600,127.8984375,20160300,,20160600
2016-01-14 15:09:38,,20160600,128.0546875,20160300,,20160600
2016-01-14 16:09:58,,20160600,127.9453125,20160300,,20160600
2016-01-14 18:11:01,,20160600,127.6953125,20160300,,20160600
2016-01-14 23:00:00,127.34375,20160600,127.890625,20160300,127.34375,20160600
2016-01-15 14:07:13,,20160600,128.5546875,20160300,,20160600
2016-01-15 15:07:35,,20160600,128.5859375,20160300,,20160600
2016-01-15 16:07:56,,20160600,128.5859375,20160300,,20160600
2016-01-15 17:41:04,,20160600,128.6640625,20160300,,20160600
2016-01-15 18:41:25,,20160600,128.4453125,20160300,,20160600
2016-01-15 23:00:00,127.953125,20160600,128.5,20160300,127.953125,20160600
2016-01-18 14:02:46,,20160600,128.3984375,20160300,,20160600
2016-01-18 15:03:13,,20160600,128.4296875,20160300,,20160600
2016-01-18 17:04:43,,20160600,128.4453125,20160300,,20160600
2016-01-18 18:05:56,,20160600,128.4453125,20160300,,20160600
2016-01-19 14:03:04,,20160600,128.2109375,20160300,,20160600
2016-01-19 15:03:56,,20160600,128.2421875,20160300,,20160600
2016-01-19 17:09:48,,20160600,128.2890625,20160300,,20160600
2016-01-19 18:10:31,,20160600,128.3828125,20160300,,20160600
2016-01-19 23:00:00,127.765625,20160600,128.359375,20160300,127.765625,20160600
2016-01-20 14:01:06,,20160600,128.9296875,20160300,,20160600
2016-01-20 15:02:59,,20160600,128.8515625,20160300,,20160600
2016-01-20 16:03:22,,20160600,128.9765625,20160300,,20160600
2016-01-20 17:48:26,,20160600,129.0703125,20160300,,20160600
2016-01-20 18:48:52,,20160600,129.1484375,20160300,,20160600
2016-01-20 23:00:00,128.328125,20160600,128.875,20160300,128.328125,20160600
2016-01-21 14:22:41,,20160600,128.90625,20160300,,20160600
2016-01-21 15:24:51,,20160600,129.0390625,20160300,,20160600
2016-01-21 16:25:34,,20160600,128.8515625,20160300,,20160600
2016-01-21 17:58:10,,20160600,128.6484375,20160300,,20160600
2016-01-21 18:58:35,,20160600,128.5546875,20160300,,20160600
2016-01-21 23:00:00,128.25,20160600,128.671875,20160300,128.25,20160600
2016-01-22 14:06:10,,20160600,128.3046875,20160300,,20160600
2016-01-22 15:06:57,,20160600,128.2265625,20160300,,20160600
2016-01-22 16:07:17,,20160600,128.1640625,20160300,,20160600
2016-01-22 18:08:56,,20160600,128.3359375,20160300,,20160600
2016-01-22 23:00:00,127.8125,20160600,128.359375,20160300,127.8125,20160600
2016-01-25 14:09:41,,20160600,128.5390625,20160300,,20160600
2016-01-25 15:10:04,,20160600,128.4140625,20160300,,20160600
2016-01-25 17:12:38,,20160600,128.5234375,20160300,,20160600
2016-01-25 18:13:14,,20160600,128.4609375,20160300,,20160600
2016-01-25 23:00:00,128.0,20160600,128.609375,20160300,128.0,20160600
2016-01-26 14:04:46,,20160600,128.6640625,20160300,,20160600
2016-01-26 15:05:28,,20160600,128.6328125,20160300,,20160600
2016-01-26 17:14:54,,20160600,128.6640625,20160300,,20160600
2016-01-26 18:15:12,,20160600,128.7109375,20160300,,20160600
2016-01-26 23:00:00,128.28125,20160600,128.71875,20160300,128.28125,20160600
2016-01-27 14:07:06,,20160600,128.5703125,20160300,,20160600
2016-01-27 15:07:29,,20160600,128.5703125,20160300,,20160600
2016-01-27 16:07:48,,20160600,128.5546875,20160300,,20160600
2016-01-27 17:45:17,,20160600,128.4609375,20160300,,20160600
2016-01-27 18:45:52,,20160600,128.4921875,20160300,,20160600
2016-01-27 23:00:00,128.34375,20160600,128.859375,20160300,128.34375,20160600
2016-01-28 14:01:23,,20160600,128.8515625,20160300,,20160600
2016-01-28 15:01:45,,20160600,128.7890625,20160300,,20160600
2016-01-28 16:02:03,,20160600,128.8515625,20160300,,20160600
2016-01-28 18:13:17,,20160600,128.9609375,20160300,,20160600
2016-01-28 23:00:00,128.515625,20160600,129.015625,20160300,128.515625,20160600
2016-01-29 14:07:30,,20160600,129.3671875,20160300,,20160600
2016-01-29 15:07:52,,20160600,129.3359375,20160300,,20160600
2016-01-29 16:08:11,,20160600,129.5390625,20160300,,20160600
2016-01-29 17:45:36,,20160600,129.5546875,20160300,,20160600
2016-01-29 18:45:53,,20160600,129.4453125,20160300,,20160600
2016-01-29 23:00:00,129.125,20160600,129.59375,20160300,129.125,20160600
2016-02-01 14:02:33,,20160600,129.5234375,20160300,,20160600
2016-02-01 15:03:07,,20160600,129.5546875,20160300,,20160600
2016-02-01 17:05:23,,20160600,129.2421875,20160300,,20160600
2016-02-01 18:05:58,,20160600,129.3515625,20160300,,20160600
2016-02-01 23:00:00,128.734375,20160600,129.28125,20160300,128.734375,20160600
2016-02-02 14:07:26,,20160600,129.7421875,20160300,,20160600
2016-02-02 15:07:49,,20160600,129.8984375,20160300,,20160600
2016-02-02 17:21:38,,20160600,129.9609375,20160300,,20160600
2016-02-02 18:21:59,,20160600,129.9453125,20160300,,20160600
2016-02-02 23:00:00,129.625,20160600,130.125,20160300,129.625,20160600
2016-02-03 14:05:30,,20160600,129.9609375,20160300,,20160600
2016-02-03 15:05:52,,20160600,130.3203125,20160300,,20160600
2016-02-03 16:07:01,,20160600,130.3671875,20160300,,20160600
2016-02-03 17:48:25,,20160600,130.2265625,20160300,,20160600
2016-02-03 18:49:08,,20160600,130.2265625,20160300,,20160600
2016-02-03 23:00:00,129.5625,20160600,130.046875,20160300,129.5625,20160600
2016-02-04 14:04:14,,20160600,130.2109375,20160300,,20160600
2016-02-04 15:04:42,,20160600,130.2890625,20160300,,20160600
2016-02-04 16:05:01,,20160600,130.1328125,20160300,,20160600
2016-02-04 17:41:29,,20160600,130.1796875,20160300,,20160600
2016-02-04 18:41:48,,20160600,130.2421875,20160300,,20160600
2016-02-04 23:00:00,129.765625,20160600,130.296875,20160300,129.765625,20160600
2016-02-05 14:05:37,,20160600,130.1015625,20160300,,20160600
2016-02-05 15:06:00,,20160600,130.0859375,20160300,,20160600
2016-02-05 16:06:19,,20160600,130.0703125,20160300,,20160600
2016-02-05 17:42:51,,20160600,130.1953125,20160300,,20160600
2016-02-05 18:43:09,,20160600,130.4609375,20160300,,20160600
2016-02-05 23:00:00,129.90625,20160600,130.359375,20160300,129.90625,20160600
2016-02-08 14:05:05,,20160600,130.7734375,20160300,,20160600
2016-02-08 15:05:57,,20160600,130.9609375,20160300,,20160600
2016-02-08 17:07:28,,20160600,131.1328125,20160300,,20160600
2016-02-08 18:08:03,,20160600,131.1015625,20160300,,20160600
2016-02-08 23:00:00,130.78125,20160600,131.15625,20160300,130.78125,20160600
2016-02-09 14:05:34,,20160600,131.5234375,20160300,,20160600
2016-02-09 15:05:55,,20160600,131.1796875,20160300,,20160600
2016-02-09 17:21:07,,20160600,131.2890625,20160300,,20160600
2016-02-09 18:21:25,,20160600,131.4453125,20160300,,20160600
2016-02-09 23:00:00,130.859375,20160600,131.25,20160300,130.859375,20160600
2016-02-10 14:05:16,,20160600,130.9765625,20160300,,20160600
2016-02-10 15:05:49,,20160600,131.1640625,20160300,,20160600
2016-02-10 16:06:44,,20160600,131.1484375,20160300,,20160600
2016-02-10 17:47:06,,20160600,131.2421875,20160300,,20160600
2016-02-10 18:47:41,,20160600,131.3046875,20160300,,20160600
2016-02-10 23:00:00,131.15625,20160600,131.546875,20160300,131.15625,20160600
2016-02-11 14:01:54,,20160600,132.4921875,20160300,,20160600
2016-02-11 15:02:16,,20160600,132.1015625,20160300,,20160600
2016-02-11 16:02:35,,20160600,132.4765625,20160300,,20160600
2016-02-11 17:42:31,,20160600,132.3984375,20160300,,20160600
2016-02-11 18:42:48,,20160600,132.1640625,20160300,,20160600
2016-02-11 23:00:00,131.640625,20160600,132.046875,20160300,131.640625,20160600
2016-02-12 14:06:02,,20160600,131.6171875,20160300,,20160600
2016-02-12 15:06:29,,20160600,131.6640625,20160300,,20160600
2016-02-12 16:06:47,,20160600,131.4453125,20160300,,20160600
2016-02-12 17:35:32,,20160600,131.2421875,20160300,,20160600
2016-02-12 18:35:49,,20160600,131.0859375,20160300,,20160600
2016-02-12 23:00:00,130.8125,20160600,131.171875,20160300,130.8125,20160600
2016-02-15 14:01:33,,20160600,130.8359375,20160300,,20160600
2016-02-15 15:02:03,,20160600,130.8359375,20160300,,20160600
2016-02-15 17:02:36,,20160600,130.8671875,20160300,,20160600
2016-02-15 18:03:16,,20160600,130.84375,20160300,,20160600
2016-02-16 14:09:51,,20160600,130.9453125,20160300,,20160600
2016-02-16 15:10:17,,20160600,130.9296875,20160300,,20160600
2016-02-16 16:47:07,,20160600,130.8828125,20160300,,20160600
2016-02-16 17:47:25,,20160600,130.8984375,20160300,,20160600
2016-02-16 18:47:44,,20160600,130.7734375,20160300,,20160600
2016-02-16 23:00:00,130.484375,20160600,130.859375,20160300,130.484375,20160600
2016-02-17 14:05:05,,20160600,130.4921875,20160300,,20160600
2016-02-17 15:05:42,,20160600,130.4296875,20160300,,20160600
2016-02-17 16:06:18,,20160600,130.2578125,20160300,,20160600
2016-02-17 17:49:51,,20160600,130.3359375,20160300,,20160600
2016-02-17 18:50:29,,20160600,130.3203125,20160300,,20160600
2016-02-17 23:00:00,130.125,20160600,130.5,20160300,130.125,20160600
2016-02-18 14:06:01,,20160600,130.3984375,20160300,,20160600
2016-02-18 15:06:22,,20160600,130.6484375,20160300,,20160600
2016-02-18 16:06:40,,20160600,130.8359375,20160300,,20160600
2016-02-18 17:40:21,,20160600,130.6953125,20160300,,20160600
2016-02-18 18:40:40,,20160600,130.8515625,20160300,,20160600
2016-02-18 23:00:00,130.671875,20160600,131.0625,20160300,130.671875,20160600
2016-02-19 14:06:30,,20160600,130.7265625,20160300,,20160600
2016-02-19 15:07:10,,20160600,131.0390625,20160300,,20160600
2016-02-19 16:07:31,,20160600,131.0390625,20160300,,20160600
2016-02-19 17:41:01,,20160600,130.8515625,20160300,,20160600
2016-02-19 18:41:20,,20160600,130.7890625,20160300,,20160600
2016-02-19 23:00:00,130.5,20160600,130.875,20160300,130.5,20160600
2016-02-22 14:06:55,,20160600,130.7578125,20160300,,20160600
2016-02-22 15:07:19,,20160600,130.7421875,20160300,,20160600
2016-02-22 17:13:38,,20160600,130.8046875,20160300,,20160600
2016-02-22 18:14:01,,20160600,130.8046875,20160300,,20160600
2016-02-22 23:00:00,130.421875,20160600,130.796875,20160300,130.421875,20160600
2016-02-23 14:06:16,,20160600,130.4765625,20160300,,20160600
2016-02-23 15:06:39,,20160600,130.5546875,20160300,,20160600
2016-02-23 17:22:37,,20160600,131.0234375,20160300,,20160600
2016-02-23 18:23:13,,20160600,130.9921875,20160300,,20160600
2016-02-23 23:00:00,130.578125,20160600,130.953125,20160300,130.578125,20160600
2016-02-24 14:18:26,131.0078125,20160600,,20160300,131.0078125,20160600
2016-02-24 15:18:52,131.2734375,20160600,,20160300,131.2734375,20160600
2016-02-24 16:19:14,131.2421875,20160600,,20160300,131.2421875,20160600
2016-02-24 17:59:58,130.859375,20160600,,20160300,130.859375,20160600
2016-02-24 19:00:50,130.8359375,20160600,,20160300,130.8359375,20160600
2016-02-24 23:00:00,130.59375,20160600,130.984375,20160300,130.59375,20160600
2016-02-25 14:14:40,130.6328125,20160600,,20160300,130.6328125,20160600
2016-02-25 15:15:03,130.9140625,20160600,,20160300,130.9140625,20160600
2016-02-25 16:15:22,131.0078125,20160600,,20160300,131.0078125,20160600
2016-02-25 17:48:31,131.1171875,20160600,,20160300,131.1171875,20160600
2016-02-25 18:48:51,130.9296875,20160600,,20160300,130.9296875,20160600
2016-02-25 23:00:00,130.984375,20160600,131.34375,20160300,130.984375,20160600
2016-02-26 14:07:13,,20160900,130.4609375,20160600,,20160900
2016-02-26 15:07:36,,20160900,130.3359375,20160600,,20160900
2016-02-26 16:07:57,,20160900,130.2890625,20160600,,20160900
2016-02-26 17:49:11,,20160900,130.2734375,20160600,,20160900
2016-02-26 18:49:29,,20160900,130.2890625,20160600,,20160900
2016-02-26 23:00:00,,20160900,130.40625,20160600,,20160900
2016-02-29 14:08:31,,20160900,130.3984375,20160600,,20160900
2016-02-29 15:08:56,,20160900,130.5078125,20160600,,20160900
2016-02-29 17:16:43,,20160900,130.4609375,20160600,,20160900
2016-02-29 18:17:02,,20160900,130.4453125,20160600,,20160900
2016-02-29 23:00:00,,20160900,130.578125,20160600,,20160900
2016-03-01 14:05:27,,20160900,130.5078125,20160600,,20160900
2016-03-01 15:05:49,,20160900,130.2734375,20160600,,20160900
2016-03-01 17:25:35,,20160900,129.6171875,20160600,,20160900
2016-03-01 18:26:21,,20160900,129.7265625,20160600,,20160900
2016-03-01 23:00:00,,20160900,129.671875,20160600,,20160900
2016-03-02 14:06:32,,20160900,129.3984375,20160600,,20160900
2016-03-02 15:06:53,,20160900,129.2578125,20160600,,20160900
2016-03-02 16:07:11,,20160900,129.2890625,20160600,,20160900
2016-03-02 17:50:44,,20160900,129.3359375,20160600,,20160900
2016-03-02 18:51:03,,20160900,129.3828125,20160600,,20160900
2016-03-02 23:00:00,128.875,20160900,129.390625,20160600,128.875,20160900
2016-03-03 14:01:36,,20160900,129.2578125,20160600,,20160900
2016-03-03 15:01:59,,20160900,129.2734375,20160600,,20160900
2016-03-03 16:02:19,,20160900,129.2890625,20160600,,20160900
2016-03-03 18:11:18,,20160900,129.5078125,20160600,,20160900
2016-03-03 23:00:00,,20160900,129.5,20160600,,20160900
2016-03-04 14:14:48,,20160900,129.3828125,20160600,,20160900
2016-03-04 15:15:11,,20160900,129.3359375,20160600,,20160900
2016-03-04 16:15:30,,20160900,129.0703125,20160600,,20160900
2016-03-04 17:46:19,,20160900,129.0390625,20160600,,20160900
2016-03-04 18:46:38,,20160900,128.9921875,20160600,,20160900
2016-03-04 23:00:00,,20160900,129.140625,20160600,,20160900
2016-03-07 14:11:51,,20160900,128.9765625,20160600,,20160900
2016-03-07 15:12:13,,20160900,128.8671875,20160600,,20160900
2016-03-07 17:16:55,,20160900,128.9140625,20160600,,20160900
2016-03-07 18:17:33,,20160900,128.8515625,20160600,,20160900
2016-03-07 23:00:00,,20160900,128.921875,20160600,,20160900
2016-03-08 14:05:03,,20160900,129.4140625,20160600,,20160900
2016-03-08 15:05:25,,20160900,129.6171875,20160600,,20160900
2016-03-08 17:06:46,,20160900,129.6015625,20160600,,20160900
2016-03-08 18:07:04,,20160900,129.5703125,20160600,,20160900
2016-03-08 23:00:00,,20160900,129.546875,20160600,,20160900
2016-03-09 14:16:39,,20160900,129.1484375,20160600,,20160900
2016-03-09 15:17:03,,20160900,129.2734375,20160600,,20160900
2016-03-09 16:17:22,,20160900,129.1796875,20160600,,20160900
2016-03-09 18:00:40,,20160900,129.1328125,20160600,,20160900
2016-03-09 23:00:00,,20160900,129.09375,20160600,,20160900
2016-03-10 14:06:53,,20160900,128.9296875,20160600,,20160900
2016-03-10 15:07:16,,20160900,128.8046875,20160600,,20160900
2016-03-10 16:07:34,,20160900,128.5703125,20160600,,20160900
2016-03-10 18:31:05,,20160900,128.6484375,20160600,,20160900
2016-03-10 23:00:00,,20160900,128.59375,20160600,,20160900
2016-03-11 14:06:20,,20160900,128.5859375,20160600,,20160900
2016-03-11 15:06:42,,20160900,128.4453125,20160600,,20160900
2016-03-11 16:07:01,,20160900,128.3515625,20160600,,20160900
2016-03-11 18:26:03,,20160900,128.3046875,20160600,,20160900
2016-03-11 23:00:00,,20160900,128.296875,20160600,,20160900
2016-03-14 14:03:57,,20160900,128.5390625,20160600,,20160900
2016-03-14 15:04:52,,20160900,128.4921875,20160600,,20160900
2016-03-14 17:11:59,,20160900,128.5546875,20160600,,20160900
2016-03-14 18:12:18,,20160900,128.5078125,20160600,,20160900
2016-03-14 23:00:00,,20160900,128.4375,20160600,,20160900
2016-03-15 14:04:43,,20160900,128.6171875,20160600,,20160900
2016-03-15 15:05:05,,20160900,128.4140625,20160600,,20160900
2016-03-15 17:23:09,,20160900,128.3671875,20160600,,20160900
2016-03-15 18:23:31,,20160900,128.3359375,20160600,,20160900
2016-03-15 23:00:00,,20160900,128.359375,20160600,,20160900
2016-03-16 14:13:43,,20160900,128.1015625,20160600,,20160900
2016-03-16 15:14:08,,20160900,128.1484375,20160600,,20160900
2016-03-16 16:14:28,,20160900,128.1640625,20160600,,20160900
2016-03-16 17:48:42,,20160900,128.1484375,20160600,,20160900
2016-03-16 18:51:02,,20160900,128.6640625,20160600,,20160900
2016-03-16 23:00:00,,20160900,129.046875,20160600,,20160900
2016-03-17 14:13:25,,20160900,129.0859375,20160600,,20160900
2016-03-17 15:13:51,,20160900,129.1015625,20160600,,20160900
2016-03-17 16:14:12,,20160900,129.2265625,20160600,,20160900
2016-03-17 18:16:28,,20160900,129.0859375,20160600,,20160900
2016-03-17 23:00:00,129.0,20160900,129.125,20160600,129.0,20160900
2016-03-18 14:05:16,,20160900,129.3046875,20160600,,20160900
2016-03-18 15:05:41,,20160900,129.3984375,20160600,,20160900
2016-03-18 16:05:59,,20160900,129.3359375,20160600,,20160900
2016-03-18 18:20:22,,20160900,129.4296875,20160600,,20160900
2016-03-18 23:00:00,,20160900,129.375,20160600,,20160900
2016-03-21 14:15:43,,20160900,129.1328125,20160600,,20160900
2016-03-21 15:16:05,,20160900,129.1328125,20160600,,20160900
2016-03-21 17:14:02,,20160900,129.0546875,20160600,,20160900
2016-03-21 18:14:20,,20160900,129.0703125,20160600,,20160900
2016-03-21 23:00:00,129.0,20160900,129.046875,20160600,129.0,20160900
2016-03-22 14:04:41,,20160900,129.2265625,20160600,,20160900
2016-03-22 15:05:05,,20160900,129.1796875,20160600,,20160900
2016-03-22 17:07:01,,20160900,129.1484375,20160600,,20160900
2016-03-22 18:07:20,,20160900,128.8984375,20160600,,20160900
2016-03-22 23:00:00,128.4375,20160900,128.734375,20160600,128.4375,20160900
2016-03-23 14:16:16,,20160900,128.8984375,20160600,,20160900
2016-03-23 15:16:36,,20160900,128.9609375,20160600,,20160900
2016-03-23 16:16:57,,20160900,129.0703125,20160600,,20160900
2016-03-23 17:58:17,,20160900,129.2421875,20160600,,20160900
2016-03-23 19:00:28,,20160900,129.3046875,20160600,,20160900
2016-03-23 23:00:00,129.015625,20160900,129.28125,20160600,129.015625,20160900
2016-03-24 14:05:13,,20160900,129.3828125,20160600,,20160900
2016-03-24 15:05:36,,20160900,129.2265625,20160600,,20160900
2016-03-24 16:05:52,,20160900,129.1640625,20160600,,20160900
2016-03-24 18:18:57,,20160900,129.1328125,20160600,,20160900
2016-03-24 23:00:00,128.84375,20160900,129.1875,20160600,128.84375,20160900
2016-03-28 14:24:57,,20160900,129.1640625,20160600,,20160900
2016-03-28 15:30:59,,20160900,129.2421875,20160600,,20160900
2016-03-28 16:43:55,,20160900,129.3828125,20160600,,20160900
2016-03-28 23:00:00,129.203125,20160900,,20160600,129.203125,20160900
2016-03-29 14:08:49,,20160900,129.4765625,20160600,,20160900
2016-03-29 15:09:31,,20160900,129.5390625,20160600,,20160900
2016-03-29 16:28:10,,20160900,129.5703125,20160600,,20160900
2016-03-29 17:28:30,,20160900,129.6328125,20160600,,20160900
2016-03-29 18:28:49,,20160900,129.8046875,20160600,,20160900
2016-03-29 23:00:00,129.90625,20160900,130.046875,20160600,129.90625,20160900
2016-03-30 14:05:44,,20160900,129.9296875,20160600,,20160900
2016-03-30 15:06:18,,20160900,129.9296875,20160600,,20160900
2016-03-30 17:22:07,,20160900,129.8203125,20160600,,20160900
2016-03-30 18:22:38,,20160900,129.9140625,20160600,,20160900
2016-03-30 23:00:00,129.828125,20160900,130.015625,20160600,129.828125,20160900
2016-03-31 14:06:53,,20160900,130.0859375,20160600,,20160900
2016-03-31 15:08:47,,20160900,130.1015625,20160600,,20160900
2016-03-31 16:09:05,,20160900,129.9921875,20160600,,20160900
2016-03-31 17:15:03,,20160900,130.1640625,20160600,,20160900
2016-03-31 18:15:22,,20160900,130.1796875,20160600,,20160900
2016-03-31 23:00:00,130.0625,20160900,130.453125,20160600,130.0625,20160900
2016-04-01 14:05:05,,20160900,130.4453125,20160600,,20160900
2016-04-01 15:09:15,,20160900,130.3984375,20160600,,20160900
2016-04-01 16:09:33,,20160900,130.15625,20160600,,20160900
2016-04-01 17:48:32,,20160900,130.3359375,20160600,,20160900
2016-04-01 18:49:10,,20160900,130.4140625,20160600,,20160900
2016-04-01 23:00:00,130.015625,20160900,130.328125,20160600,130.015625,20160900
2016-04-04 14:21:01,,20160900,130.4765625,20160600,,20160900
2016-04-04 15:21:28,,20160900,130.3828125,20160600,,20160900
2016-04-04 16:21:47,,20160900,130.4921875,20160600,,20160900
2016-04-04 18:02:21,,20160900,130.4921875,20160600,,20160900
2016-04-04 23:00:00,130.40625,20160900,130.546875,20160600,130.40625,20160900
2016-04-05 14:01:05,,20160900,130.8671875,20160600,,20160900
2016-04-05 15:01:30,,20160900,130.8359375,20160600,,20160900
2016-04-05 16:01:50,,20160900,130.8515625,20160600,,20160900
2016-04-05 17:02:10,,20160900,130.7578125,20160600,,20160900
2016-04-05 18:55:42,,20160900,130.8671875,20160600,,20160900
2016-04-05 23:00:00,130.71875,20160900,130.921875,20160600,130.71875,20160900
2016-04-06 14:13:28,,20160900,130.7421875,20160600,,20160900
2016-04-06 15:14:10,,20160900,130.8046875,20160600,,20160900
2016-04-06 16:16:22,,20160900,130.7109375,20160600,,20160900
2016-04-06 17:16:57,,20160900,130.6796875,20160600,,20160900
2016-04-06 23:00:00,130.5,20160900,130.65625,20160600,130.5,20160900
2016-04-07 14:31:33,,20160900,131.0390625,20160600,,20160900
2016-04-07 15:32:19,,20160900,131.1015625,20160600,,20160900
2016-04-07 16:32:39,,20160900,131.1640625,20160600,,20160900
2016-04-07 17:33:00,,20160900,131.1796875,20160600,,20160900
2016-04-07 23:00:00,131.234375,20160900,131.25,20160600,131.234375,20160900
2016-04-08 14:46:14,,20160900,130.9765625,20160600,,20160900
2016-04-08 15:48:12,,20160900,130.9140625,20160600,,20160900
2016-04-08 16:48:32,,20160900,131.0078125,20160600,,20160900
2016-04-08 17:48:52,,20160900,130.9921875,20160600,,20160900
2016-04-08 23:00:00,130.921875,20160900,131.0625,20160600,130.921875,20160900
2016-04-11 14:07:23,,20160900,130.8359375,20160600,,20160900
2016-04-11 15:07:49,,20160900,130.8046875,20160600,,20160900
2016-04-11 16:08:11,,20160900,131.0390625,20160600,,20160900
2016-04-11 17:42:25,,20160900,131.0703125,20160600,,20160900
2016-04-11 18:42:44,,20160900,131.0703125,20160600,,20160900
2016-04-11 23:00:00,131.0,20160900,131.046875,20160600,131.0,20160900
2016-04-12 14:14:31,,20160900,130.8046875,20160600,,20160900
2016-04-12 15:14:56,,20160900,130.7421875,20160600,,20160900
2016-04-12 16:15:18,,20160900,130.6640625,20160600,,20160900
2016-04-12 18:25:39,,20160900,130.6171875,20160600,,20160900
2016-04-12 23:00:00,130.515625,20160900,130.578125,20160600,130.515625,20160900
2016-04-13 14:06:06,,20160900,130.5546875,20160600,,20160900
2016-04-13 15:06:27,,20160900,130.4453125,20160600,,20160900
2016-04-13 16:08:21,,20160900,130.4765625,20160600,,20160900
2016-04-13 17:08:45,,20160900,130.5546875,20160600,,20160900
2016-04-13 18:46:25,,20160900,130.6328125,20160600,,20160900
2016-04-13 23:00:00,130.484375,20160900,130.59375,20160600,130.484375,20160900
2016-04-14 14:23:05,,20160900,130.3046875,20160600,,20160900
2016-04-14 15:23:32,,20160900,130.4921875,20160600,,20160900
2016-04-14 16:23:57,,20160900,130.3984375,20160600,,20160900
2016-04-14 17:24:17,,20160900,130.2890625,20160600,,20160900
2016-04-14 23:00:00,130.21875,20160900,130.28125,20160600,130.21875,20160900
2016-04-15 14:19:12,,20160900,130.5078125,20160600,,20160900
2016-04-15 15:20:00,,20160900,130.6640625,20160600,,20160900
2016-04-15 16:20:49,,20160900,130.6484375,20160600,,20160900
2016-04-15 17:21:08,,20160900,130.6796875,20160600,,20160900
2016-04-15 23:00:00,130.578125,20160900,130.640625,20160600,130.578125,20160900
2016-04-18 14:16:59,,20160900,130.5234375,20160600,,20160900
2016-04-18 15:17:30,,20160900,130.4609375,20160600,,20160900
2016-04-18 16:17:58,,20160900,130.4453125,20160600,,20160900
2016-04-18 18:14:16,,20160900,130.4453125,20160600,,20160900
2016-04-18 23:00:00,130.40625,20160900,130.5,20160600,130.40625,20160900
2016-04-19 14:04:41,,20160900,130.4296875,20160600,,20160900
2016-04-19 15:05:22,,20160900,130.3828125,20160600,,20160900
2016-04-19 16:06:03,,20160900,130.2109375,20160600,,20160900
2016-04-19 18:34:56,,20160900,130.3984375,20160600,,20160900
2016-04-19 23:00:00,130.28125,20160900,130.296875,20160600,130.28125,20160900
2016-04-20 14:08:53,,20160900,130.3359375,20160600,,20160900
2016-04-20 15:09:18,,20160900,130.3828125,20160600,,20160900
2016-04-20 16:09:57,,20160900,130.4453125,20160600,,20160900
2016-04-20 17:10:41,,20160900,130.2265625,20160600,,20160900
2016-04-20 18:50:37,,20160900,130.0234375,20160600,,20160900
2016-04-20 23:00:00,129.625,20160900,129.796875,20160600,129.625,20160900
2016-04-21 14:34:11,,20160900,129.5078125,20160600,,20160900
2016-04-21 15:35:00,,20160900,129.6796875,20160600,,20160900
2016-04-21 16:35:21,,20160900,129.5859375,20160600,,20160900
2016-04-21 17:35:41,,20160900,129.5390625,20160600,,20160900
2016-04-21 23:00:00,129.4375,20160900,129.59375,20160600,129.4375,20160900
2016-04-22 14:27:48,,20160900,129.5234375,20160600,,20160900
2016-04-22 15:28:49,,20160900,129.3984375,20160600,,20160900
2016-04-22 16:29:09,,20160900,129.5078125,20160600,,20160900
2016-04-22 17:29:29,,20160900,129.6015625,20160600,,20160900
2016-04-22 23:00:00,129.328125,20160900,129.5,20160600,129.328125,20160900
2016-04-25 14:05:54,,20160900,129.4765625,20160600,,20160900
2016-04-25 15:06:21,,20160900,129.3828125,20160600,,20160900
2016-04-25 16:06:51,,20160900,129.4296875,20160600,,20160900
2016-04-25 18:32:59,,20160900,129.3359375,20160600,,20160900
2016-04-25 23:00:00,129.203125,20160900,129.359375,20160600,129.203125,20160900
2016-04-26 14:07:03,,20160900,129.2578125,20160600,,20160900
2016-04-26 15:07:47,,20160900,129.2265625,20160600,,20160900
2016-04-26 16:08:25,,20160900,129.1796875,20160600,,20160900
2016-04-26 18:27:56,,20160900,129.1484375,20160600,,20160900
2016-04-26 23:00:00,128.921875,20160900,129.109375,20160600,128.921875,20160900
2016-04-27 14:01:06,,20160900,129.3984375,20160600,,20160900
2016-04-27 15:01:31,,20160900,129.4296875,20160600,,20160900
2016-04-27 16:01:52,,20160900,129.4765625,20160600,,20160900
2016-04-27 17:02:12,,20160900,129.4609375,20160600,,20160900
2016-04-27 18:34:53,,20160900,129.5390625,20160600,,20160900
2016-04-27 23:00:00,129.625,20160900,129.734375,20160600,129.625,20160900
2016-04-28 14:10:39,,20160900,129.7578125,20160600,,20160900
2016-04-28 15:11:16,,20160900,129.6953125,20160600,,20160900
2016-04-28 16:11:41,,20160900,129.7421875,20160600,,20160900
2016-04-28 17:12:16,,20160900,129.6796875,20160600,,20160900
2016-04-28 18:57:40,,20160900,129.8359375,20160600,,20160900
2016-04-28 23:00:00,129.953125,20160900,130.09375,20160600,129.953125,20160900
2016-04-29 14:01:06,,20160900,129.8359375,20160600,,20160900
2016-04-29 15:01:32,,20160900,129.8671875,20160600,,20160900
2016-04-29 16:01:52,,20160900,129.8359375,20160600,,20160900
2016-04-29 17:02:13,,20160900,129.9453125,20160600,,20160900
2016-04-29 18:28:26,,20160900,129.9140625,20160600,,20160900
2016-04-29 23:00:00,129.953125,20160900,130.015625,20160600,129.953125,20160900
2016-05-02 14:09:26,,20160900,129.8984375,20160600,,20160900
2016-05-02 15:10:10,,20160900,129.7734375,20160600,,20160900
2016-05-02 17:14:34,,20160900,129.8515625,20160600,,20160900
2016-05-02 18:14:56,,20160900,129.8359375,20160600,,20160900
2016-05-02 23:00:00,129.53125,20160900,129.6875,20160600,129.53125,20160900
2016-05-03 14:02:14,,20160900,130.3046875,20160600,,20160900
2016-05-03 15:02:40,,20160900,130.4296875,20160600,,20160900
2016-05-03 17:08:04,,20160900,130.3828125,20160600,,20160900
2016-05-03 18:08:39,,20160900,130.3515625,20160600,,20160900
2016-05-03 23:00:00,130.203125,20160900,130.3125,20160600,130.203125,20160900
2016-05-04 14:01:06,,20160900,130.5078125,20160600,,20160900
2016-05-04 15:01:33,,20160900,130.3046875,20160600,,20160900
2016-05-04 16:01:55,,20160900,130.3515625,20160600,,20160900
2016-05-04 17:42:30,,20160900,130.3828125,20160600,,20160900
2016-05-04 18:43:20,,20160900,130.4296875,20160600,,20160900
2016-05-04 23:00:00,130.375,20160900,130.53125,20160600,130.375,20160900
2016-05-05 14:03:21,,20160900,130.4765625,20160600,,20160900
2016-05-05 15:04:19,,20160900,130.3984375,20160600,,20160900
2016-05-05 16:04:53,,20160900,130.4765625,20160600,,20160900
2016-05-05 17:38:10,,20160900,130.6015625,20160600,,20160900
2016-05-05 18:38:30,,20160900,130.7265625,20160600,,20160900
2016-05-05 23:00:00,130.71875,20160900,130.796875,20160600,130.71875,20160900
2016-05-06 14:13:04,,20160900,130.7734375,20160600,,20160900
2016-05-06 15:13:36,,20160900,130.6953125,20160600,,20160900
2016-05-06 16:14:16,,20160900,130.8203125,20160600,,20160900
2016-05-06 17:51:30,,20160900,130.7578125,20160600,,20160900
2016-05-06 18:51:50,,20160900,130.5546875,20160600,,20160900
2016-05-06 23:00:00,130.5,20160900,130.5625,20160600,130.5,20160900
2016-05-09 14:07:11,,20160900,130.7578125,20160600,,20160900
2016-05-09 15:07:49,,20160900,130.7265625,20160600,,20160900
2016-05-09 16:59:46,,20160900,130.8046875,20160600,,20160900
2016-05-09 18:00:21,,20160900,130.8359375,20160600,,20160900
2016-05-09 19:00:58,,20160900,130.7890625,20160600,,20160900
2016-05-09 23:00:00,130.734375,20160900,130.8125,20160600,130.734375,20160900
2016-05-10 14:03:11,,20160900,130.8828125,20160600,,20160900
2016-05-10 15:04:00,,20160900,130.7578125,20160600,,20160900
2016-05-10 17:13:04,,20160900,130.7109375,20160600,,20160900
2016-05-10 18:13:44,,20160900,130.8046875,20160600,,20160900
2016-05-10 23:00:00,130.78125,20160900,130.8125,20160600,130.78125,20160900
2016-05-11 14:01:06,,20160900,130.7734375,20160600,,20160900
2016-05-11 15:01:32,,20160900,130.7734375,20160600,,20160900
2016-05-11 16:01:53,,20160900,130.8046875,20160600,,20160900
2016-05-11 17:19:25,,20160900,130.8828125,20160600,,20160900
2016-05-11 18:19:53,,20160900,131.0234375,20160600,,20160900
2016-05-11 23:00:00,130.859375,20160900,130.921875,20160600,130.859375,20160900
2016-05-12 14:01:57,,20160900,130.6015625,20160600,,20160900
2016-05-12 15:02:22,,20160900,130.7109375,20160600,,20160900
2016-05-12 16:02:43,,20160900,130.7109375,20160600,,20160900
2016-05-12 18:08:47,,20160900,130.6328125,20160600,,20160900
2016-05-12 23:00:00,130.546875,20160900,130.625,20160600,130.546875,20160900
2016-05-13 14:01:23,,20160900,130.6953125,20160600,,20160900
2016-05-13 15:01:47,,20160900,130.6640625,20160600,,20160900
2016-05-13 16:02:08,,20160900,130.7109375,20160600,,20160900
2016-05-13 18:08:12,,20160900,130.8671875,20160600,,20160900
2016-05-13 23:00:00,130.90625,20160900,130.953125,20160600,130.90625,20160900
2016-05-16 14:04:14,,20160900,130.6953125,20160600,,20160900
2016-05-16 15:05:18,,20160900,130.6484375,20160600,,20160900
2016-05-16 16:37:35,,20160900,130.6171875,20160600,,20160900
2016-05-16 17:37:55,,20160900,130.6171875,20160600,,20160900
2016-05-16 18:38:16,,20160900,130.5859375,20160600,,20160900
2016-05-16 23:00:00,130.5,20160900,130.515625,20160600,130.5,20160900
2016-05-17 14:04:26,,20160900,130.4140625,20160600,,20160900
2016-05-17 15:05:15,,20160900,130.5390625,20160600,,20160900
2016-05-17 17:11:33,,20160900,130.5859375,20160600,,20160900
2016-05-17 18:12:07,,20160900,130.5390625,20160600,,20160900
2016-05-17 23:00:00,130.390625,20160900,130.4375,20160600,130.390625,20160900
2016-05-18 14:07:21,,20160900,130.1640625,20160600,,20160900
2016-05-18 15:07:45,,20160900,129.8984375,20160600,,20160900
2016-05-18 16:08:06,,20160900,129.9453125,20160600,,20160900
2016-05-18 17:51:10,,20160900,129.9296875,20160600,,20160900
2016-05-18 18:51:50,,20160900,129.9453125,20160600,,20160900
2016-05-18 23:00:00,129.34375,20160900,129.484375,20160600,129.34375,20160900
2016-05-19 14:01:31,,20160900,129.4453125,20160600,,20160900
2016-05-19 15:01:56,,20160900,129.7265625,20160600,,20160900
2016-05-19 16:02:16,,20160900,129.6484375,20160600,,20160900
2016-05-19 18:10:34,,20160900,129.6640625,20160600,,20160900
2016-05-19 23:00:00,129.53125,20160900,129.640625,20160600,129.53125,20160900
2016-05-20 14:02:12,,20160900,129.5859375,20160600,,20160900
2016-05-20 15:02:36,,20160900,129.6171875,20160600,,20160900
2016-05-20 16:02:59,,20160900,129.6171875,20160600,,20160900
2016-05-20 18:09:07,,20160900,129.7265625,20160600,,20160900
2016-05-20 23:00:00,129.65625,20160900,129.734375,20160600,129.65625,20160900
2016-05-23 14:07:10,129.6015625,20160900,,20160600,129.6015625,20160900
2016-05-23 15:07:32,129.6484375,20160900,,20160600,129.6484375,20160900
2016-05-23 17:09:16,129.5703125,20160900,,20160600,129.5703125,20160900
2016-05-23 18:09:59,129.6640625,20160900,,20160600,129.6640625,20160900
2016-05-23 23:00:00,129.6875,20160900,129.765625,20160600,129.6875,20160900
2016-05-24 14:07:44,129.5390625,20160900,,20160600,129.5390625,20160900
2016-05-24 15:08:24,129.4140625,20160900,,20160600,129.4140625,20160900
2016-05-24 17:20:00,129.3046875,20160900,,20160600,129.3046875,20160900
2016-05-24 18:20:59,129.3828125,20160900,,20160600,129.3828125,20160900
2016-05-24 23:00:00,129.40625,20160900,129.515625,20160600,129.40625,20160900
2016-05-25 14:14:09,129.3359375,20160900,,20160600,129.3359375,20160900
2016-05-25 15:14:33,129.3359375,20160900,,20160600,129.3359375,20160900
2016-05-25 16:14:53,129.4453125,20160900,,20160600,129.4453125,20160900
2016-05-25 17:54:45,129.4453125,20160900,,20160600,129.4453125,20160900
2016-05-25 18:55:32,129.4140625,20160900,,20160600,129.4140625,20160900
2016-05-25 23:00:00,129.3125,20160900,129.421875,20160600,129.3125,20160900
2016-05-26 14:05:22,129.4765625,20160900,,20160600,129.4765625,20160900
2016-05-26 15:05:39,129.5234375,20160900,,20160600,129.5234375,20160900
2016-05-26 16:18:35,129.6015625,20160900,,20160600,129.6015625,20160900
2016-05-26 17:18:49,129.6328125,20160900,,20160600,129.6328125,20160900
2016-05-26 18:19:03,129.7421875,20160900,,20160600,129.7421875,20160900
2016-05-26 23:00:00,129.75,20160900,129.8125,20160600,129.75,20160900
2016-05-27 14:15:22,129.7578125,20160900,,20160600,129.7578125,20160900
2016-05-27 15:15:49,129.7265625,20160900,,20160600,129.7265625,20160900
2016-05-27 16:16:08,129.6328125,20160900,,20160600,129.6328125,20160900
2016-05-27 17:47:03,129.6953125,20160900,,20160600,129.6953125,20160900
2016-05-27 18:47:23,129.4765625,20160900,,20160600,129.4765625,20160900
2016-05-27 23:00:00,129.421875,20160900,129.515625,20160600,129.421875,20160900
2016-05-30 14:07:23,,20161200,129.2578125,20160900,,20161200
2016-05-30 15:08:14,,20161200,129.3203125,20160900,,20161200
2016-05-30 17:10:02,,20161200,129.2578125,20160900,,20161200
2016-05-30 18:12:26,,20161200,129.3125,20160900,,20161200
2016-05-31 14:09:52,,20161200,129.2109375,20160900,,20161200
2016-05-31 15:10:46,,20161200,129.2890625,20160900,,20161200
2016-05-31 17:22:46,,20161200,129.5390625,20160900,,20161200
2016-05-31 18:23:31,,20161200,129.6015625,20160900,,20161200
2016-05-31 23:00:00,,20161200,129.578125,20160900,,20161200
2016-06-01 14:27:12,,20161200,129.8359375,20160900,,20161200
2016-06-01 15:28:26,,20161200,129.8203125,20160900,,20161200
2016-06-01 16:28:51,,20161200,129.6484375,20160900,,20161200
2016-06-01 18:14:01,,20161200,129.5078125,20160900,,20161200
2016-06-01 23:00:00,,20161200,129.53125,20160900,,20161200
2016-06-02 14:08:42,,20161200,129.6953125,20160900,,20161200
2016-06-02 15:09:11,,20161200,129.8671875,20160900,,20161200
2016-06-02 16:09:32,,20161200,129.9140625,20160900,,20161200
2016-06-02 17:50:43,,20161200,129.9296875,20160900,,20161200
2016-06-02 18:51:10,,20161200,129.9453125,20160900,,20161200
2016-06-02 23:00:00,,20161200,129.921875,20160900,,20161200
2016-06-03 14:15:31,,20161200,130.8984375,20160900,,20161200
2016-06-03 15:16:06,,20161200,130.9296875,20160900,,20161200
2016-06-03 16:16:57,,20161200,130.9140625,20160900,,20161200
2016-06-03 18:18:34,,20161200,130.9609375,20160900,,20161200
2016-06-03 23:00:00,,20161200,131.03125,20160900,,20161200
2016-06-06 14:04:10,,20161200,130.8046875,20160900,,20161200
2016-06-06 15:04:53,,20161200,130.7421875,20160900,,20161200
2016-06-06 17:10:00,,20161200,130.7578125,20160900,,20161200
2016-06-06 18:10:36,,20161200,130.9296875,20160900,,20161200
2016-06-06 23:00:00,,20161200,130.765625,20160900,,20161200
2016-06-07 14:04:38,,20161200,130.9140625,20160900,,20161200
2016-06-07 15:05:09,,20161200,130.9765625,20160900,,20161200
2016-06-07 16:05:32,,20161200,131.0234375,20160900,,20161200
2016-06-07 17:43:20,,20161200,130.9921875,20160900,,20161200
2016-06-07 18:43:40,,20161200,130.9453125,20160900,,20161200
2016-06-07 23:00:00,,20161200,130.9375,20160900,,20161200
2016-06-08 14:05:47,,20161200,130.8984375,20160900,,20161200
2016-06-08 15:06:12,,20161200,131.0078125,20160900,,20161200
2016-06-08 16:08:00,,20161200,130.9453125,20160900,,20161200
2016-06-08 17:50:41,,20161200,130.9296875,20160900,,20161200
2016-06-08 18:51:30,,20161200,130.9765625,20160900,,20161200
2016-06-08 23:00:00,130.609375,20161200,130.96875,20160900,130.609375,20161200
2016-06-09 14:12:14,,20161200,131.1796875,20160900,,20161200
2016-06-09 15:18:28,,20161200,131.2265625,20160900,,20161200
2016-06-09 16:24:48,,20161200,131.1015625,20160900,,20161200
2016-06-09 18:52:57,,20161200,131.1015625,20160900,,20161200
2016-06-09 23:00:00,130.328125,20161200,131.09375,20160900,130.328125,20161200
2016-06-10 14:19:06,,20161200,131.4140625,20160900,,20161200
2016-06-10 15:25:52,,20161200,131.5703125,20160900,,20161200
2016-06-10 16:31:58,,20161200,131.4765625,20160900,,20161200
2016-06-10 23:00:00,,20161200,131.46875,20160900,,20161200
2016-06-13 14:20:42,,20161200,131.6796875,20160900,,20161200
2016-06-13 15:27:23,,20161200,131.6015625,20160900,,20161200
2016-06-13 17:59:56,,20161200,131.7890625,20160900,,20161200
2016-06-13 19:00:48,,20161200,131.7890625,20160900,,20161200
2016-06-13 23:00:00,,20161200,131.796875,20160900,,20161200
2016-06-14 14:01:37,,20161200,132.0390625,20160900,,20161200
2016-06-14 15:10:10,,20161200,131.8984375,20160900,,20161200
2016-06-14 16:19:09,,20161200,131.8359375,20160900,,20161200
2016-06-14 17:44:58,,20161200,131.8203125,20160900,,20161200
2016-06-14 18:45:26,,20161200,131.8046875,20160900,,20161200
2016-06-14 23:00:00,131.15625,20161200,131.71875,20160900,131.15625,20161200
2016-06-15 14:09:34,,20161200,131.6796875,20160900,,20161200
2016-06-15 15:15:56,,20161200,131.8046875,20160900,,20161200
2016-06-15 16:22:03,,20161200,131.9453125,20160900,,20161200
2016-06-15 18:47:28,,20161200,131.8828125,20160900,,20161200
2016-06-15 23:00:00,131.484375,20161200,132.171875,20160900,131.484375,20161200
2016-06-16 14:12:02,,20161200,132.3984375,20160900,,20161200
2016-06-16 15:18:24,,20161200,132.5859375,20160900,,20161200
2016-06-16 16:26:13,,20161200,132.3828125,20160900,,20161200
2016-06-16 18:44:20,,20161200,132.2109375,20160900,,20161200
2016-06-16 23:00:00,131.828125,20161200,132.203125,20160900,131.828125,20161200
2016-06-17 14:10:15,,20161200,132.1015625,20160900,,20161200
2016-06-17 15:17:45,,20161200,131.8671875,20160900,,20161200
2016-06-17 16:26:08,,20161200,131.8984375,20160900,,20161200
2016-06-17 18:39:28,,20161200,131.8984375,20160900,,20161200
2016-06-17 23:00:00,,20161200,131.921875,20160900,,20161200
2016-06-20 14:06:06,,20161200,131.5390625,20160900,,20161200
2016-06-20 15:13:22,,20161200,131.3984375,20160900,,20161200
2016-06-20 17:51:04,,20161200,131.4296875,20160900,,20161200
2016-06-20 18:51:50,,20161200,131.3984375,20160900,,20161200
2016-06-20 23:00:00,,20161200,131.46875,20160900,,20161200
2016-06-21 14:01:46,,20161200,131.4609375,20160900,,20161200
2016-06-21 15:08:19,,20161200,131.4921875,20160900,,20161200
2016-06-21 16:15:50,,20161200,131.3515625,20160900,,20161200
2016-06-21 18:11:09,,20161200,131.2578125,20160900,,20161200
2016-06-21 23:00:00,,20161200,131.203125,20160900,,20161200
2016-06-22 14:10:37,,20161200,131.2109375,20160900,,20161200
2016-06-22 15:17:41,,20161200,131.1796875,20160900,,20161200
2016-06-22 16:24:40,,20161200,131.1640625,20160900,,20161200
2016-06-22 18:48:37,,20161200,131.3671875,20160900,,20161200
2016-06-22 23:00:00,,20161200,131.375,20160900,,20161200
2016-06-23 14:10:25,,20161200,130.8359375,20160900,,20161200
2016-06-23 15:17:08,,20161200,130.9921875,20160900,,20161200
2016-06-23 16:25:17,,20161200,130.8828125,20160900,,20161200
2016-06-23 18:42:09,,20161200,130.8515625,20160900,,20161200
2016-06-23 23:00:00,130.046875,20161200,130.765625,20160900,130.046875,20161200
2016-06-24 14:06:17,,20161200,132.7265625,20160900,,20161200
2016-06-24 15:09:41,,20161200,132.4921875,20160900,,20161200
2016-06-24 16:11:39,,20161200,132.5234375,20160900,,20161200
2016-06-24 17:12:06,,20161200,132.4296875,20160900,,20161200
2016-06-24 23:00:00,131.5625,20161200,132.421875,20160900,131.5625,20161200
2016-06-27 14:20:06,,20161200,133.1171875,20160900,,20161200
2016-06-27 15:27:45,,20161200,133.3046875,20160900,,20161200
2016-06-27 17:55:29,,20161200,133.2890625,20160900,,20161200
2016-06-27 18:55:54,,20161200,133.3359375,20160900,,20161200
2016-06-27 23:00:00,,20161200,133.296875,20160900,,20161200
2016-06-28 14:20:00,,20161200,133.2421875,20160900,,20161200
2016-06-28 15:27:02,,20161200,133.1484375,20160900,,20161200
2016-06-28 18:05:34,,20161200,133.2109375,20160900,,20161200
2016-06-28 23:00:00,132.328125,20161200,133.3125,20160900,132.328125,20161200
2016-06-29 14:05:41,,20161200,133.1015625,20160900,,20161200
2016-06-29 15:12:44,,20161200,133.1640625,20160900,,20161200
2016-06-29 16:21:11,,20161200,133.1953125,20160900,,20161200
2016-06-29 18:01:18,,20161200,133.1015625,20160900,,20161200
2016-06-29 23:00:00,132.015625,20161200,132.796875,20160900,132.015625,20161200
2016-06-30 14:11:19,,20161200,132.8046875,20160900,,20161200
2016-06-30 15:19:10,,20161200,132.8828125,20160900,,20161200
2016-06-30 16:28:21,,20161200,133.0859375,20160900,,20161200
2016-06-30 18:43:03,,20161200,132.9609375,20160900,,20161200
2016-06-30 23:00:00,132.171875,20161200,132.96875,20160900,132.171875,20161200
2016-07-01 14:10:15,,20161200,133.4609375,20160900,,20161200
2016-07-01 15:18:32,,20161200,133.2109375,20160900,,20161200
2016-07-01 16:26:24,,20161200,133.1328125,20160900,,20161200
2016-07-01 23:00:00,132.3125,20161200,133.265625,20160900,132.3125,20161200
2016-07-04 14:15:55,,20161200,133.1796875,20160900,,20161200
2016-07-04 15:20:34,,20161200,133.1796875,20160900,,20161200
2016-07-04 17:48:26,,20161200,133.3203125,20160900,,20161200
2016-07-04 18:50:45,,20161200,133.34375,20160900,,20161200
2016-07-05 14:02:29,,20161200,133.7109375,20160900,,20161200
2016-07-05 15:10:04,,20161200,133.7109375,20160900,,20161200
2016-07-05 16:19:20,,20161200,133.8671875,20160900,,20161200
2016-07-05 18:15:03,,20161200,133.8671875,20160900,,20161200
2016-07-05 23:00:00,132.96875,20161200,133.828125,20160900,132.96875,20161200
2016-07-06 14:14:19,,20161200,133.9296875,20160900,,20161200
2016-07-06 15:21:57,,20161200,133.6640625,20160900,,20161200
2016-07-06 16:29:23,,20161200,133.6796875,20160900,,20161200
2016-07-06 18:10:28,,20161200,133.6484375,20160900,,20161200
2016-07-06 23:00:00,132.875,20161200,133.765625,20160900,132.875,20161200
2016-07-07 14:11:43,,20161200,133.4921875,20160900,,20161200
2016-07-07 15:18:57,,20161200,133.4765625,20160900,,20161200
2016-07-07 16:27:50,,20161200,133.5234375,20160900,,20161200
2016-07-07 18:47:03,,20161200,133.6640625,20160900,,20161200
2016-07-07 23:00:00,132.796875,20161200,133.65625,20160900,132.796875,20161200
2016-07-08 14:11:27,,20161200,133.5078125,20160900,,20161200
2016-07-08 15:18:31,,20161200,133.4140625,20160900,,20161200
2016-07-08 16:25:31,,20161200,133.4765625,20160900,,20161200
2016-07-08 23:00:00,132.90625,20161200,133.78125,20160900,132.90625,20161200
2016-07-11 14:22:26,,20161200,133.3671875,20160900,,20161200
2016-07-11 15:33:04,,20161200,133.4140625,20160900,,20161200
2016-07-11 18:03:31,,20161200,133.2421875,20160900,,20161200
2016-07-11 23:00:00,132.34375,20161200,133.15625,20160900,132.34375,20161200
2016-07-12 14:14:57,,20161200,132.7734375,20160900,,20161200
2016-07-12 15:22:28,,20161200,132.7734375,20160900,,20161200
2016-07-12 18:10:03,,20161200,132.5078125,20160900,,20161200
2016-07-12 23:00:00,131.65625,20161200,132.46875,20160900,131.65625,20161200
2016-07-13 14:08:47,,20161200,132.7890625,20160900,,20161200
2016-07-13 15:16:36,,20161200,132.7734375,20160900,,20161200
2016-07-13 16:24:02,,20161200,132.8828125,20160900,,20161200
2016-07-13 18:49:07,,20161200,132.8203125,20160900,,20161200
2016-07-13 23:00:00,131.9375,20161200,132.75,20160900,131.9375,20161200
2016-07-14 14:16:38,,20161200,132.2421875,20160900,,20161200
2016-07-14 15:24:43,,20161200,132.2578125,20160900,,20161200
2016-07-14 16:33:53,,20161200,132.4609375,20160900,,20161200
2016-07-14 18:50:22,,20161200,132.3515625,20160900,,20161200
2016-07-14 23:00:00,131.3125,20161200,132.375,20160900,131.3125,20161200
2016-07-15 14:12:44,,20161200,132.0546875,20160900,,20161200
2016-07-15 15:20:38,,20161200,131.9296875,20160900,,20161200
2016-07-15 16:30:00,,20161200,131.8984375,20160900,,20161200
2016-07-15 18:50:06,,20161200,131.8046875,20160900,,20161200
2016-07-15 23:00:00,130.921875,20161200,131.921875,20160900,130.921875,20161200
2016-07-18 14:19:14,,20161200,132.2265625,20160900,,20161200
2016-07-18 15:27:35,,20161200,132.1015625,20160900,,20161200
2016-07-18 18:01:18,,20161200,131.9765625,20160900,,20161200
2016-07-18 23:00:00,131.109375,20161200,131.96875,20160900,131.109375,20161200
2016-07-19 14:04:44,,20161200,132.1484375,20160900,,20161200
2016-07-19 15:12:19,,20161200,132.1953125,20160900,,20161200
2016-07-19 16:21:14,,20161200,132.2734375,20160900,,20161200
2016-07-19 18:17:39,,20161200,132.3203125,20160900,,20161200
2016-07-19 23:00:00,131.359375,20161200,132.25,20160900,131.359375,20161200
2016-07-20 14:05:35,,20161200,132.0859375,20160900,,20161200
2016-07-20 15:13:31,,20161200,131.9296875,20160900,,20161200
2016-07-20 16:22:05,,20161200,131.9609375,20160900,,20161200
2016-07-20 23:00:00,131.0,20161200,131.96875,20160900,131.0,20161200
2016-07-21 14:12:49,,20161200,131.7578125,20160900,,20161200
2016-07-21 15:20:32,,20161200,131.7265625,20160900,,20161200
2016-07-21 16:30:02,,20161200,131.9765625,20160900,,20161200
2016-07-21 18:50:54,,20161200,132.1171875,20160900,,20161200
2016-07-21 23:00:00,131.3125,20161200,132.265625,20160900,131.3125,20161200
2016-07-22 14:13:21,,20161200,131.9609375,20160900,,20161200
2016-07-22 15:21:17,,20161200,132.0859375,20160900,,20161200
2016-07-22 16:30:49,,20161200,132.1484375,20160900,,20161200
2016-07-22 18:52:22,,20161200,132.2890625,20160900,,20161200
2016-07-22 23:00:00,131.296875,20161200,132.125,20160900,131.296875,20161200
2016-07-25 14:03:04,,20161200,132.1171875,20160900,,20161200
2016-07-25 15:11:12,,20161200,132.1953125,20160900,,20161200
2016-07-25 16:20:36,,20161200,132.1328125,20160900,,20161200
2016-07-25 18:10:07,,20161200,132.1640625,20160900,,20161200
2016-07-25 23:00:00,131.078125,20161200,132.03125,20160900,131.078125,20161200
2016-07-26 14:08:52,,20161200,132.1640625,20160900,,20161200
2016-07-26 15:17:30,,20161200,131.9609375,20160900,,20161200
2016-07-26 16:27:33,,20161200,131.9296875,20160900,,20161200
2016-07-26 18:24:17,,20161200,131.9609375,20160900,,20161200
2016-07-26 23:00:00,131.03125,20161200,132.125,20160900,131.03125,20161200
2016-07-27 14:12:50,,20161200,132.1953125,20160900,,20161200
2016-07-27 15:21:10,,20161200,132.2421875,20160900,,20161200
2016-07-27 16:29:25,,20161200,132.3671875,20160900,,20161200
2016-07-27 18:11:56,,20161200,132.2734375,20160900,,20161200
2016-07-27 23:00:00,131.5,20161200,132.578125,20160900,131.5,20161200
2016-07-28 14:04:46,,20161200,132.4453125,20160900,,20161200
2016-07-28 15:13:43,,20161200,132.4140625,20160900,,20161200
2016-07-28 16:19:33,,20161200,132.5703125,20160900,,20161200
2016-07-28 17:20:01,,20161200,132.5546875,20160900,,20161200
2016-07-28 23:00:00,131.71875,20161200,132.625,20160900,131.71875,20161200
2016-07-29 16:37:09,,20161200,132.9296875,20160900,,20161200
2016-07-29 23:00:00,132.15625,20161200,133.09375,20160900,132.15625,20161200
2016-08-01 23:00:00,131.859375,20161200,132.796875,20160900,131.859375,20161200
2016-08-02 23:00:00,131.609375,20161200,132.546875,20160900,131.609375,20161200
2016-08-03 23:00:00,131.640625,20161200,132.578125,20160900,131.640625,20161200
2016-08-04 23:00:00,131.984375,20161200,132.953125,20160900,131.984375,20161200
2016-08-05 15:29:01,,20161200,132.2890625,20160900,,20161200
2016-08-05 23:00:00,131.09375,20161200,132.0625,20160900,131.09375,20161200
2016-08-08 17:19:15,,20161200,132.0859375,20160900,,20161200
2016-08-08 23:00:00,131.0625,20161200,132.046875,20160900,131.0625,20161200
2016-08-09 18:03:52,,20161200,132.1640625,20160900,,20161200
2016-08-09 23:00:00,131.34375,20161200,132.34375,20160900,131.34375,20161200
2016-08-10 17:59:09,,20161200,132.6484375,20160900,,20161200
2016-08-10 23:00:00,131.75,20161200,132.734375,20160900,131.75,20161200
2016-08-11 18:29:40,,20161200,132.1953125,20160900,,20161200
2016-08-11 23:00:00,131.0625,20161200,132.046875,20160900,131.0625,20161200
2016-08-12 15:18:49,,20161200,132.8203125,20160900,,20161200
2016-08-12 23:00:00,131.546875,20161200,132.546875,20160900,131.546875,20161200
2016-08-15 15:15:23,,20161200,132.3515625,20160900,,20161200
2016-08-15 16:40:37,,20161200,132.3984375,20160900,,20161200
2016-08-15 18:03:54,,20161200,132.3359375,20160900,,20161200
2016-08-15 23:00:00,131.25,20161200,132.203125,20160900,131.25,20161200
2016-08-16 15:52:55,,20161200,131.9140625,20160900,,20161200
2016-08-16 17:15:01,,20161200,131.9453125,20160900,,20161200
2016-08-16 18:28:07,,20161200,132.1484375,20160900,,20161200
2016-08-16 23:00:00,130.984375,20161200,131.984375,20160900,130.984375,20161200
2016-08-17 15:08:43,,20161200,132.0234375,20160900,,20161200
2016-08-17 16:37:48,,20161200,131.9609375,20160900,,20161200
2016-08-17 17:52:43,,20161200,131.9453125,20160900,,20161200
2016-08-17 23:00:00,131.234375,20161200,132.21875,20160900,131.234375,20161200
2016-08-18 14:34:05,,20161200,132.1953125,20160900,,20161200
2016-08-18 16:50:46,,20161200,132.2421875,20160900,,20161200
2016-08-18 18:05:28,,20161200,132.3203125,20160900,,20161200
2016-08-18 23:00:00,131.40625,20161200,132.40625,20160900,131.40625,20161200
2016-08-19 14:32:31,,20161200,132.0546875,20160900,,20161200
2016-08-19 16:41:55,,20161200,131.8515625,20160900,,20161200
2016-08-19 18:04:41,,20161200,131.9140625,20160900,,20161200
2016-08-19 23:00:00,130.921875,20161200,131.953125,20160900,130.921875,20161200
2016-08-22 14:14:20,,20161200,132.1484375,20160900,,20161200
2016-08-22 15:57:27,,20161200,132.1953125,20160900,,20161200
2016-08-22 18:10:55,,20161200,132.2265625,20160900,,20161200
2016-08-22 23:00:00,131.234375,20161200,132.25,20160900,131.234375,20161200
2016-08-23 14:34:26,,20161200,132.3359375,20160900,,20161200
2016-08-23 16:14:24,,20161200,132.2421875,20160900,,20161200
2016-08-23 18:22:57,,20161200,132.2578125,20160900,,20161200
2016-08-23 23:00:00,131.28125,20161200,132.28125,20160900,131.28125,20161200
2016-08-24 14:44:36,,20161200,132.2890625,20160900,,20161200
2016-08-24 16:25:49,,20161200,132.2265625,20160900,,20161200
2016-08-24 18:39:13,,20161200,132.3203125,20160900,,20161200
2016-08-24 23:00:00,131.25,20161200,132.21875,20160900,131.25,20161200
2016-08-25 14:51:30,,20161200,132.0546875,20160900,,20161200
2016-08-25 16:31:33,,20161200,132.1796875,20160900,,20161200
2016-08-25 18:43:01,,20161200,132.1171875,20160900,,20161200
2016-08-25 23:00:00,131.03125,20161200,132.03125,20160900,131.03125,20161200
2016-08-26 14:54:25,,20161200,132.1796875,20160900,,20161200
2016-08-26 16:32:12,,20161200,132.2265625,20160900,,20161200
2016-08-26 23:00:00,130.53125,20161200,131.484375,20160900,130.53125,20161200
2016-08-29 14:08:47,,20161200,131.6484375,20160900,,20161200
2016-08-29 15:48:12,,20161200,131.7265625,20160900,,20161200
2016-08-29 18:00:52,,20161200,131.8046875,20160900,,20161200
2016-08-29 23:00:00,131.015625,20161200,131.96875,20160900,131.015625,20161200
2016-08-30 23:00:00,,20170300,130.9375,20161200,,20170300
2016-08-31 15:01:26,,20170300,131.0234375,20161200,,20170300
2016-08-31 16:33:35,,20170300,130.9140625,20161200,,20170300
2016-08-31 18:48:00,,20170300,130.9765625,20161200,,20170300
2016-08-31 23:00:00,,20170300,130.828125,20161200,,20170300
2016-09-01 14:30:54,,20170300,130.4921875,20161200,,20170300
2016-09-01 16:14:07,,20170300,130.8828125,20161200,,20170300
2016-09-01 18:49:21,,20170300,130.9453125,20161200,,20170300
2016-09-01 23:00:00,,20170300,130.96875,20161200,,20170300
2016-09-02 14:30:01,,20170300,130.8828125,20161200,,20170300
2016-09-02 16:10:50,,20170300,130.5703125,20161200,,20170300
2016-09-02 18:42:39,,20170300,130.6484375,20161200,,20170300
2016-09-02 23:00:00,,20170300,130.734375,20161200,,20170300
2016-09-05 14:57:14,,20170300,130.6796875,20161200,,20170300
2016-09-05 16:33:41,,20170300,130.6484375,20161200,,20170300
2016-09-05 18:43:53,,20170300,130.671875,20161200,,20170300
2016-09-06 14:40:26,,20170300,130.7421875,20161200,,20170300
2016-09-06 17:06:32,,20170300,131.3203125,20161200,,20170300
2016-09-06 18:21:00,,20170300,131.3828125,20161200,,20170300
2016-09-06 23:00:00,,20170300,131.390625,20161200,,20170300
2016-09-07 14:49:52,,20170300,131.5078125,20161200,,20170300
2016-09-07 16:30:40,,20170300,131.3671875,20161200,,20170300
2016-09-07 18:51:00,,20170300,131.4296875,20161200,,20170300
2016-09-07 23:00:00,,20170300,131.375,20161200,,20170300
2016-09-08 15:26:16,,20170300,131.2109375,20161200,,20170300
2016-09-08 16:54:35,,20170300,130.9453125,20161200,,20170300
2016-09-08 23:00:00,,20170300,130.796875,20161200,,20170300
2016-09-09 15:03:05,,20170300,130.3671875,20161200,,20170300
2016-09-09 16:31:49,,20170300,130.3984375,20161200,,20170300
2016-09-09 18:58:23,,20170300,130.3515625,20161200,,20170300
2016-09-09 23:00:00,,20170300,130.34375,20161200,,20170300
2016-09-12 14:40:40,,20170300,130.3046875,20161200,,20170300
2016-09-12 17:06:12,,20170300,130.3359375,20161200,,20170300
2016-09-12 18:20:22,,20170300,130.4296875,20161200,,20170300
2016-09-12 23:00:00,,20170300,130.5,20161200,,20170300
2016-09-13 14:38:12,,20170300,130.4921875,20161200,,20170300
2016-09-13 17:06:50,,20170300,130.0859375,20161200,,20170300
2016-09-13 18:19:53,,20170300,129.9609375,20161200,,20170300
2016-09-13 23:00:00,,20170300,130.09375,20161200,,20170300
2016-09-14 14:57:11,,20170300,130.3203125,20161200,,20170300
2016-09-14 16:31:12,,20170300,130.4140625,20161200,,20170300
2016-09-14 18:51:37,,20170300,130.3984375,20161200,,20170300
2016-09-14 23:00:00,,20170300,130.390625,20161200,,20170300
2016-09-15 15:15:56,,20170300,130.2109375,20161200,,20170300
2016-09-15 16:42:51,,20170300,130.4296875,20161200,,20170300
2016-09-15 19:00:48,,20170300,130.4921875,20161200,,20170300
2016-09-15 23:00:00,,20170300,130.5,20161200,,20170300
2016-09-16 15:16:17,,20170300,130.5546875,20161200,,20170300
2016-09-16 16:39:56,,20170300,130.4609375,20161200,,20170300
2016-09-16 23:00:00,,20170300,130.484375,20161200,,20170300
2016-09-19 14:10:24,,20170300,130.4453125,20161200,,20170300
2016-09-19 16:39:57,,20170300,130.4609375,20161200,,20170300
2016-09-19 18:06:54,,20170300,130.4765625,20161200,,20170300
2016-09-19 23:00:00,,20170300,130.34375,20161200,,20170300
2016-09-20 14:43:10,,20170300,130.4921875,20161200,,20170300
2016-09-20 16:24:59,,20170300,130.6328125,20161200,,20170300
2016-09-20 18:39:26,,20170300,130.4609375,20161200,,20170300
2016-09-20 23:00:00,,20170300,130.5,20161200,,20170300
2016-09-21 15:04:29,,20170300,130.3828125,20161200,,20170300
2016-09-21 16:32:25,,20170300,130.3046875,20161200,,20170300
2016-09-21 18:52:18,,20170300,130.3359375,20161200,,20170300
2016-09-21 23:00:00,129.96875,20170300,130.6875,20161200,129.96875,20170300
2016-09-22 14:52:34,,20170300,130.9296875,20161200,,20170300
2016-09-22 16:32:16,,20170300,131.0078125,20161200,,20170300
2016-09-22 23:00:00,,20170300,130.90625,20161200,,20170300
2016-09-23 14:53:52,,20170300,130.9296875,20161200,,20170300
2016-09-23 16:32:25,,20170300,130.9609375,20161200,,20170300
2016-09-23 18:56:02,,20170300,131.0078125,20161200,,20170300
2016-09-23 23:00:00,,20170300,130.984375,20161200,,20170300
2016-09-26 14:29:56,,20170300,131.1953125,20161200,,20170300
2016-09-26 16:45:01,,20170300,131.3515625,20161200,,20170300
2016-09-26 18:05:24,,20170300,131.3671875,20161200,,20170300
2016-09-26 23:00:00,,20170300,131.375,20161200,,20170300
2016-09-27 14:11:30,,20170300,131.5859375,20161200,,20170300
2016-09-27 15:12:22,,20170300,131.4765625,20161200,,20170300
2016-09-27 16:15:46,,20170300,131.4921875,20161200,,20170300
2016-09-27 17:39:49,,20170300,131.4609375,20161200,,20170300
2016-09-27 18:40:09,,20170300,131.4765625,20161200,,20170300
2016-09-27 23:00:00,,20170300,131.484375,20161200,,20170300
2016-09-28 14:33:53,,20170300,131.5234375,20161200,,20170300
2016-09-28 16:17:54,,20170300,131.5859375,20161200,,20170300
2016-09-28 18:44:50,,20170300,131.5859375,20161200,,20170300
2016-09-28 23:00:00,,20170300,131.390625,20161200,,20170300
2016-09-29 14:46:34,,20170300,131.2421875,20161200,,20170300
2016-09-29 16:30:30,,20170300,131.3359375,20161200,,20170300
2016-09-29 18:44:44,,20170300,131.5234375,20161200,,20170300
2016-09-29 23:00:00,130.8125,20170300,131.53125,20161200,130.8125,20170300
2016-09-30 14:53:30,,20170300,131.4296875,20161200,,20170300
2016-09-30 16:32:06,,20170300,131.2421875,20161200,,20170300
2016-09-30 23:00:00,130.625,20170300,131.21875,20161200,130.625,20170300
2016-10-03 14:42:16,,20170300,131.1484375,20161200,,20170300
2016-10-03 17:12:11,,20170300,130.9609375,20161200,,20170300
2016-10-03 18:27:49,,20170300,131.0078125,20161200,,20170300
2016-10-03 23:00:00,130.546875,20170300,130.953125,20161200,130.546875,20170300
2016-10-04 14:44:55,,20170300,130.8515625,20161200,,20170300
2016-10-04 17:10:23,,20170300,130.6015625,20161200,,20170300
2016-10-04 18:25:24,,20170300,130.5234375,20161200,,20170300
2016-10-04 23:00:00,,20170300,130.484375,20161200,,20170300
2016-10-05 15:05:09,,20170300,130.2890625,20161200,,20170300
2016-10-05 16:34:38,,20170300,130.1953125,20161200,,20170300
2016-10-05 18:53:32,,20170300,130.2265625,20161200,,20170300
2016-10-05 23:00:00,129.65625,20170300,130.28125,20161200,129.65625,20170300
2016-10-06 14:07:14,,20170300,130.1328125,20161200,,20170300
2016-10-06 15:10:46,,20170300,129.9921875,20161200,,20170300
2016-10-06 16:12:05,,20170300,130.0703125,20161200,,20170300
2016-10-06 17:40:25,,20170300,130.0546875,20161200,,20170300
2016-10-06 18:41:34,,20170300,130.0234375,20161200,,20170300
2016-10-06 23:00:00,,20170300,129.96875,20161200,,20170300
2016-10-07 15:23:16,,20170300,130.0234375,20161200,,20170300
2016-10-07 16:52:09,,20170300,129.8671875,20161200,,20170300
2016-10-07 23:00:00,129.578125,20170300,130.140625,20161200,129.578125,20170300
2016-10-10 14:45:01,,20170300,129.7890625,20161200,,20170300
2016-10-10 17:13:51,,20170300,129.6796875,20161200,,20170300
2016-10-10 18:28:46,,20170300,129.7265625,20161200,,20170300
2016-10-10 23:00:00,129.234375,20170300,129.796875,20161200,129.234375,20170300
2016-10-11 14:45:16,,20170300,129.7734375,20161200,,20170300
2016-10-11 16:30:33,,20170300,129.9609375,20161200,,20170300
2016-10-11 18:51:09,,20170300,129.8984375,20161200,,20170300
2016-10-11 23:00:00,129.34375,20170300,129.859375,20161200,129.34375,20170300
2016-10-12 15:24:28,,20170300,129.6796875,20161200,,20170300
2016-10-12 16:52:49,,20170300,129.6484375,20161200,,20170300
2016-10-12 23:00:00,129.328125,20170300,129.859375,20161200,129.328125,20170300
2016-10-13 15:22:49,,20170300,130.2109375,20161200,,20170300
2016-10-13 16:53:05,,20170300,130.1015625,20161200,,20170300
2016-10-13 23:00:00,129.609375,20170300,130.125,20161200,129.609375,20170300
2016-10-14 15:30:09,,20170300,130.0703125,20161200,,20170300
2016-10-14 16:59:35,,20170300,130.0703125,20161200,,20170300
2016-10-14 23:00:00,129.34375,20170300,129.8125,20161200,129.34375,20170300
2016-10-17 14:40:05,,20170300,130.0390625,20161200,,20170300
2016-10-17 17:02:29,,20170300,130.1484375,20161200,,20170300
2016-10-17 18:19:41,,20170300,130.1328125,20161200,,20170300
2016-10-17 23:00:00,129.546875,20170300,130.125,20161200,129.546875,20170300
2016-10-18 14:38:58,,20170300,130.0234375,20161200,,20170300
2016-10-18 17:01:17,,20170300,130.3046875,20161200,,20170300
2016-10-18 18:19:54,,20170300,130.2890625,20161200,,20170300
2016-10-18 23:00:00,129.71875,20170300,130.328125,20161200,129.71875,20170300
2016-10-19 14:57:57,,20170300,130.2734375,20161200,,20170300
2016-10-19 16:32:49,,20170300,130.3984375,20161200,,20170300
2016-10-19 18:47:56,,20170300,130.3515625,20161200,,20170300
2016-10-19 23:00:00,129.828125,20170300,130.34375,20161200,129.828125,20170300
2016-10-20 14:56:50,,20170300,130.4296875,20161200,,20170300
2016-10-20 16:32:57,,20170300,130.3203125,20161200,,20170300
2016-10-20 23:00:00,129.75,20170300,130.234375,20161200,129.75,20170300
2016-10-21 14:55:04,,20170300,130.3828125,20161200,,20170300
2016-10-21 17:25:36,,20170300,130.2109375,20161200,,20170300
2016-10-21 18:44:44,,20170300,130.2734375,20161200,,20170300
2016-10-21 23:00:00,129.78125,20170300,130.359375,20161200,129.78125,20170300
2016-10-24 14:43:21,,20170300,130.3515625,20161200,,20170300
2016-10-24 17:12:28,,20170300,130.1328125,20161200,,20170300
2016-10-24 18:28:33,,20170300,130.1171875,20161200,,20170300
2016-10-24 23:00:00,129.625,20170300,130.171875,20161200,129.625,20170300
2016-10-25 14:58:13,,20170300,130.0859375,20161200,,20170300
2016-10-25 16:32:47,,20170300,130.2578125,20161200,,20170300
2016-10-25 18:53:48,,20170300,130.1484375,20161200,,20170300
2016-10-25 23:00:00,129.625,20170300,130.171875,20161200,129.625,20170300
2016-10-26 15:07:47,,20170300,129.9609375,20161200,,20170300
2016-10-26 16:40:40,,20170300,129.9609375,20161200,,20170300
2016-10-26 23:00:00,129.390625,20170300,129.90625,20161200,129.390625,20170300
2016-10-27 14:15:58,,20170300,129.6015625,20161200,,20170300
2016-10-27 15:20:27,,20170300,129.3984375,20161200,,20170300
2016-10-27 16:27:40,,20170300,129.4453125,20161200,,20170300
2016-10-27 18:02:51,,20170300,129.4296875,20161200,,20170300
2016-10-27 23:00:00,128.90625,20170300,129.484375,20161200,128.90625,20170300
2016-10-28 15:27:03,,20170300,129.5234375,20161200,,20170300
2016-10-28 16:59:26,,20170300,129.4609375,20161200,,20170300
2016-10-28 23:00:00,128.96875,20170300,129.5625,20161200,128.96875,20170300
2016-10-31 14:47:12,,20170300,129.6015625,20161200,,20170300
2016-10-31 17:29:50,,20170300,129.6015625,20161200,,20170300
2016-10-31 18:38:25,,20170300,129.6171875,20161200,,20170300
2016-10-31 23:00:00,129.125,20170300,129.6875,20161200,129.125,20170300
2016-11-01 14:55:17,,20170300,129.4296875,20161200,,20170300
2016-11-01 17:33:42,,20170300,129.4921875,20161200,,20170300
2016-11-01 18:39:35,,20170300,129.8046875,20161200,,20170300
2016-11-01 23:00:00,129.0,20170300,129.734375,20161200,129.0,20170300
2016-11-02 14:29:48,,20170300,129.8515625,20161200,,20170300
2016-11-02 16:21:24,,20170300,129.9765625,20161200,,20170300
2016-11-02 18:47:30,,20170300,130.0390625,20161200,,20170300
2016-11-02 23:00:00,129.46875,20170300,130.015625,20161200,129.46875,20170300
2016-11-03 14:01:32,,20170300,129.8671875,20161200,,20170300
2016-11-03 15:47:02,,20170300,129.9765625,20161200,,20170300
2016-11-03 17:17:33,,20170300,130.0546875,20161200,,20170300
2016-11-03 23:00:00,129.46875,20170300,130.015625,20161200,129.46875,20170300
2016-11-04 15:12:23,,20170300,130.2421875,20161200,,20170300
2016-11-04 16:41:43,,20170300,130.3359375,20161200,,20170300
2016-11-04 23:00:00,129.78125,20170300,130.328125,20161200,129.78125,20170300
2016-11-07 14:54:20,,20170300,129.9296875,20161200,,20170300
2016-11-07 17:23:32,,20170300,129.8359375,20161200,,20170300
2016-11-07 18:41:31,,20170300,129.8828125,20161200,,20170300
2016-11-07 23:00:00,129.265625,20170300,129.84375,20161200,129.265625,20170300
2016-11-08 14:05:56,,20170300,129.8046875,20161200,,20170300
2016-11-08 16:50:17,,20170300,129.5390625,20161200,,20170300
2016-11-08 17:58:27,,20170300,129.4609375,20161200,,20170300
2016-11-08 18:58:45,,20170300,129.4140625,20161200,,20170300
2016-11-08 23:00:00,128.890625,20170300,129.453125,20161200,128.890625,20170300
2016-11-09 15:32:42,,20170300,128.8203125,20161200,,20170300
2016-11-09 18:19:19,,20170300,128.2109375,20161200,,20170300
2016-11-09 23:00:00,127.28125,20170300,127.953125,20161200,127.28125,20170300
2016-11-10 15:12:16,,20170300,127.5078125,20161200,,20170300
2016-11-10 16:46:15,,20170300,127.8828125,20161200,,20170300
2016-11-10 23:00:00,126.6875,20170300,127.390625,20161200,126.6875,20170300
2016-11-11 14:59:29,,20170300,127.6015625,20161200,,20170300
2016-11-11 16:33:22,,20170300,127.4921875,20161200,,20170300
2016-11-11 23:00:00,126.484375,20170300,127.15625,20161200,126.484375,20170300
2016-11-14 23:00:00,125.84375,20170300,126.578125,20161200,125.84375,20170300
2016-11-15 23:00:00,125.78125,20170300,126.484375,20161200,125.78125,20170300
2016-11-16 23:00:00,125.84375,20170300,126.515625,20161200,125.84375,20170300
2016-11-17 14:05:54,,20170300,126.3203125,20161200,,20170300
2016-11-17 15:10:08,,20170300,126.3359375,20161200,,20170300
2016-11-17 16:12:06,,20170300,126.3515625,20161200,,20170300
2016-11-17 17:12:26,,20170300,126.2734375,20161200,,20170300
2016-11-17 18:31:12,,20170300,126.1015625,20161200,,20170300
2016-11-17 23:00:00,125.375,20170300,126.046875,20161200,125.375,20170300
2016-11-18 14:08:12,,20170300,125.9453125,20161200,,20170300
2016-11-18 15:56:07,,20170300,125.6953125,20161200,,20170300
2016-11-18 16:56:27,,20170300,125.6796875,20161200,,20170300
2016-11-18 17:56:46,,20170300,125.5234375,20161200,,20170300
2016-11-18 18:57:06,,20170300,125.5390625,20161200,,20170300
2016-11-18 23:00:00,124.796875,20170300,125.5,20161200,124.796875,20170300
2016-11-21 14:24:37,,20170300,125.6484375,20161200,,20170300
2016-11-21 15:54:10,,20170300,125.7734375,20161200,,20170300
2016-11-21 16:54:30,,20170300,125.6484375,20161200,,20170300
2016-11-21 17:54:49,,20170300,125.6484375,20161200,,20170300
2016-11-21 18:55:07,,20170300,125.5390625,20161200,,20170300
2016-11-21 23:00:00,125.0,20170300,125.65625,20161200,125.0,20170300
2016-11-22 14:08:54,,20170300,125.7578125,20161200,,20170300
2016-11-22 15:09:41,,20170300,125.6484375,20161200,,20170300
2016-11-22 16:10:20,,20170300,125.7890625,20161200,,20170300
2016-11-22 17:10:40,,20170300,125.9453125,20161200,,20170300
2016-11-22 18:10:59,,20170300,125.8828125,20161200,,20170300
2016-11-22 23:00:00,125.109375,20170300,125.765625,20161200,125.109375,20170300
2016-11-23 14:07:42,,20170300,125.1640625,20161200,,20170300
2016-11-23 16:06:04,,20170300,124.9765625,20161200,,20170300
2016-11-23 17:06:21,,20170300,125.2734375,20161200,,20170300
2016-11-23 18:06:41,,20170300,125.3671875,20161200,,20170300
2016-11-23 23:00:00,124.6875,20170300,125.328125,20161200,124.6875,20170300
2016-11-24 14:10:03,124.5703125,20170300,,20161200,124.5703125,20170300
2016-11-24 15:10:59,124.5703125,20170300,,20161200,124.5703125,20170300
2016-11-24 16:42:22,124.4765625,20170300,,20161200,124.4765625,20170300
2016-11-24 17:43:51,124.4609375,20170300,,20161200,124.4609375,20170300
2016-11-24 18:44:51,124.421875,20170300,,20161200,124.421875,20170300
2016-11-25 14:09:54,124.609375,20170300,,20161200,124.609375,20170300
2016-11-25 15:56:43,124.6640625,20170300,,20161200,124.6640625,20170300
2016-11-25 16:57:03,124.5078125,20170300,,20161200,124.5078125,20170300
2016-11-25 17:57:24,124.5859375,20170300,,20161200,124.5859375,20170300
2016-11-25 23:00:00,124.65625,20170300,125.25,20161200,124.65625,20170300
2016-11-28 14:01:07,124.9609375,20170300,,20161200,124.9609375,20170300
2016-11-28 15:03:54,124.8359375,20170300,,20161200,124.8359375,20170300
2016-11-28 16:24:52,125.0234375,20170300,,20161200,125.0234375,20170300
2016-11-28 17:25:13,124.9140625,20170300,,20161200,124.9140625,20170300
2016-11-28 23:00:00,125.046875,20170300,125.703125,20161200,125.046875,20170300
2016-11-29 14:10:17,,20170600,124.7734375,20170300,,20170600
2016-11-29 15:11:17,,20170600,124.8203125,20170300,,20170600
2016-11-29 16:31:20,,20170600,124.8046875,20170300,,20170600
2016-11-29 17:31:39,,20170600,125.0546875,20170300,,20170600
2016-11-29 18:31:58,,20170600,125.0546875,20170300,,20170600
2016-11-30 14:04:40,,20170600,124.4609375,20170300,,20170600
2016-11-30 15:06:08,,20170600,124.4296875,20170300,,20170600
2016-11-30 16:43:14,,20170600,124.3828125,20170300,,20170600
2016-11-30 17:43:35,,20170600,124.4921875,20170300,,20170600
2016-11-30 18:43:55,,20170600,124.4921875,20170300,,20170600
2016-11-30 23:00:00,,20170600,124.40625,20170300,,20170600
2016-12-01 14:05:18,,20170600,124.1796875,20170300,,20170600
2016-12-01 15:06:33,,20170600,123.8828125,20170300,,20170600
2016-12-01 17:23:37,,20170600,123.7578125,20170300,,20170600
2016-12-01 18:24:05,,20170600,123.8515625,20170300,,20170600
2016-12-01 23:00:00,,20170600,123.984375,20170300,,20170600
2016-12-02 14:53:46,,20170600,124.3984375,20170300,,20170600
2016-12-02 15:55:35,,20170600,124.5703125,20170300,,20170600
2016-12-02 17:36:37,,20170600,124.5390625,20170300,,20170600
2016-12-02 18:37:35,,20170600,124.5546875,20170300,,20170600
2016-12-02 23:00:00,,20170600,124.453125,20170300,,20170600
2016-12-05 14:09:06,,20170600,124.2265625,20170300,,20170600
2016-12-05 15:11:13,,20170600,124.0234375,20170300,,20170600
2016-12-05 16:27:39,,20170600,124.3984375,20170300,,20170600
2016-12-05 17:27:58,,20170600,124.3984375,20170300,,20170600
2016-12-05 18:28:19,,20170600,124.5390625,20170300,,20170600
2016-12-05 23:00:00,,20170600,124.421875,20170300,,20170600
2016-12-06 14:09:08,,20170600,124.5234375,20170300,,20170600
2016-12-06 16:01:31,,20170600,124.4921875,20170300,,20170600
2016-12-06 17:01:53,,20170600,124.4609375,20170300,,20170600
2016-12-06 18:02:12,,20170600,124.4453125,20170300,,20170600
2016-12-06 23:00:00,,20170600,124.5,20170300,,20170600
2016-12-07 14:08:38,,20170600,124.6171875,20170300,,20170600
2016-12-07 15:11:04,,20170600,124.7421875,20170300,,20170600
2016-12-07 16:31:20,,20170600,124.7109375,20170300,,20170600
2016-12-07 17:31:39,,20170600,124.7578125,20170300,,20170600
2016-12-07 18:31:59,,20170600,124.8046875,20170300,,20170600
2016-12-07 23:00:00,,20170600,124.828125,20170300,,20170600
2016-12-08 14:03:36,,20170600,124.5078125,20170300,,20170600
2016-12-08 15:05:18,,20170600,124.4609375,20170300,,20170600
2016-12-08 16:40:58,,20170600,124.4609375,20170300,,20170600
2016-12-08 17:41:17,,20170600,124.4765625,20170300,,20170600
2016-12-08 18:41:37,,20170600,124.5390625,20170300,,20170600
2016-12-08 23:00:00,,20170600,124.453125,20170300,,20170600
2016-12-09 14:39:55,,20170600,124.4765625,20170300,,20170600
2016-12-09 15:42:31,,20170600,124.3828125,20170300,,20170600
2016-12-09 17:21:02,,20170600,123.9296875,20170300,,20170600
2016-12-09 18:22:03,,20170600,124.0390625,20170300,,20170600
2016-12-09 23:00:00,,20170600,123.96875,20170300,,20170600
2016-12-12 14:08:23,,20170600,123.8203125,20170300,,20170600
2016-12-12 15:10:10,,20170600,123.8359375,20170300,,20170600
2016-12-12 16:31:29,,20170600,123.8984375,20170300,,20170600
2016-12-12 17:31:51,,20170600,124.0390625,20170300,,20170600
2016-12-12 18:32:10,,20170600,124.0078125,20170300,,20170600
2016-12-12 23:00:00,,20170600,123.984375,20170300,,20170600
2016-12-13 14:34:50,,20170600,124.1796875,20170300,,20170600
2016-12-13 15:38:20,,20170600,124.0390625,20170300,,20170600
2016-12-13 17:17:27,,20170600,123.8984375,20170300,,20170600
2016-12-13 18:17:48,,20170600,124.0078125,20170300,,20170600
2016-12-13 23:00:00,,20170600,124.015625,20170300,,20170600
2016-12-14 14:06:30,,20170600,124.3359375,20170300,,20170600
2016-12-14 15:07:54,,20170600,124.3671875,20170300,,20170600
2016-12-14 17:21:37,,20170600,124.3046875,20170300,,20170600
2016-12-14 18:22:05,,20170600,124.2421875,20170300,,20170600
2016-12-14 23:00:00,123.0,20170600,123.0625,20170300,123.0,20170600
2016-12-15 14:07:11,,20170600,122.8828125,20170300,,20170600
2016-12-15 15:07:58,,20170600,122.9140625,20170300,,20170600
2016-12-15 17:32:20,,20170600,122.8046875,20170300,,20170600
2016-12-15 18:33:23,,20170600,122.7890625,20170300,,20170600
2016-12-15 23:00:00,,20170600,122.671875,20170300,,20170600
2016-12-16 14:06:28,,20170600,122.9765625,20170300,,20170600
2016-12-16 15:08:18,,20170600,122.9296875,20170300,,20170600
2016-12-16 16:10:40,,20170600,122.8359375,20170300,,20170600
2016-12-16 17:17:57,,20170600,123.0546875,20170300,,20170600
2016-12-16 18:18:24,,20170600,123.0390625,20170300,,20170600
2016-12-16 23:00:00,122.0,20170600,122.8125,20170300,122.0,20170600
2016-12-19 14:10:18,,20170600,123.2109375,20170300,,20170600
2016-12-19 15:11:54,,20170600,123.2734375,20170300,,20170600
2016-12-19 16:31:23,,20170600,123.3046875,20170300,,20170600
2016-12-19 17:31:45,,20170600,123.3359375,20170300,,20170600
2016-12-19 18:32:06,,20170600,123.3359375,20170300,,20170600
2016-12-19 23:00:00,,20170600,123.3125,20170300,,20170600
2016-12-20 14:36:53,,20170600,122.9921875,20170300,,20170600
2016-12-20 15:39:34,,20170600,123.0078125,20170300,,20170600
2016-12-20 17:19:27,,20170600,123.1171875,20170300,,20170600
2016-12-20 18:20:29,,20170600,123.1640625,20170300,,20170600
2016-12-20 23:00:00,122.25,20170600,123.140625,20170300,122.25,20170600
2016-12-21 14:10:59,,20170600,123.3046875,20170300,,20170600
2016-12-21 15:13:09,,20170600,123.2890625,20170300,,20170600
2016-12-21 17:26:44,,20170600,123.3203125,20170300,,20170600
2016-12-21 18:27:15,,20170600,123.3046875,20170300,,20170600
2016-12-21 23:00:00,,20170600,123.3125,20170300,,20170600
2016-12-22 14:07:25,,20170600,123.0859375,20170300,,20170600
2016-12-22 15:09:53,,20170600,123.3046875,20170300,,20170600
2016-12-22 17:36:20,,20170600,123.2265625,20170300,,20170600
2016-12-22 18:36:50,,20170600,123.2421875,20170300,,20170600
2016-12-22 23:00:00,,20170600,123.28125,20170300,,20170600
2016-12-23 14:05:16,,20170600,123.3984375,20170300,,20170600
2016-12-23 15:07:33,,20170600,123.3984375,20170300,,20170600
2016-12-23 16:55:24,,20170600,123.3671875,20170300,,20170600
2016-12-23 17:55:45,,20170600,123.3828125,20170300,,20170600
2016-12-23 18:59:16,,20170600,123.3359375,20170300,,20170600
2016-12-23 23:00:00,,20170600,123.359375,20170300,,20170600
2016-12-27 14:04:50,,20170600,123.1484375,20170300,,20170600
2016-12-27 15:05:04,,20170600,123.1484375,20170300,,20170600
2016-12-27 16:10:42,,20170600,123.1171875,20170300,,20170600
2016-12-27 17:10:56,,20170600,123.1171875,20170300,,20170600
2016-12-27 18:11:12,,20170600,123.1171875,20170300,,20170600
2016-12-27 23:00:00,,20170600,123.1875,20170300,,20170600
2016-12-28 14:34:48,,20170600,123.1953125,20170300,,20170600
2016-12-28 15:38:17,,20170600,123.2421875,20170300,,20170600
2016-12-28 17:19:00,,20170600,123.3046875,20170300,,20170600
2016-12-28 18:19:22,,20170600,123.4921875,20170300,,20170600
2016-12-28 23:00:00,122.734375,20170600,123.609375,20170300,122.734375,20170600
2016-12-29 14:06:35,,20170600,123.8046875,20170300,,20170600
2016-12-29 15:09:18,,20170600,123.7890625,20170300,,20170600
2016-12-29 17:29:09,,20170600,123.9453125,20170300,,20170600
2016-12-29 18:29:34,,20170600,124.0234375,20170300,,20170600
2016-12-29 23:00:00,123.234375,20170600,123.890625,20170300,123.234375,20170600
2016-12-30 14:08:28,,20170600,123.9140625,20170300,,20170600
2016-12-30 15:10:20,,20170600,123.9765625,20170300,,20170600
2016-12-30 17:28:29,,20170600,124.1015625,20170300,,20170600
2016-12-30 18:29:17,,20170600,124.1796875,20170300,,20170600
2016-12-30 23:00:00,,20170600,124.125,20170300,,20170600
2017-01-03 23:00:00,123.5,20170600,124.078125,20170300,123.5,20170600
2017-01-04 14:07:01,,20170600,123.9609375,20170300,,20170600
2017-01-04 16:23:02,,20170600,124.0390625,20170300,,20170600
2017-01-04 17:23:27,,20170600,124.1015625,20170300,,20170600
2017-01-04 18:23:48,,20170600,124.0703125,20170300,,20170600
2017-01-04 23:00:00,,20170600,124.203125,20170300,,20170600
2017-01-05 15:03:50,,20170600,124.4296875,20170300,,20170600
2017-01-05 16:34:35,,20170600,124.8203125,20170300,,20170600
2017-01-05 18:56:12,,20170600,124.7890625,20170300,,20170600
2017-01-05 23:00:00,124.28125,20170600,124.953125,20170300,124.28125,20170600
2017-01-06 14:19:24,,20170600,124.5234375,20170300,,20170600
2017-01-06 16:04:14,,20170600,124.5078125,20170300,,20170600
2017-01-06 18:44:20,,20170600,124.3828125,20170300,,20170600
2017-01-06 23:00:00,123.859375,20170600,124.390625,20170300,123.859375,20170600
2017-01-09 14:44:08,,20170600,124.7890625,20170300,,20170600
2017-01-09 17:05:27,,20170600,124.7734375,20170300,,20170600
2017-01-09 18:20:36,,20170600,124.7734375,20170300,,20170600
2017-01-09 23:00:00,124.1875,20170600,124.796875,20170300,124.1875,20170600
2017-01-10 14:40:06,,20170600,124.8203125,20170300,,20170600
2017-01-10 17:02:37,,20170600,124.8203125,20170300,,20170600
2017-01-10 18:19:09,,20170600,124.7421875,20170300,,20170600
2017-01-10 23:00:00,124.265625,20170600,124.765625,20170300,124.265625,20170600
2017-01-11 14:42:32,,20170600,124.7265625,20170300,,20170600
2017-01-11 16:29:06,,20170600,124.8046875,20170300,,20170600
2017-01-11 18:51:10,,20170600,125.0390625,20170300,,20170600
2017-01-11 23:00:00,124.234375,20170600,124.828125,20170300,124.234375,20170600
2017-01-12 15:06:59,,20170600,125.1640625,20170300,,20170600
2017-01-12 16:37:56,,20170600,125.2109375,20170300,,20170600
2017-01-12 19:01:04,,20170600,125.0390625,20170300,,20170600
2017-01-12 23:00:00,124.390625,20170600,124.921875,20170300,124.390625,20170600
2017-01-13 14:08:40,,20170600,124.7578125,20170300,,20170600
2017-01-13 15:53:26,,20170600,124.5546875,20170300,,20170600
2017-01-13 18:35:46,,20170600,124.6015625,20170300,,20170600
2017-01-13 23:00:00,124.0625,20170600,124.625,20170300,124.0625,20170600
2017-01-16 17:35:25,,20170600,124.8359375,20170300,,20170600
2017-01-16 18:36:50,,20170600,124.8359375,20170300,,20170600
2017-01-17 14:09:45,,20170600,125.3203125,20170300,,20170600
2017-01-17 15:10:03,,20170600,125.2265625,20170300,,20170600
2017-01-17 16:10:21,,20170600,125.1796875,20170300,,20170600
2017-01-17 18:20:07,,20170600,125.0546875,20170300,,20170600
2017-01-17 23:00:00,124.671875,20170600,125.234375,20170300,124.671875,20170600
2017-01-18 14:04:28,,20170600,124.8671875,20170300,,20170600
2017-01-18 15:04:51,,20170600,124.9140625,20170300,,20170600
2017-01-18 16:05:13,,20170600,124.8984375,20170300,,20170600
2017-01-18 17:05:29,,20170600,124.8515625,20170300,,20170600
2017-01-18 18:46:07,,20170600,124.7109375,20170300,,20170600
2017-01-18 23:00:00,123.90625,20170600,124.453125,20170300,123.90625,20170600
2017-01-19 14:35:38,,20170600,124.0859375,20170300,,20170600
2017-01-19 15:42:16,,20170600,123.9453125,20170300,,20170600
2017-01-19 16:42:41,,20170600,124.0546875,20170300,,20170600
2017-01-19 17:43:04,,20170600,123.9296875,20170300,,20170600
2017-01-19 23:00:00,123.515625,20170600,124.09375,20170300,123.515625,20170600
2017-01-20 14:25:21,,20170600,123.9921875,20170300,,20170600
2017-01-20 15:25:47,,20170600,124.0234375,20170300,,20170600
2017-01-20 16:27:04,,20170600,123.8828125,20170300,,20170600
2017-01-20 17:27:24,,20170600,123.9453125,20170300,,20170600
2017-01-20 23:00:00,123.6875,20170600,124.1875,20170300,123.6875,20170600
2017-01-23 14:04:27,,20170600,124.4453125,20170300,,20170600
2017-01-23 15:04:51,,20170600,124.4921875,20170300,,20170600
2017-01-23 16:05:25,,20170600,124.6953125,20170300,,20170600
2017-01-23 18:35:41,,20170600,124.7734375,20170300,,20170600
2017-01-23 23:00:00,124.296875,20170600,124.8125,20170300,124.296875,20170600
2017-01-24 14:01:04,,20170600,124.5546875,20170300,,20170600
2017-01-24 15:01:27,,20170600,124.6171875,20170300,,20170600
2017-01-24 16:01:46,,20170600,124.6015625,20170300,,20170600
2017-01-24 17:02:06,,20170600,124.4296875,20170300,,20170600
2017-01-24 18:39:59,,20170600,124.3046875,20170300,,20170600
2017-01-24 23:00:00,123.65625,20170600,124.34375,20170300,123.65625,20170600
2017-01-25 14:24:47,,20170600,123.9296875,20170300,,20170600
2017-01-25 15:25:14,,20170600,123.9921875,20170300,,20170600
2017-01-25 16:25:37,,20170600,123.9296875,20170300,,20170600
2017-01-25 17:25:56,,20170600,123.9140625,20170300,,20170600
2017-01-25 23:00:00,123.25,20170600,123.828125,20170300,123.25,20170600
2017-01-26 14:53:39,,20170600,123.8046875,20170300,,20170600
2017-01-26 15:55:58,,20170600,123.5859375,20170300,,20170600
2017-01-26 16:56:20,,20170600,123.7109375,20170300,,20170600
2017-01-26 17:56:40,,20170600,123.7578125,20170300,,20170600
2017-01-26 23:00:00,123.375,20170600,124.0,20170300,123.375,20170600
2017-01-27 15:06:18,,20170600,124.0703125,20170300,,20170600
2017-01-27 16:07:11,,20170600,124.1171875,20170300,,20170600
2017-01-27 17:07:28,,20170600,124.0546875,20170300,,20170600
2017-01-27 18:07:46,,20170600,124.0859375,20170300,,20170600
2017-01-27 23:00:00,123.5625,20170600,124.109375,20170300,123.5625,20170600
2017-01-30 14:01:05,,20170600,124.2265625,20170300,,20170600
2017-01-30 15:01:29,,20170600,124.1953125,20170300,,20170600
2017-01-30 16:01:46,,20170600,124.3203125,20170300,,20170600
2017-01-30 17:02:06,,20170600,124.2578125,20170300,,20170600
2017-01-30 18:30:38,,20170600,124.1640625,20170300,,20170600
2017-01-30 23:00:00,123.578125,20170600,124.125,20170300,123.578125,20170600
2017-01-31 14:04:35,,20170600,124.1953125,20170300,,20170600
2017-01-31 15:04:59,,20170600,124.5703125,20170300,,20170600
2017-01-31 16:05:17,,20170600,124.6328125,20170300,,20170600
2017-01-31 17:05:33,,20170600,124.5703125,20170300,,20170600
2017-01-31 23:00:00,123.9375,20170600,124.484375,20170300,123.9375,20170600
2017-02-01 14:25:02,,20170600,124.0703125,20170300,,20170600
2017-02-01 15:25:29,,20170600,123.9609375,20170300,,20170600
2017-02-01 16:25:53,,20170600,124.0390625,20170300,,20170600
2017-02-01 17:26:14,,20170600,124.0703125,20170300,,20170600
2017-02-01 23:00:00,123.71875,20170600,124.28125,20170300,123.71875,20170600
2017-02-02 15:07:01,,20170600,124.6171875,20170300,,20170600
2017-02-02 16:07:25,,20170600,124.5703125,20170300,,20170600
2017-02-02 17:07:44,,20170600,124.4453125,20170300,,20170600
2017-02-02 18:08:03,,20170600,124.3984375,20170300,,20170600
2017-02-02 23:00:00,123.75,20170600,124.3125,20170300,123.75,20170600
2017-02-03 15:01:28,,20170600,124.6484375,20170300,,20170600
2017-02-03 16:03:32,,20170600,124.7578125,20170300,,20170600
2017-02-03 17:03:53,,20170600,124.7421875,20170300,,20170600
2017-02-03 18:04:12,,20170600,124.6484375,20170300,,20170600
2017-02-03 23:00:00,123.796875,20170600,124.359375,20170300,123.796875,20170600
2017-02-06 14:01:08,,20170600,124.8515625,20170300,,20170600
2017-02-06 15:04:31,,20170600,124.7109375,20170300,,20170600
2017-02-06 16:31:44,,20170600,124.7734375,20170300,,20170600
2017-02-06 17:32:14,,20170600,124.8359375,20170300,,20170600
2017-02-06 18:32:51,,20170600,124.9140625,20170300,,20170600
2017-02-06 23:00:00,124.390625,20170600,124.921875,20170300,124.390625,20170600
2017-02-07 14:09:11,,20170600,124.8515625,20170300,,20170600
2017-02-07 15:10:58,,20170600,124.8828125,20170300,,20170600
2017-02-07 16:39:15,,20170600,125.1015625,20170300,,20170600
2017-02-07 17:39:44,,20170600,125.1796875,20170300,,20170600
2017-02-07 18:40:21,,20170600,125.1796875,20170300,,20170600
2017-02-07 23:00:00,124.53125,20170600,125.046875,20170300,124.53125,20170600
2017-02-08 14:07:13,,20170600,125.3046875,20170300,,20170600
2017-02-08 15:10:23,,20170600,125.4453125,20170300,,20170600
2017-02-08 16:32:50,,20170600,125.4296875,20170300,,20170600
2017-02-08 17:33:11,,20170600,125.4765625,20170300,,20170600
2017-02-08 18:33:31,,20170600,125.2421875,20170300,,20170600
2017-02-08 23:00:00,124.921875,20170600,125.453125,20170300,124.921875,20170600
2017-02-09 14:04:46,,20170600,125.1796875,20170300,,20170600
2017-02-09 15:06:19,,20170600,125.1015625,20170300,,20170600
2017-02-09 17:23:08,,20170600,125.0234375,20170300,,20170600
2017-02-09 18:23:50,,20170600,125.0078125,20170300,,20170600
2017-02-09 23:00:00,124.34375,20170600,124.875,20170300,124.34375,20170600
2017-02-10 14:10:07,,20170600,124.6953125,20170300,,20170600
2017-02-10 15:12:54,,20170600,124.7578125,20170300,,20170600
2017-02-10 17:23:50,,20170600,124.8515625,20170300,,20170600
2017-02-10 18:24:45,,20170600,124.8359375,20170300,,20170600
2017-02-10 23:00:00,124.234375,20170600,124.78125,20170300,124.234375,20170600
2017-02-13 14:05:54,,20170600,124.5234375,20170300,,20170600
2017-02-13 15:08:38,,20170600,124.4921875,20170300,,20170600
2017-02-13 16:31:09,,20170600,124.4921875,20170300,,20170600
2017-02-13 17:31:29,,20170600,124.5390625,20170300,,20170600
2017-02-13 18:31:48,,20170600,124.5546875,20170300,,20170600
2017-02-13 23:00:00,124.0625,20170600,124.609375,20170300,124.0625,20170600
2017-02-14 14:06:48,,20170600,124.5390625,20170300,,20170600
2017-02-14 15:09:13,,20170600,124.1328125,20170300,,20170600
2017-02-14 16:36:24,,20170600,124.1015625,20170300,,20170600
2017-02-14 17:36:57,,20170600,124.0703125,20170300,,20170600
2017-02-14 18:37:24,,20170600,124.1796875,20170300,,20170600
2017-02-14 23:00:00,123.640625,20170600,124.1875,20170300,123.640625,20170600
2017-02-15 14:39:05,,20170600,123.8828125,20170300,,20170600
2017-02-15 16:32:26,,20170600,123.9765625,20170300,,20170600
2017-02-15 17:32:44,,20170600,123.9921875,20170300,,20170600
2017-02-15 18:33:11,,20170600,123.8828125,20170300,,20170600
2017-02-15 23:00:00,123.390625,20170600,123.96875,20170300,123.390625,20170600
2017-02-16 14:04:59,,20170600,124.1015625,20170300,,20170600
2017-02-16 15:07:21,,20170600,124.1953125,20170300,,20170600
2017-02-16 17:13:13,,20170600,124.3984375,20170300,,20170600
2017-02-16 18:13:33,,20170600,124.3515625,20170300,,20170600
2017-02-16 23:00:00,123.84375,20170600,124.421875,20170300,123.84375,20170600
2017-02-17 14:05:47,,20170600,124.8359375,20170300,,20170600
2017-02-17 15:08:16,,20170600,124.8046875,20170300,,20170600
2017-02-17 16:09:04,,20170600,124.7421875,20170300,,20170600
2017-02-17 17:45:15,,20170600,124.7578125,20170300,,20170600
2017-02-17 18:45:51,,20170600,124.7421875,20170300,,20170600
2017-02-17 23:00:00,124.1875,20170600,124.734375,20170300,124.1875,20170600
2017-02-20 14:10:25,,20170600,124.6640625,20170300,,20170600
2017-02-20 15:11:43,,20170600,124.6796875,20170300,,20170600
2017-02-20 16:43:16,,20170600,124.7109375,20170300,,20170600
2017-02-20 17:45:01,,20170600,124.6796875,20170300,,20170600
2017-02-20 18:47:14,,20170600,124.6875,20170300,,20170600
2017-02-21 14:10:21,,20170600,124.4765625,20170300,,20170600
2017-02-21 15:14:04,,20170600,124.6328125,20170300,,20170600
2017-02-21 16:50:25,,20170600,124.7578125,20170300,,20170600
2017-02-21 17:50:52,,20170600,124.7265625,20170300,,20170600
2017-02-21 18:51:37,,20170600,124.6796875,20170300,,20170600
2017-02-21 23:00:00,124.125,20170600,124.671875,20170300,124.125,20170600
2017-02-22 14:40:56,,20170600,124.8828125,20170300,,20170600
2017-02-22 16:33:22,,20170600,124.7109375,20170300,,20170600
2017-02-22 17:33:42,,20170600,124.6171875,20170300,,20170600
2017-02-22 18:34:04,,20170600,124.4765625,20170300,,20170600
2017-02-22 23:00:00,124.28125,20170600,124.8125,20170300,124.28125,20170600
2017-02-23 14:03:20,124.4609375,20170600,,20170300,124.4609375,20170600
2017-02-23 15:06:35,124.4453125,20170600,,20170300,124.4453125,20170600
2017-02-23 16:06:56,124.5078125,20170600,,20170300,124.5078125,20170600
2017-02-23 18:02:55,124.5078125,20170600,,20170300,124.5078125,20170600
2017-02-23 23:00:00,124.546875,20170600,125.109375,20170300,124.546875,20170600
2017-02-24 14:18:57,124.8984375,20170600,,20170300,124.8984375,20170600
2017-02-24 15:21:59,124.9453125,20170600,,20170300,124.9453125,20170600
2017-02-24 17:27:30,124.9921875,20170600,,20170300,124.9921875,20170600
2017-02-24 18:27:48,125.0234375,20170600,,20170300,125.0234375,20170600
2017-02-24 23:00:00,125.0625,20170600,125.578125,20170300,125.0625,20170600
2017-02-27 14:09:11,,20170900,124.9140625,20170600,,20170900
2017-02-27 15:11:33,,20170900,124.8203125,20170600,,20170900
2017-02-27 16:44:39,,20170900,124.8203125,20170600,,20170900
2017-02-27 17:45:23,,20170900,124.7265625,20170600,,20170900
2017-02-27 18:46:00,,20170900,124.6015625,20170600,,20170900
2017-02-27 23:00:00,,20170900,124.59375,20170600,,20170900
2017-02-28 14:09:51,,20170900,124.6328125,20170600,,20170900
2017-02-28 15:14:04,,20170900,124.6484375,20170600,,20170900
2017-02-28 16:31:55,,20170900,124.7109375,20170600,,20170900
2017-02-28 17:32:16,,20170900,124.7421875,20170600,,20170900
2017-02-28 18:32:36,,20170900,124.6953125,20170600,,20170900
2017-02-28 23:00:00,,20170900,124.53125,20170600,,20170900
2017-03-01 14:07:42,,20170900,123.6640625,20170600,,20170900
2017-03-01 15:11:28,,20170900,123.7578125,20170600,,20170900
2017-03-01 18:10:41,,20170900,123.7734375,20170600,,20170900
2017-03-01 23:00:00,123.515625,20170900,123.75,20170600,123.515625,20170900
2017-03-02 14:06:42,,20170900,123.6484375,20170600,,20170900
2017-03-02 15:56:40,,20170900,123.4921875,20170600,,20170900
2017-03-02 17:28:05,,20170900,123.4453125,20170600,,20170900
2017-03-02 23:00:00,,20170900,123.53125,20170600,,20170900
2017-03-03 14:09:33,,20170900,123.4609375,20170600,,20170900
2017-03-03 16:00:37,,20170900,123.3671875,20170600,,20170900
2017-03-03 17:30:54,,20170900,123.3671875,20170600,,20170900
2017-03-03 23:00:00,,20170900,123.640625,20170600,,20170900
2017-03-06 14:04:26,,20170900,123.6640625,20170600,,20170900
2017-03-06 15:04:48,,20170900,123.6640625,20170600,,20170900
2017-03-06 16:05:08,,20170900,123.5703125,20170600,,20170900
2017-03-06 17:05:27,,20170900,123.6015625,20170600,,20170900
2017-03-06 23:00:00,,20170900,123.625,20170600,,20170900
2017-03-07 14:07:26,,20170900,123.5078125,20170600,,20170900
2017-03-07 15:08:18,,20170900,123.5234375,20170600,,20170900
2017-03-07 16:09:40,,20170900,123.4765625,20170600,,20170900
2017-03-07 17:10:00,,20170900,123.4921875,20170600,,20170900
2017-03-07 23:00:00,,20170900,123.421875,20170600,,20170900
2017-03-08 14:27:42,,20170900,122.9453125,20170600,,20170900
2017-03-08 15:28:05,,20170900,123.0234375,20170600,,20170900
2017-03-08 16:28:38,,20170900,122.9921875,20170600,,20170900
2017-03-08 17:28:58,,20170900,123.0546875,20170600,,20170900
2017-03-08 23:00:00,,20170900,123.09375,20170600,,20170900
2017-03-09 14:50:35,,20170900,122.9609375,20170600,,20170900
2017-03-09 15:51:02,,20170900,122.8984375,20170600,,20170900
2017-03-09 16:51:23,,20170900,122.9140625,20170600,,20170900
2017-03-09 17:51:42,,20170900,122.9453125,20170600,,20170900
2017-03-09 23:00:00,,20170900,122.8125,20170600,,20170900
2017-03-10 16:47:33,,20170900,122.8984375,20170600,,20170900
2017-03-10 17:47:56,,20170900,123.0078125,20170600,,20170900
2017-03-10 18:48:18,,20170900,123.0546875,20170600,,20170900
2017-03-10 23:00:00,,20170900,123.015625,20170600,,20170900
2017-03-13 14:04:24,,20170900,122.9765625,20170600,,20170900
2017-03-13 15:04:46,,20170900,122.9453125,20170600,,20170900
2017-03-13 16:05:13,,20170900,122.8828125,20170600,,20170900
2017-03-13 17:05:33,,20170900,122.8046875,20170600,,20170900
2017-03-13 18:53:01,,20170900,122.8203125,20170600,,20170900
2017-03-13 23:00:00,122.25,20170900,122.6875,20170600,122.25,20170900
2017-03-14 14:06:19,,20170900,122.8828125,20170600,,20170900
2017-03-14 15:06:49,,20170900,122.9140625,20170600,,20170900
2017-03-14 16:08:44,,20170900,122.9140625,20170600,,20170900
2017-03-14 17:09:05,,20170900,122.9296875,20170600,,20170900
2017-03-14 18:45:49,,20170900,122.8828125,20170600,,20170900
2017-03-14 23:00:00,122.0625,20170900,122.8125,20170600,122.0625,20170900
2017-03-15 14:40:26,,20170900,122.9609375,20170600,,20170900
2017-03-15 18:56:18,,20170900,123.7109375,20170600,,20170900
2017-03-15 23:00:00,123.09375,20170900,123.765625,20170600,123.09375,20170900
2017-03-16 15:05:08,,20170900,123.6171875,20170600,,20170900
2017-03-16 16:05:58,,20170900,123.6484375,20170600,,20170900
2017-03-16 17:06:21,,20170900,123.5703125,20170600,,20170900
2017-03-16 18:06:40,,20170900,123.5234375,20170600,,20170900
2017-03-16 23:00:00,123.0,20170900,123.421875,20170600,123.0,20170900
2017-03-17 14:57:42,,20170900,123.7578125,20170600,,20170900
2017-03-17 15:59:50,,20170900,123.8046875,20170600,,20170900
2017-03-17 17:00:09,,20170900,123.7578125,20170600,,20170900
2017-03-17 18:00:31,,20170900,123.7890625,20170600,,20170900
2017-03-17 23:00:00,123.1875,20170900,123.75,20170600,123.1875,20170900
2017-03-20 14:23:57,,20170900,123.8359375,20170600,,20170900
2017-03-20 15:24:18,,20170900,123.9296875,20170600,,20170900
2017-03-20 16:24:40,,20170900,123.9765625,20170600,,20170900
2017-03-20 17:25:02,,20170900,123.9453125,20170600,,20170900
2017-03-20 23:00:00,123.359375,20170900,124.0625,20170600,123.359375,20170900
2017-03-21 18:06:18,,20170900,124.3828125,20170600,,20170900
2017-03-21 23:00:00,123.796875,20170900,124.421875,20170600,123.796875,20170900
2017-03-22 14:14:46,,20170900,124.6953125,20170600,,20170900
2017-03-22 15:15:11,,20170900,124.5390625,20170600,,20170900
2017-03-22 16:16:44,,20170900,124.4921875,20170600,,20170900
2017-03-22 17:17:21,,20170900,124.5234375,20170600,,20170900
2017-03-22 23:00:00,124.125,20170900,124.46875,20170600,124.125,20170900
2017-03-23 14:46:15,,20170900,124.4140625,20170600,,20170900
2017-03-23 15:48:42,,20170900,124.3359375,20170600,,20170900
2017-03-23 16:49:00,,20170900,124.3046875,20170600,,20170900
2017-03-23 17:49:19,,20170900,124.4140625,20170600,,20170900
2017-03-23 23:00:00,,20170900,124.34375,20170600,,20170900
2017-03-24 14:42:38,,20170900,124.4453125,20170600,,20170900
2017-03-24 15:44:30,,20170900,124.4921875,20170600,,20170900
2017-03-24 16:44:49,,20170900,124.4609375,20170600,,20170900
2017-03-24 17:45:08,,20170900,124.4765625,20170600,,20170900
2017-03-24 23:00:00,124.03125,20170900,124.390625,20170600,124.03125,20170900
2017-03-27 14:04:50,,20170900,124.8359375,20170600,,20170900
2017-03-27 15:05:31,,20170900,124.8046875,20170600,,20170900
2017-03-27 16:05:48,,20170900,124.6640625,20170600,,20170900
2017-03-27 18:18:24,,20170900,124.6796875,20170600,,20170900
2017-03-27 23:00:00,124.15625,20170900,124.671875,20170600,124.15625,20170900
2017-03-28 23:00:00,123.828125,20170900,124.296875,20170600,123.828125,20170900
2017-03-29 14:01:19,,20170900,124.5234375,20170600,,20170900
2017-03-29 15:01:47,,20170900,124.5078125,20170600,,20170900
2017-03-29 23:00:00,124.09375,20170900,124.609375,20170600,124.09375,20170900
2017-03-30 14:20:33,,20170900,124.4921875,20170600,,20170900
2017-03-30 15:20:57,,20170900,124.4609375,20170600,,20170900
2017-03-30 16:21:35,,20170900,124.4921875,20170600,,20170900
2017-03-30 17:21:55,,20170900,124.4140625,20170600,,20170900
2017-03-30 23:00:00,123.84375,20170900,124.328125,20170600,123.84375,20170900
2017-03-31 14:22:39,,20170900,124.4453125,20170600,,20170900
2017-03-31 15:29:06,,20170900,124.4921875,20170600,,20170900
2017-03-31 16:32:06,,20170900,124.4765625,20170600,,20170900
2017-03-31 17:32:27,,20170900,124.5078125,20170600,,20170900
2017-03-31 23:00:00,123.875,20170900,124.5625,20170600,123.875,20170900
2017-04-03 14:01:05,,20170900,124.7265625,20170600,,20170900
2017-04-03 15:05:37,,20170900,124.8046875,20170600,,20170900
2017-04-03 16:34:56,,20170900,125.0859375,20170600,,20170900
2017-04-03 17:35:17,,20170900,125.0390625,20170600,,20170900
2017-04-03 18:35:47,,20170900,125.0234375,20170600,,20170900
2017-04-03 23:00:00,124.59375,20170900,125.109375,20170600,124.59375,20170900
2017-04-04 14:06:04,,20170900,125.1484375,20170600,,20170900
2017-04-04 15:09:08,,20170900,125.1484375,20170600,,20170900
2017-04-04 16:41:32,,20170900,124.9765625,20170600,,20170900
2017-04-04 17:41:52,,20170900,124.9765625,20170600,,20170900
2017-04-04 18:42:28,,20170900,125.0390625,20170600,,20170900
2017-04-04 23:00:00,124.53125,20170900,124.953125,20170600,124.53125,20170900
2017-04-05 14:07:15,,20170900,124.9140625,20170600,,20170900
2017-04-05 15:10:55,,20170900,124.9140625,20170600,,20170900
2017-04-05 16:32:38,,20170900,124.9765625,20170600,,20170900
2017-04-05 17:32:59,,20170900,124.9296875,20170600,,20170900
2017-04-05 18:33:18,,20170900,124.8984375,20170600,,20170900
2017-04-05 23:00:00,124.921875,20170900,125.25,20170600,124.921875,20170900
2017-04-06 14:05:31,,20170900,125.1328125,20170600,,20170900
2017-04-06 15:09:23,,20170900,125.1640625,20170600,,20170900
2017-04-06 16:46:42,,20170900,124.9609375,20170600,,20170900
2017-04-06 17:47:09,,20170900,125.0703125,20170600,,20170900
2017-04-06 18:47:34,,20170900,125.0390625,20170600,,20170900
2017-04-06 23:00:00,124.75,20170900,125.125,20170600,124.75,20170900
2017-04-07 14:05:29,,20170900,125.3828125,20170600,,20170900
2017-04-07 15:08:41,,20170900,125.3046875,20170600,,20170900
2017-04-07 17:30:21,,20170900,125.1484375,20170600,,20170900
2017-04-07 18:30:57,,20170900,124.8984375,20170600,,20170900
2017-04-07 23:00:00,124.34375,20170900,124.71875,20170600,124.34375,20170900
2017-04-10 14:05:17,,20170900,124.8203125,20170600,,20170900
2017-04-10 15:46:19,,20170900,124.8828125,20170600,,20170900
2017-04-10 16:46:32,,20170900,124.9296875,20170600,,20170900
2017-04-10 17:46:49,,20170900,124.9609375,20170600,,20170900
2017-04-10 18:47:07,,20170900,124.9296875,20170600,,20170900
2017-04-10 23:00:00,124.5,20170900,124.90625,20170600,124.5,20170900
2017-04-11 14:06:13,,20170900,125.1640625,20170600,,20170900
2017-04-11 15:09:56,,20170900,125.2265625,20170600,,20170900
2017-04-11 16:47:50,,20170900,125.3984375,20170600,,20170900
2017-04-11 17:48:13,,20170900,125.3203125,20170600,,20170900
2017-04-11 18:48:35,,20170900,125.4140625,20170600,,20170900
2017-04-11 23:00:00,125.09375,20170900,125.453125,20170600,125.09375,20170900
2017-04-12 14:07:17,,20170900,125.5859375,20170600,,20170900
2017-04-12 15:11:14,,20170900,125.4765625,20170600,,20170900
2017-04-12 16:55:02,,20170900,125.6328125,20170600,,20170900
2017-04-12 17:55:22,,20170900,125.6328125,20170600,,20170900
2017-04-12 18:55:44,,20170900,125.4765625,20170600,,20170900
2017-04-12 23:00:00,125.5,20170900,125.734375,20170600,125.5,20170900
2017-04-13 14:07:26,,20170900,126.0078125,20170600,,20170900
2017-04-13 15:11:33,,20170900,125.8203125,20170600,,20170900
2017-04-13 17:13:58,,20170900,125.9140625,20170600,,20170900
2017-04-13 18:14:23,,20170900,126.1328125,20170600,,20170900
2017-04-13 23:00:00,125.6875,20170900,126.03125,20170600,125.6875,20170900
2017-04-17 14:12:44,,20170900,126.0859375,20170600,,20170900
2017-04-17 15:18:50,,20170900,126.1328125,20170600,,20170900
2017-04-17 16:34:12,,20170900,126.0546875,20170600,,20170900
2017-04-17 17:35:00,,20170900,126.0546875,20170600,,20170900
2017-04-17 18:35:25,,20170900,126.0234375,20170600,,20170900
2017-04-17 23:00:00,125.53125,20170900,125.890625,20170600,125.53125,20170900
2017-04-18 14:09:17,,20170900,126.1484375,20170600,,20170900
2017-04-18 16:01:51,,20170900,126.3046875,20170600,,20170900
2017-04-18 17:02:09,,20170900,126.4921875,20170600,,20170900
2017-04-18 18:02:31,,20170900,126.4140625,20170600,,20170900
2017-04-18 23:00:00,126.3125,20170900,126.546875,20170600,126.3125,20170900
2017-04-19 14:07:12,,20170900,126.3046875,20170600,,20170900
2017-04-19 15:11:50,,20170900,126.1484375,20170600,,20170900
2017-04-19 16:35:45,,20170900,126.1484375,20170600,,20170900
2017-04-19 17:36:12,,20170900,126.2421875,20170600,,20170900
2017-04-19 18:36:35,,20170900,126.1796875,20170600,,20170900
2017-04-19 23:00:00,125.921875,20170900,126.203125,20170600,125.921875,20170900
2017-04-20 14:06:14,,20170900,125.9921875,20170600,,20170900
2017-04-20 15:11:23,,20170900,125.9453125,20170600,,20170900
2017-04-20 16:42:03,,20170900,125.9765625,20170600,,20170900
2017-04-20 17:42:24,,20170900,125.8984375,20170600,,20170900
2017-04-20 18:42:46,,20170900,125.8828125,20170600,,20170900
2017-04-20 23:00:00,125.734375,20170900,125.96875,20170600,125.734375,20170900
2017-04-21 14:07:23,,20170900,126.0859375,20170600,,20170900
2017-04-21 15:11:49,,20170900,126.1640625,20170600,,20170900
2017-04-21 17:37:16,,20170900,126.2265625,20170600,,20170900
2017-04-21 18:38:06,,20170900,126.2265625,20170600,,20170900
2017-04-21 23:00:00,125.796875,20170900,126.09375,20170600,125.796875,20170900
2017-04-24 14:01:07,,20170900,125.5390625,20170600,,20170900
2017-04-24 15:03:25,,20170900,125.5546875,20170600,,20170900
2017-04-24 16:31:41,,20170900,125.7421875,20170600,,20170900
2017-04-24 17:32:04,,20170900,125.7734375,20170600,,20170900
2017-04-24 18:32:25,,20170900,125.7265625,20170600,,20170900
2017-04-24 23:00:00,125.484375,20170900,125.828125,20170600,125.484375,20170900
2017-04-25 14:19:14,,20170900,125.4609375,20170600,,20170900
2017-04-25 15:23:39,,20170900,125.5703125,20170600,,20170900
2017-04-25 16:42:19,,20170900,125.5234375,20170600,,20170900
2017-04-25 17:42:48,,20170900,125.4921875,20170600,,20170900
2017-04-25 18:43:49,,20170900,125.4921875,20170600,,20170900
2017-04-25 23:00:00,124.9375,20170900,125.3125,20170600,124.9375,20170900
2017-04-26 14:40:12,,20170900,125.3203125,20170600,,20170900
2017-04-26 16:32:43,,20170900,125.4296875,20170600,,20170900
2017-04-26 17:33:02,,20170900,125.4140625,20170600,,20170900
2017-04-26 18:33:23,,20170900,125.3984375,20170600,,20170900
2017-04-26 23:00:00,125.21875,20170900,125.59375,20170600,125.21875,20170900
2017-04-27 14:05:18,,20170900,125.5390625,20170600,,20170900
2017-04-27 15:08:59,,20170900,125.5078125,20170600,,20170900
2017-04-27 16:54:54,,20170900,125.7265625,20170600,,20170900
2017-04-27 17:55:16,,20170900,125.6484375,20170600,,20170900
2017-04-27 18:55:38,,20170900,125.7109375,20170600,,20170900
2017-04-27 23:00:00,125.34375,20170900,125.65625,20170600,125.34375,20170900
2017-04-28 14:04:58,,20170900,125.4140625,20170600,,20170900
2017-04-28 15:09:32,,20170900,125.5859375,20170600,,20170900
2017-04-28 16:15:17,,20170900,125.5703125,20170600,,20170900
2017-04-28 18:10:45,,20170900,125.6328125,20170600,,20170900
2017-04-28 23:00:00,125.40625,20170900,125.703125,20170600,125.40625,20170900
2017-05-01 14:01:12,,20170900,125.6640625,20170600,,20170900
2017-05-01 15:06:44,,20170900,125.6640625,20170600,,20170900
2017-05-01 16:12:17,,20170900,125.5859375,20170600,,20170900
2017-05-01 17:12:29,,20170900,125.3671875,20170600,,20170900
2017-05-01 18:12:42,,20170900,125.4296875,20170600,,20170900
2017-05-01 23:00:00,125.15625,20170900,125.5,20170600,125.15625,20170900
2017-05-02 14:10:16,,20170900,125.3828125,20170600,,20170900
2017-05-02 15:15:15,,20170900,125.5703125,20170600,,20170900
2017-05-02 16:54:08,,20170900,125.6171875,20170600,,20170900
2017-05-02 17:54:44,,20170900,125.6484375,20170600,,20170900
2017-05-02 18:55:14,,20170900,125.6796875,20170600,,20170900
2017-05-02 23:00:00,125.421875,20170900,125.75,20170600,125.421875,20170900
2017-05-03 14:46:34,,20170900,125.7109375,20170600,,20170900
2017-05-03 15:50:46,,20170900,125.6328125,20170600,,20170900
2017-05-03 17:42:14,,20170900,125.6796875,20170600,,20170900
2017-05-03 18:43:03,,20170900,125.6640625,20170600,,20170900
2017-05-03 23:00:00,125.09375,20170900,125.453125,20170600,125.09375,20170900
2017-05-04 14:19:02,,20170900,125.0859375,20170600,,20170900
2017-05-04 15:23:08,,20170900,125.1015625,20170600,,20170900
2017-05-04 17:30:27,,20170900,125.1640625,20170600,,20170900
2017-05-04 18:30:47,,20170900,125.1953125,20170600,,20170900
2017-05-04 23:00:00,124.84375,20170900,125.203125,20170600,124.84375,20170900
2017-05-05 14:19:00,,20170900,125.1953125,20170600,,20170900
2017-05-05 15:25:37,,20170900,125.0859375,20170600,,20170900
2017-05-05 17:13:46,,20170900,125.2265625,20170600,,20170900
2017-05-05 18:14:12,,20170900,125.1953125,20170600,,20170900
2017-05-05 23:00:00,124.9375,20170900,125.28125,20170600,124.9375,20170900
2017-05-08 15:01:30,,20170900,125.1328125,20170600,,20170900
2017-05-08 16:36:42,,20170900,125.0859375,20170600,,20170900
2017-05-08 23:00:00,124.65625,20170900,124.953125,20170600,124.65625,20170900
2017-05-09 15:34:44,,20170900,124.8203125,20170600,,20170900
2017-05-09 17:11:31,,20170900,124.8046875,20170600,,20170900
2017-05-09 23:00:00,124.5625,20170900,124.90625,20170600,124.5625,20170900
2017-05-10 14:06:08,,20170900,125.1484375,20170600,,20170900
2017-05-10 15:58:37,,20170900,125.0859375,20170600,,20170900
2017-05-10 17:30:43,,20170900,124.9921875,20170600,,20170900
2017-05-10 23:00:00,124.515625,20170900,124.859375,20170600,124.515625,20170900
2017-05-11 15:33:29,,20170900,124.9921875,20170600,,20170900
2017-05-11 17:11:09,,20170900,124.9296875,20170600,,20170900
2017-05-11 23:00:00,124.65625,20170900,124.984375,20170600,124.65625,20170900
2017-05-12 14:05:39,,20170900,125.3515625,20170600,,20170900
2017-05-12 15:12:30,,20170900,125.4453125,20170600,,20170900
2017-05-12 16:20:39,,20170900,125.4765625,20170600,,20170900
2017-05-12 18:33:49,,20170900,125.5078125,20170600,,20170900
2017-05-12 23:00:00,125.203125,20170900,125.546875,20170600,125.203125,20170900
2017-05-15 15:29:31,,20170900,125.4609375,20170600,,20170900
2017-05-15 18:04:42,,20170900,125.4609375,20170600,,20170900
2017-05-15 23:00:00,125.109375,20170900,125.421875,20170600,125.109375,20170900
2017-05-16 15:22:59,,20170900,125.4765625,20170600,,20170900
2017-05-16 18:00:10,,20170900,125.5390625,20170600,,20170900
2017-05-16 23:00:00,125.25,20170900,125.59375,20170600,125.25,20170900
2017-05-17 15:09:47,,20170900,126.1796875,20170600,,20170900
2017-05-17 16:45:44,,20170900,126.1953125,20170600,,20170900
2017-05-17 23:00:00,126.109375,20170900,126.421875,20170600,126.109375,20170900
2017-05-18 14:16:11,,20170900,126.3984375,20170600,,20170900
2017-05-18 16:12:04,,20170900,126.3828125,20170600,,20170900
2017-05-18 18:57:08,,20170900,126.3359375,20170600,,20170900
2017-05-18 23:00:00,126.015625,20170900,126.296875,20170600,126.015625,20170900
2017-05-19 15:33:03,,20170900,126.0859375,20170600,,20170900
2017-05-19 17:09:18,,20170900,126.1640625,20170600,,20170900
2017-05-19 23:00:00,125.96875,20170900,126.25,20170600,125.96875,20170900
2017-05-22 14:01:27,,20170900,126.1484375,20170600,,20170900
2017-05-22 15:01:51,,20170900,126.1953125,20170600,,20170900
2017-05-22 16:39:11,,20170900,126.2109375,20170600,,20170900
2017-05-22 17:39:30,,20170900,126.1953125,20170600,,20170900
2017-05-22 18:39:50,,20170900,126.1796875,20170600,,20170900
2017-05-22 23:00:00,,20170900,126.125,20170600,,20170900
2017-05-23 14:11:11,125.9140625,20170900,,20170600,125.9140625,20170900
2017-05-23 16:06:03,125.8984375,20170900,,20170600,125.8984375,20170900
2017-05-23 17:06:27,125.6484375,20170900,,20170600,125.6484375,20170900
2017-05-23 18:06:51,125.6484375,20170900,,20170600,125.6484375,20170900
2017-05-23 23:00:00,125.546875,20170900,125.875,20170600,125.546875,20170900
2017-05-24 14:26:07,125.5859375,20170900,,20170600,125.5859375,20170900
2017-05-24 15:26:31,125.5703125,20170900,,20170600,125.5703125,20170900
2017-05-24 16:26:52,125.5234375,20170900,,20170600,125.5234375,20170900
2017-05-24 17:27:11,125.4765625,20170900,,20170600,125.4765625,20170900
2017-05-24 23:00:00,125.875,20170900,126.15625,20170600,125.875,20170900
2017-05-25 15:03:00,125.8984375,20170900,,20170600,125.8984375,20170900
2017-05-25 16:03:38,125.8359375,20170900,,20170600,125.8359375,20170900
2017-05-25 17:04:00,125.9140625,20170900,,20170600,125.9140625,20170900
2017-05-25 18:04:19,125.8984375,20170900,,20170600,125.8984375,20170900
2017-05-25 23:00:00,125.84375,20170900,126.15625,20170600,125.84375,20170900
2017-05-26 14:51:29,125.9765625,20170900,,20170600,125.9765625,20170900
2017-05-26 15:52:37,125.9609375,20170900,,20170600,125.9609375,20170900
2017-05-26 16:52:56,125.8984375,20170900,,20170600,125.8984375,20170900
2017-05-26 17:53:15,125.8984375,20170900,,20170600,125.8984375,20170900
2017-05-26 23:00:00,125.90625,20170900,126.21875,20170600,125.90625,20170900
2017-05-29 14:19:45,125.9140625,20170900,,20170600,125.9140625,20170900
2017-05-29 15:20:36,125.9453125,20170900,,20170600,125.9453125,20170900
2017-05-29 16:21:24,125.9609375,20170900,,20170600,125.9609375,20170900
2017-05-29 17:23:03,125.9765625,20170900,,20170600,125.9765625,20170900
2017-05-30 14:20:10,126.0390625,20170900,,20170600,126.0390625,20170900
2017-05-30 15:20:31,126.0703125,20170900,,20170600,126.0703125,20170900
2017-05-30 16:21:27,126.0390625,20170900,,20170600,126.0390625,20170900
2017-05-30 17:21:46,126.0859375,20170900,,20170600,126.0859375,20170900
2017-05-30 23:00:00,126.15625,20170900,126.46875,20170600,126.15625,20170900
2017-05-31 15:05:38,,20171200,126.2421875,20170900,,20171200
2017-05-31 16:06:16,,20171200,126.21875,20170900,,20171200
2017-05-31 17:06:35,,20171200,126.1640625,20170900,,20171200
2017-05-31 18:06:58,,20171200,126.2109375,20170900,,20171200
2017-05-31 23:00:00,,20171200,126.21875,20170900,,20171200
2017-06-01 15:11:34,,20171200,126.0703125,20170900,,20171200
2017-06-01 16:11:59,,20171200,126.1640625,20170900,,20171200
2017-06-01 17:12:18,,20171200,126.1015625,20170900,,20171200
2017-06-01 18:12:38,,20171200,126.1015625,20170900,,20171200
2017-06-01 23:00:00,,20171200,126.21875,20170900,,20171200
2017-06-02 23:00:00,126.203125,20171200,126.671875,20170900,126.203125,20171200
2017-06-05 14:21:15,,20171200,126.4296875,20170900,,20171200
2017-06-05 15:22:33,,20171200,126.5546875,20170900,,20171200
2017-06-05 16:23:22,,20171200,126.4765625,20170900,,20171200
2017-06-05 17:23:46,,20171200,126.5078125,20170900,,20171200
2017-06-05 23:00:00,126.203125,20171200,126.46875,20170900,126.203125,20171200
2017-06-06 14:20:43,,20171200,126.8046875,20170900,,20171200
2017-06-06 15:21:08,,20171200,126.7109375,20170900,,20171200
2017-06-06 16:21:29,,20171200,126.8359375,20170900,,20171200
2017-06-06 17:21:49,,20171200,126.8203125,20170900,,20171200
2017-06-06 23:00:00,,20171200,126.8125,20170900,,20171200
2017-06-07 14:54:29,,20171200,126.6484375,20170900,,20171200
2017-06-07 15:54:55,,20171200,126.7421875,20170900,,20171200
2017-06-07 16:55:13,,20171200,126.5390625,20170900,,20171200
2017-06-07 17:55:33,,20171200,126.6328125,20170900,,20171200
2017-06-07 23:00:00,125.765625,20171200,126.5625,20170900,125.765625,20171200
2017-06-08 15:54:12,,20171200,126.2890625,20170900,,20171200
2017-06-08 16:54:35,,20171200,126.3359375,20170900,,20171200
2017-06-08 17:54:55,,20171200,126.3203125,20170900,,20171200
2017-06-08 18:55:15,,20171200,126.3671875,20170900,,20171200
2017-06-08 23:00:00,125.984375,20171200,126.453125,20170900,125.984375,20171200
2017-06-09 15:58:47,,20171200,126.2109375,20170900,,20171200
2017-06-09 16:59:10,,20171200,126.2734375,20170900,,20171200
2017-06-09 17:59:28,,20171200,126.2890625,20170900,,20171200
2017-06-09 18:59:46,,20171200,126.2890625,20170900,,20171200
2017-06-09 23:00:00,125.734375,20171200,126.328125,20170900,125.734375,20171200
2017-06-12 14:19:40,,20171200,126.2421875,20170900,,20171200
2017-06-12 15:20:41,,20171200,126.2578125,20170900,,20171200
2017-06-12 16:21:08,,20171200,126.3046875,20170900,,20171200
2017-06-12 17:22:10,,20171200,126.4609375,20170900,,20171200
2017-06-12 19:00:56,,20171200,126.3828125,20170900,,20171200
2017-06-12 23:00:00,,20171200,126.328125,20170900,,20171200
2017-06-13 14:16:58,,20171200,126.2265625,20170900,,20171200
2017-06-13 15:17:23,,20171200,126.2890625,20170900,,20171200
2017-06-13 16:17:45,,20171200,126.3359375,20170900,,20171200
2017-06-13 17:18:04,,20171200,126.3203125,20170900,,20171200
2017-06-13 23:00:00,,20171200,126.359375,20170900,,20171200
2017-06-14 15:16:27,,20171200,127.1015625,20170900,,20171200
2017-06-14 16:16:49,,20171200,127.2265625,20170900,,20171200
2017-06-14 17:17:13,,20171200,127.1796875,20170900,,20171200
2017-06-14 18:17:32,,20171200,127.1796875,20170900,,20171200
2017-06-14 23:00:00,126.75,20171200,126.890625,20170900,126.75,20171200
2017-06-15 16:29:14,,20171200,126.7265625,20170900,,20171200
2017-06-15 17:29:39,,20171200,126.6484375,20170900,,20171200
2017-06-15 18:30:00,,20171200,126.6953125,20170900,,20171200
2017-06-15 23:00:00,126.296875,20171200,126.65625,20170900,126.296875,20171200
2017-06-16 16:23:11,,20171200,126.8671875,20170900,,20171200
2017-06-16 17:23:33,,20171200,126.7734375,20170900,,20171200
2017-06-16 18:23:53,,20171200,126.7890625,20170900,,20171200
2017-06-16 23:00:00,126.484375,20171200,126.765625,20170900,126.484375,20171200
2017-06-19 14:31:33,,20171200,126.6015625,20170900,,20171200
2017-06-19 15:32:31,,20171200,126.5234375,20170900,,20171200
2017-06-19 16:32:54,,20171200,126.5859375,20170900,,20171200
2017-06-19 17:33:16,,20171200,126.5546875,20170900,,20171200
2017-06-19 23:00:00,126.046875,20171200,126.421875,20170900,126.046875,20171200
2017-06-20 14:41:09,,20171200,126.5078125,20170900,,20171200
2017-06-20 15:43:03,,20171200,126.6328125,20170900,,20171200
2017-06-20 16:43:23,,20171200,126.6328125,20170900,,20171200
2017-06-20 17:43:44,,20171200,126.7109375,20170900,,20171200
2017-06-20 23:00:00,126.390625,20171200,126.6875,20170900,126.390625,20171200
2017-06-21 15:14:23,,20171200,126.5546875,20170900,,20171200
2017-06-21 16:14:47,,20171200,126.6328125,20170900,,20171200
2017-06-21 17:15:07,,20171200,126.5859375,20170900,,20171200
2017-06-21 18:15:26,,20171200,126.6796875,20170900,,20171200
2017-06-21 23:00:00,126.328125,20171200,126.625,20170900,126.328125,20171200
2017-06-22 14:11:15,,20171200,126.7578125,20170900,,20171200
2017-06-22 15:11:40,,20171200,126.7421875,20170900,,20171200
2017-06-22 17:41:25,,20171200,126.6484375,20170900,,20171200
2017-06-22 18:41:46,,20171200,126.6796875,20170900,,20171200
2017-06-22 23:00:00,126.390625,20171200,126.71875,20170900,126.390625,20171200
2017-06-23 14:28:19,,20171200,126.6640625,20170900,,20171200
2017-06-23 15:28:36,,20171200,126.6171875,20170900,,20171200
2017-06-23 16:28:48,,20171200,126.7265625,20170900,,20171200
2017-06-23 17:29:00,,20171200,126.6640625,20170900,,20171200
2017-06-23 23:00:00,126.453125,20171200,126.734375,20170900,126.453125,20171200
2017-06-26 16:16:11,,20171200,126.8359375,20170900,,20171200
2017-06-26 17:16:34,,20171200,126.8203125,20170900,,20171200
2017-06-26 18:16:54,,20171200,126.8359375,20170900,,20171200
2017-06-26 23:00:00,126.546875,20171200,126.765625,20170900,126.546875,20171200
2017-06-27 14:03:54,,20171200,126.3984375,20170900,,20171200
2017-06-27 15:04:19,,20171200,126.3359375,20170900,,20171200
2017-06-27 17:53:39,,20171200,126.2421875,20170900,,20171200
2017-06-27 18:53:58,,20171200,126.1953125,20170900,,20171200
2017-06-27 23:00:00,125.9375,20171200,126.21875,20170900,125.9375,20171200
2017-06-28 14:01:19,,20171200,126.2578125,20170900,,20171200
2017-06-28 17:18:14,,20171200,126.2265625,20170900,,20171200
2017-06-28 18:18:37,,20171200,126.1953125,20170900,,20171200
2017-06-28 23:00:00,125.84375,20171200,126.234375,20170900,125.84375,20171200
2017-06-29 14:09:08,,20171200,125.6640625,20170900,,20171200
2017-06-29 15:09:37,,20171200,125.7578125,20170900,,20171200
2017-06-29 18:09:11,,20171200,125.8984375,20170900,,20171200
2017-06-29 23:00:00,125.46875,20171200,125.828125,20170900,125.46875,20171200
2017-06-30 23:00:00,,20171200,125.5,20170900,,20171200
2017-07-03 14:17:12,,20171200,125.4921875,20170900,,20171200
2017-07-03 15:23:46,,20171200,125.2421875,20170900,,20171200
2017-07-03 16:29:30,,20171200,125.0859375,20170900,,20171200
2017-07-03 18:52:38,,20171200,125.0859375,20170900,,20171200
2017-07-03 23:00:00,124.75,20171200,125.09375,20170900,124.75,20171200
2017-07-04 14:02:11,,20171200,125.1328125,20170900,,20171200
2017-07-04 15:09:05,,20171200,125.1640625,20170900,,20171200
2017-07-04 16:15:22,,20171200,125.1171875,20170900,,20171200
2017-07-04 18:22:01,,20171200,125.09375,20170900,,20171200
2017-07-05 14:13:09,,20171200,125.0859375,20170900,,20171200
2017-07-05 15:19:27,,20171200,125.2734375,20170900,,20171200
2017-07-05 16:24:54,,20171200,125.2421875,20170900,,20171200
2017-07-05 23:00:00,124.875,20171200,125.25,20170900,124.875,20171200
2017-07-06 14:30:59,,20171200,125.0234375,20170900,,20171200
2017-07-06 15:37:39,,20171200,124.8984375,20170900,,20171200
2017-07-06 16:47:53,,20171200,124.8671875,20170900,,20171200
2017-07-06 23:00:00,124.6875,20171200,125.015625,20170900,124.6875,20171200
2017-07-07 14:28:46,,20171200,124.9453125,20170900,,20171200
2017-07-07 18:20:00,,20171200,124.9140625,20170900,,20171200
2017-07-07 23:00:00,124.5,20171200,124.90625,20170900,124.5,20171200
2017-07-10 23:00:00,124.6875,20171200,,20170900,124.6875,20171200
2017-07-11 23:00:00,124.78125,20171200,,20170900,124.78125,20171200
2017-07-12 14:17:36,,20171200,125.6484375,20170900,,20171200
2017-07-12 15:23:36,,20171200,125.5390625,20170900,,20171200
2017-07-12 16:31:03,,20171200,125.5546875,20170900,,20171200
2017-07-12 18:31:39,,20171200,125.5390625,20170900,,20171200
2017-07-12 23:00:00,125.25,20171200,125.578125,20170900,125.25,20171200
2017-07-13 16:43:40,,20171200,125.2890625,20170900,,20171200
2017-07-13 18:14:07,,20171200,125.3671875,20170900,,20171200
2017-07-13 23:00:00,125.03125,20171200,125.40625,20170900,125.03125,20171200
2017-07-14 14:05:21,,20171200,125.9609375,20170900,,20171200
2017-07-14 17:28:39,,20171200,125.6328125,20170900,,20171200
2017-07-14 18:50:29,,20171200,125.6640625,20170900,,20171200
2017-07-14 23:00:00,125.25,20171200,125.609375,20170900,125.25,20171200
2017-07-17 14:30:04,,20171200,125.6796875,20170900,,20171200
2017-07-17 15:35:07,,20171200,125.6953125,20170900,,20171200
2017-07-17 16:37:36,,20171200,125.6640625,20170900,,20171200
2017-07-17 23:00:00,125.34375,20171200,125.6875,20170900,125.34375,20171200
2017-07-18 14:19:04,,20171200,126.0546875,20170900,,20171200
2017-07-18 16:12:36,,20171200,126.0859375,20170900,,20171200
2017-07-18 17:47:51,,20171200,126.0703125,20170900,,20171200
2017-07-18 23:00:00,125.8125,20171200,126.125,20170900,125.8125,20171200
2017-07-19 15:55:57,,20171200,126.0859375,20170900,,20171200
2017-07-19 17:30:15,,20171200,126.0703125,20170900,,20171200
2017-07-19 23:00:00,125.703125,20171200,126.015625,20170900,125.703125,20171200
2017-07-20 16:15:37,,20171200,126.1484375,20170900,,20171200
2017-07-20 17:52:56,,20171200,126.2109375,20170900,,20171200
2017-07-20 23:00:00,125.6875,20171200,126.109375,20170900,125.6875,20171200
2017-07-21 14:10:55,,20171200,126.2578125,20170900,,20171200
2017-07-21 18:07:03,,20171200,126.3359375,20170900,,20171200
2017-07-21 23:00:00,125.96875,20171200,126.296875,20170900,125.96875,20171200
2017-07-24 16:02:11,,20171200,126.1953125,20170900,,20171200
2017-07-24 17:36:32,,20171200,126.1484375,20170900,,20171200
2017-07-24 18:58:00,,20171200,126.1171875,20170900,,20171200
2017-07-24 23:00:00,125.796875,20171200,126.15625,20170900,125.796875,20171200
2017-07-25 16:14:29,,20171200,125.6640625,20170900,,20171200
2017-07-25 17:51:40,,20171200,125.6171875,20170900,,20171200
2017-07-25 23:00:00,125.203125,20171200,125.53125,20170900,125.203125,20171200
2017-07-26 16:59:05,,20171200,125.5234375,20170900,,20171200
2017-07-26 18:22:51,,20171200,125.6640625,20170900,,20171200
2017-07-26 23:00:00,125.578125,20171200,125.90625,20170900,125.578125,20171200
2017-07-27 14:11:32,,20171200,125.7265625,20170900,,20171200
2017-07-27 17:52:29,,20171200,125.7421875,20170900,,20171200
2017-07-27 23:00:00,125.421875,20171200,125.765625,20170900,125.421875,20171200
2017-07-28 17:11:53,,20171200,125.8828125,20170900,,20171200
2017-07-28 18:36:37,,20171200,125.8984375,20170900,,20171200
2017-07-28 23:00:00,125.59375,20171200,125.9375,20170900,125.59375,20171200
2017-07-31 16:07:42,,20171200,125.9296875,20170900,,20171200
2017-07-31 17:42:47,,20171200,125.9296875,20170900,,20171200
2017-07-31 23:00:00,125.53125,20171200,125.875,20170900,125.53125,20171200
2017-08-01 16:07:27,,20171200,126.1640625,20170900,,20171200
2017-08-01 17:41:13,,20171200,126.1171875,20170900,,20171200
2017-08-01 23:00:00,125.890625,20171200,126.203125,20170900,125.890625,20171200
2017-08-02 16:03:29,,20171200,126.2265625,20170900,,20171200
2017-08-02 17:40:06,,20171200,126.1640625,20170900,,20171200
2017-08-02 23:00:00,125.734375,20171200,126.0625,20170900,125.734375,20171200
2017-08-03 17:22:00,,20171200,126.3046875,20170900,,20171200
2017-08-03 18:45:31,,20171200,126.2734375,20170900,,20171200
2017-08-03 23:00:00,126.0625,20171200,126.40625,20170900,126.0625,20171200
2017-08-04 16:38:41,,20171200,126.0390625,20170900,,20171200
2017-08-04 18:14:06,,20171200,126.1015625,20170900,,20171200
2017-08-04 23:00:00,125.78125,20171200,126.140625,20170900,125.78125,20171200
2017-08-07 16:09:31,,20171200,126.1171875,20170900,,20171200
2017-08-07 17:44:34,,20171200,126.1796875,20170900,,20171200
2017-08-07 23:00:00,125.828125,20171200,126.171875,20170900,125.828125,20171200
2017-08-08 16:25:14,,20171200,125.9296875,20170900,,20171200
2017-08-08 18:01:13,,20171200,126.0546875,20170900,,20171200
2017-08-08 23:00:00,125.71875,20171200,126.09375,20170900,125.71875,20171200
2017-08-09 16:01:51,,20171200,126.4609375,20170900,,20171200
2017-08-09 17:39:40,,20171200,126.3671875,20170900,,20171200
2017-08-09 23:00:00,125.9375,20171200,126.28125,20170900,125.9375,20171200
2017-08-10 14:11:48,,20171200,126.4609375,20170900,,20171200
2017-08-10 17:56:27,,20171200,126.4609375,20170900,,20171200
2017-08-10 23:00:00,126.296875,20171200,126.625,20170900,126.296875,20171200
2017-08-11 15:23:12,,20171200,126.6640625,20170900,,20171200
2017-08-11 16:32:31,,20171200,126.7734375,20170900,,20171200
2017-08-11 17:32:58,,20171200,126.7734375,20170900,,20171200
2017-08-11 18:33:22,,20171200,126.7890625,20170900,,20171200
2017-08-11 23:00:00,126.46875,20171200,126.765625,20170900,126.46875,20171200
2017-08-14 16:32:51,,20171200,126.6015625,20170900,,20171200
2017-08-14 18:23:42,,20171200,126.6484375,20170900,,20171200
2017-08-14 23:00:00,126.203125,20171200,126.515625,20170900,126.203125,20171200
2017-08-15 16:09:45,,20171200,126.1796875,20170900,,20171200
2017-08-15 17:46:21,,20171200,126.2265625,20170900,,20171200
2017-08-15 23:00:00,125.796875,20171200,126.109375,20170900,125.796875,20171200
2017-08-16 14:10:16,,20171200,126.0546875,20170900,,20171200
2017-08-16 17:47:09,,20171200,126.2265625,20170900,,20171200
2017-08-16 23:00:00,126.203125,20171200,126.53125,20170900,126.203125,20171200
2017-08-17 14:13:44,,20171200,126.4296875,20170900,,20171200
2017-08-17 17:59:24,,20171200,126.6796875,20170900,,20171200
2017-08-17 23:00:00,126.515625,20171200,126.8125,20170900,126.515625,20171200
2017-08-18 16:57:37,,20171200,126.7265625,20170900,,20171200
2017-08-18 18:22:26,,20171200,126.6328125,20170900,,20171200
2017-08-18 23:00:00,126.4375,20171200,126.75,20170900,126.4375,20171200
2017-08-21 15:59:15,126.5078125,20171200,,20170900,126.5078125,20171200
2017-08-21 17:33:53,126.4765625,20171200,,20170900,126.4765625,20171200
2017-08-21 18:55:38,126.5625,20171200,,20170900,126.5625,20171200
2017-08-21 23:00:00,126.546875,20171200,126.84375,20170900,126.546875,20171200
2017-08-22 16:11:34,126.3515625,20171200,,20170900,126.3515625,20171200
2017-08-22 17:46:41,126.3046875,20171200,,20170900,126.3046875,20171200
2017-08-22 23:00:00,126.25,20171200,126.546875,20170900,126.25,20171200
2017-08-23 16:17:43,126.5546875,20171200,,20170900,126.5546875,20171200
2017-08-23 17:53:15,126.5234375,20171200,,20170900,126.5234375,20171200
2017-08-23 23:00:00,126.625,20171200,126.90625,20170900,126.625,20171200
2017-08-24 16:55:03,126.5390625,20171200,,20170900,126.5390625,20171200
2017-08-24 18:21:57,126.4453125,20171200,,20170900,126.4453125,20171200
2017-08-24 23:00:00,126.40625,20171200,126.6875,20170900,126.40625,20171200
2017-08-25 16:40:20,126.5859375,20171200,,20170900,126.5859375,20171200
2017-08-25 18:13:09,126.6171875,20171200,,20170900,126.6171875,20171200
2017-08-25 23:00:00,126.609375,20171200,126.875,20170900,126.609375,20171200
2017-08-28 16:08:57,126.6484375,20171200,,20170900,126.6484375,20171200
2017-08-28 17:44:30,126.6171875,20171200,,20170900,126.6171875,20171200
2017-08-28 23:00:00,126.71875,20171200,127.0,20170900,126.71875,20171200
2017-08-29 16:10:53,,20180300,127.0859375,20171200,,20180300
2017-08-29 17:49:59,,20180300,126.9921875,20171200,,20180300
2017-08-29 23:00:00,,20180300,126.984375,20171200,,20180300
2017-08-30 16:56:02,,20180300,126.9140625,20171200,,20180300
2017-08-30 18:20:06,,20180300,126.8203125,20171200,,20180300
2017-08-30 23:00:00,,20180300,126.859375,20171200,,20180300
2017-08-31 14:17:39,,20180300,126.8359375,20171200,,20180300
2017-08-31 18:00:45,,20180300,126.8671875,20171200,,20180300
2017-08-31 23:00:00,,20180300,127.0,20171200,,20180300
2017-09-01 14:06:29,,20180300,126.8671875,20171200,,20180300
2017-09-01 17:49:42,,20180300,126.8046875,20171200,,20180300
2017-09-01 23:00:00,,20180300,126.640625,20171200,,20180300
2017-09-04 14:35:08,,20180300,126.8515625,20171200,,20180300
2017-09-04 16:32:31,,20180300,126.8515625,20171200,,20180300
2017-09-04 18:02:12,,20180300,126.8671875,20171200,,20180300
2017-09-05 16:02:09,,20180300,127.2734375,20171200,,20180300
2017-09-05 17:29:23,,20180300,127.3359375,20171200,,20180300
2017-09-05 23:00:00,,20180300,127.46875,20171200,,20180300
2017-09-06 16:24:09,,20180300,127.4609375,20171200,,20180300
2017-09-06 18:02:31,,20180300,127.3203125,20171200,,20180300
2017-09-06 23:00:00,,20180300,127.125,20171200,,20180300
2017-09-07 16:52:49,,20180300,127.6328125,20171200,,20180300
2017-09-07 18:15:11,,20180300,127.4609375,20171200,,20180300
2017-09-07 23:00:00,,20180300,127.609375,20171200,,20180300
2017-09-08 16:46:00,,20180300,127.4296875,20171200,,20180300
2017-09-08 18:09:49,,20180300,127.4765625,20171200,,20180300
2017-09-08 23:00:00,,20180300,127.515625,20171200,,20180300
2017-09-11 16:20:55,,20180300,127.0703125,20171200,,20180300
2017-09-11 17:58:00,,20180300,127.0234375,20171200,,20180300
2017-09-11 23:00:00,,20180300,126.90625,20171200,,20180300
2017-09-12 16:15:29,,20180300,126.6640625,20171200,,20180300
2017-09-12 17:51:50,,20180300,126.6484375,20171200,,20180300
2017-09-12 23:00:00,,20180300,126.640625,20171200,,20180300
2017-09-13 16:33:27,,20180300,126.5078125,20171200,,20180300
2017-09-13 18:12:22,,20180300,126.5546875,20171200,,20180300
2017-09-13 23:00:00,,20180300,126.4375,20171200,,20180300
2017-09-14 23:00:00,,20180300,126.453125,20171200,,20180300
2017-09-15 16:21:54,,20180300,126.2890625,20171200,,20180300
2017-09-15 18:00:18,,20180300,126.3359375,20171200,,20180300
2017-09-15 23:00:00,,20180300,126.296875,20171200,,20180300
2017-09-18 14:19:30,,20180300,126.1171875,20171200,,20180300
2017-09-18 16:18:36,,20180300,126.1484375,20171200,,20180300
2017-09-18 17:53:53,,20180300,126.1015625,20171200,,20180300
2017-09-18 23:00:00,125.6875,20180300,126.078125,20171200,125.6875,20180300
2017-09-19 16:14:14,,20180300,126.0234375,20171200,,20180300
2017-09-19 17:47:33,,20180300,125.9609375,20171200,,20180300
2017-09-19 23:00:00,,20180300,125.953125,20171200,,20180300
2017-09-20 16:08:48,,20180300,126.0703125,20171200,,20180300
2017-09-20 17:46:10,,20180300,126.0078125,20171200,,20180300
2017-09-20 23:00:00,125.265625,20180300,125.671875,20171200,125.265625,20180300
2017-09-21 17:14:16,,20180300,125.7734375,20171200,,20180300
2017-09-21 18:40:47,,20180300,125.6953125,20171200,,20180300
2017-09-21 23:00:00,125.375,20180300,125.59375,20171200,125.375,20180300
2017-09-22 17:15:41,,20180300,125.7734375,20171200,,20180300
2017-09-22 18:41:03,,20180300,125.7578125,20171200,,20180300
2017-09-22 23:00:00,125.609375,20180300,125.796875,20171200,125.609375,20180300
2017-09-25 16:20:05,,20180300,126.1171875,20171200,,20180300
2017-09-25 17:58:02,,20180300,126.0546875,20171200,,20180300
2017-09-25 23:00:00,125.796875,20180300,126.078125,20171200,125.796875,20180300
2017-09-26 14:58:43,,20180300,125.9453125,20171200,,20180300
2017-09-26 16:40:50,,20180300,125.9140625,20171200,,20180300
2017-09-26 18:13:42,,20180300,125.9296875,20171200,,20180300
2017-09-26 23:00:00,125.59375,20180300,125.921875,20171200,125.59375,20180300
2017-09-27 17:13:59,,20180300,125.5390625,20171200,,20180300
2017-09-27 18:39:58,,20180300,125.4765625,20171200,,20180300
2017-09-27 23:00:00,125.171875,20180300,125.5,20171200,125.171875,20180300
2017-09-28 14:10:35,,20180300,125.2734375,20171200,,20180300
2017-09-28 17:51:54,,20180300,125.4765625,20171200,,20180300
2017-09-28 23:00:00,124.859375,20180300,125.515625,20171200,124.859375,20180300
2017-09-29 17:28:51,,20180300,125.3984375,20171200,,20180300
2017-09-29 18:55:09,,20180300,125.4140625,20171200,,20180300
2017-09-29 23:00:00,124.921875,20180300,125.234375,20171200,124.921875,20180300
2017-10-02 16:12:14,,20180300,125.2421875,20171200,,20180300
2017-10-02 17:53:39,,20180300,125.2890625,20171200,,20180300
2017-10-02 23:00:00,124.9375,20180300,125.234375,20171200,124.9375,20180300
2017-10-03 16:03:35,,20180300,125.3359375,20171200,,20180300
2017-10-03 17:05:06,,20180300,125.3671875,20171200,,20180300
2017-10-03 18:06:28,,20180300,125.3671875,20171200,,20180300
2017-10-03 23:00:00,125.03125,20180300,125.390625,20171200,125.03125,20180300
2017-10-04 16:11:31,,20180300,125.2890625,20171200,,20180300
2017-10-04 17:56:16,,20180300,125.2890625,20171200,,20180300
2017-10-04 23:00:00,125.0,20180300,125.375,20171200,125.0,20180300
2017-10-05 14:31:41,,20180300,125.2890625,20171200,,20180300
2017-10-05 18:17:06,,20180300,125.1640625,20171200,,20180300
2017-10-05 23:00:00,124.8125,20180300,125.1875,20171200,124.8125,20180300
2017-10-06 14:35:25,,20180300,124.8203125,20171200,,20180300
2017-10-06 18:45:24,,20180300,125.0390625,20171200,,20180300
2017-10-06 23:00:00,124.703125,20180300,125.09375,20171200,124.703125,20180300
2017-10-09 16:27:21,,20180300,125.1171875,20171200,,20180300
2017-10-09 18:07:30,,20180300,125.1171875,20171200,,20180300
2017-10-09 23:00:00,124.75,20180300,125.140625,20171200,124.75,20180300
2017-10-10 14:01:14,,20180300,125.1171875,20171200,,20180300
2017-10-10 15:01:41,,20180300,125.2890625,20171200,,20180300
2017-10-10 16:02:14,,20180300,125.4140625,20171200,,20180300
2017-10-10 17:55:37,,20180300,125.2890625,20171200,,20180300
2017-10-10 18:55:56,,20180300,125.2578125,20171200,,20180300
2017-10-10 23:00:00,124.984375,20180300,125.203125,20171200,124.984375,20180300
2017-10-11 15:39:49,,20180300,125.2890625,20171200,,20180300
2017-10-11 16:40:13,,20180300,125.2734375,20171200,,20180300
2017-10-11 17:40:32,,20180300,125.2421875,20171200,,20180300
2017-10-11 18:40:55,,20180300,125.2421875,20171200,,20180300
2017-10-11 23:00:00,124.859375,20180300,125.296875,20171200,124.859375,20180300
2017-10-12 14:09:25,,20180300,125.3046875,20171200,,20180300
2017-10-12 17:11:43,,20180300,125.2890625,20171200,,20180300
2017-10-12 18:12:04,,20180300,125.3359375,20171200,,20180300
2017-10-12 23:00:00,125.078125,20180300,125.390625,20171200,125.078125,20180300
2017-10-13 14:02:30,,20180300,125.6796875,20171200,,20180300
2017-10-13 15:02:54,,20180300,125.6640625,20171200,,20180300
2017-10-13 18:09:35,,20180300,125.7109375,20171200,,20180300
2017-10-13 23:00:00,125.421875,20180300,125.734375,20171200,125.421875,20180300
2017-10-16 23:00:00,125.140625,20180300,125.484375,20171200,125.140625,20180300
2017-10-17 23:00:00,125.125,20180300,,20171200,125.125,20180300
2017-10-18 14:13:37,,20180300,125.1328125,20171200,,20180300
2017-10-18 15:14:05,,20180300,125.0859375,20171200,,20180300
2017-10-18 18:51:31,,20180300,125.1484375,20171200,,20180300
2017-10-18 23:00:00,124.828125,20180300,125.140625,20171200,124.828125,20180300
2017-10-19 14:23:59,,20180300,125.3828125,20171200,,20180300
2017-10-19 15:24:22,,20180300,125.4453125,20171200,,20180300
2017-10-19 16:25:06,,20180300,125.3828125,20171200,,20180300
2017-10-19 23:00:00,125.078125,20180300,125.28125,20171200,125.078125,20180300
2017-10-20 14:05:04,,20180300,124.9140625,20171200,,20180300
2017-10-20 17:27:23,,20180300,124.8984375,20171200,,20180300
2017-10-20 18:27:42,,20180300,124.8515625,20171200,,20180300
2017-10-20 23:00:00,124.5,20180300,124.796875,20171200,124.5,20180300
2017-10-23 14:51:15,,20180300,124.9609375,20171200,,20180300
2017-10-23 15:53:02,,20180300,124.9765625,20171200,,20180300
2017-10-23 16:53:22,,20180300,124.9609375,20171200,,20180300
2017-10-23 17:53:43,,20180300,124.9296875,20171200,,20180300
2017-10-23 23:00:00,124.59375,20180300,124.953125,20171200,124.59375,20180300
2017-10-24 15:23:13,,20180300,124.7421875,20171200,,20180300
2017-10-24 16:23:37,,20180300,124.6953125,20171200,,20180300
2017-10-24 17:23:56,,20180300,124.6953125,20171200,,20180300
2017-10-24 18:24:15,,20180300,124.7109375,20171200,,20180300
2017-10-24 23:00:00,124.3125,20180300,124.640625,20171200,124.3125,20180300
2017-10-25 14:07:40,,20180300,124.2890625,20171200,,20180300
2017-10-25 17:00:41,,20180300,124.4765625,20171200,,20180300
2017-10-25 18:01:33,,20180300,124.5078125,20171200,,20180300
2017-10-25 23:00:00,124.109375,20180300,124.515625,20171200,124.109375,20180300
2017-10-26 14:01:07,,20180300,124.5859375,20171200,,20180300
2017-10-26 15:01:30,,20180300,124.5390625,20171200,,20180300
2017-10-26 17:42:20,,20180300,124.5546875,20171200,,20180300
2017-10-26 18:42:40,,20180300,124.3828125,20171200,,20180300
2017-10-26 23:00:00,123.953125,20180300,124.34375,20171200,123.953125,20180300
2017-10-27 14:06:59,,20180300,124.3203125,20171200,,20180300
2017-10-27 15:07:23,,20180300,124.5234375,20171200,,20180300
2017-10-27 23:00:00,124.3125,20180300,124.6875,20171200,124.3125,20180300
2017-10-30 14:14:19,,20180300,124.9140625,20171200,,20180300
2017-10-30 15:14:50,,20180300,124.8984375,20171200,,20180300
2017-10-30 23:00:00,124.671875,20180300,125.015625,20171200,124.671875,20180300
2017-10-31 14:05:56,,20180300,124.9296875,20171200,,20180300
2017-10-31 16:46:51,,20180300,124.9296875,20171200,,20180300
2017-10-31 17:47:14,,20180300,124.9453125,20171200,,20180300
2017-10-31 18:47:35,,20180300,124.9296875,20171200,,20180300
2017-10-31 23:00:00,124.59375,20180300,124.875,20171200,124.59375,20180300
2017-11-01 14:26:24,,20180300,124.9453125,20171200,,20180300
2017-11-01 15:26:46,,20180300,125.0234375,20171200,,20180300
2017-11-01 18:40:54,,20180300,124.9296875,20171200,,20180300
2017-11-01 23:00:00,124.703125,20180300,124.9375,20171200,124.703125,20180300
2017-11-02 14:04:32,,20180300,125.0390625,20171200,,20180300
2017-11-02 15:04:57,,20180300,125.0859375,20171200,,20180300
2017-11-02 18:27:05,,20180300,125.1171875,20171200,,20180300
2017-11-02 23:00:00,124.796875,20180300,125.140625,20171200,124.796875,20180300
2017-11-03 14:07:18,,20180300,125.1484375,20171200,,20180300
2017-11-03 15:07:44,,20180300,125.0390625,20171200,,20180300
2017-11-03 16:08:03,,20180300,125.1328125,20171200,,20180300
2017-11-03 23:00:00,124.953125,20180300,125.265625,20171200,124.953125,20180300
2017-11-06 16:15:29,,20180300,125.3203125,20171200,,20180300
2017-11-06 17:15:56,,20180300,125.3671875,20171200,,20180300
2017-11-06 18:16:16,,20180300,125.3671875,20171200,,20180300
2017-11-06 23:00:00,125.09375,20180300,125.359375,20171200,125.09375,20180300
2017-11-07 14:08:56,,20180300,125.3515625,20171200,,20180300
2017-11-07 16:45:52,,20180300,125.3984375,20171200,,20180300
2017-11-07 17:46:15,,20180300,125.4453125,20171200,,20180300
2017-11-07 18:46:35,,20180300,125.4140625,20171200,,20180300
2017-11-07 23:00:00,125.109375,20180300,125.375,20171200,125.109375,20180300
2017-11-08 14:01:06,,20180300,125.3984375,20171200,,20180300
2017-11-08 15:01:32,,20180300,125.4140625,20171200,,20180300
2017-11-08 17:47:17,,20180300,125.2890625,20171200,,20180300
2017-11-08 18:47:37,,20180300,125.2890625,20171200,,20180300
2017-11-08 23:00:00,124.921875,20180300,125.203125,20171200,124.921875,20180300
2017-11-09 14:08:29,,20180300,125.0859375,20171200,,20180300
2017-11-09 23:00:00,124.90625,20180300,125.203125,20171200,124.90625,20180300
2017-11-10 14:31:56,,20180300,124.8515625,20171200,,20180300
2017-11-10 15:33:46,,20180300,124.8671875,20171200,,20180300
2017-11-10 18:48:55,,20180300,124.7265625,20171200,,20180300
2017-11-10 23:00:00,124.359375,20180300,124.671875,20171200,124.359375,20180300
2017-11-13 15:28:11,,20180300,124.7265625,20171200,,20180300
2017-11-13 16:28:35,,20180300,124.6484375,20171200,,20180300
2017-11-13 17:28:56,,20180300,124.6953125,20171200,,20180300
2017-11-13 18:29:16,,20180300,124.6484375,20171200,,20180300
2017-11-13 23:00:00,124.3125,20180300,124.609375,20171200,124.3125,20180300
2017-11-14 14:06:09,,20180300,124.5546875,20171200,,20180300
2017-11-14 16:33:33,,20180300,124.7578125,20171200,,20180300
2017-11-14 17:33:53,,20180300,124.7265625,20171200,,20180300
2017-11-14 18:34:36,,20180300,124.7578125,20171200,,20180300
2017-11-14 23:00:00,124.453125,20180300,124.734375,20171200,124.453125,20180300
2017-11-15 14:01:08,,20180300,125.1015625,20171200,,20180300
2017-11-15 15:01:34,,20180300,125.1171875,20171200,,20180300
2017-11-15 17:49:10,,20180300,124.9609375,20171200,,20180300
2017-11-15 18:49:30,,20180300,125.0234375,20171200,,20180300
2017-11-15 23:00:00,124.84375,20180300,125.109375,20171200,124.84375,20180300
2017-11-16 14:01:33,,20180300,124.8828125,20171200,,20180300
2017-11-16 15:01:58,,20180300,124.9453125,20171200,,20180300
2017-11-16 16:02:54,,20180300,124.8984375,20171200,,20180300
2017-11-16 23:00:00,124.53125,20180300,124.8125,20171200,124.53125,20180300
2017-11-17 14:12:00,,20180300,124.9609375,20171200,,20180300
2017-11-17 15:12:46,,20180300,124.9765625,20171200,,20180300
2017-11-17 18:48:00,,20180300,125.0078125,20171200,,20180300
2017-11-17 23:00:00,124.671875,20180300,124.9375,20171200,124.671875,20180300
2017-11-20 14:08:08,,20180300,124.8671875,20171200,,20180300
2017-11-20 17:07:09,,20180300,124.7109375,20171200,,20180300
2017-11-20 18:07:46,,20180300,124.7265625,20171200,,20180300
2017-11-20 23:00:00,124.453125,20180300,124.71875,20171200,124.453125,20180300
2017-11-21 14:25:09,,20180300,124.8046875,20171200,,20180300
2017-11-21 17:23:31,,20180300,124.6796875,20171200,,20180300
2017-11-21 18:23:52,,20180300,124.6953125,20171200,,20180300
2017-11-21 23:00:00,124.4375,20180300,124.703125,20171200,124.4375,20180300
2017-11-22 14:12:08,,20180300,124.7734375,20171200,,20180300
2017-11-22 15:12:33,,20180300,124.8359375,20171200,,20180300
2017-11-22 18:20:28,,20180300,124.9765625,20171200,,20180300
2017-11-22 23:00:00,124.84375,20180300,125.109375,20171200,124.84375,20180300
2017-11-23 14:06:11,,20180300,125.0546875,20171200,,20180300
2017-11-23 15:06:50,,20180300,125.0703125,20171200,,20180300
2017-11-23 16:10:15,,20180300,125.0859375,20171200,,20180300
2017-11-24 14:02:36,124.7734375,20180300,,20171200,124.7734375,20180300
2017-11-24 15:03:16,124.7578125,20180300,,20171200,124.7578125,20180300
2017-11-24 16:05:10,124.7265625,20180300,,20171200,124.7265625,20180300
2017-11-24 23:00:00,124.703125,20180300,124.9375,20171200,124.703125,20180300
2017-11-27 14:08:59,124.7890625,20180300,,20171200,124.7890625,20180300
2017-11-27 16:39:43,124.8203125,20180300,,20171200,124.8203125,20180300
2017-11-27 17:40:04,124.8046875,20180300,,20171200,124.8046875,20180300
2017-11-27 18:40:24,124.8203125,20180300,,20171200,124.8203125,20180300
2017-11-27 23:00:00,124.84375,20180300,125.078125,20171200,124.84375,20180300
2017-11-28 14:23:18,,20180600,124.9609375,20180300,,20180600
2017-11-28 17:22:49,,20180600,124.9765625,20180300,,20180600
2017-11-28 18:23:09,,20180600,124.8203125,20180300,,20180600
2017-11-28 23:00:00,,20180600,124.78125,20180300,,20180600
2017-11-30 14:04:47,,20180600,124.3046875,20180300,,20180600
2017-11-30 15:05:08,,20180600,124.3671875,20180300,,20180600
2017-11-30 16:06:00,,20180600,124.2421875,20180300,,20180600
2017-11-30 17:06:20,,20180600,124.2109375,20180300,,20180600
2017-11-30 23:00:00,,20180600,124.0625,20180300,,20180600
2017-12-01 14:07:58,,20180600,124.1953125,20180300,,20180600
2017-12-01 15:08:22,,20180600,124.1796875,20180300,,20180600
2017-12-01 18:44:41,,20180600,124.3671875,20180300,,20180600
2017-12-01 23:00:00,,20180600,124.40625,20180300,,20180600
2017-12-04 16:27:26,,20180600,124.1484375,20180300,,20180600
2017-12-04 17:27:49,,20180600,124.1328125,20180300,,20180600
2017-12-04 18:28:09,,20180600,124.2109375,20180300,,20180600
2017-12-04 23:00:00,,20180600,124.28125,20180300,,20180600
2017-12-05 16:33:39,,20180600,124.1640625,20180300,,20180600
2017-12-05 17:34:14,,20180600,124.2421875,20180300,,20180600
2017-12-05 18:34:45,,20180600,124.2421875,20180300,,20180600
2017-12-05 23:00:00,,20180600,124.375,20180300,,20180600
2017-12-06 14:08:26,,20180600,124.5390625,20180300,,20180600
2017-12-06 15:08:52,,20180600,124.6484375,20180300,,20180600
2017-12-06 17:53:39,,20180600,124.6015625,20180300,,20180600
2017-12-06 18:53:59,,20180600,124.6640625,20180300,,20180600
2017-12-06 23:00:00,,20180600,124.5625,20180300,,20180600
2017-12-07 14:10:59,,20180600,124.5390625,20180300,,20180600
2017-12-07 15:11:40,,20180600,124.6015625,20180300,,20180600
2017-12-07 18:59:18,,20180600,124.4921875,20180300,,20180600
2017-12-07 23:00:00,,20180600,124.375,20180300,,20180600
2017-12-08 14:15:45,,20180600,124.3046875,20180300,,20180600
2017-12-08 15:16:12,,20180600,124.3671875,20180300,,20180600
2017-12-08 18:26:46,,20180600,124.3203125,20180300,,20180600
2017-12-08 23:00:00,,20180600,124.3125,20180300,,20180600
2017-12-11 14:21:00,,20180600,124.3984375,20180300,,20180600
2017-12-11 16:54:33,,20180600,124.3828125,20180300,,20180600
2017-12-11 17:54:55,,20180600,124.3671875,20180300,,20180600
2017-12-11 18:55:16,,20180600,124.3046875,20180300,,20180600
2017-12-11 23:00:00,,20180600,124.21875,20180300,,20180600
2017-12-12 23:00:00,,20180600,124.140625,20180300,,20180600
2017-12-13 14:06:49,,20180600,124.3515625,20180300,,20180600
2017-12-13 16:50:21,,20180600,124.1953125,20180300,,20180600
2017-12-13 17:50:42,,20180600,124.2421875,20180300,,20180600
2017-12-13 18:51:02,,20180600,124.2890625,20180300,,20180600
2017-12-13 23:00:00,,20180600,124.640625,20180300,,20180600
2017-12-14 15:46:33,,20180600,124.2734375,20180300,,20180600
2017-12-14 16:47:56,,20180600,124.3828125,20180300,,20180600
2017-12-14 17:49:04,,20180600,124.4921875,20180300,,20180600
2017-12-14 18:49:15,,20180600,124.5078125,20180300,,20180600
2017-12-14 23:00:00,,20180600,124.46875,20180300,,20180600
2017-12-15 14:01:07,,20180600,124.4296875,20180300,,20180600
2017-12-15 15:01:33,,20180600,124.3203125,20180300,,20180600
2017-12-15 16:02:34,,20180600,124.2890625,20180300,,20180600
2017-12-15 17:03:07,,20180600,124.3203125,20180300,,20180600
2017-12-15 23:00:00,,20180600,124.46875,20180300,,20180600
2017-12-18 16:23:20,,20180600,124.3671875,20180300,,20180600
2017-12-18 17:23:44,,20180600,124.3359375,20180300,,20180600
2017-12-18 18:24:06,,20180600,124.3046875,20180300,,20180600
2017-12-18 23:00:00,,20180600,124.234375,20180300,,20180600
2017-12-19 14:24:01,,20180600,123.9609375,20180300,,20180600
2017-12-19 17:12:03,,20180600,123.7265625,20180300,,20180600
2017-12-19 18:12:22,,20180600,123.6484375,20180300,,20180600
2017-12-19 23:00:00,123.53125,20180600,123.75,20180300,123.53125,20180600
2017-12-20 14:08:28,,20180600,123.4921875,20180300,,20180600
2017-12-20 15:08:52,,20180600,123.5234375,20180300,,20180600
2017-12-20 17:53:21,,20180600,123.6171875,20180300,,20180600
2017-12-20 18:54:00,,20180600,123.5234375,20180300,,20180600
2017-12-20 23:00:00,123.109375,20180600,123.484375,20180300,123.109375,20180600
2017-12-21 14:07:15,,20180600,123.4765625,20180300,,20180600
2017-12-21 15:07:41,,20180600,123.4609375,20180300,,20180600
2017-12-21 16:09:00,,20180600,123.4921875,20180300,,20180600
2017-12-21 23:00:00,123.140625,20180600,123.5,20180300,123.140625,20180600
2017-12-22 14:04:25,,20180600,123.4609375,20180300,,20180600
2017-12-22 15:04:51,,20180600,123.4921875,20180300,,20180600
2017-12-22 16:05:18,,20180600,123.4765625,20180300,,20180600
2017-12-22 23:00:00,123.140625,20180600,123.5,20180300,123.140625,20180600
2017-12-26 15:20:56,,20180600,123.5703125,20180300,,20180600
2017-12-26 16:24:23,,20180600,123.6484375,20180300,,20180600
2017-12-26 17:24:44,,20180600,123.6015625,20180300,,20180600
2017-12-26 18:25:05,,20180600,123.5703125,20180300,,20180600
2017-12-26 23:00:00,123.3125,20180600,123.59375,20180300,123.3125,20180600
2017-12-27 14:16:26,,20180600,123.7109375,20180300,,20180600
2017-12-27 17:01:57,,20180600,123.8515625,20180300,,20180600
2017-12-27 18:02:19,,20180600,123.8828125,20180300,,20180600
2017-12-27 23:00:00,123.6875,20180600,123.984375,20180300,123.6875,20180600
2017-12-28 14:04:39,,20180600,123.8828125,20180300,,20180600
2017-12-28 15:05:10,,20180600,123.8984375,20180300,,20180600
2017-12-28 17:56:51,,20180600,123.8359375,20180300,,20180600
2017-12-28 18:57:12,,20180600,123.7890625,20180300,,20180600
2017-12-28 23:00:00,123.515625,20180600,123.84375,20180300,123.515625,20180600
2017-12-29 23:00:00,123.625,20180600,124.0,20180300,123.625,20180600
2018-01-02 14:08:24,,20180600,123.8828125,20180300,,20180600
2018-01-02 15:09:29,,20180600,123.7265625,20180300,,20180600
2018-01-02 16:10:23,,20180600,123.6796875,20180300,,20180600
2018-01-02 17:10:55,,20180600,123.6640625,20180300,,20180600
2018-01-02 23:00:00,123.390625,20180600,123.71875,20180300,123.390625,20180600
2018-01-03 15:19:16,,20180600,123.7734375,20180300,,20180600
2018-01-03 16:20:13,,20180600,123.8359375,20180300,,20180600
2018-01-03 17:20:32,,20180600,123.8671875,20180300,,20180600
2018-01-03 18:20:50,,20180600,123.8515625,20180300,,20180600
2018-01-03 23:00:00,123.578125,20180600,123.796875,20180300,123.578125,20180600
2018-01-04 14:02:23,,20180600,123.4453125,20180300,,20180600
2018-01-04 16:40:41,,20180600,123.6015625,20180300,,20180600
2018-01-04 17:41:01,,20180600,123.6171875,20180300,,20180600
2018-01-04 18:41:20,,20180600,123.6953125,20180300,,20180600
2018-01-04 23:00:00,123.375,20180600,123.671875,20180300,123.375,20180600
2018-01-05 14:06:39,,20180600,123.6484375,20180300,,20180600
2018-01-05 15:07:02,,20180600,123.6640625,20180300,,20180600
2018-01-05 17:46:53,,20180600,123.4921875,20180300,,20180600
2018-01-05 23:00:00,123.1875,20180600,,20180300,123.1875,20180600
2018-01-08 15:33:16,,20180600,123.5078125,20180300,,20180600
2018-01-08 16:33:37,,20180600,123.4453125,20180300,,20180600
2018-01-08 17:33:59,,20180600,123.4609375,20180300,,20180600
2018-01-08 18:34:19,,20180600,123.4921875,20180300,,20180600
2018-01-08 23:00:00,123.140625,20180600,123.484375,20180300,123.140625,20180600
2018-01-09 14:07:49,,20180600,123.3828125,20180300,,20180600
2018-01-09 16:39:04,,20180600,123.1796875,20180300,,20180600
2018-01-09 17:39:23,,20180600,123.1171875,20180300,,20180600
2018-01-09 18:39:43,,20180600,123.1484375,20180300,,20180600
2018-01-09 23:00:00,122.703125,20180600,123.015625,20180300,122.703125,20180600
2018-01-10 14:09:29,,20180600,122.7734375,20180300,,20180600
2018-01-10 17:41:44,,20180600,122.8203125,20180300,,20180600
2018-01-10 18:42:04,,20180600,122.9296875,20180300,,20180600
2018-01-10 23:00:00,122.640625,20180600,123.015625,20180300,122.640625,20180600
2018-01-11 14:24:48,,20180600,122.8984375,20180300,,20180600
2018-01-11 15:25:31,,20180600,122.9140625,20180300,,20180600
2018-01-11 18:57:32,,20180600,123.0703125,20180300,,20180600
2018-01-11 23:00:00,122.65625,20180600,123.03125,20180300,122.65625,20180600
2018-01-12 14:06:00,,20180600,122.7109375,20180300,,20180600
2018-01-12 15:06:40,,20180600,122.8203125,20180300,,20180600
2018-01-12 23:00:00,122.546875,20180600,122.921875,20180300,122.546875,20180600
2018-01-15 14:10:08,,20180600,122.9921875,20180300,,20180600
2018-01-15 15:17:32,,20180600,122.9453125,20180300,,20180600
2018-01-15 16:24:29,,20180600,122.9453125,20180300,,20180600
2018-01-15 18:45:18,,20180600,122.921875,20180300,,20180600
2018-01-16 14:16:50,,20180600,123.1328125,20180300,,20180600
2018-01-16 15:25:06,,20180600,123.0234375,20180300,,20180600
2018-01-16 16:34:15,,20180600,122.9609375,20180300,,20180600
2018-01-16 23:00:00,122.59375,20180600,123.0,20180300,122.59375,20180600
2018-01-17 17:57:25,,20180600,122.8203125,20180300,,20180600
2018-01-17 18:57:51,,20180600,122.7734375,20180300,,20180600
2018-01-17 23:00:00,122.4375,20180600,122.71875,20180300,122.4375,20180600
2018-01-18 14:58:06,,20180600,122.4296875,20180300,,20180600
2018-01-18 16:08:03,,20180600,122.4296875,20180300,,20180600
2018-01-18 17:08:25,,20180600,122.5234375,20180300,,20180600
2018-01-18 18:08:48,,20180600,122.5078125,20180300,,20180600
2018-01-18 23:00:00,122.046875,20180600,122.46875,20180300,122.046875,20180600
2018-01-19 15:00:09,,20180600,122.3828125,20180300,,20180600
2018-01-19 16:10:03,,20180600,122.3828125,20180300,,20180600
2018-01-19 17:10:24,,20180600,122.3515625,20180300,,20180600
2018-01-19 18:10:49,,20180600,122.3515625,20180300,,20180600
2018-01-19 23:00:00,121.875,20180600,122.296875,20180300,121.875,20180600
2018-01-22 14:13:40,,20180600,122.1796875,20180300,,20180600
2018-01-22 15:23:02,,20180600,122.2265625,20180300,,20180600
2018-01-22 16:34:44,,20180600,122.2265625,20180300,,20180600
2018-01-22 18:48:40,,20180600,122.2109375,20180300,,20180600
2018-01-22 23:00:00,121.625,20180600,122.109375,20180300,121.625,20180600
2018-01-23 14:09:41,,20180600,122.3515625,20180300,,20180600
2018-01-23 15:20:11,,20180600,122.4140625,20180300,,20180600
2018-01-23 16:31:00,,20180600,122.3828125,20180300,,20180600
2018-01-23 18:51:50,,20180600,122.3984375,20180300,,20180600
2018-01-23 23:00:00,121.859375,20180600,122.421875,20180300,121.859375,20180600
2018-01-24 14:51:23,,20180600,122.2109375,20180300,,20180600
2018-01-24 16:01:48,,20180600,122.2421875,20180300,,20180600
2018-01-24 17:02:11,,20180600,122.2109375,20180300,,20180600
2018-01-24 18:02:33,,20180600,122.2265625,20180300,,20180600
2018-01-24 23:00:00,121.8125,20180600,122.265625,20180300,121.8125,20180600
2018-01-25 14:47:29,,20180600,122.3671875,20180300,,20180600
2018-01-25 15:58:36,,20180600,122.1171875,20180300,,20180600
2018-01-25 16:58:58,,20180600,122.1015625,20180300,,20180600
2018-01-25 17:59:21,,20180600,122.1796875,20180300,,20180600
2018-01-25 23:00:00,121.96875,20180600,122.390625,20180300,121.96875,20180600
2018-01-26 17:03:06,,20180600,122.1328125,20180300,,20180600
2018-01-26 18:29:09,,20180600,122.0390625,20180300,,20180600
2018-01-26 23:00:00,121.640625,20180600,122.0625,20180300,121.640625,20180600
2018-01-29 14:58:48,,20180600,121.6015625,20180300,,20180600
2018-01-29 18:28:09,,20180600,121.6640625,20180300,,20180600
2018-01-29 23:00:00,121.296875,20180600,121.828125,20180300,121.296875,20180600
2018-01-30 14:22:13,,20180600,121.7734375,20180300,,20180600
2018-01-30 18:08:13,,20180600,121.7421875,20180300,,20180600
2018-01-30 23:00:00,121.15625,20180600,121.640625,20180300,121.15625,20180600
2018-01-31 14:51:31,,20180600,121.7265625,20180300,,20180600
2018-01-31 18:55:54,,20180600,121.4921875,20180300,,20180600
2018-01-31 23:00:00,121.109375,20180600,121.59375,20180300,121.109375,20180600
2018-02-01 14:32:57,,20180600,121.3828125,20180300,,20180600
2018-02-01 18:29:55,,20180600,121.4140625,20180300,,20180600
2018-02-01 23:00:00,120.734375,20180600,121.21875,20180300,120.734375,20180600
2018-02-02 14:39:28,,20180600,121.1484375,20180300,,20180600
2018-02-02 18:33:16,,20180600,120.7890625,20180300,,20180600
2018-02-02 23:00:00,120.171875,20180600,120.78125,20180300,120.171875,20180600
2018-02-05 16:04:52,,20180600,120.9140625,20180300,,20180600
2018-02-05 17:44:48,,20180600,120.7734375,20180300,,20180600
2018-02-05 23:00:00,120.71875,20180600,121.296875,20180300,120.71875,20180600
2018-02-06 14:11:58,,20180600,121.6171875,20180300,,20180600
2018-02-06 15:24:00,,20180600,121.5859375,20180300,,20180600
2018-02-06 16:28:34,,20180600,121.6484375,20180300,,20180600
2018-02-06 17:29:20,,20180600,121.5546875,20180300,,20180600
2018-02-06 23:00:00,120.6875,20180600,121.234375,20180300,120.6875,20180600
2018-02-07 14:17:35,,20180600,121.3828125,20180300,,20180600
2018-02-07 15:26:37,,20180600,121.3046875,20180300,,20180600
2018-02-07 16:32:26,,20180600,121.3515625,20180300,,20180600
2018-02-07 18:36:14,,20180600,121.1015625,20180300,,20180600
2018-02-07 23:00:00,120.4375,20180600,121.0,20180300,120.4375,20180600
2018-02-08 14:14:45,,20180600,120.7578125,20180300,,20180600
2018-02-08 15:21:28,,20180600,120.6015625,20180300,,20180600
2018-02-08 16:29:03,,20180600,120.9296875,20180300,,20180600
2018-02-08 18:53:59,,20180600,120.8671875,20180300,,20180600
2018-02-08 23:00:00,120.453125,20180600,121.015625,20180300,120.453125,20180600
2018-02-09 14:24:29,,20180600,120.8828125,20180300,,20180600
2018-02-09 15:35:23,,20180600,120.9140625,20180300,,20180600
2018-02-09 16:42:58,,20180600,121.0234375,20180300,,20180600
2018-02-09 23:00:00,120.40625,20180600,120.984375,20180300,120.40625,20180600
2018-02-12 14:05:22,,20180600,120.8671875,20180300,,20180600
2018-02-12 16:02:46,,20180600,120.9296875,20180300,,20180600
2018-02-12 23:00:00,120.28125,20180600,120.859375,20180300,120.28125,20180600
2018-02-13 17:40:04,,20180600,120.9921875,20180300,,20180600
2018-02-13 23:00:00,120.4375,20180600,121.0,20180300,120.4375,20180600
2018-02-14 14:15:37,,20180600,120.6796875,20180300,,20180600
2018-02-14 18:25:32,,20180600,120.4140625,20180300,,20180600
2018-02-14 23:00:00,119.6875,20180600,120.296875,20180300,119.6875,20180600
2018-02-15 15:34:16,,20180600,120.4453125,20180300,,20180600
2018-02-15 16:38:15,,20180600,120.5078125,20180300,,20180600
2018-02-15 17:39:59,,20180600,120.4609375,20180300,,20180600
2018-02-15 18:41:32,,20180600,120.4765625,20180300,,20180600
2018-02-15 23:00:00,119.75,20180600,120.328125,20180300,119.75,20180600
2018-02-16 14:20:24,,20180600,120.6484375,20180300,,20180600
2018-02-16 18:31:58,,20180600,120.6953125,20180300,,20180600
2018-02-16 23:00:00,120.046875,20180600,120.609375,20180300,120.046875,20180600
2018-02-19 16:13:11,,20180600,120.4765625,20180300,,20180600
2018-02-19 17:45:07,,20180600,120.4453125,20180300,,20180600
2018-02-20 16:16:08,,20180600,120.3828125,20180300,,20180600
2018-02-20 17:55:51,,20180600,120.3359375,20180300,,20180600
2018-02-20 23:00:00,119.921875,20180600,120.5,20180300,119.921875,20180600
2018-02-21 16:28:08,,20180600,120.4765625,20180300,,20180600
2018-02-21 18:07:13,,20180600,120.4765625,20180300,,20180600
2018-02-21 23:00:00,119.53125,20180600,120.125,20180300,119.53125,20180600
2018-02-22 14:30:16,,20180600,120.3828125,20180300,,20180600
2018-02-22 18:20:27,,20180600,120.4140625,20180300,,20180600
2018-02-22 23:00:00,119.78125,20180600,120.359375,20180300,119.78125,20180600
2018-02-23 16:31:42,,20180600,120.6953125,20180300,,20180600
2018-02-23 18:09:19,,20180600,120.7734375,20180300,,20180600
2018-02-23 23:00:00,120.171875,20180600,120.75,20180300,120.171875,20180600
2018-02-26 16:19:23,,20180600,120.9609375,20180300,,20180600
2018-02-26 17:58:36,,20180600,120.8203125,20180300,,20180600
2018-02-26 23:00:00,120.21875,20180600,120.78125,20180300,120.21875,20180600
2018-02-27 23:00:00,,20180900,119.8125,20180600,,20180900
2018-02-28 16:56:44,,20180900,119.9453125,20180600,,20180900
2018-02-28 18:22:31,,20180900,119.9765625,20180600,,20180900
2018-02-28 23:00:00,,20180900,120.078125,20180600,,20180900
2018-03-01 14:11:20,,20180900,120.2265625,20180600,,20180900
2018-03-01 17:56:18,,20180900,120.2421875,20180600,,20180900
2018-03-01 23:00:00,,20180900,120.546875,20180600,,20180900
2018-03-05 14:09:20,,20180900,120.2890625,20180600,,20180900
2018-03-05 15:18:28,,20180900,120.4140625,20180600,,20180900
2018-03-05 17:11:26,,20180900,120.3671875,20180600,,20180900
2018-03-05 18:11:49,,20180900,120.1328125,20180600,,20180900
2018-03-05 23:00:00,,20180900,119.96875,20180600,,20180900
2018-03-06 14:02:03,,20180900,119.8984375,20180600,,20180900
2018-03-06 15:12:22,,20180900,119.9140625,20180600,,20180900
2018-03-06 16:21:40,,20180900,120.0859375,20180600,,20180900
2018-03-06 18:28:19,,20180900,120.1796875,20180600,,20180900
2018-03-06 23:00:00,,20180900,120.03125,20180600,,20180900
2018-03-07 14:10:05,,20180900,120.2734375,20180600,,20180900
2018-03-07 15:19:43,,20180900,120.1796875,20180600,,20180900
2018-03-07 16:28:05,,20180900,120.1015625,20180600,,20180900
2018-03-07 23:00:00,,20180900,120.046875,20180600,,20180900
2018-03-08 14:38:52,,20180900,119.9921875,20180600,,20180900
2018-03-08 15:48:56,,20180900,120.1484375,20180600,,20180900
2018-03-08 16:57:10,,20180900,120.2421875,20180600,,20180900
2018-03-08 23:00:00,,20180900,120.1875,20180600,,20180900
2018-03-09 14:06:14,,20180900,120.0859375,20180600,,20180900
2018-03-09 15:16:38,,20180900,120.0859375,20180600,,20180900
2018-03-09 16:27:46,,20180900,119.9453125,20180600,,20180900
2018-03-09 17:28:07,,20180900,119.8984375,20180600,,20180900
2018-03-09 23:00:00,,20180900,120.046875,20180600,,20180900
2018-03-12 14:12:53,,20180900,119.9765625,20180600,,20180900
2018-03-12 15:23:14,,20180900,120.0546875,20180600,,20180900
2018-03-12 16:31:32,,20180900,120.0546875,20180600,,20180900
2018-03-12 23:00:00,,20180900,120.21875,20180600,,20180900
2018-03-13 23:00:00,,20180900,120.40625,20180600,,20180900
2018-03-14 14:43:29,,20180900,120.2421875,20180600,,20180900
2018-03-14 15:55:42,,20180900,120.3671875,20180600,,20180900
2018-03-14 16:56:07,,20180900,120.4609375,20180600,,20180900
2018-03-14 17:56:28,,20180900,120.6640625,20180600,,20180900
2018-03-14 23:00:00,,20180900,120.546875,20180600,,20180900
2018-03-15 23:00:00,,20180900,120.453125,20180600,,20180900
2018-03-16 14:06:25,,20180900,120.3515625,20180600,,20180900
2018-03-16 16:55:21,,20180900,120.3046875,20180600,,20180900
2018-03-16 17:55:49,,20180900,120.3359375,20180600,,20180900
2018-03-16 18:57:00,,20180900,120.3359375,20180600,,20180900
2018-03-16 23:00:00,,20180900,120.359375,20180600,,20180900
2018-03-19 16:04:50,,20180900,120.4765625,20180600,,20180900
2018-03-19 17:05:14,,20180900,120.4609375,20180600,,20180900
2018-03-19 18:05:32,,20180900,120.3984375,20180600,,20180900
2018-03-19 23:00:00,,20180900,120.265625,20180600,,20180900
2018-03-20 16:11:33,,20180900,120.1171875,20180600,,20180900
2018-03-20 17:11:57,,20180900,120.0859375,20180600,,20180900
2018-03-20 18:12:16,,20180900,120.1171875,20180600,,20180900
2018-03-20 23:00:00,,20180900,119.96875,20180600,,20180900
2018-03-21 14:07:48,,20180900,119.9296875,20180600,,20180900
2018-03-21 15:08:37,,20180900,119.9140625,20180600,,20180900
2018-03-21 18:00:48,,20180900,120.1796875,20180600,,20180900
2018-03-21 23:00:00,119.6875,20180900,120.140625,20180600,119.6875,20180900
2018-03-22 15:20:11,,20180900,120.6328125,20180600,,20180900
2018-03-22 16:21:00,,20180900,120.6796875,20180600,,20180900
2018-03-22 17:21:18,,20180900,120.4609375,20180600,,20180900
2018-03-22 18:21:39,,20180900,120.4609375,20180600,,20180900
2018-03-22 23:00:00,120.25,20180900,120.5625,20180600,120.25,20180900
2018-03-23 14:17:05,,20180900,120.5078125,20180600,,20180900
2018-03-23 15:18:07,,20180900,120.5546875,20180600,,20180900
2018-03-23 17:43:06,,20180900,120.5390625,20180600,,20180900
2018-03-23 18:43:40,,20180900,120.5390625,20180600,,20180900
2018-03-23 23:00:00,120.1875,20180900,120.671875,20180600,120.1875,20180900
2018-03-26 14:06:12,,20180900,120.4296875,20180600,,20180900
2018-03-26 15:06:55,,20180900,120.4609375,20180600,,20180900
2018-03-26 18:07:56,,20180900,120.5546875,20180600,,20180900
2018-03-26 23:00:00,,20180900,120.40625,20180600,,20180900
2018-03-27 14:25:37,,20180900,120.5703125,20180600,,20180900
2018-03-27 16:56:53,,20180900,120.6640625,20180600,,20180900
2018-03-27 17:57:14,,20180900,120.7578125,20180600,,20180900
2018-03-27 18:57:34,,20180900,120.8046875,20180600,,20180900
2018-03-27 23:00:00,120.609375,20180900,120.953125,20180600,120.609375,20180900
2018-03-28 15:51:58,,20180900,121.1640625,20180600,,20180900
2018-03-28 16:52:13,,20180900,121.1171875,20180600,,20180900
2018-03-28 17:52:25,,20180900,121.0234375,20180600,,20180900
2018-03-28 18:52:42,,20180900,120.8671875,20180600,,20180900
2018-03-28 23:00:00,120.734375,20180900,120.859375,20180600,120.734375,20180900
2018-03-29 14:01:56,,20180900,120.9453125,20180600,,20180900
2018-03-29 15:02:21,,20180900,121.0078125,20180600,,20180900
2018-03-29 16:04:38,,20180900,121.0703125,20180600,,20180900
2018-03-29 17:05:00,,20180900,121.0703125,20180600,,20180900
2018-03-29 23:00:00,120.890625,20180900,121.078125,20180600,120.890625,20180900
2018-04-02 14:13:36,,20180900,120.9453125,20180600,,20180900
2018-04-02 16:22:56,,20180900,121.1171875,20180600,,20180900
2018-04-02 17:23:21,,20180900,121.1953125,20180600,,20180900
2018-04-02 18:23:45,,20180900,121.1640625,20180600,,20180900
2018-04-02 23:00:00,121.0,20180900,121.203125,20180600,121.0,20180900
2018-04-03 16:32:33,,20180900,120.9296875,20180600,,20180900
2018-04-03 17:32:59,,20180900,120.9453125,20180600,,20180900
2018-04-03 18:33:21,,20180900,120.8828125,20180600,,20180900
2018-04-03 23:00:00,120.59375,20180900,120.84375,20180600,120.59375,20180900
2018-04-04 14:28:01,,20180900,121.0703125,20180600,,20180900
2018-04-04 17:37:28,,20180900,120.8515625,20180600,,20180900
2018-04-04 18:38:55,,20180900,120.8984375,20180600,,20180900
2018-04-04 23:00:00,120.5625,20180900,120.75,20180600,120.5625,20180900
2018-04-05 14:35:21,,20180900,120.6328125,20180600,,20180900
2018-04-05 15:35:50,,20180900,120.6015625,20180600,,20180900
2018-04-05 16:36:01,,20180900,120.5390625,20180600,,20180900
2018-04-05 17:36:13,,20180900,120.6015625,20180600,,20180900
2018-04-05 23:00:00,120.28125,20180900,120.5625,20180600,120.28125,20180900
2018-04-06 14:28:25,,20180900,120.8828125,20180600,,20180900
2018-04-06 15:28:58,,20180900,120.8671875,20180600,,20180900
2018-04-06 18:32:51,,20180900,120.8671875,20180600,,20180900
2018-04-06 23:00:00,120.765625,20180900,121.015625,20180600,120.765625,20180900
2018-04-09 15:32:40,,20180900,120.7265625,20180600,,20180900
2018-04-09 16:33:07,,20180900,120.7734375,20180600,,20180900
2018-04-09 17:33:28,,20180900,120.8203125,20180600,,20180900
2018-04-09 18:33:49,,20180900,120.8203125,20180600,,20180900
2018-04-09 23:00:00,120.515625,20180900,120.953125,20180600,120.515625,20180900
2018-04-10 14:10:39,,20180900,120.8203125,20180600,,20180900
2018-04-10 16:48:19,,20180900,120.8359375,20180600,,20180900
2018-04-10 17:48:45,,20180900,120.7890625,20180600,,20180900
2018-04-10 18:49:15,,20180900,120.7734375,20180600,,20180900
2018-04-10 23:00:00,120.4375,20180900,120.796875,20180600,120.4375,20180900
2018-04-11 14:07:12,,20180900,121.0390625,20180600,,20180900
2018-04-11 15:07:59,,20180900,120.9140625,20180600,,20180900
2018-04-11 18:18:21,,20180900,120.8046875,20180600,,20180900
2018-04-11 23:00:00,120.6875,20180900,120.90625,20180600,120.6875,20180900
2018-04-12 14:04:49,,20180900,120.8046875,20180600,,20180900
2018-04-12 15:05:43,,20180900,120.6015625,20180600,,20180900
2018-04-12 16:07:32,,20180900,120.6015625,20180600,,20180900
2018-04-12 23:00:00,120.375,20180900,120.453125,20180600,120.375,20180900
2018-04-13 14:04:00,,20180900,120.4609375,20180600,,20180900
2018-04-13 15:05:14,,20180900,120.4765625,20180600,,20180900
2018-04-13 16:06:49,,20180900,120.5703125,20180600,,20180900
2018-04-13 23:00:00,120.296875,20180900,120.53125,20180600,120.296875,20180900
2018-04-16 14:25:37,,20180900,120.2578125,20180600,,20180900
2018-04-16 17:19:53,,20180900,120.4453125,20180600,,20180900
2018-04-16 18:20:25,,20180900,120.4296875,20180600,,20180900
2018-04-16 23:00:00,120.15625,20180900,120.4375,20180600,120.15625,20180900
2018-04-17 14:08:07,,20180900,120.3828125,20180600,,20180900
2018-04-17 15:08:42,,20180900,120.3671875,20180600,,20180900
2018-04-17 18:21:56,,20180900,120.5078125,20180600,,20180900
2018-04-17 23:00:00,120.265625,20180900,120.5,20180600,120.265625,20180900
2018-04-18 14:04:35,,20180900,120.3203125,20180600,,20180900
2018-04-18 15:04:59,,20180900,120.3515625,20180600,,20180900
2018-04-18 16:05:58,,20180900,120.2890625,20180600,,20180900
2018-04-18 23:00:00,119.890625,20180900,120.09375,20180600,119.890625,20180900
2018-04-19 14:07:31,,20180900,119.8984375,20180600,,20180900
2018-04-19 15:08:41,,20180900,119.9453125,20180600,,20180900
2018-04-19 16:11:03,,20180900,119.8203125,20180600,,20180900
2018-04-19 23:00:00,119.515625,20180900,119.859375,20180600,119.515625,20180900
2018-04-20 14:04:31,,20180900,119.7421875,20180600,,20180900
2018-04-20 15:04:57,,20180900,119.7265625,20180600,,20180900
2018-04-20 16:06:45,,20180900,119.6640625,20180600,,20180900
2018-04-20 23:00:00,119.25,20180900,119.515625,20180600,119.25,20180900
2018-04-23 16:31:34,,20180900,119.3203125,20180600,,20180900
2018-04-23 17:31:59,,20180900,119.3203125,20180600,,20180900
2018-04-23 18:32:19,,20180900,119.2734375,20180600,,20180900
2018-04-23 23:00:00,118.953125,20180900,119.296875,20180600,118.953125,20180900
2018-04-24 14:28:15,,20180900,119.1953125,20180600,,20180900
2018-04-24 17:34:47,,20180900,119.3203125,20180600,,20180900
2018-04-24 18:35:32,,20180900,119.2890625,20180600,,20180900
2018-04-24 23:00:00,118.984375,20180900,119.25,20180600,118.984375,20180900
2018-04-25 14:08:16,,20180900,119.1015625,20180600,,20180900
2018-04-25 15:08:53,,20180900,119.1328125,20180600,,20180900
2018-04-25 18:37:08,,20180900,119.0546875,20180600,,20180900
2018-04-25 23:00:00,118.671875,20180900,119.0625,20180600,118.671875,20180900
2018-04-26 14:05:54,,20180900,119.3359375,20180600,,20180900
2018-04-26 15:06:24,,20180900,119.3359375,20180600,,20180900
2018-04-26 23:00:00,118.96875,20180900,119.3125,20180600,118.96875,20180900
2018-04-27 14:04:35,,20180900,119.3828125,20180600,,20180900
2018-04-27 15:06:19,,20180900,119.4140625,20180600,,20180900
2018-04-27 16:08:20,,20180900,119.5234375,20180600,,20180900
2018-04-27 23:00:00,119.109375,20180900,119.46875,20180600,119.109375,20180900
2018-04-30 14:07:54,,20180900,119.5078125,20180600,,20180900
2018-04-30 16:57:56,,20180900,119.5546875,20180600,,20180900
2018-04-30 17:58:52,,20180900,119.6015625,20180600,,20180900
2018-04-30 18:59:39,,20180900,119.6015625,20180600,,20180900
2018-04-30 23:00:00,119.234375,20180900,119.578125,20180600,119.234375,20180900
2018-05-01 14:13:55,,20180900,119.5390625,20180600,,20180900
2018-05-01 17:19:01,,20180900,119.4296875,20180600,,20180900
2018-05-01 18:19:27,,20180900,119.4609375,20180600,,20180900
2018-05-01 23:00:00,119.078125,20180900,119.40625,20180600,119.078125,20180900
2018-05-02 23:00:00,119.109375,20180900,119.453125,20180600,119.109375,20180900
2018-05-03 14:07:52,,20180900,119.6953125,20180600,,20180900
2018-05-03 18:00:03,,20180900,119.6640625,20180600,,20180900
2018-05-03 19:00:37,,20180900,119.6640625,20180600,,20180900
2018-05-03 23:00:00,119.328125,20180900,119.6875,20180600,119.328125,20180900
2018-05-04 23:00:00,119.359375,20180900,119.6875,20180600,119.359375,20180900
2018-05-07 14:47:10,,20180900,119.6796875,20180600,,20180900
2018-05-07 15:49:09,,20180900,119.6640625,20180600,,20180900
2018-05-07 16:49:30,,20180900,119.6328125,20180600,,20180900
2018-05-07 17:49:52,,20180900,119.6328125,20180600,,20180900
2018-05-07 23:00:00,119.3125,20180900,119.6875,20180600,119.3125,20180900
2018-05-08 15:09:18,,20180900,119.4609375,20180600,,20180900
2018-05-08 16:12:31,,20180900,119.4765625,20180600,,20180900
2018-05-08 23:00:00,119.125,20180900,119.484375,20180600,119.125,20180900
2018-05-09 15:35:52,,20180900,119.3203125,20180600,,20180900
2018-05-09 16:36:15,,20180900,119.3203125,20180600,,20180900
2018-05-09 17:36:36,,20180900,119.2578125,20180600,,20180900
2018-05-09 18:36:57,,20180900,119.2890625,20180600,,20180900
2018-05-09 23:00:00,118.90625,20180900,119.265625,20180600,118.90625,20180900
2018-05-10 14:29:10,,20180900,119.4609375,20180600,,20180900
2018-05-10 15:29:58,,20180900,119.4765625,20180600,,20180900
2018-05-10 18:26:01,,20180900,119.4453125,20180600,,20180900
2018-05-10 23:00:00,119.0625,20180900,119.40625,20180600,119.0625,20180900
2018-05-11 14:25:33,,20180900,119.4609375,20180600,,20180900
2018-05-11 17:34:11,,20180900,119.4453125,20180600,,20180900
2018-05-11 18:34:31,,20180900,119.3828125,20180600,,20180900
2018-05-11 23:00:00,119.0625,20180900,119.40625,20180600,119.0625,20180900
2018-05-14 16:29:28,,20180900,119.2421875,20180600,,20180900
2018-05-14 17:29:54,,20180900,119.2890625,20180600,,20180900
2018-05-14 18:30:14,,20180900,119.2890625,20180600,,20180900
2018-05-14 23:00:00,118.875,20180900,119.21875,20180600,118.875,20180900
2018-05-15 23:00:00,118.296875,20180900,118.6875,20180600,118.296875,20180900
2018-05-16 14:19:53,,20180900,118.7578125,20180600,,20180900
2018-05-16 15:20:48,,20180900,118.6640625,20180600,,20180900
2018-05-16 16:22:59,,20180900,118.6015625,20180600,,20180900
2018-05-16 23:00:00,118.09375,20180900,118.5,20180600,118.09375,20180900
2018-05-17 14:04:56,,20180900,118.5546875,20180600,,20180900
2018-05-17 15:06:20,,20180900,118.5703125,20180600,,20180900
2018-05-17 16:07:30,,20180900,118.4921875,20180600,,20180900
2018-05-17 23:00:00,118.078125,20180900,118.453125,20180600,118.078125,20180900
2018-05-18 14:08:53,,20180900,118.6640625,20180600,,20180900
2018-05-18 15:09:24,,20180900,118.7109375,20180600,,20180900
2018-05-18 16:11:22,,20180900,118.8359375,20180600,,20180900
2018-05-18 23:00:00,118.484375,20180900,118.859375,20180600,118.484375,20180900
2018-05-21 16:09:25,,20180900,118.8046875,20180600,,20180900
2018-05-21 17:09:49,,20180900,118.8046875,20180600,,20180900
2018-05-21 18:10:11,,20180900,118.8359375,20180600,,20180900
2018-05-21 23:00:00,118.578125,20180900,118.921875,20180600,118.578125,20180900
2018-05-22 14:32:56,,20180900,118.8828125,20180600,,20180900
2018-05-22 17:31:45,,20180900,118.8046875,20180600,,20180900
2018-05-22 18:32:11,,20180900,118.8203125,20180600,,20180900
2018-05-22 23:00:00,118.53125,20180900,118.875,20180600,118.53125,20180900
2018-05-23 14:09:35,,20180900,119.2109375,20180600,,20180900
2018-05-23 17:13:42,,20180900,119.2109375,20180600,,20180900
2018-05-23 18:14:04,,20180900,119.2109375,20180600,,20180900
2018-05-23 23:00:00,119.09375,20180900,119.421875,20180600,119.09375,20180900
2018-05-24 14:03:49,,20180900,119.4921875,20180600,,20180900
2018-05-24 15:04:48,,20180900,119.6015625,20180600,,20180900
2018-05-24 18:09:26,,20180900,119.5234375,20180600,,20180900
2018-05-24 23:00:00,119.1875,20180900,119.515625,20180600,119.1875,20180900
2018-05-25 14:13:35,,20180900,119.8515625,20180600,,20180900
2018-05-25 15:15:23,,20180900,119.8984375,20180600,,20180900
2018-05-25 16:18:09,,20180900,119.8359375,20180600,,20180900
2018-05-25 17:18:31,,20180900,119.8671875,20180600,,20180900
2018-05-25 23:00:00,119.625,20180900,119.953125,20180600,119.625,20180900
2018-05-28 14:12:00,119.9140625,20180900,,20180600,119.9140625,20180900
2018-05-28 16:39:25,119.9296875,20180900,,20180600,119.9296875,20180900
2018-05-28 17:41:04,119.9609375,20180900,,20180600,119.9609375,20180900
2018-05-28 18:41:50,119.9765625,20180900,,20180600,119.9765625,20180900
2018-05-29 23:00:00,120.765625,20180900,121.0625,20180600,120.765625,20180900
2018-05-30 15:10:21,,20181200,120.4609375,20180900,,20181200
2018-05-30 18:10:57,,20181200,120.2421875,20180900,,20181200
2018-05-30 23:00:00,,20181200,120.265625,20180900,,20181200
2018-05-31 14:04:58,,20181200,120.2578125,20180900,,20181200
2018-05-31 15:05:20,,20181200,120.2734375,20180900,,20181200
2018-05-31 18:12:31,,20181200,120.2890625,20180900,,20181200
2018-05-31 23:00:00,,20181200,120.21875,20180900,,20181200
2018-06-01 14:12:57,,20181200,119.6640625,20180900,,20181200
2018-06-01 15:14:19,,20181200,119.8203125,20180900,,20181200
2018-06-01 18:26:08,,20181200,119.8359375,20180900,,20181200
2018-06-01 23:00:00,,20181200,119.8125,20180900,,20181200
2018-06-04 17:14:53,,20181200,119.6171875,20180900,,20181200
2018-06-04 18:15:35,,20181200,119.5390625,20180900,,20181200
2018-06-04 19:00:00,119.375,20181200,,20180900,119.375,20181200
2018-06-04 23:00:00,119.375,20181200,119.46875,20180900,119.375,20181200
2018-06-05 15:33:33,,20181200,119.6484375,20180900,,20181200
2018-06-05 16:34:04,,20181200,119.7265625,20180900,,20181200
2018-06-05 17:34:25,,20181200,119.8203125,20180900,,20181200
2018-06-05 18:34:45,,20181200,119.7265625,20180900,,20181200
2018-06-05 23:00:00,,20181200,119.703125,20180900,,20181200
2018-06-07 18:30:00,119.71875,20181200,,20180900,119.71875,20181200
2018-06-07 23:00:00,119.46875,20181200,,20180900,119.46875,20181200
2018-06-08 14:06:33,,20181200,119.6015625,20180900,,20181200
2018-06-08 15:06:54,,20181200,119.6328125,20180900,,20181200
2018-06-08 17:36:49,,20181200,119.6640625,20180900,,20181200
2018-06-08 18:37:10,,20181200,119.6640625,20180900,,20181200
2018-06-08 23:00:00,,20181200,119.53125,20180900,,20181200
2018-06-11 11:00:00,119.25,20181200,,20180900,119.25,20181200
2018-06-11 15:20:25,,20181200,119.3828125,20180900,,20181200
2018-06-11 16:23:19,,20181200,119.4609375,20180900,,20181200
2018-06-11 17:23:40,,20181200,119.4609375,20180900,,20181200
2018-06-11 18:24:02,,20181200,119.3828125,20180900,,20181200
2018-06-11 23:00:00,119.25,20181200,119.484375,20180900,119.25,20181200
2018-06-12 14:03:35,,20181200,119.2734375,20180900,,20181200
2018-06-12 15:03:50,,20181200,119.3515625,20180900,,20181200
2018-06-12 16:04:02,,20181200,119.3828125,20180900,,20181200
2018-06-12 17:04:14,,20181200,119.3671875,20180900,,20181200
2018-06-12 18:52:56,,20181200,119.3828125,20180900,,20181200
2018-06-12 23:00:00,,20181200,119.359375,20180900,,20181200
2018-06-13 23:00:00,,20181200,119.21875,20180900,,20181200
2018-06-14 14:15:00,119.25,20181200,,20180900,119.25,20181200
2018-06-14 14:37:40,,20181200,119.3671875,20180900,,20181200
2018-06-14 15:39:35,,20181200,119.4453125,20180900,,20181200
2018-06-14 18:30:24,,20181200,119.4921875,20180900,,20181200
2018-06-14 23:00:00,119.25,20181200,119.484375,20180900,119.25,20181200
2018-06-15 14:40:06,,20181200,119.7265625,20180900,,20181200
2018-06-15 15:15:00,119.5,20181200,,20180900,119.5,20181200
2018-06-15 15:42:30,,20181200,119.8359375,20180900,,20181200
2018-06-15 18:37:48,,20181200,119.6640625,20180900,,20181200
2018-06-15 23:00:00,119.5,20181200,119.5625,20180900,119.5,20181200
2018-06-17 23:00:00,119.53125,20181200,,20180900,119.53125,20181200
2018-06-18 14:29:56,,20181200,119.7109375,20180900,,20181200
2018-06-18 16:00:00,119.53125,20181200,,20180900,119.53125,20181200
2018-06-18 17:13:15,,20181200,119.6015625,20180900,,20181200
2018-06-18 17:30:00,119.53125,20181200,,20180900,119.53125,20181200
2018-06-18 18:13:39,,20181200,119.5859375,20180900,,20181200
2018-06-18 23:00:00,119.53125,20181200,119.625,20180900,119.53125,20181200
2018-06-19 14:32:02,,20181200,119.9453125,20180900,,20181200
2018-06-19 17:20:59,,20181200,119.9140625,20180900,,20181200
2018-06-19 18:21:42,,20181200,119.9609375,20180900,,20181200
2018-06-19 23:00:00,,20181200,119.890625,20180900,,20181200
2018-06-20 12:15:00,119.375,20181200,,20180900,119.375,20181200
2018-06-20 14:30:40,,20181200,119.7734375,20180900,,20181200
2018-06-20 15:32:18,,20181200,119.7578125,20180900,,20181200
2018-06-20 18:48:46,,20181200,119.6640625,20180900,,20181200
2018-06-20 23:00:00,119.375,20181200,119.5625,20180900,119.375,20181200
2018-06-21 14:22:16,,20181200,119.7109375,20180900,,20181200
2018-06-21 14:30:00,119.5625,20181200,,20180900,119.5625,20181200
2018-06-21 15:24:38,,20181200,119.8359375,20180900,,20181200
2018-06-21 16:28:03,,20181200,119.8046875,20180900,,20181200
2018-06-21 23:00:00,119.5625,20181200,119.84375,20180900,119.5625,20181200
2018-06-22 12:45:00,119.453125,20181200,,20180900,119.453125,20181200
2018-06-22 14:12:27,,20181200,119.6953125,20180900,,20181200
2018-06-22 15:14:25,,20181200,119.7734375,20180900,,20181200
2018-06-22 16:00:00,119.578125,20181200,,20180900,119.578125,20181200
2018-06-22 16:17:19,,20181200,119.8515625,20180900,,20181200
2018-06-22 18:15:00,119.53125,20181200,,20180900,119.53125,20181200
2018-06-22 19:00:00,119.53125,20181200,,20180900,119.53125,20181200
2018-06-22 19:30:00,119.609375,20181200,,20180900,119.609375,20181200
2018-06-22 19:45:00,119.578125,20181200,,20180900,119.578125,20181200
2018-06-22 20:00:00,119.59375,20181200,,20180900,119.59375,20181200
2018-06-22 23:00:00,119.59375,20181200,119.828125,20180900,119.59375,20181200
2018-06-25 17:35:28,,20181200,120.0390625,20180900,,20181200
2018-06-25 18:35:55,,20181200,119.9921875,20180900,,20181200
2018-06-25 23:00:00,,20181200,119.96875,20180900,,20181200
2018-06-26 14:14:02,,20181200,120.0078125,20180900,,20181200
2018-06-26 17:16:13,,20181200,120.0234375,20180900,,20181200
2018-06-26 18:16:42,,20181200,119.9765625,20180900,,20181200
2018-06-26 23:00:00,,20181200,120.0,20180900,,20181200
2018-06-27 14:05:26,,20181200,120.2578125,20180900,,20181200
2018-06-27 14:45:00,120.03125,20181200,,20180900,120.03125,20181200
2018-06-27 15:07:16,,20181200,120.2109375,20180900,,20181200
2018-06-27 18:00:00,120.15625,20181200,,20180900,120.15625,20181200
2018-06-27 18:04:29,,20181200,120.3046875,20180900,,20181200
2018-06-27 20:15:00,120.125,20181200,,20180900,120.125,20181200
2018-06-27 23:00:00,120.125,20181200,120.375,20180900,120.125,20181200
2018-06-28 14:02:29,,20181200,120.3828125,20180900,,20181200
2018-06-28 15:04:10,,20181200,120.3203125,20180900,,20181200
2018-06-28 15:30:00,120.1875,20181200,,20180900,120.1875,20181200
2018-06-28 18:22:17,,20181200,120.1953125,20180900,,20181200
2018-06-28 23:00:00,120.1875,20181200,120.265625,20180900,120.1875,20181200
2018-06-29 05:15:00,119.9375,20181200,,20180900,119.9375,20181200
2018-06-29 14:05:24,,20181200,120.2265625,20180900,,20181200
2018-06-29 15:06:42,,20181200,120.1953125,20180900,,20181200
2018-06-29 18:00:00,120.046875,20181200,,20180900,120.046875,20181200
2018-06-29 18:41:03,,20181200,120.2578125,20180900,,20181200
2018-06-29 20:00:00,119.96875,20181200,,20180900,119.96875,20181200
2018-06-29 23:00:00,119.96875,20181200,120.125,20180900,119.96875,20181200
2018-07-02 02:45:00,119.921875,20181200,,20180900,119.921875,20181200
2018-07-02 08:30:00,120.15625,20181200,,20180900,120.15625,20181200
2018-07-02 13:45:00,120.15625,20181200,,20180900,120.15625,20181200
2018-07-02 14:45:00,120.0,20181200,,20180900,120.0,20181200
2018-07-02 15:15:00,119.9375,20181200,,20180900,119.9375,20181200
2018-07-02 15:30:00,119.875,20181200,,20180900,119.875,20181200
2018-07-02 16:04:31,,20181200,120.1484375,20180900,,20181200
2018-07-02 17:04:53,,20181200,120.1328125,20180900,,20181200
2018-07-02 17:45:00,119.9375,20181200,,20180900,119.9375,20181200
2018-07-02 18:05:13,,20181200,120.0859375,20180900,,20181200
2018-07-02 23:00:00,119.9375,20181200,120.0625,20180900,119.9375,20181200
2018-07-03 08:45:00,119.875,20181200,,20180900,119.875,20181200
2018-07-03 14:01:07,,20181200,120.0078125,20180900,,20181200
2018-07-03 14:30:00,119.90625,20181200,,20180900,119.90625,20181200
2018-07-03 16:47:26,,20181200,120.2890625,20180900,,20181200
2018-07-03 17:45:00,120.109375,20181200,,20180900,120.109375,20181200
2018-07-03 17:47:50,,20181200,120.2890625,20180900,,20181200
2018-07-03 18:45:00,120.15625,20181200,,20180900,120.15625,20181200
2018-07-03 18:49:03,,20181200,120.3515625,20180900,,20181200
2018-07-03 19:00:00,120.125,20181200,,20180900,120.125,20181200
2018-07-03 19:45:00,120.140625,20181200,,20180900,120.140625,20181200
2018-07-03 23:00:00,120.109375,20181200,120.296875,20180900,120.109375,20181200
2018-07-04 14:04:46,,20181200,120.2734375,20180900,,20181200
2018-07-04 15:06:31,,20181200,120.2890625,20180900,,20181200
2018-07-04 17:00:00,120.078125,20181200,,20180900,120.078125,20181200
2018-07-04 18:03:27,,20181200,120.2421875,20180900,,20181200
2018-07-05 13:30:00,120.015625,20181200,,20180900,120.015625,20181200
2018-07-05 14:18:30,,20181200,120.2265625,20180900,,20181200
2018-07-05 14:45:00,120.109375,20181200,,20180900,120.109375,20181200
2018-07-05 15:15:00,120.15625,20181200,,20180900,120.15625,20181200
2018-07-05 15:19:21,,20181200,120.2890625,20180900,,20181200
2018-07-05 16:19:56,,20181200,120.3984375,20180900,,20181200
2018-07-05 17:15:00,120.125,20181200,,20180900,120.125,20181200
2018-07-05 19:45:00,120.0625,20181200,,20180900,120.0625,20181200
2018-07-05 23:00:00,120.1875,20181200,120.296875,20180900,120.1875,20181200
2018-07-06 14:08:29,,20181200,120.4765625,20180900,,20181200
2018-07-06 14:15:00,120.25,20181200,,20180900,120.25,20181200
2018-07-06 15:10:16,,20181200,120.4140625,20180900,,20181200
2018-07-06 16:12:31,,20181200,120.3984375,20180900,,20181200
2018-07-06 17:15:00,120.125,20181200,,20180900,120.125,20181200
2018-07-06 19:00:00,120.125,20181200,,20180900,120.125,20181200
2018-07-06 19:30:00,120.109375,20181200,,20180900,120.109375,20181200
2018-07-06 20:45:00,120.21875,20181200,,20180900,120.21875,20181200
2018-07-06 23:00:00,120.21875,20181200,120.390625,20180900,120.21875,20181200
2018-07-09 14:00:00,120.0,20181200,,20180900,120.0,20181200
2018-07-09 14:30:00,119.96875,20181200,,20180900,119.96875,20181200
2018-07-09 14:31:39,,20181200,120.1484375,20180900,,20181200
2018-07-09 17:15:27,,20181200,120.1953125,20180900,,20181200
2018-07-09 18:16:11,,20181200,120.1484375,20180900,,20181200
2018-07-09 21:45:00,119.96875,20181200,,20180900,119.96875,20181200
2018-07-09 23:00:00,119.96875,20181200,120.140625,20180900,119.96875,20181200
2018-07-10 13:00:00,119.84375,20181200,,20180900,119.84375,20181200
2018-07-10 13:45:00,119.828125,20181200,,20180900,119.828125,20181200
2018-07-10 14:00:00,119.859375,20181200,,20180900,119.859375,20181200
2018-07-10 14:17:57,,20181200,120.0234375,20180900,,20181200
2018-07-10 17:09:42,,20181200,120.0703125,20180900,,20181200
2018-07-10 18:10:09,,20181200,120.0234375,20180900,,20181200
2018-07-10 23:00:00,119.859375,20181200,120.0625,20180900,119.859375,20181200
2018-07-10 23:15:00,120.109375,20181200,,20180900,120.109375,20181200
2018-07-11 01:45:00,120.15625,20181200,,20180900,120.15625,20181200
2018-07-11 03:00:00,120.078125,20181200,,20180900,120.078125,20181200
2018-07-11 13:00:00,120.0625,20181200,,20180900,120.0625,20181200
2018-07-11 13:30:00,120.0,20181200,,20180900,120.0,20181200
2018-07-11 14:29:30,,20181200,120.1953125,20180900,,20181200
2018-07-11 15:30:17,,20181200,120.1328125,20180900,,20181200
2018-07-11 16:15:00,119.953125,20181200,,20180900,119.953125,20181200
2018-07-11 18:55:40,,20181200,120.1328125,20180900,,20181200
2018-07-11 19:00:00,120.046875,20181200,,20180900,120.046875,20181200
2018-07-11 19:30:00,120.078125,20181200,,20180900,120.078125,20181200
2018-07-11 21:45:00,120.0,20181200,,20180900,120.0,20181200
2018-07-11 23:00:00,120.078125,20181200,120.25,20180900,120.078125,20181200
2018-07-12 01:00:00,119.984375,20181200,,20180900,119.984375,20181200
2018-07-12 12:00:00,119.90625,20181200,,20180900,119.90625,20181200
2018-07-12 13:30:00,119.9375,20181200,,20180900,119.9375,20181200
2018-07-12 14:03:14,,20181200,120.1015625,20180900,,20181200
2018-07-12 15:05:18,,20181200,120.1953125,20180900,,20181200
2018-07-12 16:10:34,,20181200,120.1796875,20180900,,20181200
2018-07-12 23:00:00,119.9375,20181200,120.171875,20180900,119.9375,20181200
2018-07-13 13:30:00,120.15625,20181200,,20180900,120.15625,20181200
2018-07-13 14:00:00,120.09375,20181200,,20180900,120.09375,20181200
2018-07-13 14:05:14,,20181200,120.3203125,20180900,,20181200
2018-07-13 15:00:00,120.109375,20181200,,20180900,120.109375,20181200
2018-07-13 16:30:26,,20181200,120.3203125,20180900,,20181200
2018-07-13 17:15:00,120.140625,20181200,,20180900,120.140625,20181200
2018-07-13 17:30:38,,20181200,120.3359375,20180900,,20181200
2018-07-13 18:31:06,,20181200,120.3515625,20180900,,20181200
2018-07-13 18:45:00,120.234375,20181200,,20180900,120.234375,20181200
2018-07-13 20:45:00,120.203125,20181200,,20180900,120.203125,20181200
2018-07-13 23:00:00,120.203125,20181200,120.359375,20180900,120.203125,20181200
2018-07-16 14:15:00,120.0,20181200,,20180900,120.0,20181200
2018-07-16 14:30:00,119.984375,20181200,,20180900,119.984375,20181200
2018-07-16 16:15:00,119.921875,20181200,,20180900,119.921875,20181200
2018-07-16 17:45:00,119.9375,20181200,,20180900,119.9375,20181200
2018-07-16 20:15:00,120.0,20181200,,20180900,120.0,20181200
2018-07-16 23:00:00,120.0,20181200,120.171875,20180900,120.0,20181200
2018-07-17 14:08:51,,20181200,120.2109375,20180900,,20181200
2018-07-17 15:19:56,,20181200,120.1328125,20180900,,20181200
2018-07-17 15:30:00,119.9375,20181200,,20180900,119.9375,20181200
2018-07-17 16:29:59,,20181200,120.1796875,20180900,,20181200
2018-07-17 16:45:00,120.015625,20181200,,20180900,120.015625,20181200
2018-07-17 18:13:13,,20181200,120.1484375,20180900,,20181200
2018-07-17 19:00:00,119.96875,20181200,,20180900,119.96875,20181200
2018-07-17 23:00:00,119.96875,20181200,120.109375,20180900,119.96875,20181200
2018-07-18 02:00:00,119.875,20181200,,20180900,119.875,20181200
2018-07-18 10:00:00,119.9375,20181200,,20180900,119.9375,20181200
2018-07-18 14:42:53,,20181200,120.1640625,20180900,,20181200
2018-07-18 15:56:15,,20181200,120.1328125,20180900,,20181200
2018-07-18 17:06:26,,20181200,120.1171875,20180900,,20181200
2018-07-18 19:45:00,119.921875,20181200,,20180900,119.921875,20181200
2018-07-18 20:00:00,119.890625,20181200,,20180900,119.890625,20181200
2018-07-18 20:30:00,119.859375,20181200,,20180900,119.859375,20181200
2018-07-18 23:00:00,119.859375,20181200,120.046875,20180900,119.859375,20181200
2018-07-18 23:30:00,119.859375,20181200,,20180900,119.859375,20181200
2018-07-19 01:15:00,119.8125,20181200,,20180900,119.8125,20181200
2018-07-19 01:45:00,119.75,20181200,,20180900,119.75,20181200
2018-07-19 13:30:00,119.765625,20181200,,20180900,119.765625,20181200
2018-07-19 15:18:55,,20181200,120.1640625,20180900,,20181200
2018-07-19 16:31:21,,20181200,120.2109375,20180900,,20181200
2018-07-19 17:00:00,120.0,20181200,,20180900,120.0,20181200
2018-07-19 17:15:00,120.15625,20181200,,20180900,120.15625,20181200
2018-07-19 17:30:00,120.15625,20181200,,20180900,120.15625,20181200
2018-07-19 17:32:31,,20181200,120.2890625,20180900,,20181200
2018-07-19 17:45:00,120.15625,20181200,,20180900,120.15625,20181200
2018-07-19 18:00:00,120.21875,20181200,,20180900,120.21875,20181200
2018-07-19 18:15:00,120.21875,20181200,,20180900,120.21875,20181200
2018-07-19 18:33:16,,20181200,120.3359375,20180900,,20181200
2018-07-19 19:00:00,120.109375,20181200,,20180900,120.109375,20181200
2018-07-19 19:30:00,120.125,20181200,,20180900,120.125,20181200
2018-07-19 19:45:00,120.15625,20181200,,20180900,120.15625,20181200
2018-07-19 20:00:00,120.125,20181200,,20180900,120.125,20181200
2018-07-19 23:00:00,120.125,20181200,120.328125,20180900,120.125,20181200
2018-07-20 03:15:00,120.171875,20181200,,20180900,120.171875,20181200
2018-07-20 12:30:00,120.09375,20181200,,20180900,120.09375,20181200
2018-07-20 13:00:00,120.09375,20181200,,20180900,120.09375,20181200
2018-07-20 14:15:00,120.015625,20181200,,20180900,120.015625,20181200
2018-07-20 14:30:00,120.015625,20181200,,20180900,120.015625,20181200
2018-07-20 14:45:00,120.015625,20181200,,20180900,120.015625,20181200
2018-07-20 15:00:00,120.0,20181200,,20180900,120.0,20181200
2018-07-20 15:13:49,,20181200,120.1328125,20180900,,20181200
2018-07-20 15:45:00,119.875,20181200,,20180900,119.875,20181200
2018-07-20 16:00:00,119.921875,20181200,,20180900,119.921875,20181200
2018-07-20 16:15:00,119.875,20181200,,20180900,119.875,20181200
2018-07-20 16:27:26,,20181200,120.0546875,20180900,,20181200
2018-07-20 17:00:00,119.90625,20181200,,20180900,119.90625,20181200
2018-07-20 17:28:34,,20181200,120.0703125,20180900,,20181200
2018-07-20 18:29:07,,20181200,120.0546875,20180900,,20181200
2018-07-20 18:45:00,119.828125,20181200,,20180900,119.828125,20181200
2018-07-20 20:45:00,119.796875,20181200,,20180900,119.796875,20181200
2018-07-20 23:00:00,119.796875,20181200,119.984375,20180900,119.796875,20181200
2018-07-23 13:45:00,119.78125,20181200,,20180900,119.78125,20181200
2018-07-23 14:00:00,119.71875,20181200,,20180900,119.71875,20181200
2018-07-23 14:28:25,,20181200,119.8671875,20180900,,20181200
2018-07-23 14:45:00,119.625,20181200,,20180900,119.625,20181200
2018-07-23 15:00:00,119.59375,20181200,,20180900,119.59375,20181200
2018-07-23 15:15:00,119.484375,20181200,,20180900,119.484375,20181200
2018-07-23 15:40:55,,20181200,119.6953125,20180900,,20181200
2018-07-23 16:15:00,119.421875,20181200,,20180900,119.421875,20181200
2018-07-23 16:30:00,119.4375,20181200,,20180900,119.4375,20181200
2018-07-23 16:51:11,,20181200,119.6015625,20180900,,20181200
2018-07-23 17:15:00,119.390625,20181200,,20180900,119.390625,20181200
2018-07-23 17:30:00,119.34375,20181200,,20180900,119.34375,20181200
2018-07-23 17:45:00,119.359375,20181200,,20180900,119.359375,20181200
2018-07-23 18:15:00,119.34375,20181200,,20180900,119.34375,20181200
2018-07-23 19:45:00,119.3125,20181200,,20180900,119.3125,20181200
2018-07-23 20:15:00,119.28125,20181200,,20180900,119.28125,20181200
2018-07-23 21:00:00,119.296875,20181200,,20180900,119.296875,20181200
2018-07-23 23:00:00,119.296875,20181200,119.515625,20180900,119.296875,20181200
2018-07-24 05:15:00,119.375,20181200,,20180900,119.375,20181200
2018-07-24 08:00:00,119.375,20181200,,20180900,119.375,20181200
2018-07-24 09:30:00,119.34375,20181200,,20180900,119.34375,20181200
2018-07-24 11:00:00,119.40625,20181200,,20180900,119.40625,20181200
2018-07-24 13:00:00,119.3125,20181200,,20180900,119.3125,20181200
2018-07-24 14:00:00,119.25,20181200,,20180900,119.25,20181200
2018-07-24 14:30:00,119.25,20181200,,20180900,119.25,20181200
2018-07-24 14:45:00,119.28125,20181200,,20180900,119.28125,20181200
2018-07-24 14:59:50,,20181200,119.4765625,20180900,,20181200
2018-07-24 15:00:00,119.3125,20181200,,20180900,119.3125,20181200
2018-07-24 16:14:30,,20181200,119.5234375,20180900,,20181200
2018-07-24 17:15:00,119.28125,20181200,,20180900,119.28125,20181200
2018-07-24 17:16:10,,20181200,119.4453125,20180900,,20181200
2018-07-24 17:30:00,119.296875,20181200,,20180900,119.296875,20181200
2018-07-24 19:00:00,119.375,20181200,,20180900,119.375,20181200
2018-07-24 23:00:00,119.375,20181200,119.5625,20180900,119.375,20181200
2018-07-25 14:57:48,,20181200,119.5859375,20180900,,20181200
2018-07-25 15:15:00,119.421875,20181200,,20180900,119.421875,20181200
2018-07-25 15:30:00,119.375,20181200,,20180900,119.375,20181200
2018-07-25 16:00:00,119.484375,20181200,,20180900,119.484375,20181200
2018-07-25 16:12:23,,20181200,119.6484375,20180900,,20181200
2018-07-25 17:13:26,,20181200,119.6015625,20180900,,20181200
2018-07-25 17:45:00,119.46875,20181200,,20180900,119.46875,20181200
2018-07-25 18:00:00,119.453125,20181200,,20180900,119.453125,20181200
2018-07-25 18:14:25,,20181200,119.6640625,20180900,,20181200
2018-07-25 19:15:00,119.40625,20181200,,20180900,119.40625,20181200
2018-07-25 19:30:00,119.453125,20181200,,20180900,119.453125,20181200
2018-07-25 20:15:00,119.46875,20181200,,20180900,119.46875,20181200
2018-07-25 21:45:00,119.140625,20181200,,20180900,119.140625,20181200
2018-07-25 23:00:00,119.203125,20181200,119.453125,20180900,119.203125,20181200
2018-07-26 00:00:00,119.203125,20181200,,20180900,119.203125,20181200
2018-07-26 00:45:00,119.171875,20181200,,20180900,119.171875,20181200
2018-07-26 12:30:00,119.203125,20181200,,20180900,119.203125,20181200
2018-07-26 13:45:00,119.28125,20181200,,20180900,119.28125,20181200
2018-07-26 14:00:00,119.25,20181200,,20180900,119.25,20181200
2018-07-26 14:15:00,119.296875,20181200,,20180900,119.296875,20181200
2018-07-26 14:45:00,119.296875,20181200,,20180900,119.296875,20181200
2018-07-26 14:48:51,,20181200,119.4765625,20180900,,20181200
2018-07-26 15:00:00,119.328125,20181200,,20180900,119.328125,20181200
2018-07-26 15:15:00,119.375,20181200,,20180900,119.375,20181200
2018-07-26 15:30:00,119.34375,20181200,,20180900,119.34375,20181200
2018-07-26 15:45:00,119.28125,20181200,,20180900,119.28125,20181200
2018-07-26 16:00:00,119.28125,20181200,,20180900,119.28125,20181200
2018-07-26 16:04:51,,20181200,119.4296875,20180900,,20181200
2018-07-26 16:15:00,119.25,20181200,,20180900,119.25,20181200
2018-07-26 16:30:00,119.234375,20181200,,20180900,119.234375,20181200
2018-07-26 17:00:00,119.265625,20181200,,20180900,119.265625,20181200
2018-07-26 17:06:06,,20181200,119.4296875,20180900,,20181200
2018-07-26 17:15:00,119.234375,20181200,,20180900,119.234375,20181200
2018-07-26 17:30:00,119.265625,20181200,,20180900,119.265625,20181200
2018-07-26 18:00:00,119.21875,20181200,,20180900,119.21875,20181200
2018-07-26 18:06:45,,20181200,119.3984375,20180900,,20181200
2018-07-26 18:30:00,119.140625,20181200,,20180900,119.140625,20181200
2018-07-26 19:15:00,119.171875,20181200,,20180900,119.171875,20181200
2018-07-26 19:30:00,119.15625,20181200,,20180900,119.15625,20181200
2018-07-26 19:45:00,119.140625,20181200,,20180900,119.140625,20181200
2018-07-26 20:00:00,119.140625,20181200,,20180900,119.140625,20181200
2018-07-26 20:30:00,119.109375,20181200,,20180900,119.109375,20181200
2018-07-26 20:45:00,119.125,20181200,,20180900,119.125,20181200
2018-07-26 21:15:00,119.109375,20181200,,20180900,119.109375,20181200
2018-07-26 21:45:00,119.09375,20181200,,20180900,119.09375,20181200
2018-07-26 23:00:00,119.125,20181200,119.28125,20180900,119.125,20181200
2018-07-27 02:15:00,119.09375,20181200,,20180900,119.09375,20181200
2018-07-27 04:00:00,119.0625,20181200,,20180900,119.0625,20181200
2018-07-27 04:30:00,119.078125,20181200,,20180900,119.078125,20181200
2018-07-27 08:00:00,119.125,20181200,,20180900,119.125,20181200
2018-07-27 13:00:00,119.125,20181200,,20180900,119.125,20181200
2018-07-27 13:30:00,119.21875,20181200,,20180900,119.21875,20181200
2018-07-27 14:15:00,119.296875,20181200,,20180900,119.296875,20181200
2018-07-27 14:45:00,119.25,20181200,,20180900,119.25,20181200
2018-07-27 15:00:00,119.265625,20181200,,20180900,119.265625,20181200
2018-07-27 15:15:00,119.25,20181200,,20180900,119.25,20181200
2018-07-27 16:00:00,119.1875,20181200,,20180900,119.1875,20181200
2018-07-27 16:14:58,,20181200,119.3828125,20180900,,20181200
2018-07-27 16:30:00,119.21875,20181200,,20180900,119.21875,20181200
2018-07-27 17:17:00,,20181200,119.4296875,20180900,,20181200
2018-07-27 18:15:00,119.28125,20181200,,20180900,119.28125,20181200
2018-07-27 18:17:38,,20181200,119.4609375,20180900,,20181200
2018-07-27 19:15:00,119.28125,20181200,,20180900,119.28125,20181200
2018-07-27 19:30:00,119.265625,20181200,,20180900,119.265625,20181200
2018-07-27 20:00:00,119.234375,20181200,,20180900,119.234375,20181200
2018-07-27 20:30:00,119.25,20181200,,20180900,119.25,20181200
2018-07-27 20:45:00,119.25,20181200,,20180900,119.25,20181200
2018-07-27 23:00:00,119.25,20181200,119.46875,20180900,119.25,20181200
2018-07-30 00:15:00,119.28125,20181200,,20180900,119.28125,20181200
2018-07-30 02:30:00,119.265625,20181200,,20180900,119.265625,20181200
2018-07-30 06:15:00,119.25,20181200,,20180900,119.25,20181200
2018-07-30 08:15:00,119.25,20181200,,20180900,119.25,20181200
2018-07-30 08:45:00,119.21875,20181200,,20180900,119.21875,20181200
2018-07-30 09:15:00,119.171875,20181200,,20180900,119.171875,20181200
2018-07-30 10:30:00,119.109375,20181200,,20180900,119.109375,20181200
2018-07-30 12:45:00,119.109375,20181200,,20180900,119.109375,20181200
2018-07-30 14:00:00,119.0625,20181200,,20180900,119.0625,20181200
2018-07-30 15:00:00,119.078125,20181200,,20180900,119.078125,20181200
2018-07-30 15:15:00,119.171875,20181200,,20180900,119.171875,20181200
2018-07-30 15:45:00,119.109375,20181200,,20180900,119.109375,20181200
2018-07-30 16:00:00,119.15625,20181200,,20180900,119.15625,20181200
2018-07-30 16:15:00,119.140625,20181200,,20180900,119.140625,20181200
2018-07-30 16:36:10,,20181200,119.3671875,20180900,,20181200
2018-07-30 17:00:00,119.21875,20181200,,20180900,119.21875,20181200
2018-07-30 17:15:00,119.203125,20181200,,20180900,119.203125,20181200
2018-07-30 17:30:00,119.234375,20181200,,20180900,119.234375,20181200
2018-07-30 18:20:48,,20181200,119.4140625,20180900,,20181200
2018-07-30 18:45:00,119.234375,20181200,,20180900,119.234375,20181200
2018-07-30 19:00:00,119.21875,20181200,,20180900,119.21875,20181200
2018-07-30 21:00:00,119.15625,20181200,,20180900,119.15625,20181200
2018-07-30 21:45:00,119.171875,20181200,,20180900,119.171875,20181200
2018-07-30 23:00:00,119.3125,20181200,119.375,20180900,119.3125,20181200
2018-07-31 01:45:00,119.203125,20181200,,20180900,119.203125,20181200
2018-07-31 02:15:00,119.1875,20181200,,20180900,119.1875,20181200
2018-07-31 05:30:00,119.40625,20181200,,20180900,119.40625,20181200
2018-07-31 05:45:00,119.4375,20181200,,20180900,119.4375,20181200
2018-07-31 07:00:00,119.375,20181200,,20180900,119.375,20181200
2018-07-31 07:30:00,119.3125,20181200,,20180900,119.3125,20181200
2018-07-31 07:45:00,119.3125,20181200,,20180900,119.3125,20181200
2018-07-31 14:15:00,119.234375,20181200,,20180900,119.234375,20181200
2018-07-31 14:30:00,119.1875,20181200,,20180900,119.1875,20181200
2018-07-31 14:42:00,,20181200,119.4140625,20180900,,20181200
2018-07-31 14:45:00,119.265625,20181200,,20180900,119.265625,20181200
2018-07-31 15:15:00,119.1875,20181200,,20180900,119.1875,20181200
2018-07-31 15:30:00,119.1875,20181200,,20180900,119.1875,20181200
2018-07-31 16:00:00,119.21875,20181200,,20180900,119.21875,20181200
2018-07-31 16:15:00,119.234375,20181200,,20180900,119.234375,20181200
2018-07-31 17:00:00,119.25,20181200,,20180900,119.25,20181200
2018-07-31 18:35:35,,20181200,119.4609375,20180900,,20181200
2018-07-31 18:45:00,119.25,20181200,,20180900,119.25,20181200
2018-07-31 19:45:00,119.203125,20181200,,20180900,119.203125,20181200
2018-07-31 20:00:00,119.203125,20181200,,20180900,119.203125,20181200
2018-07-31 20:30:00,119.21875,20181200,,20180900,119.21875,20181200
2018-07-31 20:45:00,119.234375,20181200,,20180900,119.234375,20181200
2018-07-31 23:00:00,119.359375,20181200,119.421875,20180900,119.359375,20181200
2018-07-31 23:45:00,119.34375,20181200,,20180900,119.34375,20181200
2018-08-01 00:00:00,119.3125,20181200,,20180900,119.3125,20181200
2018-08-01 02:00:00,119.234375,20181200,,20180900,119.234375,20181200
2018-08-01 03:30:00,119.15625,20181200,,20180900,119.15625,20181200
2018-08-01 08:30:00,119.09375,20181200,,20180900,119.09375,20181200
2018-08-01 10:00:00,119.09375,20181200,,20180900,119.09375,20181200
2018-08-01 13:15:00,119.0,20181200,,20180900,119.0,20181200
2018-08-01 13:30:00,118.984375,20181200,,20180900,118.984375,20181200
2018-08-01 13:45:00,118.9375,20181200,,20180900,118.9375,20181200
2018-08-01 14:00:00,118.9375,20181200,,20180900,118.9375,20181200
2018-08-01 14:15:00,118.875,20181200,,20180900,118.875,20181200
2018-08-01 14:30:00,118.859375,20181200,,20180900,118.859375,20181200
2018-08-01 14:48:44,,20181200,119.1328125,20180900,,20181200
2018-08-01 15:00:00,118.9375,20181200,,20180900,118.9375,20181200
2018-08-01 15:15:00,118.875,20181200,,20180900,118.875,20181200
2018-08-01 15:45:00,118.90625,20181200,,20180900,118.90625,20181200
2018-08-01 16:00:00,118.921875,20181200,,20180900,118.921875,20181200
2018-08-01 16:15:00,118.90625,20181200,,20180900,118.90625,20181200
2018-08-01 16:30:00,118.9375,20181200,,20180900,118.9375,20181200
2018-08-01 16:45:00,118.953125,20181200,,20180900,118.953125,20181200
2018-08-01 17:00:00,119.0,20181200,,20180900,119.0,20181200
2018-08-01 17:15:00,119.0,20181200,,20180900,119.0,20181200
2018-08-01 18:30:00,118.953125,20181200,,20180900,118.953125,20181200
2018-08-01 18:53:15,,20181200,119.2109375,20180900,,20181200
2018-08-01 19:45:00,118.96875,20181200,,20180900,118.96875,20181200
2018-08-01 23:00:00,119.125,20181200,119.125,20180900,119.125,20181200
2018-08-02 02:15:00,119.0,20181200,,20180900,119.0,20181200
2018-08-02 04:30:00,119.0,20181200,,20180900,119.0,20181200
2018-08-02 06:15:00,119.09375,20181200,,20180900,119.09375,20181200
2018-08-02 09:15:00,118.9375,20181200,,20180900,118.9375,20181200
2018-08-02 11:00:00,119.125,20181200,,20180900,119.125,20181200
2018-08-02 11:30:00,119.125,20181200,,20180900,119.125,20181200
2018-08-02 11:45:00,119.140625,20181200,,20180900,119.140625,20181200
2018-08-02 12:00:00,119.140625,20181200,,20180900,119.140625,20181200
2018-08-02 12:30:00,119.125,20181200,,20180900,119.125,20181200
2018-08-02 14:00:00,119.125,20181200,,20180900,119.125,20181200
2018-08-02 14:30:00,119.0625,20181200,,20180900,119.0625,20181200
2018-08-02 15:00:00,119.0,20181200,,20180900,119.0,20181200
2018-08-02 15:11:13,,20181200,119.2265625,20180900,,20181200
2018-08-02 15:15:00,118.984375,20181200,,20180900,118.984375,20181200
2018-08-02 16:00:00,119.046875,20181200,,20180900,119.046875,20181200
2018-08-02 17:15:00,119.078125,20181200,,20180900,119.078125,20181200
2018-08-02 17:30:00,119.09375,20181200,,20180900,119.09375,20181200
2018-08-02 18:30:00,119.09375,20181200,,20180900,119.09375,20181200
2018-08-02 19:00:00,119.109375,20181200,,20180900,119.109375,20181200
2018-08-02 19:30:00,119.09375,20181200,,20180900,119.09375,20181200
2018-08-02 19:45:00,119.078125,20181200,,20180900,119.078125,20181200
2018-08-02 20:00:00,119.125,20181200,,20180900,119.125,20181200
2018-08-02 20:15:00,119.125,20181200,,20180900,119.125,20181200
2018-08-02 20:45:00,119.09375,20181200,,20180900,119.09375,20181200
2018-08-02 23:00:00,119.09375,20181200,119.296875,20180900,119.09375,20181200
2018-08-03 02:30:00,119.03125,20181200,,20180900,119.03125,20181200
2018-08-03 03:15:00,119.0625,20181200,,20180900,119.0625,20181200
2018-08-03 04:45:00,119.09375,20181200,,20180900,119.09375,20181200
2018-08-03 07:15:00,119.109375,20181200,,20180900,119.109375,20181200
2018-08-03 08:45:00,119.1875,20181200,,20180900,119.1875,20181200
2018-08-03 11:15:00,119.1875,20181200,,20180900,119.1875,20181200
2018-08-03 11:45:00,119.171875,20181200,,20180900,119.171875,20181200
2018-08-03 13:00:00,119.171875,20181200,,20180900,119.171875,20181200
2018-08-03 13:15:00,119.15625,20181200,,20180900,119.15625,20181200
2018-08-03 13:30:00,119.1875,20181200,,20180900,119.1875,20181200
2018-08-03 14:30:00,119.234375,20181200,,20180900,119.234375,20181200
2018-08-03 14:45:00,119.28125,20181200,,20180900,119.28125,20181200
2018-08-03 15:00:00,119.3125,20181200,,20180900,119.3125,20181200
2018-08-03 15:00:11,,20181200,119.5078125,20180900,,20181200
2018-08-03 15:15:00,119.328125,20181200,,20180900,119.328125,20181200
2018-08-03 15:30:00,119.328125,20181200,,20180900,119.328125,20181200
2018-08-03 15:45:00,119.359375,20181200,,20180900,119.359375,20181200
2018-08-03 16:00:00,119.34375,20181200,,20180900,119.34375,20181200
2018-08-03 16:15:00,119.359375,20181200,,20180900,119.359375,20181200
2018-08-03 16:30:00,119.375,20181200,,20180900,119.375,20181200
2018-08-03 17:15:00,119.34375,20181200,,20180900,119.34375,20181200
2018-08-03 18:30:00,119.359375,20181200,,20180900,119.359375,20181200
2018-08-03 19:00:00,119.375,20181200,,20180900,119.375,20181200
2018-08-03 19:30:00,119.390625,20181200,,20180900,119.390625,20181200
2018-08-03 20:00:00,119.375,20181200,,20180900,119.375,20181200
2018-08-03 20:30:00,119.390625,20181200,,20180900,119.390625,20181200
2018-08-03 20:45:00,119.359375,20181200,,20180900,119.359375,20181200
2018-08-03 21:45:00,119.390625,20181200,,20180900,119.390625,20181200
2018-08-03 23:00:00,119.359375,20181200,119.609375,20180900,119.359375,20181200
2018-08-05 23:15:00,119.359375,20181200,,20180900,119.359375,20181200
2018-08-06 01:15:00,119.328125,20181200,,20180900,119.328125,20181200
2018-08-06 09:00:00,119.4375,20181200,,20180900,119.4375,20181200
2018-08-06 11:45:00,119.40625,20181200,,20180900,119.40625,20181200
2018-08-06 12:00:00,119.40625,20181200,,20180900,119.40625,20181200
2018-08-06 13:30:00,119.375,20181200,,20180900,119.375,20181200
2018-08-06 13:45:00,119.421875,20181200,,20180900,119.421875,20181200
2018-08-06 14:00:00,119.484375,20181200,,20180900,119.484375,20181200
2018-08-06 14:15:00,119.46875,20181200,,20180900,119.46875,20181200
2018-08-06 14:30:00,119.5625,20181200,,20180900,119.5625,20181200
2018-08-06 14:45:00,119.59375,20181200,,20180900,119.59375,20181200
2018-08-06 15:00:00,119.59375,20181200,,20180900,119.59375,20181200
2018-08-06 15:09:59,,20181200,119.7890625,20180900,,20181200
2018-08-06 15:15:00,119.609375,20181200,,20180900,119.609375,20181200
2018-08-06 15:30:00,119.640625,20181200,,20180900,119.640625,20181200
2018-08-06 15:45:00,119.578125,20181200,,20180900,119.578125,20181200
2018-08-06 16:00:00,119.609375,20181200,,20180900,119.609375,20181200
2018-08-06 16:45:00,119.5625,20181200,,20180900,119.5625,20181200
2018-08-06 16:56:30,,20181200,119.7421875,20180900,,20181200
2018-08-06 17:15:00,119.53125,20181200,,20180900,119.53125,20181200
2018-08-06 17:30:00,119.515625,20181200,,20180900,119.515625,20181200
2018-08-06 18:00:00,119.53125,20181200,,20180900,119.53125,20181200
2018-08-06 18:25:38,,20181200,119.7265625,20180900,,20181200
2018-08-06 19:45:00,119.546875,20181200,,20180900,119.546875,20181200
2018-08-06 20:30:00,119.515625,20181200,,20180900,119.515625,20181200
2018-08-06 20:45:00,119.484375,20181200,,20180900,119.484375,20181200
2018-08-06 23:00:00,119.5,20181200,119.703125,20180900,119.5,20181200
2018-08-07 03:00:00,119.5,20181200,,20180900,119.5,20181200
2018-08-07 06:45:00,119.5,20181200,,20180900,119.5,20181200
2018-08-07 08:00:00,119.546875,20181200,,20180900,119.546875,20181200
2018-08-07 09:15:00,119.46875,20181200,,20180900,119.46875,20181200
2018-08-07 13:00:00,119.40625,20181200,,20180900,119.40625,20181200
2018-08-07 13:30:00,119.390625,20181200,,20180900,119.390625,20181200
2018-08-07 14:30:00,119.375,20181200,,20180900,119.375,20181200
2018-08-07 14:45:00,119.328125,20181200,,20180900,119.328125,20181200
2018-08-07 15:00:00,119.3125,20181200,,20180900,119.3125,20181200
2018-08-07 15:11:06,,20181200,119.5234375,20180900,,20181200
2018-08-07 15:45:00,119.34375,20181200,,20180900,119.34375,20181200
2018-08-07 16:00:00,119.34375,20181200,,20180900,119.34375,20181200
2018-08-07 16:15:00,119.359375,20181200,,20180900,119.359375,20181200
2018-08-07 16:30:00,119.359375,20181200,,20180900,119.359375,20181200
2018-08-07 16:59:10,,20181200,119.5546875,20180900,,20181200
2018-08-07 17:15:00,119.328125,20181200,,20180900,119.328125,20181200
2018-08-07 17:45:00,119.328125,20181200,,20180900,119.328125,20181200
2018-08-07 18:00:00,119.3125,20181200,,20180900,119.3125,20181200
2018-08-07 18:28:46,,20181200,119.4921875,20180900,,20181200
2018-08-07 18:30:00,119.296875,20181200,,20180900,119.296875,20181200
2018-08-07 18:45:00,119.265625,20181200,,20180900,119.265625,20181200
2018-08-07 19:00:00,119.265625,20181200,,20180900,119.265625,20181200
2018-08-07 19:30:00,119.265625,20181200,,20180900,119.265625,20181200
2018-08-07 19:45:00,119.265625,20181200,,20180900,119.265625,20181200
2018-08-07 20:15:00,119.265625,20181200,,20180900,119.265625,20181200
2018-08-07 20:45:00,119.265625,20181200,,20180900,119.265625,20181200
2018-08-07 21:00:00,119.21875,20181200,,20180900,119.21875,20181200
2018-08-07 21:45:00,119.28125,20181200,,20180900,119.28125,20181200
2018-08-07 23:00:00,119.28125,20181200,119.453125,20180900,119.28125,20181200
2018-08-08 00:15:00,119.265625,20181200,,20180900,119.265625,20181200
2018-08-08 01:00:00,119.265625,20181200,,20180900,119.265625,20181200
2018-08-08 02:45:00,119.28125,20181200,,20180900,119.28125,20181200
2018-08-08 03:00:00,119.296875,20181200,,20180900,119.296875,20181200
2018-08-08 05:15:00,119.28125,20181200,,20180900,119.28125,20181200
2018-08-08 07:30:00,119.265625,20181200,,20180900,119.265625,20181200
2018-08-08 10:45:00,119.296875,20181200,,20180900,119.296875,20181200
2018-08-08 12:15:00,119.25,20181200,,20180900,119.25,20181200
2018-08-08 12:45:00,119.25,20181200,,20180900,119.25,20181200
2018-08-08 13:15:00,119.25,20181200,,20180900,119.25,20181200
2018-08-08 13:30:00,119.203125,20181200,,20180900,119.203125,20181200
2018-08-08 13:45:00,119.28125,20181200,,20180900,119.28125,20181200
2018-08-08 14:00:00,119.28125,20181200,,20180900,119.28125,20181200
2018-08-08 14:30:00,119.296875,20181200,,20180900,119.296875,20181200
2018-08-08 14:45:00,119.328125,20181200,,20180900,119.328125,20181200
2018-08-08 15:00:00,119.34375,20181200,,20180900,119.34375,20181200
2018-08-08 15:30:00,119.328125,20181200,,20180900,119.328125,20181200
2018-08-08 15:45:00,119.296875,20181200,,20180900,119.296875,20181200
2018-08-08 16:00:00,119.3125,20181200,,20180900,119.3125,20181200
2018-08-08 16:15:00,119.328125,20181200,,20180900,119.328125,20181200
2018-08-08 16:30:00,119.3125,20181200,,20180900,119.3125,20181200
2018-08-08 16:34:10,,20181200,119.5234375,20180900,,20181200
2018-08-08 16:45:00,119.328125,20181200,,20180900,119.328125,20181200
2018-08-08 17:00:00,119.3125,20181200,,20180900,119.3125,20181200
2018-08-08 17:15:00,119.28125,20181200,,20180900,119.28125,20181200
2018-08-08 17:30:00,119.28125,20181200,,20180900,119.28125,20181200
2018-08-08 18:00:00,119.34375,20181200,,20180900,119.34375,20181200
2018-08-08 18:15:00,119.375,20181200,,20180900,119.375,20181200
2018-08-08 18:17:30,,20181200,119.5390625,20180900,,20181200
2018-08-08 18:30:00,119.390625,20181200,,20180900,119.390625,20181200
2018-08-08 18:45:00,119.359375,20181200,,20180900,119.359375,20181200
2018-08-08 19:15:00,119.34375,20181200,,20180900,119.34375,20181200
2018-08-08 19:45:00,119.296875,20181200,,20180900,119.296875,20181200
2018-08-08 20:15:00,119.296875,20181200,,20180900,119.296875,20181200
2018-08-08 20:45:00,119.296875,20181200,,20180900,119.296875,20181200
2018-08-08 21:00:00,119.3125,20181200,,20180900,119.3125,20181200
2018-08-08 23:00:00,119.3125,20181200,119.546875,20180900,119.3125,20181200
2018-08-09 00:30:00,119.375,20181200,,20180900,119.375,20181200
2018-08-09 01:30:00,119.375,20181200,,20180900,119.375,20181200
2018-08-09 02:00:00,119.421875,20181200,,20180900,119.421875,20181200
2018-08-09 07:15:00,119.375,20181200,,20180900,119.375,20181200
2018-08-09 08:15:00,119.421875,20181200,,20180900,119.421875,20181200
2018-08-09 09:15:00,119.359375,20181200,,20180900,119.359375,20181200
2018-08-09 09:45:00,119.328125,20181200,,20180900,119.328125,20181200
2018-08-09 10:30:00,119.375,20181200,,20180900,119.375,20181200
2018-08-09 11:00:00,119.34375,20181200,,20180900,119.34375,20181200
2018-08-09 11:45:00,119.359375,20181200,,20180900,119.359375,20181200
2018-08-09 12:00:00,119.34375,20181200,,20180900,119.34375,20181200
2018-08-09 13:15:00,119.40625,20181200,,20180900,119.40625,20181200
2018-08-09 13:30:00,119.4375,20181200,,20180900,119.4375,20181200
2018-08-09 13:45:00,119.515625,20181200,,20180900,119.515625,20181200
2018-08-09 14:00:00,119.546875,20181200,,20180900,119.546875,20181200
2018-08-09 14:30:00,119.546875,20181200,,20180900,119.546875,20181200
2018-08-09 14:45:00,119.546875,20181200,,20180900,119.546875,20181200
2018-08-09 15:00:00,119.578125,20181200,,20180900,119.578125,20181200
2018-08-09 15:30:00,119.5,20181200,,20180900,119.5,20181200
2018-08-09 15:45:00,119.53125,20181200,,20180900,119.53125,20181200
2018-08-09 16:00:00,119.515625,20181200,,20180900,119.515625,20181200
2018-08-09 16:15:00,119.515625,20181200,,20180900,119.515625,20181200
2018-08-09 16:30:00,119.53125,20181200,,20180900,119.53125,20181200
2018-08-09 16:45:00,119.578125,20181200,,20180900,119.578125,20181200
2018-08-09 17:45:00,119.53125,20181200,,20180900,119.53125,20181200
2018-08-09 18:30:00,119.5625,20181200,,20180900,119.5625,20181200
2018-08-09 18:45:00,119.5625,20181200,,20180900,119.5625,20181200
2018-08-09 19:00:00,119.578125,20181200,,20180900,119.578125,20181200
2018-08-09 19:30:00,119.5625,20181200,,20180900,119.5625,20181200
2018-08-09 19:45:00,119.546875,20181200,,20180900,119.546875,20181200
2018-08-09 20:00:00,119.53125,20181200,,20180900,119.53125,20181200
2018-08-09 20:15:00,119.5625,20181200,,20180900,119.5625,20181200
2018-08-09 20:45:00,119.609375,20181200,,20180900,119.609375,20181200
2018-08-09 23:00:00,119.53125,20181200,119.71875,20180900,119.53125,20181200
2018-08-10 03:15:00,119.625,20181200,,20180900,119.625,20181200
2018-08-10 05:15:00,119.625,20181200,,20180900,119.625,20181200
2018-08-10 05:45:00,119.640625,20181200,,20180900,119.640625,20181200
2018-08-10 06:15:00,119.75,20181200,,20180900,119.75,20181200
2018-08-10 06:30:00,119.78125,20181200,,20180900,119.78125,20181200
2018-08-10 06:45:00,119.78125,20181200,,20180900,119.78125,20181200
2018-08-10 07:00:00,119.828125,20181200,,20180900,119.828125,20181200
2018-08-10 07:15:00,119.875,20181200,,20180900,119.875,20181200
2018-08-10 08:00:00,119.890625,20181200,,20180900,119.890625,20181200
2018-08-10 08:30:00,119.890625,20181200,,20180900,119.890625,20181200
2018-08-10 08:45:00,119.9375,20181200,,20180900,119.9375,20181200
2018-08-10 09:00:00,119.9375,20181200,,20180900,119.9375,20181200
2018-08-10 09:15:00,119.9375,20181200,,20180900,119.9375,20181200
2018-08-10 09:30:00,119.9375,20181200,,20180900,119.9375,20181200
2018-08-10 09:45:00,119.90625,20181200,,20180900,119.90625,20181200
2018-08-10 10:00:00,119.90625,20181200,,20180900,119.90625,20181200
2018-08-10 11:15:00,119.84375,20181200,,20180900,119.84375,20181200
2018-08-10 11:30:00,119.8125,20181200,,20180900,119.8125,20181200
2018-08-10 11:45:00,119.8125,20181200,,20180900,119.8125,20181200
2018-08-10 12:00:00,119.84375,20181200,,20180900,119.84375,20181200
2018-08-10 12:15:00,119.875,20181200,,20180900,119.875,20181200
2018-08-10 12:30:00,119.859375,20181200,,20180900,119.859375,20181200
2018-08-10 13:15:00,119.890625,20181200,,20180900,119.890625,20181200
2018-08-10 13:30:00,119.78125,20181200,,20180900,119.78125,20181200
2018-08-10 13:45:00,119.875,20181200,,20180900,119.875,20181200
2018-08-10 14:00:00,119.8125,20181200,,20180900,119.8125,20181200
2018-08-10 14:15:00,119.90625,20181200,,20180900,119.90625,20181200
2018-08-10 14:30:00,119.9375,20181200,,20180900,119.9375,20181200
2018-08-10 14:45:00,119.96875,20181200,,20180900,119.96875,20181200
2018-08-10 15:00:00,120.0,20181200,,20180900,120.0,20181200
2018-08-10 15:15:00,119.921875,20181200,,20180900,119.921875,20181200
2018-08-10 15:30:00,119.96875,20181200,,20180900,119.96875,20181200
2018-08-10 15:45:00,120.015625,20181200,,20180900,120.015625,20181200
2018-08-10 16:00:00,120.078125,20181200,,20180900,120.078125,20181200
2018-08-10 16:15:00,120.109375,20181200,,20180900,120.109375,20181200
2018-08-10 16:30:00,120.046875,20181200,,20180900,120.046875,20181200
2018-08-10 16:45:00,120.046875,20181200,,20180900,120.046875,20181200
2018-08-10 17:15:00,120.046875,20181200,,20180900,120.046875,20181200
2018-08-10 17:30:00,120.046875,20181200,,20180900,120.046875,20181200
2018-08-10 17:45:00,120.0625,20181200,,20180900,120.0625,20181200
2018-08-10 18:00:00,120.09375,20181200,,20180900,120.09375,20181200
2018-08-10 18:15:00,120.078125,20181200,,20180900,120.078125,20181200
2018-08-10 18:30:00,120.109375,20181200,,20180900,120.109375,20181200
2018-08-10 18:45:00,120.140625,20181200,,20180900,120.140625,20181200
2018-08-10 19:00:00,120.15625,20181200,,20180900,120.15625,20181200
2018-08-10 19:15:00,120.140625,20181200,,20180900,120.140625,20181200
2018-08-10 19:30:00,120.171875,20181200,,20180900,120.171875,20181200
2018-08-10 19:45:00,120.25,20181200,,20180900,120.25,20181200
2018-08-10 20:00:00,120.1875,20181200,,20180900,120.1875,20181200
2018-08-10 20:15:00,120.03125,20181200,,20180900,120.03125,20181200
2018-08-10 20:30:00,120.078125,20181200,,20180900,120.078125,20181200
2018-08-10 20:45:00,120.078125,20181200,,20180900,120.078125,20181200
2018-08-10 21:00:00,120.078125,20181200,,20180900,120.078125,20181200
2018-08-10 21:45:00,120.0625,20181200,,20180900,120.0625,20181200
2018-08-10 23:00:00,119.6875,20181200,120.375,20180900,119.6875,20181200
2018-08-12 23:00:00,120.21875,20181200,,20180900,120.21875,20181200
2018-08-13 00:00:00,120.1875,20181200,,20180900,120.1875,20181200
2018-08-13 00:15:00,120.171875,20181200,,20180900,120.171875,20181200
2018-08-13 00:45:00,120.15625,20181200,,20180900,120.15625,20181200
2018-08-13 01:15:00,120.140625,20181200,,20180900,120.140625,20181200
2018-08-13 01:30:00,120.140625,20181200,,20180900,120.140625,20181200
2018-08-13 01:45:00,120.1875,20181200,,20180900,120.1875,20181200
2018-08-13 02:00:00,120.25,20181200,,20180900,120.25,20181200
2018-08-13 02:15:00,120.234375,20181200,,20180900,120.234375,20181200
2018-08-13 02:30:00,120.296875,20181200,,20180900,120.296875,20181200
2018-08-13 02:45:00,120.265625,20181200,,20180900,120.265625,20181200
2018-08-13 03:00:00,120.28125,20181200,,20180900,120.28125,20181200
2018-08-13 04:00:00,120.296875,20181200,,20180900,120.296875,20181200
2018-08-13 04:15:00,120.265625,20181200,,20180900,120.265625,20181200
2018-08-13 04:30:00,120.25,20181200,,20180900,120.25,20181200
2018-08-13 04:45:00,120.234375,20181200,,20180900,120.234375,20181200
2018-08-13 06:15:00,120.140625,20181200,,20180900,120.140625,20181200
2018-08-13 06:30:00,120.15625,20181200,,20180900,120.15625,20181200
2018-08-13 07:15:00,120.09375,20181200,,20180900,120.09375,20181200
2018-08-13 07:30:00,120.09375,20181200,,20180900,120.09375,20181200
2018-08-13 08:30:00,120.28125,20181200,,20180900,120.28125,20181200
2018-08-13 08:45:00,120.265625,20181200,,20180900,120.265625,20181200
2018-08-13 10:00:00,120.171875,20181200,,20180900,120.171875,20181200
2018-08-13 10:15:00,120.171875,20181200,,20180900,120.171875,20181200
2018-08-13 11:15:00,120.171875,20181200,,20180900,120.171875,20181200
2018-08-13 11:30:00,120.15625,20181200,,20180900,120.15625,20181200
2018-08-13 12:00:00,120.21875,20181200,,20180900,120.21875,20181200
2018-08-13 12:30:00,120.3125,20181200,,20180900,120.3125,20181200
2018-08-13 12:45:00,120.140625,20181200,,20180900,120.140625,20181200
2018-08-13 13:15:00,120.140625,20181200,,20180900,120.140625,20181200
2018-08-13 13:30:00,120.140625,20181200,,20180900,120.140625,20181200
2018-08-13 13:45:00,120.078125,20181200,,20180900,120.078125,20181200
2018-08-13 14:00:00,120.046875,20181200,,20180900,120.046875,20181200
2018-08-13 14:15:00,120.0625,20181200,,20180900,120.0625,20181200
2018-08-13 14:30:00,120.078125,20181200,,20180900,120.078125,20181200
2018-08-13 14:45:00,120.0625,20181200,,20180900,120.0625,20181200
2018-08-13 15:00:00,120.0625,20181200,,20180900,120.0625,20181200
2018-08-13 15:15:00,120.015625,20181200,,20180900,120.015625,20181200
2018-08-13 15:30:00,119.96875,20181200,,20180900,119.96875,20181200
2018-08-13 15:45:00,120.0,20181200,,20180900,120.0,20181200
2018-08-13 16:00:00,120.0,20181200,,20180900,120.0,20181200
2018-08-13 16:15:00,120.0625,20181200,,20180900,120.0625,20181200
2018-08-13 16:30:00,120.046875,20181200,,20180900,120.046875,20181200
2018-08-13 16:45:00,120.125,20181200,,20180900,120.125,20181200
2018-08-13 17:00:00,120.109375,20181200,,20180900,120.109375,20181200
2018-08-13 17:15:00,120.140625,20181200,,20180900,120.140625,20181200
2018-08-13 17:45:00,120.15625,20181200,,20180900,120.15625,20181200
2018-08-13 18:00:00,120.171875,20181200,,20180900,120.171875,20181200
2018-08-13 18:15:00,120.125,20181200,,20180900,120.125,20181200
2018-08-13 18:30:00,120.09375,20181200,,20180900,120.09375,20181200
2018-08-13 18:45:00,120.109375,20181200,,20180900,120.109375,20181200
2018-08-13 19:00:00,120.078125,20181200,,20180900,120.078125,20181200
2018-08-13 19:45:00,120.09375,20181200,,20180900,120.09375,20181200
2018-08-13 20:45:00,120.109375,20181200,,20180900,120.109375,20181200
2018-08-13 21:00:00,120.109375,20181200,,20180900,120.109375,20181200
2018-08-13 21:15:00,120.09375,20181200,,20180900,120.09375,20181200
2018-08-13 21:45:00,120.09375,20181200,,20180900,120.09375,20181200
2018-08-13 23:00:00,120.140625,20181200,120.25,20180900,120.140625,20181200
2018-08-13 23:15:00,120.0625,20181200,,20180900,120.0625,20181200
2018-08-14 00:45:00,120.0625,20181200,,20180900,120.0625,20181200
2018-08-14 01:15:00,120.03125,20181200,,20180900,120.03125,20181200
2018-08-14 03:00:00,120.046875,20181200,,20180900,120.046875,20181200
2018-08-14 03:30:00,120.015625,20181200,,20180900,120.015625,20181200
2018-08-14 04:00:00,120.015625,20181200,,20180900,120.015625,20181200
2018-08-14 04:15:00,120.03125,20181200,,20180900,120.03125,20181200
2018-08-14 06:30:00,120.0,20181200,,20180900,120.0,20181200
2018-08-14 06:45:00,119.984375,20181200,,20180900,119.984375,20181200
2018-08-14 07:00:00,119.9375,20181200,,20180900,119.9375,20181200
2018-08-14 07:15:00,119.90625,20181200,,20180900,119.90625,20181200
2018-08-14 07:30:00,119.9375,20181200,,20180900,119.9375,20181200
2018-08-14 07:45:00,119.9375,20181200,,20180900,119.9375,20181200
2018-08-14 08:00:00,119.921875,20181200,,20180900,119.921875,20181200
2018-08-14 08:15:00,119.921875,20181200,,20180900,119.921875,20181200
2018-08-14 08:30:00,119.90625,20181200,,20180900,119.90625,20181200
2018-08-14 08:45:00,119.875,20181200,,20180900,119.875,20181200
2018-08-14 09:00:00,119.859375,20181200,,20180900,119.859375,20181200
2018-08-14 09:15:00,119.890625,20181200,,20180900,119.890625,20181200
2018-08-14 09:45:00,119.921875,20181200,,20180900,119.921875,20181200
2018-08-14 10:00:00,119.9375,20181200,,20180900,119.9375,20181200
2018-08-14 10:30:00,119.90625,20181200,,20180900,119.90625,20181200
2018-08-14 11:00:00,119.90625,20181200,,20180900,119.90625,20181200
2018-08-14 11:30:00,119.890625,20181200,,20180900,119.890625,20181200
2018-08-14 13:15:00,120.015625,20181200,,20180900,120.015625,20181200
2018-08-14 13:30:00,120.015625,20181200,,20180900,120.015625,20181200
2018-08-14 13:45:00,120.03125,20181200,,20180900,120.03125,20181200
2018-08-14 14:00:00,120.03125,20181200,,20180900,120.03125,20181200
2018-08-14 14:15:00,120.046875,20181200,,20180900,120.046875,20181200
2018-08-14 14:30:00,120.0625,20181200,,20180900,120.0625,20181200
2018-08-14 14:45:00,120.046875,20181200,,20180900,120.046875,20181200
2018-08-14 15:00:00,120.015625,20181200,,20180900,120.015625,20181200
2018-08-14 15:15:00,119.96875,20181200,,20180900,119.96875,20181200
2018-08-14 15:30:00,119.953125,20181200,,20180900,119.953125,20181200
2018-08-14 15:45:00,119.953125,20181200,,20180900,119.953125,20181200
2018-08-14 16:00:00,119.953125,20181200,,20180900,119.953125,20181200
2018-08-14 16:15:00,119.96875,20181200,,20180900,119.96875,20181200
2018-08-14 16:30:00,119.96875,20181200,,20180900,119.96875,20181200
2018-08-14 16:45:00,119.984375,20181200,,20180900,119.984375,20181200
2018-08-14 17:00:00,119.984375,20181200,,20180900,119.984375,20181200
2018-08-14 17:15:00,119.984375,20181200,,20180900,119.984375,20181200
2018-08-14 17:45:00,120.0,20181200,,20180900,120.0,20181200
2018-08-14 18:00:00,120.0,20181200,,20180900,120.0,20181200
2018-08-14 18:15:00,120.0,20181200,,20180900,120.0,20181200
2018-08-14 18:30:00,119.96875,20181200,,20180900,119.96875,20181200
2018-08-14 18:45:00,119.96875,20181200,,20180900,119.96875,20181200
2018-08-14 19:00:00,119.953125,20181200,,20180900,119.953125,20181200
2018-08-14 19:15:00,119.96875,20181200,,20180900,119.96875,20181200
2018-08-14 19:45:00,119.953125,20181200,,20180900,119.953125,20181200
2018-08-14 20:00:00,119.953125,20181200,,20180900,119.953125,20181200
2018-08-14 20:15:00,119.953125,20181200,,20180900,119.953125,20181200
2018-08-14 20:30:00,119.953125,20181200,,20180900,119.953125,20181200
2018-08-14 20:45:00,119.96875,20181200,,20180900,119.96875,20181200
2018-08-14 21:00:00,119.96875,20181200,,20180900,119.96875,20181200
2018-08-14 21:15:00,119.9375,20181200,,20180900,119.9375,20181200
2018-08-14 21:30:00,119.890625,20181200,,20180900,119.890625,20181200
2018-08-14 21:45:00,119.890625,20181200,,20180900,119.890625,20181200
2018-08-14 23:00:00,120.078125,20181200,120.109375,20180900,120.078125,20181200
2018-08-14 23:30:00,119.890625,20181200,,20180900,119.890625,20181200
2018-08-15 00:30:00,119.921875,20181200,,20180900,119.921875,20181200
2018-08-15 00:45:00,119.9375,20181200,,20180900,119.9375,20181200
2018-08-15 01:00:00,119.921875,20181200,,20180900,119.921875,20181200
2018-08-15 01:15:00,119.90625,20181200,,20180900,119.90625,20181200
2018-08-15 03:45:00,120.015625,20181200,,20180900,120.015625,20181200
2018-08-15 04:00:00,120.046875,20181200,,20180900,120.046875,20181200
2018-08-15 04:15:00,120.078125,20181200,,20180900,120.078125,20181200
2018-08-15 04:30:00,120.078125,20181200,,20180900,120.078125,20181200
2018-08-15 05:30:00,120.03125,20181200,,20180900,120.03125,20181200
2018-08-15 06:45:00,120.0625,20181200,,20180900,120.0625,20181200
2018-08-15 07:45:00,119.984375,20181200,,20180900,119.984375,20181200
2018-08-15 08:00:00,119.984375,20181200,,20180900,119.984375,20181200
2018-08-15 09:00:00,120.015625,20181200,,20180900,120.015625,20181200
2018-08-15 09:45:00,119.984375,20181200,,20180900,119.984375,20181200
2018-08-15 10:00:00,120.0,20181200,,20180900,120.0,20181200
2018-08-15 10:15:00,120.015625,20181200,,20180900,120.015625,20181200
2018-08-15 10:30:00,120.03125,20181200,,20180900,120.03125,20181200
2018-08-15 10:45:00,120.015625,20181200,,20180900,120.015625,20181200
2018-08-15 11:00:00,120.046875,20181200,,20180900,120.046875,20181200
2018-08-15 11:30:00,120.0625,20181200,,20180900,120.0625,20181200
2018-08-15 11:45:00,120.125,20181200,,20180900,120.125,20181200
2018-08-15 12:00:00,120.125,20181200,,20180900,120.125,20181200
2018-08-15 12:15:00,120.140625,20181200,,20180900,120.140625,20181200
2018-08-15 12:30:00,120.1875,20181200,,20180900,120.1875,20181200
2018-08-15 12:45:00,120.15625,20181200,,20180900,120.15625,20181200
2018-08-15 13:00:00,120.1875,20181200,,20180900,120.1875,20181200
2018-08-15 13:15:00,120.140625,20181200,,20180900,120.140625,20181200
2018-08-15 13:30:00,120.203125,20181200,,20180900,120.203125,20181200
2018-08-15 13:45:00,120.21875,20181200,,20180900,120.21875,20181200
2018-08-15 14:00:00,120.21875,20181200,,20180900,120.21875,20181200
2018-08-15 14:15:00,120.1875,20181200,,20180900,120.1875,20181200
2018-08-15 14:30:00,120.171875,20181200,,20180900,120.171875,20181200
2018-08-15 14:45:00,120.265625,20181200,,20180900,120.265625,20181200
2018-08-15 15:00:00,120.34375,20181200,,20180900,120.34375,20181200
2018-08-15 15:15:00,120.328125,20181200,,20180900,120.328125,20181200
2018-08-15 15:30:00,120.34375,20181200,,20180900,120.34375,20181200
2018-08-15 15:45:00,120.40625,20181200,,20180900,120.40625,20181200
2018-08-15 16:00:00,120.296875,20181200,,20180900,120.296875,20181200
2018-08-15 16:15:00,120.3125,20181200,,20180900,120.3125,20181200
2018-08-15 16:30:00,120.265625,20181200,,20180900,120.265625,20181200
2018-08-15 16:45:00,120.28125,20181200,,20180900,120.28125,20181200
2018-08-15 17:00:00,120.234375,20181200,,20180900,120.234375,20181200
2018-08-15 17:15:00,120.234375,20181200,,20180900,120.234375,20181200
2018-08-15 17:30:00,120.265625,20181200,,20180900,120.265625,20181200
2018-08-15 17:45:00,120.265625,20181200,,20180900,120.265625,20181200
2018-08-15 18:00:00,120.28125,20181200,,20180900,120.28125,20181200
2018-08-15 18:15:00,120.296875,20181200,,20180900,120.296875,20181200
2018-08-15 18:30:00,120.296875,20181200,,20180900,120.296875,20181200
2018-08-15 18:45:00,120.296875,20181200,,20180900,120.296875,20181200
2018-08-15 19:00:00,120.3125,20181200,,20180900,120.3125,20181200
2018-08-15 19:15:00,120.3125,20181200,,20180900,120.3125,20181200
2018-08-15 19:30:00,120.3125,20181200,,20180900,120.3125,20181200
2018-08-15 19:45:00,120.296875,20181200,,20180900,120.296875,20181200
2018-08-15 20:00:00,120.265625,20181200,,20180900,120.265625,20181200
2018-08-15 20:15:00,120.234375,20181200,,20180900,120.234375,20181200
2018-08-15 20:30:00,120.21875,20181200,,20180900,120.21875,20181200
2018-08-15 20:45:00,120.234375,20181200,,20180900,120.234375,20181200
2018-08-15 21:00:00,120.21875,20181200,,20180900,120.21875,20181200
2018-08-15 21:15:00,120.203125,20181200,,20180900,120.203125,20181200
2018-08-15 21:30:00,120.1875,20181200,,20180900,120.1875,20181200
2018-08-15 21:45:00,120.203125,20181200,,20180900,120.203125,20181200
2018-08-15 23:00:00,120.296875,20181200,120.4375,20180900,120.296875,20181200
2018-08-16 00:45:00,120.21875,20181200,,20180900,120.21875,20181200
2018-08-16 01:00:00,120.21875,20181200,,20180900,120.21875,20181200
2018-08-16 01:15:00,120.25,20181200,,20180900,120.25,20181200
2018-08-16 01:30:00,120.25,20181200,,20180900,120.25,20181200
2018-08-16 02:00:00,120.28125,20181200,,20180900,120.28125,20181200
2018-08-16 02:30:00,120.09375,20181200,,20180900,120.09375,20181200
2018-08-16 02:45:00,120.109375,20181200,,20180900,120.109375,20181200
2018-08-16 04:45:00,120.09375,20181200,,20180900,120.09375,20181200
2018-08-16 06:15:00,120.09375,20181200,,20180900,120.09375,20181200
2018-08-16 06:45:00,120.078125,20181200,,20180900,120.078125,20181200
2018-08-16 07:00:00,120.078125,20181200,,20180900,120.078125,20181200
2018-08-16 07:15:00,120.09375,20181200,,20180900,120.09375,20181200
2018-08-16 07:45:00,120.109375,20181200,,20180900,120.109375,20181200
2018-08-16 09:00:00,120.125,20181200,,20180900,120.125,20181200
2018-08-16 09:15:00,120.125,20181200,,20180900,120.125,20181200
2018-08-16 09:45:00,120.109375,20181200,,20180900,120.109375,20181200
2018-08-16 10:00:00,120.109375,20181200,,20180900,120.109375,20181200
2018-08-16 10:45:00,120.09375,20181200,,20180900,120.09375,20181200
2018-08-16 11:00:00,120.09375,20181200,,20180900,120.09375,20181200
2018-08-16 11:15:00,120.09375,20181200,,20180900,120.09375,20181200
2018-08-16 11:30:00,120.078125,20181200,,20180900,120.078125,20181200
2018-08-16 11:45:00,120.03125,20181200,,20180900,120.03125,20181200
2018-08-16 12:00:00,120.03125,20181200,,20180900,120.03125,20181200
2018-08-16 12:30:00,120.09375,20181200,,20180900,120.09375,20181200
2018-08-16 13:00:00,120.125,20181200,,20180900,120.125,20181200
2018-08-16 13:15:00,120.140625,20181200,,20180900,120.140625,20181200
2018-08-16 13:30:00,120.1875,20181200,,20180900,120.1875,20181200
2018-08-16 13:45:00,120.1875,20181200,,20180900,120.1875,20181200
2018-08-16 14:00:00,120.171875,20181200,,20180900,120.171875,20181200
2018-08-16 14:15:00,120.21875,20181200,,20180900,120.21875,20181200
2018-08-16 14:30:00,120.234375,20181200,,20180900,120.234375,20181200
2018-08-16 14:45:00,120.1875,20181200,,20180900,120.1875,20181200
2018-08-16 15:00:00,120.1875,20181200,,20180900,120.1875,20181200
2018-08-16 15:15:00,120.15625,20181200,,20180900,120.15625,20181200
2018-08-16 15:30:00,120.140625,20181200,,20180900,120.140625,20181200
2018-08-16 15:45:00,120.109375,20181200,,20180900,120.109375,20181200
2018-08-16 16:00:00,120.0625,20181200,,20180900,120.0625,20181200
2018-08-16 16:15:00,120.0625,20181200,,20180900,120.0625,20181200
2018-08-16 16:30:00,120.046875,20181200,,20180900,120.046875,20181200
2018-08-16 16:45:00,120.03125,20181200,,20180900,120.03125,20181200
2018-08-16 17:00:00,120.0,20181200,,20180900,120.0,20181200
2018-08-16 17:15:00,120.015625,20181200,,20180900,120.015625,20181200
2018-08-16 17:30:00,120.109375,20181200,,20180900,120.109375,20181200
2018-08-16 17:45:00,120.09375,20181200,,20180900,120.09375,20181200
2018-08-16 18:00:00,120.078125,20181200,,20180900,120.078125,20181200
2018-08-16 18:15:00,120.109375,20181200,,20180900,120.109375,20181200
2018-08-16 18:30:00,120.09375,20181200,,20180900,120.09375,20181200
2018-08-16 18:45:00,120.09375,20181200,,20180900,120.09375,20181200
2018-08-16 19:00:00,120.09375,20181200,,20180900,120.09375,20181200
2018-08-16 19:15:00,120.09375,20181200,,20180900,120.09375,20181200
2018-08-16 19:30:00,120.109375,20181200,,20180900,120.109375,20181200
2018-08-16 19:45:00,120.125,20181200,,20180900,120.125,20181200
2018-08-16 20:00:00,120.109375,20181200,,20180900,120.109375,20181200
2018-08-16 20:15:00,120.125,20181200,,20180900,120.125,20181200
2018-08-16 20:30:00,120.125,20181200,,20180900,120.125,20181200
2018-08-16 20:45:00,120.140625,20181200,,20180900,120.140625,20181200
2018-08-16 21:45:00,120.15625,20181200,,20180900,120.15625,20181200
2018-08-16 23:00:00,120.125,20181200,120.265625,20180900,120.125,20181200
2018-08-16 23:45:00,120.125,20181200,,20180900,120.125,20181200
2018-08-17 01:15:00,120.1875,20181200,,20180900,120.1875,20181200
2018-08-17 01:45:00,120.171875,20181200,,20180900,120.171875,20181200
2018-08-17 02:30:00,120.125,20181200,,20180900,120.125,20181200
2018-08-17 02:45:00,120.109375,20181200,,20180900,120.109375,20181200
2018-08-17 03:00:00,120.109375,20181200,,20180900,120.109375,20181200
2018-08-17 03:15:00,120.09375,20181200,,20180900,120.09375,20181200
2018-08-17 03:30:00,120.109375,20181200,,20180900,120.109375,20181200
2018-08-17 04:30:00,120.125,20181200,,20180900,120.125,20181200
2018-08-17 04:45:00,120.125,20181200,,20180900,120.125,20181200
2018-08-17 05:45:00,120.125,20181200,,20180900,120.125,20181200
2018-08-17 07:00:00,120.140625,20181200,,20180900,120.140625,20181200
2018-08-17 07:30:00,120.140625,20181200,,20180900,120.140625,20181200
2018-08-17 07:45:00,120.15625,20181200,,20180900,120.15625,20181200
2018-08-17 08:00:00,120.1875,20181200,,20180900,120.1875,20181200
2018-08-17 08:15:00,120.1875,20181200,,20180900,120.1875,20181200
2018-08-17 08:30:00,120.203125,20181200,,20180900,120.203125,20181200
2018-08-17 08:45:00,120.203125,20181200,,20180900,120.203125,20181200
2018-08-17 09:00:00,120.171875,20181200,,20180900,120.171875,20181200
2018-08-17 09:15:00,120.1875,20181200,,20180900,120.1875,20181200
2018-08-17 09:30:00,120.203125,20181200,,20180900,120.203125,20181200
2018-08-17 09:45:00,120.234375,20181200,,20180900,120.234375,20181200
2018-08-17 10:00:00,120.25,20181200,,20180900,120.25,20181200
2018-08-17 10:15:00,120.28125,20181200,,20180900,120.28125,20181200
2018-08-17 10:30:00,120.296875,20181200,,20180900,120.296875,20181200
2018-08-17 10:45:00,120.3125,20181200,,20180900,120.3125,20181200
2018-08-17 11:00:00,120.3125,20181200,,20180900,120.3125,20181200
2018-08-17 11:15:00,120.265625,20181200,,20180900,120.265625,20181200
2018-08-17 11:30:00,120.265625,20181200,,20180900,120.265625,20181200
2018-08-17 11:45:00,120.28125,20181200,,20180900,120.28125,20181200
2018-08-17 12:00:00,120.265625,20181200,,20180900,120.265625,20181200
2018-08-17 12:15:00,120.296875,20181200,,20180900,120.296875,20181200
2018-08-17 12:30:00,120.296875,20181200,,20180900,120.296875,20181200
2018-08-17 12:45:00,120.28125,20181200,,20180900,120.28125,20181200
2018-08-17 13:00:00,120.265625,20181200,,20180900,120.265625,20181200
2018-08-17 13:15:00,120.25,20181200,,20180900,120.25,20181200
2018-08-17 13:30:00,120.21875,20181200,,20180900,120.21875,20181200
2018-08-17 13:45:00,120.25,20181200,,20180900,120.25,20181200
2018-08-17 14:00:00,120.265625,20181200,,20180900,120.265625,20181200
2018-08-17 14:15:00,120.25,20181200,,20180900,120.25,20181200
2018-08-17 14:30:00,120.21875,20181200,,20180900,120.21875,20181200
2018-08-17 14:45:00,120.25,20181200,,20180900,120.25,20181200
2018-08-17 15:00:00,120.28125,20181200,,20180900,120.28125,20181200
2018-08-17 15:15:00,120.3125,20181200,,20180900,120.3125,20181200
2018-08-17 15:30:00,120.328125,20181200,,20180900,120.328125,20181200
2018-08-17 15:45:00,120.265625,20181200,,20180900,120.265625,20181200
2018-08-17 16:00:00,120.265625,20181200,,20180900,120.265625,20181200
2018-08-17 16:15:00,120.25,20181200,,20180900,120.25,20181200
2018-08-17 16:30:00,120.21875,20181200,,20180900,120.21875,20181200
2018-08-17 16:45:00,120.21875,20181200,,20180900,120.21875,20181200
2018-08-17 17:00:00,120.21875,20181200,,20180900,120.21875,20181200
2018-08-17 17:15:00,120.25,20181200,,20180900,120.25,20181200
2018-08-17 17:30:00,120.265625,20181200,,20180900,120.265625,20181200
2018-08-17 17:45:00,120.265625,20181200,,20180900,120.265625,20181200
2018-08-17 18:00:00,120.265625,20181200,,20180900,120.265625,20181200
2018-08-17 18:15:00,120.296875,20181200,,20180900,120.296875,20181200
2018-08-17 18:30:00,120.28125,20181200,,20180900,120.28125,20181200
2018-08-17 18:45:00,120.265625,20181200,,20180900,120.265625,20181200
2018-08-17 19:00:00,120.1875,20181200,,20180900,120.1875,20181200
2018-08-17 19:15:00,120.1875,20181200,,20180900,120.1875,20181200
2018-08-17 19:30:00,120.140625,20181200,,20180900,120.140625,20181200
2018-08-17 19:45:00,120.09375,20181200,,20180900,120.09375,20181200
2018-08-17 20:00:00,120.15625,20181200,,20180900,120.15625,20181200
2018-08-17 20:15:00,120.15625,20181200,,20180900,120.15625,20181200
2018-08-17 20:30:00,120.15625,20181200,,20180900,120.15625,20181200
2018-08-17 20:45:00,120.171875,20181200,,20180900,120.171875,20181200
2018-08-17 21:00:00,120.171875,20181200,,20180900,120.171875,20181200
2018-08-17 21:15:00,120.1875,20181200,,20180900,120.1875,20181200
2018-08-17 21:30:00,120.1875,20181200,,20180900,120.1875,20181200
2018-08-17 21:45:00,120.203125,20181200,,20180900,120.203125,20181200
2018-08-17 23:00:00,120.125,20181200,120.25,20180900,120.125,20181200
2018-08-19 23:00:00,120.15625,20181200,,20180900,120.15625,20181200
2018-08-19 23:15:00,120.15625,20181200,,20180900,120.15625,20181200
2018-08-19 23:30:00,120.171875,20181200,,20180900,120.171875,20181200
2018-08-20 00:45:00,120.171875,20181200,,20180900,120.171875,20181200
2018-08-20 01:00:00,120.15625,20181200,,20180900,120.15625,20181200
2018-08-20 02:00:00,120.203125,20181200,,20180900,120.203125,20181200
2018-08-20 02:30:00,120.1875,20181200,,20180900,120.1875,20181200
2018-08-20 03:00:00,120.1875,20181200,,20180900,120.1875,20181200
2018-08-20 03:30:00,120.1875,20181200,,20180900,120.1875,20181200
2018-08-20 04:00:00,120.203125,20181200,,20180900,120.203125,20181200
2018-08-20 04:15:00,120.203125,20181200,,20180900,120.203125,20181200
2018-08-20 04:30:00,120.203125,20181200,,20180900,120.203125,20181200
2018-08-20 04:45:00,120.1875,20181200,,20180900,120.1875,20181200
2018-08-20 06:15:00,120.203125,20181200,,20180900,120.203125,20181200
2018-08-20 06:30:00,120.21875,20181200,,20180900,120.21875,20181200
2018-08-20 06:45:00,120.234375,20181200,,20180900,120.234375,20181200
2018-08-20 07:00:00,120.21875,20181200,,20180900,120.21875,20181200
2018-08-20 07:15:00,120.25,20181200,,20180900,120.25,20181200
2018-08-20 07:30:00,120.25,20181200,,20180900,120.25,20181200
2018-08-20 07:45:00,120.21875,20181200,,20180900,120.21875,20181200
2018-08-20 08:00:00,120.21875,20181200,,20180900,120.21875,20181200
2018-08-20 08:15:00,120.21875,20181200,,20180900,120.21875,20181200
2018-08-20 08:30:00,120.171875,20181200,,20180900,120.171875,20181200
2018-08-20 08:45:00,120.15625,20181200,,20180900,120.15625,20181200
2018-08-20 09:00:00,120.15625,20181200,,20180900,120.15625,20181200
2018-08-20 09:15:00,120.1875,20181200,,20180900,120.1875,20181200
2018-08-20 09:30:00,120.203125,20181200,,20180900,120.203125,20181200
2018-08-20 09:45:00,120.21875,20181200,,20180900,120.21875,20181200
2018-08-20 10:00:00,120.21875,20181200,,20180900,120.21875,20181200
2018-08-20 10:15:00,120.234375,20181200,,20180900,120.234375,20181200
2018-08-20 10:30:00,120.21875,20181200,,20180900,120.21875,20181200
2018-08-20 11:00:00,120.234375,20181200,,20180900,120.234375,20181200
2018-08-20 11:15:00,120.25,20181200,,20180900,120.25,20181200
2018-08-20 11:30:00,120.234375,20181200,,20180900,120.234375,20181200
2018-08-20 11:45:00,120.234375,20181200,,20180900,120.234375,20181200
2018-08-20 12:00:00,120.25,20181200,,20180900,120.25,20181200
2018-08-20 12:15:00,120.265625,20181200,,20180900,120.265625,20181200
2018-08-20 12:30:00,120.234375,20181200,,20180900,120.234375,20181200
2018-08-20 12:45:00,120.25,20181200,,20180900,120.25,20181200
2018-08-20 13:00:00,120.25,20181200,,20180900,120.25,20181200
2018-08-20 13:15:00,120.296875,20181200,,20180900,120.296875,20181200
2018-08-20 13:30:00,120.34375,20181200,,20180900,120.34375,20181200
2018-08-20 13:45:00,120.359375,20181200,,20180900,120.359375,20181200
2018-08-20 14:00:00,120.359375,20181200,,20180900,120.359375,20181200
2018-08-20 14:15:00,120.375,20181200,,20180900,120.375,20181200
2018-08-20 14:30:00,120.375,20181200,,20180900,120.375,20181200
2018-08-20 14:45:00,120.421875,20181200,,20180900,120.421875,20181200
2018-08-20 15:00:00,120.390625,20181200,,20180900,120.390625,20181200
2018-08-20 15:15:00,120.375,20181200,,20180900,120.375,20181200
2018-08-20 15:30:00,120.453125,20181200,,20180900,120.453125,20181200
2018-08-20 15:45:00,120.46875,20181200,,20180900,120.46875,20181200
2018-08-20 16:00:00,120.515625,20181200,,20180900,120.515625,20181200
2018-08-20 16:15:00,120.484375,20181200,,20180900,120.484375,20181200
2018-08-20 16:30:00,120.46875,20181200,,20180900,120.46875,20181200
2018-08-20 16:45:00,120.46875,20181200,,20180900,120.46875,20181200
2018-08-20 17:00:00,120.46875,20181200,,20180900,120.46875,20181200
2018-08-20 17:15:00,120.453125,20181200,,20180900,120.453125,20181200
2018-08-20 17:30:00,120.46875,20181200,,20180900,120.46875,20181200
2018-08-20 17:45:00,120.484375,20181200,,20180900,120.484375,20181200
2018-08-20 18:00:00,120.484375,20181200,,20180900,120.484375,20181200
2018-08-20 18:15:00,120.46875,20181200,,20180900,120.46875,20181200
2018-08-20 18:30:00,120.46875,20181200,,20180900,120.46875,20181200
2018-08-20 18:45:00,120.484375,20181200,,20180900,120.484375,20181200
2018-08-20 19:00:00,120.5,20181200,,20180900,120.5,20181200
2018-08-20 19:15:00,120.515625,20181200,,20180900,120.515625,20181200
2018-08-20 19:30:00,120.53125,20181200,,20180900,120.53125,20181200
2018-08-20 19:45:00,120.5,20181200,,20180900,120.5,20181200
2018-08-20 20:00:00,120.515625,20181200,,20180900,120.515625,20181200
2018-08-20 20:15:00,120.5,20181200,,20180900,120.5,20181200
2018-08-20 20:30:00,120.515625,20181200,,20180900,120.515625,20181200
2018-08-20 20:45:00,120.515625,20181200,,20180900,120.515625,20181200
2018-08-20 21:00:00,120.53125,20181200,,20180900,120.53125,20181200
2018-08-20 21:15:00,120.546875,20181200,,20180900,120.546875,20181200
2018-08-20 21:30:00,120.546875,20181200,,20180900,120.546875,20181200
2018-08-20 21:45:00,120.546875,20181200,,20180900,120.546875,20181200
2018-08-20 23:00:00,120.21875,20181200,120.671875,20180900,120.21875,20181200
2018-08-20 23:15:00,120.546875,20181200,,20180900,120.546875,20181200
2018-08-20 23:30:00,120.53125,20181200,,20180900,120.53125,20181200
2018-08-20 23:45:00,120.53125,20181200,,20180900,120.53125,20181200
2018-08-21 00:00:00,120.546875,20181200,,20180900,120.546875,20181200
2018-08-21 00:15:00,120.53125,20181200,,20180900,120.53125,20181200
2018-08-21 00:30:00,120.53125,20181200,,20180900,120.53125,20181200
2018-08-21 00:45:00,120.515625,20181200,,20180900,120.515625,20181200
2018-08-21 01:00:00,120.546875,20181200,,20180900,120.546875,20181200
2018-08-21 01:15:00,120.546875,20181200,,20180900,120.546875,20181200
2018-08-21 01:30:00,120.53125,20181200,,20180900,120.53125,20181200
2018-08-21 01:45:00,120.515625,20181200,,20180900,120.515625,20181200
2018-08-21 02:00:00,120.515625,20181200,,20180900,120.515625,20181200
2018-08-21 02:15:00,120.484375,20181200,,20180900,120.484375,20181200
2018-08-21 02:30:00,120.5,20181200,,20180900,120.5,20181200
2018-08-21 02:45:00,120.484375,20181200,,20180900,120.484375,20181200
2018-08-21 03:00:00,120.484375,20181200,,20180900,120.484375,20181200
2018-08-21 03:15:00,120.46875,20181200,,20180900,120.46875,20181200
2018-08-21 03:30:00,120.484375,20181200,,20180900,120.484375,20181200
2018-08-21 03:45:00,120.484375,20181200,,20180900,120.484375,20181200
2018-08-21 04:00:00,120.46875,20181200,,20180900,120.46875,20181200
2018-08-21 04:15:00,120.46875,20181200,,20180900,120.46875,20181200
2018-08-21 05:15:00,120.453125,20181200,,20180900,120.453125,20181200
2018-08-21 05:45:00,120.453125,20181200,,20180900,120.453125,20181200
2018-08-21 06:15:00,120.4375,20181200,,20180900,120.4375,20181200
2018-08-21 06:30:00,120.4375,20181200,,20180900,120.4375,20181200
2018-08-21 06:45:00,120.453125,20181200,,20180900,120.453125,20181200
2018-08-21 07:00:00,120.453125,20181200,,20180900,120.453125,20181200
2018-08-21 07:15:00,120.484375,20181200,,20180900,120.484375,20181200
2018-08-21 07:30:00,120.5,20181200,,20180900,120.5,20181200
2018-08-21 07:45:00,120.5,20181200,,20180900,120.5,20181200
2018-08-21 08:00:00,120.515625,20181200,,20180900,120.515625,20181200
2018-08-21 08:15:00,120.453125,20181200,,20180900,120.453125,20181200
2018-08-21 08:30:00,120.453125,20181200,,20180900,120.453125,20181200
2018-08-21 08:45:00,120.4375,20181200,,20180900,120.4375,20181200
2018-08-21 09:00:00,120.4375,20181200,,20180900,120.4375,20181200
2018-08-21 09:15:00,120.4375,20181200,,20180900,120.4375,20181200
2018-08-21 09:30:00,120.453125,20181200,,20180900,120.453125,20181200
2018-08-21 09:45:00,120.421875,20181200,,20180900,120.421875,20181200
2018-08-21 10:00:00,120.40625,20181200,,20180900,120.40625,20181200
2018-08-21 10:15:00,120.40625,20181200,,20180900,120.40625,20181200
2018-08-21 10:30:00,120.40625,20181200,,20180900,120.40625,20181200
2018-08-21 10:45:00,120.375,20181200,,20180900,120.375,20181200
2018-08-21 11:00:00,120.375,20181200,,20180900,120.375,20181200
2018-08-21 11:15:00,120.359375,20181200,,20180900,120.359375,20181200
2018-08-21 11:30:00,120.390625,20181200,,20180900,120.390625,20181200
2018-08-21 11:45:00,120.359375,20181200,,20180900,120.359375,20181200
2018-08-21 12:00:00,120.390625,20181200,,20180900,120.390625,20181200
2018-08-21 12:15:00,120.375,20181200,,20180900,120.375,20181200
2018-08-21 12:30:00,120.34375,20181200,,20180900,120.34375,20181200
2018-08-21 12:45:00,120.34375,20181200,,20180900,120.34375,20181200
2018-08-21 13:00:00,120.390625,20181200,,20180900,120.390625,20181200
2018-08-21 13:15:00,120.375,20181200,,20180900,120.375,20181200
2018-08-21 13:30:00,120.40625,20181200,,20180900,120.40625,20181200
2018-08-21 13:45:00,120.4375,20181200,,20180900,120.4375,20181200
2018-08-21 14:00:00,120.4375,20181200,,20180900,120.4375,20181200
2018-08-21 14:15:00,120.390625,20181200,,20180900,120.390625,20181200
2018-08-21 14:30:00,120.34375,20181200,,20180900,120.34375,20181200
2018-08-21 14:45:00,120.296875,20181200,,20180900,120.296875,20181200
2018-08-21 15:00:00,120.3125,20181200,,20180900,120.3125,20181200
2018-08-21 15:15:00,120.328125,20181200,,20180900,120.328125,20181200
2018-08-21 15:30:00,120.34375,20181200,,20180900,120.34375,20181200
2018-08-21 15:45:00,120.34375,20181200,,20180900,120.34375,20181200
2018-08-21 16:00:00,120.328125,20181200,,20180900,120.328125,20181200
2018-08-21 16:15:00,120.375,20181200,,20180900,120.375,20181200
2018-08-21 16:30:00,120.359375,20181200,,20180900,120.359375,20181200
2018-08-21 16:45:00,120.328125,20181200,,20180900,120.328125,20181200
2018-08-21 17:00:00,120.296875,20181200,,20180900,120.296875,20181200
2018-08-21 17:15:00,120.28125,20181200,,20180900,120.28125,20181200
2018-08-21 17:30:00,120.296875,20181200,,20180900,120.296875,20181200
2018-08-21 17:45:00,120.328125,20181200,,20180900,120.328125,20181200
2018-08-21 18:00:00,120.28125,20181200,,20180900,120.28125,20181200
2018-08-21 18:15:00,120.28125,20181200,,20180900,120.28125,20181200
2018-08-21 18:30:00,120.3125,20181200,,20180900,120.3125,20181200
2018-08-21 18:45:00,120.296875,20181200,,20180900,120.296875,20181200
2018-08-21 19:00:00,120.3125,20181200,,20180900,120.3125,20181200
2018-08-21 19:15:00,120.296875,20181200,,20180900,120.296875,20181200
2018-08-21 19:30:00,120.328125,20181200,,20180900,120.328125,20181200
2018-08-21 19:45:00,120.34375,20181200,,20180900,120.34375,20181200
2018-08-21 20:00:00,120.3125,20181200,,20180900,120.3125,20181200
2018-08-21 20:15:00,120.3125,20181200,,20180900,120.3125,20181200
2018-08-21 20:30:00,120.328125,20181200,,20180900,120.328125,20181200
2018-08-21 20:45:00,120.328125,20181200,,20180900,120.328125,20181200
2018-08-21 21:00:00,120.328125,20181200,,20180900,120.328125,20181200
2018-08-21 21:15:00,120.328125,20181200,,20180900,120.328125,20181200
2018-08-21 21:30:00,120.34375,20181200,,20180900,120.34375,20181200
2018-08-21 21:45:00,120.4375,20181200,,20180900,120.4375,20181200
2018-08-21 23:00:00,120.4375,20181200,120.578125,20180900,120.4375,20181200
2018-08-21 23:15:00,120.46875,20181200,,20180900,120.46875,20181200
2018-08-21 23:30:00,120.484375,20181200,,20180900,120.484375,20181200
2018-08-21 23:45:00,120.5,20181200,,20180900,120.5,20181200
2018-08-22 00:00:00,120.5,20181200,,20180900,120.5,20181200
2018-08-22 00:15:00,120.53125,20181200,,20180900,120.53125,20181200
2018-08-22 00:30:00,120.5,20181200,,20180900,120.5,20181200
2018-08-22 00:45:00,120.515625,20181200,,20180900,120.515625,20181200
2018-08-22 01:00:00,120.546875,20181200,,20180900,120.546875,20181200
2018-08-22 01:15:00,120.546875,20181200,,20180900,120.546875,20181200
2018-08-22 01:30:00,120.5,20181200,,20180900,120.5,20181200
2018-08-22 01:45:00,120.515625,20181200,,20180900,120.515625,20181200
2018-08-22 02:00:00,120.484375,20181200,,20180900,120.484375,20181200
2018-08-22 02:15:00,120.5,20181200,,20180900,120.5,20181200
2018-08-22 02:30:00,120.515625,20181200,,20180900,120.515625,20181200
2018-08-22 02:45:00,120.53125,20181200,,20180900,120.53125,20181200
2018-08-22 03:00:00,120.484375,20181200,,20180900,120.484375,20181200
2018-08-22 03:15:00,120.453125,20181200,,20180900,120.453125,20181200
2018-08-22 03:30:00,120.453125,20181200,,20180900,120.453125,20181200
2018-08-22 03:45:00,120.453125,20181200,,20180900,120.453125,20181200
2018-08-22 04:00:00,120.453125,20181200,,20180900,120.453125,20181200
2018-08-22 04:15:00,120.46875,20181200,,20180900,120.46875,20181200
2018-08-22 04:45:00,120.484375,20181200,,20180900,120.484375,20181200
2018-08-22 05:15:00,120.5,20181200,,20180900,120.5,20181200
2018-08-22 05:30:00,120.484375,20181200,,20180900,120.484375,20181200
2018-08-22 05:45:00,120.484375,20181200,,20180900,120.484375,20181200
2018-08-22 06:15:00,120.484375,20181200,,20180900,120.484375,20181200
2018-08-22 06:30:00,120.484375,20181200,,20180900,120.484375,20181200
2018-08-22 06:45:00,120.484375,20181200,,20180900,120.484375,20181200
2018-08-22 07:00:00,120.484375,20181200,,20180900,120.484375,20181200
2018-08-22 07:15:00,120.46875,20181200,,20180900,120.46875,20181200
2018-08-22 07:30:00,120.4375,20181200,,20180900,120.4375,20181200
2018-08-22 07:45:00,120.4375,20181200,,20180900,120.4375,20181200
2018-08-22 08:00:00,120.4375,20181200,,20180900,120.4375,20181200
2018-08-22 08:15:00,120.453125,20181200,,20180900,120.453125,20181200
2018-08-22 08:30:00,120.4375,20181200,,20180900,120.4375,20181200
2018-08-22 08:45:00,120.421875,20181200,,20180900,120.421875,20181200
2018-08-22 09:00:00,120.453125,20181200,,20180900,120.453125,20181200
2018-08-22 09:15:00,120.453125,20181200,,20180900,120.453125,20181200
2018-08-22 09:30:00,120.46875,20181200,,20180900,120.46875,20181200
2018-08-22 09:45:00,120.453125,20181200,,20180900,120.453125,20181200
2018-08-22 10:00:00,120.484375,20181200,,20180900,120.484375,20181200
2018-08-22 10:15:00,120.515625,20181200,,20180900,120.515625,20181200
2018-08-22 10:30:00,120.484375,20181200,,20180900,120.484375,20181200
2018-08-22 10:45:00,120.5,20181200,,20180900,120.5,20181200
2018-08-22 11:00:00,120.484375,20181200,,20180900,120.484375,20181200
2018-08-22 11:15:00,120.46875,20181200,,20180900,120.46875,20181200
2018-08-22 11:30:00,120.46875,20181200,,20180900,120.46875,20181200
2018-08-22 11:45:00,120.421875,20181200,,20180900,120.421875,20181200
2018-08-22 12:00:00,120.453125,20181200,,20180900,120.453125,20181200
2018-08-22 12:15:00,120.46875,20181200,,20180900,120.46875,20181200
2018-08-22 12:30:00,120.515625,20181200,,20180900,120.515625,20181200
2018-08-22 12:45:00,120.53125,20181200,,20180900,120.53125,20181200
2018-08-22 13:00:00,120.515625,20181200,,20180900,120.515625,20181200
2018-08-22 13:15:00,120.5,20181200,,20180900,120.5,20181200
2018-08-22 13:30:00,120.578125,20181200,,20180900,120.578125,20181200
2018-08-22 13:45:00,120.53125,20181200,,20180900,120.53125,20181200
2018-08-22 14:00:00,120.578125,20181200,,20180900,120.578125,20181200
2018-08-22 14:15:00,120.609375,20181200,,20180900,120.609375,20181200
2018-08-22 14:30:00,120.53125,20181200,,20180900,120.53125,20181200
2018-08-22 14:45:00,120.546875,20181200,,20180900,120.546875,20181200
2018-08-22 15:00:00,120.515625,20181200,,20180900,120.515625,20181200
2018-08-22 15:15:00,120.53125,20181200,,20180900,120.53125,20181200
2018-08-22 15:30:00,120.453125,20181200,,20180900,120.453125,20181200
2018-08-22 15:45:00,120.4375,20181200,,20180900,120.4375,20181200
2018-08-22 16:00:00,120.453125,20181200,,20180900,120.453125,20181200
2018-08-22 16:15:00,120.4375,20181200,,20180900,120.4375,20181200
2018-08-22 16:30:00,120.453125,20181200,,20180900,120.453125,20181200
2018-08-22 16:45:00,120.484375,20181200,,20180900,120.484375,20181200
2018-08-22 17:00:00,120.484375,20181200,,20180900,120.484375,20181200
2018-08-22 17:15:00,120.484375,20181200,,20180900,120.484375,20181200
2018-08-22 17:30:00,120.46875,20181200,,20180900,120.46875,20181200
2018-08-22 17:45:00,120.484375,20181200,,20180900,120.484375,20181200
2018-08-22 18:00:00,120.484375,20181200,,20180900,120.484375,20181200
2018-08-22 18:15:00,120.46875,20181200,,20180900,120.46875,20181200
2018-08-22 18:30:00,120.453125,20181200,,20180900,120.453125,20181200
2018-08-22 18:45:00,120.46875,20181200,,20180900,120.46875,20181200
2018-08-22 19:00:00,120.5,20181200,,20180900,120.5,20181200
2018-08-22 19:15:00,120.5,20181200,,20180900,120.5,20181200
2018-08-22 19:30:00,120.5,20181200,,20180900,120.5,20181200
2018-08-22 19:45:00,120.484375,20181200,,20180900,120.484375,20181200
2018-08-22 20:00:00,120.484375,20181200,,20180900,120.484375,20181200
2018-08-22 20:15:00,120.5,20181200,,20180900,120.5,20181200
2018-08-22 20:30:00,120.5,20181200,,20180900,120.5,20181200
2018-08-22 20:45:00,120.515625,20181200,,20180900,120.515625,20181200
2018-08-22 21:00:00,120.53125,20181200,,20180900,120.53125,20181200
2018-08-22 21:15:00,120.515625,20181200,,20180900,120.515625,20181200
2018-08-22 21:30:00,120.515625,20181200,,20180900,120.515625,20181200
2018-08-22 21:45:00,120.5,20181200,,20180900,120.5,20181200
2018-08-22 23:00:00,120.484375,20181200,120.625,20180900,120.484375,20181200
2018-08-22 23:15:00,120.484375,20181200,,20180900,120.484375,20181200
2018-08-22 23:30:00,120.515625,20181200,,20180900,120.515625,20181200
2018-08-22 23:45:00,120.5,20181200,,20180900,120.5,20181200
2018-08-23 00:00:00,120.5,20181200,,20180900,120.5,20181200
2018-08-23 00:30:00,120.484375,20181200,,20180900,120.484375,20181200
2018-08-23 00:45:00,120.5,20181200,,20180900,120.5,20181200
2018-08-23 01:00:00,120.546875,20181200,,20180900,120.546875,20181200
2018-08-23 01:15:00,120.546875,20181200,,20180900,120.546875,20181200
2018-08-23 01:30:00,120.546875,20181200,,20180900,120.546875,20181200
2018-08-23 01:45:00,120.53125,20181200,,20180900,120.53125,20181200
2018-08-23 02:00:00,120.53125,20181200,,20180900,120.53125,20181200
2018-08-23 02:15:00,120.515625,20181200,,20180900,120.515625,20181200
2018-08-23 02:30:00,120.5,20181200,,20180900,120.5,20181200
2018-08-23 02:45:00,120.5625,20181200,,20180900,120.5625,20181200
2018-08-23 03:00:00,120.546875,20181200,,20180900,120.546875,20181200
2018-08-23 03:15:00,120.546875,20181200,,20180900,120.546875,20181200
2018-08-23 03:30:00,120.546875,20181200,,20180900,120.546875,20181200
2018-08-23 03:45:00,120.5625,20181200,,20180900,120.5625,20181200
2018-08-23 04:00:00,120.53125,20181200,,20180900,120.53125,20181200
2018-08-23 04:15:00,120.53125,20181200,,20180900,120.53125,20181200
2018-08-23 04:30:00,120.53125,20181200,,20180900,120.53125,20181200
2018-08-23 04:45:00,120.53125,20181200,,20180900,120.53125,20181200
2018-08-23 05:15:00,120.5625,20181200,,20180900,120.5625,20181200
2018-08-23 05:30:00,120.5625,20181200,,20180900,120.5625,20181200
2018-08-23 05:45:00,120.546875,20181200,,20180900,120.546875,20181200
2018-08-23 06:15:00,120.5625,20181200,,20180900,120.5625,20181200
2018-08-23 06:30:00,120.5625,20181200,,20180900,120.5625,20181200
2018-08-23 06:45:00,120.546875,20181200,,20180900,120.546875,20181200
2018-08-23 07:00:00,120.53125,20181200,,20180900,120.53125,20181200
2018-08-23 07:15:00,120.53125,20181200,,20180900,120.53125,20181200
2018-08-23 07:30:00,120.546875,20181200,,20180900,120.546875,20181200
2018-08-23 07:45:00,120.5625,20181200,,20180900,120.5625,20181200
2018-08-23 08:00:00,120.5625,20181200,,20180900,120.5625,20181200
2018-08-23 08:15:00,120.5625,20181200,,20180900,120.5625,20181200
2018-08-23 08:30:00,120.546875,20181200,,20180900,120.546875,20181200
2018-08-23 08:45:00,120.515625,20181200,,20180900,120.515625,20181200
2018-08-23 09:00:00,120.53125,20181200,,20180900,120.53125,20181200
2018-08-23 09:15:00,120.5,20181200,,20180900,120.5,20181200
2018-08-23 09:30:00,120.453125,20181200,,20180900,120.453125,20181200
2018-08-23 09:45:00,120.453125,20181200,,20180900,120.453125,20181200
2018-08-23 10:00:00,120.46875,20181200,,20180900,120.46875,20181200
2018-08-23 10:15:00,120.46875,20181200,,20180900,120.46875,20181200
2018-08-23 10:30:00,120.453125,20181200,,20180900,120.453125,20181200
2018-08-23 10:45:00,120.453125,20181200,,20180900,120.453125,20181200
2018-08-23 11:00:00,120.4375,20181200,,20180900,120.4375,20181200
2018-08-23 11:15:00,120.453125,20181200,,20180900,120.453125,20181200
2018-08-23 11:30:00,120.46875,20181200,,20180900,120.46875,20181200
2018-08-23 11:45:00,120.4375,20181200,,20180900,120.4375,20181200
2018-08-23 12:00:00,120.46875,20181200,,20180900,120.46875,20181200
2018-08-23 12:15:00,120.484375,20181200,,20180900,120.484375,20181200
2018-08-23 12:30:00,120.4375,20181200,,20180900,120.4375,20181200
2018-08-23 12:45:00,120.46875,20181200,,20180900,120.46875,20181200
2018-08-23 13:00:00,120.46875,20181200,,20180900,120.46875,20181200
2018-08-23 13:15:00,120.515625,20181200,,20180900,120.515625,20181200
2018-08-23 13:30:00,120.5,20181200,,20180900,120.5,20181200
2018-08-23 13:45:00,120.5,20181200,,20180900,120.5,20181200
2018-08-23 14:00:00,120.515625,20181200,,20180900,120.515625,20181200
2018-08-23 14:15:00,120.515625,20181200,,20180900,120.515625,20181200
2018-08-23 14:30:00,120.515625,20181200,,20180900,120.515625,20181200
2018-08-23 14:45:00,120.484375,20181200,,20180900,120.484375,20181200
2018-08-23 15:00:00,120.484375,20181200,,20180900,120.484375,20181200
2018-08-23 15:15:00,120.46875,20181200,,20180900,120.46875,20181200
2018-08-23 15:30:00,120.453125,20181200,,20180900,120.453125,20181200
2018-08-23 15:45:00,120.453125,20181200,,20180900,120.453125,20181200
2018-08-23 16:00:00,120.484375,20181200,,20180900,120.484375,20181200
2018-08-23 16:15:00,120.5,20181200,,20180900,120.5,20181200
2018-08-23 16:30:00,120.5,20181200,,20180900,120.5,20181200
2018-08-23 16:45:00,120.5,20181200,,20180900,120.5,20181200
2018-08-23 17:00:00,120.484375,20181200,,20180900,120.484375,20181200
2018-08-23 17:15:00,120.484375,20181200,,20180900,120.484375,20181200
2018-08-23 17:30:00,120.453125,20181200,,20180900,120.453125,20181200
2018-08-23 17:45:00,120.46875,20181200,,20180900,120.46875,20181200
2018-08-23 18:00:00,120.5,20181200,,20180900,120.5,20181200
2018-08-23 18:15:00,120.484375,20181200,,20180900,120.484375,20181200
2018-08-23 18:30:00,120.484375,20181200,,20180900,120.484375,20181200
2018-08-23 18:45:00,120.484375,20181200,,20180900,120.484375,20181200
2018-08-23 19:00:00,120.484375,20181200,,20180900,120.484375,20181200
2018-08-23 19:15:00,120.46875,20181200,,20180900,120.46875,20181200
2018-08-23 19:30:00,120.484375,20181200,,20180900,120.484375,20181200
2018-08-23 19:45:00,120.484375,20181200,,20180900,120.484375,20181200
2018-08-23 20:00:00,120.46875,20181200,,20180900,120.46875,20181200
2018-08-23 20:15:00,120.46875,20181200,,20180900,120.46875,20181200
2018-08-23 20:30:00,120.484375,20181200,,20180900,120.484375,20181200
2018-08-23 20:45:00,120.453125,20181200,,20180900,120.453125,20181200
2018-08-23 21:00:00,120.453125,20181200,,20180900,120.453125,20181200
2018-08-23 21:15:00,120.4375,20181200,,20180900,120.4375,20181200
2018-08-23 21:30:00,120.40625,20181200,,20180900,120.40625,20181200
2018-08-23 21:45:00,120.40625,20181200,,20180900,120.40625,20181200
2018-08-23 23:00:00,120.5625,20181200,120.546875,20180900,120.5625,20181200
2018-08-23 23:15:00,120.390625,20181200,,20180900,120.390625,20181200
2018-08-23 23:30:00,120.40625,20181200,,20180900,120.40625,20181200
2018-08-23 23:45:00,120.421875,20181200,,20180900,120.421875,20181200
2018-08-24 00:00:00,120.421875,20181200,,20180900,120.421875,20181200
2018-08-24 00:15:00,120.40625,20181200,,20180900,120.40625,20181200
2018-08-24 00:30:00,120.421875,20181200,,20180900,120.421875,20181200
2018-08-24 00:45:00,120.421875,20181200,,20180900,120.421875,20181200
2018-08-24 01:00:00,120.4375,20181200,,20180900,120.4375,20181200
2018-08-24 01:15:00,120.4375,20181200,,20180900,120.4375,20181200
2018-08-24 01:30:00,120.421875,20181200,,20180900,120.421875,20181200
2018-08-24 01:45:00,120.390625,20181200,,20180900,120.390625,20181200
2018-08-24 02:00:00,120.375,20181200,,20180900,120.375,20181200
2018-08-24 02:15:00,120.359375,20181200,,20180900,120.359375,20181200
2018-08-24 02:30:00,120.390625,20181200,,20180900,120.390625,20181200
2018-08-24 02:45:00,120.375,20181200,,20180900,120.375,20181200
2018-08-24 03:00:00,120.375,20181200,,20180900,120.375,20181200
2018-08-24 03:15:00,120.375,20181200,,20180900,120.375,20181200
2018-08-24 03:30:00,120.375,20181200,,20180900,120.375,20181200
2018-08-24 03:45:00,120.359375,20181200,,20180900,120.359375,20181200
2018-08-24 04:00:00,120.375,20181200,,20180900,120.375,20181200
2018-08-24 04:15:00,120.359375,20181200,,20180900,120.359375,20181200
2018-08-24 04:30:00,120.359375,20181200,,20180900,120.359375,20181200
2018-08-24 05:15:00,120.375,20181200,,20180900,120.375,20181200
2018-08-24 05:30:00,120.359375,20181200,,20180900,120.359375,20181200
2018-08-24 05:45:00,120.390625,20181200,,20180900,120.390625,20181200
2018-08-24 06:15:00,120.375,20181200,,20180900,120.375,20181200
2018-08-24 06:30:00,120.375,20181200,,20180900,120.375,20181200
2018-08-24 06:45:00,120.390625,20181200,,20180900,120.390625,20181200
2018-08-24 07:00:00,120.40625,20181200,,20180900,120.40625,20181200
2018-08-24 07:15:00,120.40625,20181200,,20180900,120.40625,20181200
2018-08-24 07:30:00,120.390625,20181200,,20180900,120.390625,20181200
2018-08-24 07:45:00,120.390625,20181200,,20180900,120.390625,20181200
2018-08-24 08:00:00,120.390625,20181200,,20180900,120.390625,20181200
2018-08-24 08:15:00,120.390625,20181200,,20180900,120.390625,20181200
2018-08-24 08:30:00,120.40625,20181200,,20180900,120.40625,20181200
2018-08-24 08:45:00,120.421875,20181200,,20180900,120.421875,20181200
2018-08-24 09:00:00,120.390625,20181200,,20180900,120.390625,20181200
2018-08-24 09:15:00,120.375,20181200,,20180900,120.375,20181200
2018-08-24 09:30:00,120.40625,20181200,,20180900,120.40625,20181200
2018-08-24 09:45:00,120.390625,20181200,,20180900,120.390625,20181200
2018-08-24 10:00:00,120.390625,20181200,,20180900,120.390625,20181200
2018-08-24 10:15:00,120.375,20181200,,20180900,120.375,20181200
2018-08-24 10:30:00,120.359375,20181200,,20180900,120.359375,20181200
2018-08-24 10:45:00,120.34375,20181200,,20180900,120.34375,20181200
2018-08-24 11:00:00,120.328125,20181200,,20180900,120.328125,20181200
2018-08-24 11:15:00,120.328125,20181200,,20180900,120.328125,20181200
2018-08-24 11:30:00,120.328125,20181200,,20180900,120.328125,20181200
2018-08-24 11:45:00,120.328125,20181200,,20180900,120.328125,20181200
2018-08-24 12:00:00,120.34375,20181200,,20180900,120.34375,20181200
2018-08-24 12:15:00,120.359375,20181200,,20180900,120.359375,20181200
2018-08-24 12:30:00,120.359375,20181200,,20180900,120.359375,20181200
2018-08-24 12:45:00,120.375,20181200,,20180900,120.375,20181200
2018-08-24 13:00:00,120.359375,20181200,,20180900,120.359375,20181200
2018-08-24 13:15:00,120.34375,20181200,,20180900,120.34375,20181200
2018-08-24 13:30:00,120.265625,20181200,,20180900,120.265625,20181200
2018-08-24 13:45:00,120.296875,20181200,,20180900,120.296875,20181200
2018-08-24 14:00:00,120.265625,20181200,,20180900,120.265625,20181200
2018-08-24 14:15:00,120.28125,20181200,,20180900,120.28125,20181200
2018-08-24 14:30:00,120.25,20181200,,20180900,120.25,20181200
2018-08-24 14:45:00,120.265625,20181200,,20180900,120.265625,20181200
2018-08-24 15:00:00,120.40625,20181200,,20180900,120.40625,20181200
2018-08-24 15:15:00,120.40625,20181200,,20180900,120.40625,20181200
2018-08-24 15:30:00,120.390625,20181200,,20180900,120.390625,20181200
2018-08-24 15:45:00,120.421875,20181200,,20180900,120.421875,20181200
2018-08-24 16:00:00,120.46875,20181200,,20180900,120.46875,20181200
2018-08-24 16:15:00,120.453125,20181200,,20180900,120.453125,20181200
2018-08-24 16:30:00,120.453125,20181200,,20180900,120.453125,20181200
2018-08-24 16:45:00,120.4375,20181200,,20180900,120.4375,20181200
2018-08-24 17:00:00,120.453125,20181200,,20180900,120.453125,20181200
2018-08-24 17:15:00,120.453125,20181200,,20180900,120.453125,20181200
2018-08-24 17:30:00,120.453125,20181200,,20180900,120.453125,20181200
2018-08-24 17:45:00,120.4375,20181200,,20180900,120.4375,20181200
2018-08-24 18:00:00,120.453125,20181200,,20180900,120.453125,20181200
2018-08-24 18:15:00,120.4375,20181200,,20180900,120.4375,20181200
2018-08-24 18:30:00,120.46875,20181200,,20180900,120.46875,20181200
2018-08-24 18:45:00,120.453125,20181200,,20180900,120.453125,20181200
2018-08-24 19:00:00,120.421875,20181200,,20180900,120.421875,20181200
2018-08-24 19:15:00,120.421875,20181200,,20180900,120.421875,20181200
2018-08-24 19:30:00,120.421875,20181200,,20180900,120.421875,20181200
2018-08-24 19:45:00,120.40625,20181200,,20180900,120.40625,20181200
2018-08-24 20:00:00,120.421875,20181200,,20180900,120.421875,20181200
2018-08-24 20:15:00,120.421875,20181200,,20180900,120.421875,20181200
2018-08-24 20:30:00,120.46875,20181200,,20180900,120.46875,20181200
2018-08-24 20:45:00,120.46875,20181200,,20180900,120.46875,20181200
2018-08-24 21:00:00,120.484375,20181200,,20180900,120.484375,20181200
2018-08-24 21:15:00,120.46875,20181200,,20180900,120.46875,20181200
2018-08-24 21:30:00,120.484375,20181200,,20180900,120.484375,20181200
2018-08-24 21:45:00,120.5,20181200,,20180900,120.5,20181200
2018-08-24 23:00:00,120.390625,20181200,120.59375,20180900,120.390625,20181200
2018-08-26 23:00:00,120.4375,20181200,,20180900,120.4375,20181200
2018-08-26 23:15:00,120.4375,20181200,,20180900,120.4375,20181200
2018-08-26 23:30:00,120.4375,20181200,,20180900,120.4375,20181200
2018-08-26 23:45:00,120.4375,20181200,,20180900,120.4375,20181200
2018-08-27 00:00:00,120.4375,20181200,,20180900,120.4375,20181200
2018-08-27 00:15:00,120.4375,20181200,,20180900,120.4375,20181200
2018-08-27 00:30:00,120.4375,20181200,,20180900,120.4375,20181200
2018-08-27 00:45:00,120.4375,20181200,,20180900,120.4375,20181200
2018-08-27 01:00:00,120.4375,20181200,,20180900,120.4375,20181200
2018-08-27 01:15:00,120.4375,20181200,,20180900,120.4375,20181200
2018-08-27 01:30:00,120.4375,20181200,,20180900,120.4375,20181200
2018-08-27 01:45:00,120.4375,20181200,,20180900,120.4375,20181200
2018-08-27 02:00:00,120.4375,20181200,,20180900,120.4375,20181200
2018-08-27 02:15:00,120.453125,20181200,,20180900,120.453125,20181200
2018-08-27 02:30:00,120.453125,20181200,,20180900,120.453125,20181200
2018-08-27 02:45:00,120.453125,20181200,,20180900,120.453125,20181200
2018-08-27 03:00:00,120.46875,20181200,,20180900,120.46875,20181200
2018-08-27 03:15:00,120.46875,20181200,,20180900,120.46875,20181200
2018-08-27 03:30:00,120.5,20181200,,20180900,120.5,20181200
2018-08-27 03:45:00,120.484375,20181200,,20180900,120.484375,20181200
2018-08-27 04:00:00,120.46875,20181200,,20180900,120.46875,20181200
2018-08-27 04:15:00,120.46875,20181200,,20180900,120.46875,20181200
2018-08-27 04:30:00,120.46875,20181200,,20180900,120.46875,20181200
2018-08-27 04:45:00,120.484375,20181200,,20180900,120.484375,20181200
2018-08-27 05:15:00,120.46875,20181200,,20180900,120.46875,20181200
2018-08-27 05:30:00,120.484375,20181200,,20180900,120.484375,20181200
2018-08-27 05:45:00,120.484375,20181200,,20180900,120.484375,20181200
2018-08-27 06:15:00,120.484375,20181200,,20180900,120.484375,20181200
2018-08-27 06:30:00,120.5,20181200,,20180900,120.5,20181200
2018-08-27 06:45:00,120.484375,20181200,,20180900,120.484375,20181200
2018-08-27 07:00:00,120.5,20181200,,20180900,120.5,20181200
2018-08-27 07:15:00,120.515625,20181200,,20180900,120.515625,20181200
2018-08-27 07:30:00,120.515625,20181200,,20180900,120.515625,20181200
2018-08-27 07:45:00,120.515625,20181200,,20180900,120.515625,20181200
2018-08-27 08:00:00,120.5,20181200,,20180900,120.5,20181200
2018-08-27 08:15:00,120.5,20181200,,20180900,120.5,20181200
2018-08-27 08:30:00,120.5,20181200,,20180900,120.5,20181200
2018-08-27 08:45:00,120.484375,20181200,,20180900,120.484375,20181200
2018-08-27 09:00:00,120.46875,20181200,,20180900,120.46875,20181200
2018-08-27 09:15:00,120.4375,20181200,,20180900,120.4375,20181200
2018-08-27 09:30:00,120.40625,20181200,,20180900,120.40625,20181200
2018-08-27 09:45:00,120.421875,20181200,,20180900,120.421875,20181200
2018-08-27 10:00:00,120.4375,20181200,,20180900,120.4375,20181200
2018-08-27 10:15:00,120.4375,20181200,,20180900,120.4375,20181200
2018-08-27 10:30:00,120.4375,20181200,,20180900,120.4375,20181200
2018-08-27 10:45:00,120.4375,20181200,,20180900,120.4375,20181200
2018-08-27 11:00:00,120.453125,20181200,,20180900,120.453125,20181200
2018-08-27 11:15:00,120.453125,20181200,,20180900,120.453125,20181200
2018-08-27 11:30:00,120.453125,20181200,,20180900,120.453125,20181200
2018-08-27 11:45:00,120.46875,20181200,,20180900,120.46875,20181200
2018-08-27 12:00:00,120.453125,20181200,,20180900,120.453125,20181200
2018-08-27 12:15:00,120.421875,20181200,,20180900,120.421875,20181200
2018-08-27 12:30:00,120.453125,20181200,,20180900,120.453125,20181200
2018-08-27 12:45:00,120.40625,20181200,,20180900,120.40625,20181200
2018-08-27 13:00:00,120.375,20181200,,20180900,120.375,20181200
2018-08-27 13:15:00,120.34375,20181200,,20180900,120.34375,20181200
2018-08-27 13:30:00,120.34375,20181200,,20180900,120.34375,20181200
2018-08-27 13:45:00,120.359375,20181200,,20180900,120.359375,20181200
2018-08-27 14:00:00,120.359375,20181200,,20180900,120.359375,20181200
2018-08-27 14:15:00,120.328125,20181200,,20180900,120.328125,20181200
2018-08-27 14:30:00,120.3125,20181200,,20180900,120.3125,20181200
2018-08-27 14:45:00,120.28125,20181200,,20180900,120.28125,20181200
2018-08-27 15:00:00,120.296875,20181200,,20180900,120.296875,20181200
2018-08-27 15:15:00,120.296875,20181200,,20180900,120.296875,20181200
2018-08-27 15:30:00,120.3125,20181200,,20180900,120.3125,20181200
2018-08-27 15:45:00,120.3125,20181200,,20180900,120.3125,20181200
2018-08-27 16:00:00,120.296875,20181200,,20180900,120.296875,20181200
2018-08-27 16:15:00,120.25,20181200,,20180900,120.25,20181200
2018-08-27 16:30:00,120.25,20181200,,20180900,120.25,20181200
2018-08-27 16:45:00,120.234375,20181200,,20180900,120.234375,20181200
2018-08-27 17:00:00,120.21875,20181200,,20180900,120.21875,20181200
2018-08-27 17:15:00,120.25,20181200,,20180900,120.25,20181200
2018-08-27 17:30:00,120.21875,20181200,,20180900,120.21875,20181200
2018-08-27 17:45:00,120.203125,20181200,,20180900,120.203125,20181200
2018-08-27 18:00:00,120.25,20181200,,20180900,120.25,20181200
2018-08-27 18:15:00,120.25,20181200,,20180900,120.25,20181200
2018-08-27 18:30:00,120.265625,20181200,,20180900,120.265625,20181200
2018-08-27 18:45:00,120.28125,20181200,,20180900,120.28125,20181200
2018-08-27 19:00:00,120.265625,20181200,,20180900,120.265625,20181200
2018-08-27 19:15:00,120.25,20181200,,20180900,120.25,20181200
2018-08-27 19:30:00,120.21875,20181200,,20180900,120.21875,20181200
2018-08-27 19:45:00,120.234375,20181200,,20180900,120.234375,20181200
2018-08-27 20:00:00,120.25,20181200,,20180900,120.25,20181200
2018-08-27 20:15:00,120.25,20181200,,20180900,120.25,20181200
2018-08-27 20:30:00,120.25,20181200,,20180900,120.25,20181200
2018-08-27 20:45:00,120.234375,20181200,,20180900,120.234375,20181200
2018-08-27 21:00:00,120.265625,20181200,,20180900,120.265625,20181200
2018-08-27 21:15:00,120.265625,20181200,,20180900,120.265625,20181200
2018-08-27 21:30:00,120.265625,20181200,,20180900,120.265625,20181200
2018-08-27 21:45:00,120.265625,20181200,,20180900,120.265625,20181200
2018-08-27 23:00:00,120.46875,20181200,120.34375,20180900,120.46875,20181200
2018-08-27 23:15:00,120.234375,20181200,,20180900,120.234375,20181200
2018-08-27 23:30:00,120.234375,20181200,,20180900,120.234375,20181200
2018-08-27 23:45:00,120.234375,20181200,,20180900,120.234375,20181200
2018-08-28 00:00:00,120.21875,20181200,,20180900,120.21875,20181200
2018-08-28 00:15:00,120.234375,20181200,,20180900,120.234375,20181200
2018-08-28 00:30:00,120.25,20181200,,20180900,120.25,20181200
2018-08-28 00:45:00,120.234375,20181200,,20180900,120.234375,20181200
2018-08-28 01:00:00,120.203125,20181200,,20180900,120.203125,20181200
2018-08-28 01:15:00,120.21875,20181200,,20180900,120.21875,20181200
2018-08-28 01:30:00,120.1875,20181200,,20180900,120.1875,20181200
2018-08-28 01:45:00,120.171875,20181200,,20180900,120.171875,20181200
2018-08-28 02:00:00,120.171875,20181200,,20180900,120.171875,20181200
2018-08-28 02:15:00,120.171875,20181200,,20180900,120.171875,20181200
2018-08-28 02:30:00,120.203125,20181200,,20180900,120.203125,20181200
2018-08-28 02:45:00,120.171875,20181200,,20180900,120.171875,20181200
2018-08-28 03:00:00,120.203125,20181200,,20180900,120.203125,20181200
2018-08-28 03:15:00,120.203125,20181200,,20180900,120.203125,20181200
2018-08-28 03:30:00,120.203125,20181200,,20180900,120.203125,20181200
2018-08-28 03:45:00,120.21875,20181200,,20180900,120.21875,20181200
2018-08-28 04:00:00,120.203125,20181200,,20180900,120.203125,20181200
2018-08-28 04:15:00,120.1875,20181200,,20180900,120.1875,20181200
2018-08-28 04:30:00,120.203125,20181200,,20180900,120.203125,20181200
2018-08-28 04:45:00,120.203125,20181200,,20180900,120.203125,20181200
2018-08-28 05:15:00,120.234375,20181200,,20180900,120.234375,20181200
2018-08-28 05:30:00,120.21875,20181200,,20180900,120.21875,20181200
2018-08-28 05:45:00,120.21875,20181200,,20180900,120.21875,20181200
2018-08-28 06:15:00,120.25,20181200,,20180900,120.25,20181200
2018-08-28 06:30:00,120.234375,20181200,,20180900,120.234375,20181200
2018-08-28 06:45:00,120.265625,20181200,,20180900,120.265625,20181200
2018-08-28 07:00:00,120.25,20181200,,20180900,120.25,20181200
2018-08-28 07:15:00,120.234375,20181200,,20180900,120.234375,20181200
2018-08-28 07:30:00,120.25,20181200,,20180900,120.25,20181200
2018-08-28 07:45:00,120.21875,20181200,,20180900,120.21875,20181200
2018-08-28 08:00:00,120.25,20181200,,20180900,120.25,20181200
2018-08-28 08:15:00,120.1875,20181200,,20180900,120.1875,20181200
2018-08-28 08:30:00,120.21875,20181200,,20180900,120.21875,20181200
2018-08-28 08:45:00,120.21875,20181200,,20180900,120.21875,20181200
2018-08-28 09:00:00,120.25,20181200,,20180900,120.25,20181200
2018-08-28 09:15:00,120.25,20181200,,20180900,120.25,20181200
2018-08-28 09:30:00,120.234375,20181200,,20180900,120.234375,20181200
2018-08-28 09:45:00,120.265625,20181200,,20180900,120.265625,20181200
2018-08-28 10:00:00,120.265625,20181200,,20180900,120.265625,20181200
2018-08-28 10:15:00,120.25,20181200,,20180900,120.25,20181200
2018-08-28 10:30:00,120.25,20181200,,20180900,120.25,20181200
2018-08-28 10:45:00,120.234375,20181200,,20180900,120.234375,20181200
2018-08-28 11:00:00,120.21875,20181200,,20180900,120.21875,20181200
2018-08-28 11:15:00,120.234375,20181200,,20180900,120.234375,20181200
2018-08-28 11:30:00,120.234375,20181200,,20180900,120.234375,20181200
2018-08-28 11:45:00,120.21875,20181200,,20180900,120.21875,20181200
2018-08-28 12:00:00,120.21875,20181200,,20180900,120.21875,20181200
2018-08-28 12:15:00,120.25,20181200,,20180900,120.25,20181200
2018-08-28 12:30:00,120.25,20181200,,20180900,120.25,20181200
2018-08-28 12:45:00,120.234375,20181200,,20180900,120.234375,20181200
2018-08-28 13:00:00,120.25,20181200,,20180900,120.25,20181200
2018-08-28 13:15:00,120.21875,20181200,,20180900,120.21875,20181200
2018-08-28 13:30:00,120.1875,20181200,,20180900,120.1875,20181200
2018-08-28 13:45:00,120.140625,20181200,,20180900,120.140625,20181200
2018-08-28 14:00:00,120.0625,20181200,,20180900,120.0625,20181200
2018-08-28 14:15:00,120.09375,20181200,,20180900,120.09375,20181200
2018-08-28 14:30:00,120.078125,20181200,,20180900,120.078125,20181200
2018-08-28 14:45:00,120.09375,20181200,,20180900,120.09375,20181200
2018-08-28 15:00:00,120.0625,20181200,,20180900,120.0625,20181200
2018-08-28 15:15:00,120.0,20181200,,20180900,120.0,20181200
2018-08-28 15:30:00,120.015625,20181200,,20180900,120.015625,20181200
2018-08-28 15:45:00,120.046875,20181200,,20180900,120.046875,20181200
2018-08-28 16:00:00,120.0625,20181200,,20180900,120.0625,20181200
2018-08-28 16:15:00,120.0625,20181200,,20180900,120.0625,20181200
2018-08-28 16:30:00,120.078125,20181200,,20180900,120.078125,20181200
2018-08-28 16:45:00,120.09375,20181200,,20180900,120.09375,20181200
2018-08-28 17:00:00,120.078125,20181200,,20180900,120.078125,20181200
2018-08-28 17:15:00,120.0625,20181200,,20180900,120.0625,20181200
2018-08-28 17:30:00,120.03125,20181200,,20180900,120.03125,20181200
2018-08-28 17:45:00,120.03125,20181200,,20180900,120.03125,20181200
2018-08-28 18:00:00,120.046875,20181200,,20180900,120.046875,20181200
2018-08-28 18:15:00,120.03125,20181200,,20180900,120.03125,20181200
2018-08-28 18:30:00,120.03125,20181200,,20180900,120.03125,20181200
2018-08-28 18:45:00,120.015625,20181200,,20180900,120.015625,20181200
2018-08-28 19:00:00,120.015625,20181200,,20180900,120.015625,20181200
2018-08-28 19:15:00,120.015625,20181200,,20180900,120.015625,20181200
2018-08-28 19:30:00,120.0,20181200,,20180900,120.0,20181200
2018-08-28 19:45:00,119.984375,20181200,,20180900,119.984375,20181200
2018-08-28 20:00:00,119.953125,20181200,,20180900,119.953125,20181200
2018-08-28 20:15:00,119.984375,20181200,,20180900,119.984375,20181200
2018-08-28 20:30:00,120.0,20181200,,20180900,120.0,20181200
2018-08-28 20:45:00,120.0,20181200,,20180900,120.0,20181200
2018-08-28 21:00:00,120.0,20181200,,20180900,120.0,20181200
2018-08-28 21:15:00,119.984375,20181200,,20180900,119.984375,20181200
2018-08-28 21:30:00,119.984375,20181200,,20180900,119.984375,20181200
2018-08-28 21:45:00,119.984375,20181200,,20180900,119.984375,20181200
2018-08-28 23:00:00,120.234375,20181200,120.109375,20180900,120.234375,20181200
2018-08-28 23:15:00,,20190300,120.015625,20181200,,20190300
2018-08-28 23:30:00,,20190300,120.015625,20181200,,20190300
2018-08-28 23:45:00,,20190300,120.015625,20181200,,20190300
2018-08-29 00:00:00,,20190300,120.03125,20181200,,20190300
2018-08-29 00:15:00,,20190300,120.03125,20181200,,20190300
2018-08-29 00:30:00,,20190300,120.015625,20181200,,20190300
2018-08-29 00:45:00,,20190300,120.015625,20181200,,20190300
2018-08-29 01:00:00,,20190300,120.03125,20181200,,20190300
2018-08-29 01:15:00,,20190300,120.046875,20181200,,20190300
2018-08-29 01:30:00,,20190300,120.03125,20181200,,20190300
2018-08-29 01:45:00,,20190300,120.046875,20181200,,20190300
2018-08-29 02:00:00,,20190300,120.03125,20181200,,20190300
2018-08-29 02:15:00,,20190300,120.046875,20181200,,20190300
2018-08-29 02:30:00,,20190300,120.046875,20181200,,20190300
2018-08-29 02:45:00,,20190300,120.046875,20181200,,20190300
2018-08-29 03:00:00,,20190300,120.0625,20181200,,20190300
2018-08-29 03:15:00,,20190300,120.03125,20181200,,20190300
2018-08-29 03:30:00,,20190300,120.03125,20181200,,20190300
2018-08-29 03:45:00,,20190300,120.03125,20181200,,20190300
2018-08-29 04:00:00,,20190300,120.046875,20181200,,20190300
2018-08-29 04:15:00,,20190300,120.046875,20181200,,20190300
2018-08-29 04:30:00,,20190300,120.0625,20181200,,20190300
2018-08-29 04:45:00,,20190300,120.0625,20181200,,20190300
2018-08-29 05:15:00,,20190300,120.0625,20181200,,20190300
2018-08-29 05:30:00,,20190300,120.0625,20181200,,20190300
2018-08-29 05:45:00,,20190300,120.0625,20181200,,20190300
2018-08-29 06:15:00,,20190300,120.046875,20181200,,20190300
2018-08-29 06:30:00,,20190300,120.078125,20181200,,20190300
2018-08-29 06:45:00,,20190300,120.09375,20181200,,20190300
2018-08-29 07:00:00,,20190300,120.09375,20181200,,20190300
2018-08-29 07:15:00,,20190300,120.09375,20181200,,20190300
2018-08-29 07:30:00,,20190300,120.09375,20181200,,20190300
2018-08-29 07:45:00,,20190300,120.0625,20181200,,20190300
2018-08-29 08:00:00,,20190300,120.078125,20181200,,20190300
2018-08-29 08:15:00,,20190300,120.0625,20181200,,20190300
2018-08-29 08:30:00,,20190300,120.078125,20181200,,20190300
2018-08-29 08:45:00,,20190300,120.109375,20181200,,20190300
2018-08-29 09:00:00,,20190300,120.078125,20181200,,20190300
2018-08-29 09:15:00,,20190300,120.0625,20181200,,20190300
2018-08-29 09:30:00,,20190300,120.078125,20181200,,20190300
2018-08-29 09:45:00,,20190300,120.0625,20181200,,20190300
2018-08-29 10:00:00,,20190300,120.078125,20181200,,20190300
2018-08-29 10:15:00,,20190300,120.0625,20181200,,20190300
2018-08-29 10:30:00,,20190300,120.078125,20181200,,20190300
2018-08-29 10:45:00,,20190300,120.0625,20181200,,20190300
2018-08-29 11:00:00,,20190300,120.0625,20181200,,20190300
2018-08-29 11:15:00,,20190300,120.078125,20181200,,20190300
2018-08-29 11:30:00,,20190300,120.078125,20181200,,20190300
2018-08-29 11:45:00,,20190300,120.0625,20181200,,20190300
2018-08-29 12:00:00,,20190300,120.046875,20181200,,20190300
2018-08-29 12:15:00,,20190300,120.015625,20181200,,20190300
2018-08-29 12:30:00,,20190300,120.015625,20181200,,20190300
2018-08-29 12:45:00,,20190300,120.015625,20181200,,20190300
2018-08-29 13:00:00,,20190300,120.046875,20181200,,20190300
2018-08-29 13:15:00,,20190300,120.046875,20181200,,20190300
2018-08-29 13:30:00,,20190300,120.03125,20181200,,20190300
2018-08-29 13:45:00,,20190300,120.0,20181200,,20190300
2018-08-29 14:00:00,,20190300,119.984375,20181200,,20190300
2018-08-29 14:15:00,,20190300,120.0,20181200,,20190300
2018-08-29 14:30:00,,20190300,119.984375,20181200,,20190300
2018-08-29 14:45:00,,20190300,119.953125,20181200,,20190300
2018-08-29 15:00:00,,20190300,119.9375,20181200,,20190300
2018-08-29 15:15:00,,20190300,119.953125,20181200,,20190300
2018-08-29 15:30:00,,20190300,119.90625,20181200,,20190300
2018-08-29 15:45:00,,20190300,119.90625,20181200,,20190300
2018-08-29 16:00:00,,20190300,119.890625,20181200,,20190300
2018-08-29 16:15:00,,20190300,119.859375,20181200,,20190300
2018-08-29 16:30:00,,20190300,119.90625,20181200,,20190300
2018-08-29 16:45:00,,20190300,119.921875,20181200,,20190300
2018-08-29 17:00:00,,20190300,119.90625,20181200,,20190300
2018-08-29 17:15:00,,20190300,119.9375,20181200,,20190300
2018-08-29 17:30:00,,20190300,119.9375,20181200,,20190300
2018-08-29 17:45:00,,20190300,119.953125,20181200,,20190300
2018-08-29 18:00:00,,20190300,119.953125,20181200,,20190300
2018-08-29 18:15:00,,20190300,119.984375,20181200,,20190300
2018-08-29 18:30:00,,20190300,119.984375,20181200,,20190300
2018-08-29 18:45:00,,20190300,119.96875,20181200,,20190300
2018-08-29 19:00:00,,20190300,119.953125,20181200,,20190300
2018-08-29 19:15:00,,20190300,119.984375,20181200,,20190300
2018-08-29 19:30:00,,20190300,119.984375,20181200,,20190300
2018-08-29 19:45:00,,20190300,119.984375,20181200,,20190300
2018-08-29 20:00:00,,20190300,119.953125,20181200,,20190300
2018-08-29 20:15:00,,20190300,119.921875,20181200,,20190300
2018-08-29 20:30:00,,20190300,119.9375,20181200,,20190300
2018-08-29 20:45:00,,20190300,119.9375,20181200,,20190300
2018-08-29 21:00:00,,20190300,119.9375,20181200,,20190300
2018-08-29 21:15:00,,20190300,119.953125,20181200,,20190300
2018-08-29 21:30:00,,20190300,119.9375,20181200,,20190300
2018-08-29 21:45:00,,20190300,119.9375,20181200,,20190300
2018-08-29 23:00:00,,20190300,120.046875,20181200,,20190300
2018-08-29 23:15:00,,20190300,119.96875,20181200,,20190300
2018-08-29 23:30:00,,20190300,119.96875,20181200,,20190300
2018-08-29 23:45:00,,20190300,119.953125,20181200,,20190300
2018-08-30 00:00:00,,20190300,119.953125,20181200,,20190300
2018-08-30 00:15:00,,20190300,119.984375,20181200,,20190300
2018-08-30 00:30:00,,20190300,119.984375,20181200,,20190300
2018-08-30 00:45:00,,20190300,119.984375,20181200,,20190300
2018-08-30 01:00:00,,20190300,119.984375,20181200,,20190300
2018-08-30 01:15:00,,20190300,119.984375,20181200,,20190300
2018-08-30 01:30:00,,20190300,119.984375,20181200,,20190300
2018-08-30 01:45:00,,20190300,119.96875,20181200,,20190300
2018-08-30 02:00:00,,20190300,119.953125,20181200,,20190300
2018-08-30 02:15:00,,20190300,119.953125,20181200,,20190300
2018-08-30 02:30:00,,20190300,119.96875,20181200,,20190300
2018-08-30 02:45:00,,20190300,119.953125,20181200,,20190300
2018-08-30 03:00:00,,20190300,119.96875,20181200,,20190300
2018-08-30 03:15:00,,20190300,119.96875,20181200,,20190300
2018-08-30 03:30:00,,20190300,119.9375,20181200,,20190300
2018-08-30 03:45:00,,20190300,119.953125,20181200,,20190300
2018-08-30 04:00:00,,20190300,119.9375,20181200,,20190300
2018-08-30 04:15:00,,20190300,119.984375,20181200,,20190300
2018-08-30 04:30:00,,20190300,119.96875,20181200,,20190300
2018-08-30 04:45:00,,20190300,119.984375,20181200,,20190300
2018-08-30 05:15:00,,20190300,119.96875,20181200,,20190300
2018-08-30 05:30:00,,20190300,119.984375,20181200,,20190300
2018-08-30 05:45:00,,20190300,119.96875,20181200,,20190300
2018-08-30 06:15:00,,20190300,119.984375,20181200,,20190300
2018-08-30 06:30:00,,20190300,119.984375,20181200,,20190300
2018-08-30 06:45:00,,20190300,119.984375,20181200,,20190300
2018-08-30 07:00:00,,20190300,119.96875,20181200,,20190300
2018-08-30 07:15:00,,20190300,119.953125,20181200,,20190300
2018-08-30 07:30:00,,20190300,119.984375,20181200,,20190300
2018-08-30 07:45:00,,20190300,119.984375,20181200,,20190300
2018-08-30 08:00:00,,20190300,119.953125,20181200,,20190300
2018-08-30 08:15:00,,20190300,120.0,20181200,,20190300
2018-08-30 08:30:00,,20190300,120.0,20181200,,20190300
2018-08-30 08:45:00,,20190300,120.015625,20181200,,20190300
2018-08-30 09:00:00,,20190300,120.0,20181200,,20190300
2018-08-30 09:15:00,,20190300,120.0625,20181200,,20190300
2018-08-30 09:30:00,,20190300,120.0625,20181200,,20190300
2018-08-30 09:45:00,,20190300,120.015625,20181200,,20190300
2018-08-30 10:00:00,,20190300,120.046875,20181200,,20190300
2018-08-30 10:15:00,,20190300,120.046875,20181200,,20190300
2018-08-30 10:30:00,,20190300,120.03125,20181200,,20190300
2018-08-30 10:45:00,,20190300,120.015625,20181200,,20190300
2018-08-30 11:00:00,,20190300,120.015625,20181200,,20190300
2018-08-30 11:15:00,,20190300,120.0,20181200,,20190300
2018-08-30 11:30:00,,20190300,119.96875,20181200,,20190300
2018-08-30 11:45:00,,20190300,119.984375,20181200,,20190300
2018-08-30 12:00:00,,20190300,119.984375,20181200,,20190300
2018-08-30 12:15:00,,20190300,120.0,20181200,,20190300
2018-08-30 12:30:00,,20190300,120.046875,20181200,,20190300
2018-08-30 12:45:00,,20190300,120.03125,20181200,,20190300
2018-08-30 13:00:00,,20190300,120.015625,20181200,,20190300
2018-08-30 13:15:00,,20190300,120.03125,20181200,,20190300
2018-08-30 13:30:00,,20190300,120.109375,20181200,,20190300
2018-08-30 13:45:00,,20190300,120.109375,20181200,,20190300
2018-08-30 14:00:00,,20190300,120.140625,20181200,,20190300
2018-08-30 14:15:00,,20190300,120.09375,20181200,,20190300
2018-08-30 14:30:00,,20190300,120.09375,20181200,,20190300
2018-08-30 14:45:00,,20190300,120.125,20181200,,20190300
2018-08-30 15:00:00,,20190300,120.125,20181200,,20190300
2018-08-30 15:15:00,,20190300,120.078125,20181200,,20190300
2018-08-30 15:30:00,,20190300,120.0625,20181200,,20190300
2018-08-30 15:45:00,,20190300,120.109375,20181200,,20190300
2018-08-30 16:00:00,,20190300,120.125,20181200,,20190300
2018-08-30 16:15:00,,20190300,120.15625,20181200,,20190300
2018-08-30 16:30:00,,20190300,120.140625,20181200,,20190300
2018-08-30 16:45:00,,20190300,120.140625,20181200,,20190300
2018-08-30 17:00:00,,20190300,120.140625,20181200,,20190300
2018-08-30 17:15:00,,20190300,120.125,20181200,,20190300
2018-08-30 17:30:00,,20190300,120.125,20181200,,20190300
2018-08-30 17:45:00,,20190300,120.09375,20181200,,20190300
2018-08-30 18:00:00,,20190300,120.078125,20181200,,20190300
2018-08-30 18:15:00,,20190300,120.078125,20181200,,20190300
2018-08-30 18:30:00,,20190300,120.0625,20181200,,20190300
2018-08-30 18:45:00,,20190300,120.0625,20181200,,20190300
2018-08-30 19:00:00,,20190300,120.078125,20181200,,20190300
2018-08-30 19:15:00,,20190300,120.140625,20181200,,20190300
2018-08-30 19:30:00,,20190300,120.140625,20181200,,20190300
2018-08-30 19:45:00,,20190300,120.15625,20181200,,20190300
2018-08-30 20:00:00,,20190300,120.203125,20181200,,20190300
2018-08-30 20:15:00,,20190300,120.171875,20181200,,20190300
2018-08-30 20:30:00,,20190300,120.171875,20181200,,20190300
2018-08-30 20:45:00,,20190300,120.140625,20181200,,20190300
2018-08-30 21:00:00,,20190300,120.15625,20181200,,20190300
2018-08-30 21:15:00,,20190300,120.15625,20181200,,20190300
2018-08-30 21:30:00,,20190300,120.1875,20181200,,20190300
2018-08-30 21:45:00,,20190300,120.1875,20181200,,20190300
2018-08-30 23:00:00,,20190300,119.96875,20181200,,20190300
2018-08-30 23:15:00,,20190300,120.203125,20181200,,20190300
2018-08-30 23:30:00,,20190300,120.203125,20181200,,20190300
2018-08-30 23:45:00,,20190300,120.203125,20181200,,20190300
2018-08-31 00:00:00,,20190300,120.1875,20181200,,20190300
2018-08-31 00:15:00,,20190300,120.1875,20181200,,20190300
2018-08-31 00:30:00,,20190300,120.1875,20181200,,20190300
2018-08-31 00:45:00,,20190300,120.1875,20181200,,20190300
2018-08-31 01:00:00,,20190300,120.203125,20181200,,20190300
2018-08-31 01:15:00,,20190300,120.203125,20181200,,20190300
2018-08-31 01:30:00,,20190300,120.21875,20181200,,20190300
2018-08-31 01:45:00,,20190300,120.21875,20181200,,20190300
2018-08-31 02:00:00,,20190300,120.203125,20181200,,20190300
2018-08-31 02:15:00,,20190300,120.203125,20181200,,20190300
2018-08-31 02:30:00,,20190300,120.203125,20181200,,20190300
2018-08-31 02:45:00,,20190300,120.21875,20181200,,20190300
2018-08-31 03:00:00,,20190300,120.203125,20181200,,20190300
2018-08-31 03:15:00,,20190300,120.203125,20181200,,20190300
2018-08-31 03:30:00,,20190300,120.203125,20181200,,20190300
2018-08-31 03:45:00,,20190300,120.203125,20181200,,20190300
2018-08-31 04:00:00,,20190300,120.203125,20181200,,20190300
2018-08-31 04:15:00,,20190300,120.203125,20181200,,20190300
2018-08-31 04:30:00,,20190300,120.1875,20181200,,20190300
2018-08-31 04:45:00,,20190300,120.1875,20181200,,20190300
2018-08-31 05:15:00,,20190300,120.1875,20181200,,20190300
2018-08-31 05:30:00,,20190300,120.1875,20181200,,20190300
2018-08-31 05:45:00,,20190300,120.203125,20181200,,20190300
2018-08-31 06:15:00,,20190300,120.171875,20181200,,20190300
2018-08-31 06:30:00,,20190300,120.171875,20181200,,20190300
2018-08-31 06:45:00,,20190300,120.203125,20181200,,20190300
2018-08-31 07:00:00,,20190300,120.203125,20181200,,20190300
2018-08-31 07:15:00,,20190300,120.1875,20181200,,20190300
2018-08-31 07:30:00,,20190300,120.1875,20181200,,20190300
2018-08-31 07:45:00,,20190300,120.171875,20181200,,20190300
2018-08-31 08:00:00,,20190300,120.21875,20181200,,20190300
2018-08-31 08:15:00,,20190300,120.28125,20181200,,20190300
2018-08-31 08:30:00,,20190300,120.265625,20181200,,20190300
2018-08-31 08:45:00,,20190300,120.28125,20181200,,20190300
2018-08-31 09:00:00,,20190300,120.234375,20181200,,20190300
2018-08-31 09:15:00,,20190300,120.265625,20181200,,20190300
2018-08-31 09:30:00,,20190300,120.28125,20181200,,20190300
2018-08-31 09:45:00,,20190300,120.296875,20181200,,20190300
2018-08-31 10:00:00,,20190300,120.296875,20181200,,20190300
2018-08-31 10:15:00,,20190300,120.265625,20181200,,20190300
2018-08-31 10:30:00,,20190300,120.28125,20181200,,20190300
2018-08-31 10:45:00,,20190300,120.265625,20181200,,20190300
2018-08-31 11:00:00,,20190300,120.28125,20181200,,20190300
2018-08-31 11:15:00,,20190300,120.296875,20181200,,20190300
2018-08-31 11:30:00,,20190300,120.28125,20181200,,20190300
2018-08-31 11:45:00,,20190300,120.296875,20181200,,20190300
2018-08-31 12:00:00,,20190300,120.28125,20181200,,20190300
2018-08-31 12:15:00,,20190300,120.296875,20181200,,20190300
2018-08-31 12:30:00,,20190300,120.296875,20181200,,20190300
2018-08-31 12:45:00,,20190300,120.3125,20181200,,20190300
2018-08-31 13:00:00,,20190300,120.296875,20181200,,20190300
2018-08-31 13:15:00,,20190300,120.3125,20181200,,20190300
2018-08-31 13:30:00,,20190300,120.34375,20181200,,20190300
2018-08-31 13:45:00,,20190300,120.359375,20181200,,20190300
2018-08-31 14:00:00,,20190300,120.359375,20181200,,20190300
2018-08-31 14:15:00,,20190300,120.34375,20181200,,20190300
2018-08-31 14:30:00,,20190300,120.34375,20181200,,20190300
2018-08-31 14:45:00,,20190300,120.328125,20181200,,20190300
2018-08-31 15:00:00,,20190300,120.265625,20181200,,20190300
2018-08-31 15:15:00,,20190300,120.296875,20181200,,20190300
2018-08-31 15:30:00,,20190300,120.296875,20181200,,20190300
2018-08-31 15:45:00,,20190300,120.296875,20181200,,20190300
2018-08-31 16:00:00,,20190300,120.34375,20181200,,20190300
2018-08-31 16:15:00,,20190300,120.34375,20181200,,20190300
2018-08-31 16:30:00,,20190300,120.34375,20181200,,20190300
2018-08-31 16:45:00,,20190300,120.34375,20181200,,20190300
2018-08-31 17:00:00,,20190300,120.34375,20181200,,20190300
2018-08-31 17:15:00,,20190300,120.3125,20181200,,20190300
2018-08-31 17:30:00,,20190300,120.3125,20181200,,20190300
2018-08-31 17:45:00,,20190300,120.296875,20181200,,20190300
2018-08-31 18:00:00,,20190300,120.28125,20181200,,20190300
2018-08-31 18:15:00,,20190300,120.296875,20181200,,20190300
2018-08-31 18:30:00,,20190300,120.296875,20181200,,20190300
2018-08-31 18:45:00,,20190300,120.296875,20181200,,20190300
2018-08-31 19:00:00,,20190300,120.296875,20181200,,20190300
2018-08-31 19:15:00,,20190300,120.296875,20181200,,20190300
2018-08-31 19:30:00,,20190300,120.296875,20181200,,20190300
2018-08-31 19:45:00,,20190300,120.265625,20181200,,20190300
2018-08-31 20:00:00,,20190300,120.234375,20181200,,20190300
2018-08-31 20:15:00,,20190300,120.21875,20181200,,20190300
2018-08-31 20:30:00,,20190300,120.171875,20181200,,20190300
2018-08-31 20:45:00,,20190300,120.15625,20181200,,20190300
2018-08-31 21:00:00,,20190300,120.15625,20181200,,20190300
2018-08-31 21:15:00,,20190300,120.21875,20181200,,20190300
2018-08-31 21:30:00,,20190300,120.234375,20181200,,20190300
2018-08-31 21:45:00,,20190300,120.21875,20181200,,20190300
2018-08-31 23:00:00,,20190300,120.171875,20181200,,20190300
2018-09-02 23:00:00,,20190300,120.1875,20181200,,20190300
2018-09-02 23:15:00,,20190300,120.21875,20181200,,20190300
2018-09-02 23:30:00,,20190300,120.21875,20181200,,20190300
2018-09-02 23:45:00,,20190300,120.234375,20181200,,20190300
2018-09-03 00:00:00,,20190300,120.234375,20181200,,20190300
2018-09-03 00:15:00,,20190300,120.1875,20181200,,20190300
2018-09-03 00:30:00,,20190300,120.203125,20181200,,20190300
2018-09-03 00:45:00,,20190300,120.171875,20181200,,20190300
2018-09-03 01:00:00,,20190300,120.1875,20181200,,20190300
2018-09-03 01:15:00,,20190300,120.203125,20181200,,20190300
2018-09-03 01:30:00,,20190300,120.1875,20181200,,20190300
2018-09-03 01:45:00,,20190300,120.203125,20181200,,20190300
2018-09-03 02:00:00,,20190300,120.203125,20181200,,20190300
2018-09-03 02:15:00,,20190300,120.21875,20181200,,20190300
2018-09-03 02:30:00,,20190300,120.203125,20181200,,20190300
2018-09-03 02:45:00,,20190300,120.203125,20181200,,20190300
2018-09-03 03:00:00,,20190300,120.21875,20181200,,20190300
2018-09-03 03:15:00,,20190300,120.21875,20181200,,20190300
2018-09-03 03:30:00,,20190300,120.21875,20181200,,20190300
2018-09-03 03:45:00,,20190300,120.203125,20181200,,20190300
2018-09-03 04:15:00,,20190300,120.203125,20181200,,20190300
2018-09-03 04:30:00,,20190300,120.203125,20181200,,20190300
2018-09-03 04:45:00,,20190300,120.21875,20181200,,20190300
2018-09-03 05:15:00,,20190300,120.203125,20181200,,20190300
2018-09-03 05:30:00,,20190300,120.203125,20181200,,20190300
2018-09-03 05:45:00,,20190300,120.203125,20181200,,20190300
2018-09-03 06:15:00,,20190300,120.1875,20181200,,20190300
2018-09-03 06:30:00,,20190300,120.203125,20181200,,20190300
2018-09-03 06:45:00,,20190300,120.171875,20181200,,20190300
2018-09-03 07:00:00,,20190300,120.1875,20181200,,20190300
2018-09-03 07:15:00,,20190300,120.1875,20181200,,20190300
2018-09-03 07:30:00,,20190300,120.171875,20181200,,20190300
2018-09-03 07:45:00,,20190300,120.171875,20181200,,20190300
2018-09-03 08:00:00,,20190300,120.15625,20181200,,20190300
2018-09-03 08:15:00,,20190300,120.171875,20181200,,20190300
2018-09-03 08:30:00,,20190300,120.171875,20181200,,20190300
2018-09-03 08:45:00,,20190300,120.1875,20181200,,20190300
2018-09-03 09:00:00,,20190300,120.1875,20181200,,20190300
2018-09-03 09:15:00,,20190300,120.203125,20181200,,20190300
2018-09-03 09:30:00,,20190300,120.234375,20181200,,20190300
2018-09-03 09:45:00,,20190300,120.234375,20181200,,20190300
2018-09-03 10:00:00,,20190300,120.234375,20181200,,20190300
2018-09-03 10:15:00,,20190300,120.234375,20181200,,20190300
2018-09-03 10:30:00,,20190300,120.234375,20181200,,20190300
2018-09-03 10:45:00,,20190300,120.234375,20181200,,20190300
2018-09-03 11:00:00,,20190300,120.234375,20181200,,20190300
2018-09-03 11:15:00,,20190300,120.203125,20181200,,20190300
2018-09-03 11:30:00,,20190300,120.234375,20181200,,20190300
2018-09-03 11:45:00,,20190300,120.234375,20181200,,20190300
2018-09-03 12:00:00,,20190300,120.21875,20181200,,20190300
2018-09-03 12:15:00,,20190300,120.234375,20181200,,20190300
2018-09-03 12:30:00,,20190300,120.21875,20181200,,20190300
2018-09-03 12:45:00,,20190300,120.234375,20181200,,20190300
2018-09-03 13:00:00,,20190300,120.234375,20181200,,20190300
2018-09-03 13:15:00,,20190300,120.265625,20181200,,20190300
2018-09-03 13:30:00,,20190300,120.296875,20181200,,20190300
2018-09-03 13:45:00,,20190300,120.296875,20181200,,20190300
2018-09-03 14:00:00,,20190300,120.296875,20181200,,20190300
2018-09-03 14:15:00,,20190300,120.28125,20181200,,20190300
2018-09-03 14:30:00,,20190300,120.28125,20181200,,20190300
2018-09-03 14:45:00,,20190300,120.265625,20181200,,20190300
2018-09-03 15:00:00,,20190300,120.265625,20181200,,20190300
2018-09-03 15:15:00,,20190300,120.25,20181200,,20190300
2018-09-03 15:30:00,,20190300,120.234375,20181200,,20190300
2018-09-03 15:45:00,,20190300,120.203125,20181200,,20190300
2018-09-03 16:00:00,,20190300,120.203125,20181200,,20190300
2018-09-03 16:15:00,,20190300,120.21875,20181200,,20190300
2018-09-03 16:30:00,,20190300,120.203125,20181200,,20190300
2018-09-03 16:45:00,,20190300,120.203125,20181200,,20190300
2018-09-03 17:00:00,,20190300,120.21875,20181200,,20190300
2018-09-03 17:15:00,,20190300,120.21875,20181200,,20190300
2018-09-03 17:30:00,,20190300,120.21875,20181200,,20190300
2018-09-03 17:45:00,,20190300,120.203125,20181200,,20190300
2018-09-03 23:00:00,,20190300,120.203125,20181200,,20190300
2018-09-03 23:15:00,,20190300,120.21875,20181200,,20190300
2018-09-03 23:30:00,,20190300,120.203125,20181200,,20190300
2018-09-03 23:45:00,,20190300,120.203125,20181200,,20190300
2018-09-04 00:00:00,,20190300,120.21875,20181200,,20190300
2018-09-04 00:15:00,,20190300,120.203125,20181200,,20190300
2018-09-04 00:30:00,,20190300,120.203125,20181200,,20190300
2018-09-04 00:45:00,,20190300,120.21875,20181200,,20190300
2018-09-04 01:00:00,,20190300,120.21875,20181200,,20190300
2018-09-04 01:15:00,,20190300,120.234375,20181200,,20190300
2018-09-04 01:30:00,,20190300,120.234375,20181200,,20190300
2018-09-04 01:45:00,,20190300,120.234375,20181200,,20190300
2018-09-04 02:00:00,,20190300,120.25,20181200,,20190300
2018-09-04 02:15:00,,20190300,120.234375,20181200,,20190300
2018-09-04 02:30:00,,20190300,120.234375,20181200,,20190300
2018-09-04 02:45:00,,20190300,120.203125,20181200,,20190300
2018-09-04 03:00:00,,20190300,120.21875,20181200,,20190300
2018-09-04 03:15:00,,20190300,120.21875,20181200,,20190300
2018-09-04 03:30:00,,20190300,120.203125,20181200,,20190300
2018-09-04 03:45:00,,20190300,120.21875,20181200,,20190300
2018-09-04 04:00:00,,20190300,120.21875,20181200,,20190300
2018-09-04 04:15:00,,20190300,120.203125,20181200,,20190300
2018-09-04 04:30:00,,20190300,120.21875,20181200,,20190300
2018-09-04 04:45:00,,20190300,120.21875,20181200,,20190300
2018-09-04 05:15:00,,20190300,120.25,20181200,,20190300
2018-09-04 05:30:00,,20190300,120.21875,20181200,,20190300
2018-09-04 05:45:00,,20190300,120.203125,20181200,,20190300
2018-09-04 06:15:00,,20190300,120.203125,20181200,,20190300
2018-09-04 06:30:00,,20190300,120.1875,20181200,,20190300
2018-09-04 06:45:00,,20190300,120.203125,20181200,,20190300
2018-09-04 07:00:00,,20190300,120.15625,20181200,,20190300
2018-09-04 07:15:00,,20190300,120.140625,20181200,,20190300
2018-09-04 07:30:00,,20190300,120.109375,20181200,,20190300
2018-09-04 07:45:00,,20190300,120.078125,20181200,,20190300
2018-09-04 08:00:00,,20190300,120.0625,20181200,,20190300
2018-09-04 08:15:00,,20190300,120.0625,20181200,,20190300
2018-09-04 08:30:00,,20190300,120.078125,20181200,,20190300
2018-09-04 08:45:00,,20190300,120.09375,20181200,,20190300
2018-09-04 09:00:00,,20190300,120.09375,20181200,,20190300
2018-09-04 09:15:00,,20190300,120.09375,20181200,,20190300
2018-09-04 09:30:00,,20190300,120.140625,20181200,,20190300
2018-09-04 09:45:00,,20190300,120.140625,20181200,,20190300
2018-09-04 10:00:00,,20190300,120.15625,20181200,,20190300
2018-09-04 10:15:00,,20190300,120.15625,20181200,,20190300
2018-09-04 10:30:00,,20190300,120.15625,20181200,,20190300
2018-09-04 10:45:00,,20190300,120.15625,20181200,,20190300
2018-09-04 11:00:00,,20190300,120.15625,20181200,,20190300
2018-09-04 11:15:00,,20190300,120.15625,20181200,,20190300
2018-09-04 11:30:00,,20190300,120.140625,20181200,,20190300
2018-09-04 11:45:00,,20190300,120.140625,20181200,,20190300
2018-09-04 12:00:00,,20190300,120.203125,20181200,,20190300
2018-09-04 12:15:00,,20190300,120.1875,20181200,,20190300
2018-09-04 12:30:00,,20190300,120.234375,20181200,,20190300
2018-09-04 12:45:00,,20190300,120.1875,20181200,,20190300
2018-09-04 13:00:00,,20190300,120.1875,20181200,,20190300
2018-09-04 13:15:00,,20190300,120.125,20181200,,20190300
2018-09-04 13:30:00,,20190300,120.109375,20181200,,20190300
2018-09-04 13:45:00,,20190300,120.109375,20181200,,20190300
2018-09-04 14:00:00,,20190300,120.09375,20181200,,20190300
2018-09-04 14:15:00,,20190300,120.0625,20181200,,20190300
2018-09-04 14:30:00,,20190300,120.078125,20181200,,20190300
2018-09-04 14:45:00,,20190300,120.09375,20181200,,20190300
2018-09-04 15:00:00,,20190300,119.984375,20181200,,20190300
2018-09-04 15:15:00,,20190300,120.0,20181200,,20190300
2018-09-04 15:30:00,,20190300,119.96875,20181200,,20190300
2018-09-04 15:45:00,,20190300,120.0,20181200,,20190300
2018-09-04 16:00:00,,20190300,119.953125,20181200,,20190300
2018-09-04 16:15:00,,20190300,119.9375,20181200,,20190300
2018-09-04 16:30:00,,20190300,119.921875,20181200,,20190300
2018-09-04 16:45:00,,20190300,119.921875,20181200,,20190300
2018-09-04 17:00:00,,20190300,119.9375,20181200,,20190300
2018-09-04 17:15:00,,20190300,119.96875,20181200,,20190300
2018-09-04 17:30:00,,20190300,119.96875,20181200,,20190300
2018-09-04 17:45:00,,20190300,119.96875,20181200,,20190300
2018-09-04 18:00:00,,20190300,119.96875,20181200,,20190300
2018-09-04 18:15:00,,20190300,119.953125,20181200,,20190300
2018-09-04 18:30:00,,20190300,119.984375,20181200,,20190300
2018-09-04 18:45:00,,20190300,119.9375,20181200,,20190300
2018-09-04 19:00:00,,20190300,119.9375,20181200,,20190300
2018-09-04 19:15:00,,20190300,119.9375,20181200,,20190300
2018-09-04 19:30:00,,20190300,119.9375,20181200,,20190300
2018-09-04 19:45:00,,20190300,119.921875,20181200,,20190300
2018-09-04 20:00:00,,20190300,119.921875,20181200,,20190300
2018-09-04 20:15:00,,20190300,119.9375,20181200,,20190300
2018-09-04 20:30:00,,20190300,119.96875,20181200,,20190300
2018-09-04 20:45:00,,20190300,119.96875,20181200,,20190300
2018-09-04 21:00:00,,20190300,119.953125,20181200,,20190300
2018-09-04 21:15:00,,20190300,119.9375,20181200,,20190300
2018-09-04 21:30:00,,20190300,119.9375,20181200,,20190300
2018-09-04 21:45:00,,20190300,119.9375,20181200,,20190300
2018-09-04 23:00:00,,20190300,120.203125,20181200,,20190300
2018-09-04 23:15:00,,20190300,119.953125,20181200,,20190300
2018-09-04 23:30:00,,20190300,119.984375,20181200,,20190300
2018-09-04 23:45:00,,20190300,119.984375,20181200,,20190300
2018-09-05 00:00:00,,20190300,119.96875,20181200,,20190300
2018-09-05 00:15:00,,20190300,119.96875,20181200,,20190300
2018-09-05 00:30:00,,20190300,119.96875,20181200,,20190300
2018-09-05 00:45:00,,20190300,119.96875,20181200,,20190300
2018-09-05 01:00:00,,20190300,119.953125,20181200,,20190300
2018-09-05 01:15:00,,20190300,119.953125,20181200,,20190300
2018-09-05 01:30:00,,20190300,119.953125,20181200,,20190300
2018-09-05 01:45:00,,20190300,119.953125,20181200,,20190300
2018-09-05 02:00:00,,20190300,119.9375,20181200,,20190300
2018-09-05 02:15:00,,20190300,119.9375,20181200,,20190300
2018-09-05 02:30:00,,20190300,119.921875,20181200,,20190300
2018-09-05 02:45:00,,20190300,119.953125,20181200,,20190300
2018-09-05 03:00:00,,20190300,119.9375,20181200,,20190300
2018-09-05 03:15:00,,20190300,119.90625,20181200,,20190300
2018-09-05 03:30:00,,20190300,119.90625,20181200,,20190300
2018-09-05 03:45:00,,20190300,119.921875,20181200,,20190300
2018-09-05 04:00:00,,20190300,119.9375,20181200,,20190300
2018-09-05 04:15:00,,20190300,119.9375,20181200,,20190300
2018-09-05 04:30:00,,20190300,119.9375,20181200,,20190300
2018-09-05 04:45:00,,20190300,119.9375,20181200,,20190300
2018-09-05 05:15:00,,20190300,119.90625,20181200,,20190300
2018-09-05 05:30:00,,20190300,119.90625,20181200,,20190300
2018-09-05 05:45:00,,20190300,119.921875,20181200,,20190300
2018-09-05 06:15:00,,20190300,119.9375,20181200,,20190300
2018-09-05 06:30:00,,20190300,119.9375,20181200,,20190300
2018-09-05 06:45:00,,20190300,119.9375,20181200,,20190300
2018-09-05 07:00:00,,20190300,119.96875,20181200,,20190300
2018-09-05 07:15:00,,20190300,119.984375,20181200,,20190300
2018-09-05 07:30:00,,20190300,119.984375,20181200,,20190300
2018-09-05 07:45:00,,20190300,120.015625,20181200,,20190300
2018-09-05 08:00:00,,20190300,120.015625,20181200,,20190300
2018-09-05 08:15:00,,20190300,120.0625,20181200,,20190300
2018-09-05 08:30:00,,20190300,120.046875,20181200,,20190300
2018-09-05 08:45:00,,20190300,120.03125,20181200,,20190300
2018-09-05 09:00:00,,20190300,120.03125,20181200,,20190300
2018-09-05 09:15:00,,20190300,120.078125,20181200,,20190300
2018-09-05 09:30:00,,20190300,120.03125,20181200,,20190300
2018-09-05 09:45:00,,20190300,120.046875,20181200,,20190300
2018-09-05 10:00:00,,20190300,120.03125,20181200,,20190300
2018-09-05 10:15:00,,20190300,120.078125,20181200,,20190300
2018-09-05 10:30:00,,20190300,120.0625,20181200,,20190300
2018-09-05 10:45:00,,20190300,120.0625,20181200,,20190300
2018-09-05 11:00:00,,20190300,120.015625,20181200,,20190300
2018-09-05 11:15:00,,20190300,119.96875,20181200,,20190300
2018-09-05 11:30:00,,20190300,119.953125,20181200,,20190300
2018-09-05 11:45:00,,20190300,119.984375,20181200,,20190300
2018-09-05 12:00:00,,20190300,119.984375,20181200,,20190300
2018-09-05 12:15:00,,20190300,120.015625,20181200,,20190300
2018-09-05 12:30:00,,20190300,120.015625,20181200,,20190300
2018-09-05 12:45:00,,20190300,120.03125,20181200,,20190300
2018-09-05 13:00:00,,20190300,120.0625,20181200,,20190300
2018-09-05 13:15:00,,20190300,120.0625,20181200,,20190300
2018-09-05 13:30:00,,20190300,120.046875,20181200,,20190300
2018-09-05 13:45:00,,20190300,120.03125,20181200,,20190300
2018-09-05 14:00:00,,20190300,119.96875,20181200,,20190300
2018-09-05 14:15:00,,20190300,119.90625,20181200,,20190300
2018-09-05 14:30:00,,20190300,119.890625,20181200,,20190300
2018-09-05 14:45:00,,20190300,119.859375,20181200,,20190300
2018-09-05 15:00:00,,20190300,119.921875,20181200,,20190300
2018-09-05 15:15:00,,20190300,119.9375,20181200,,20190300
2018-09-05 15:30:00,,20190300,119.96875,20181200,,20190300
2018-09-05 15:45:00,,20190300,119.953125,20181200,,20190300
2018-09-05 16:00:00,,20190300,120.0,20181200,,20190300
2018-09-05 16:15:00,,20190300,120.015625,20181200,,20190300
2018-09-05 16:30:00,,20190300,120.015625,20181200,,20190300
2018-09-05 16:45:00,,20190300,120.0,20181200,,20190300
2018-09-05 17:00:00,,20190300,119.96875,20181200,,20190300
2018-09-05 17:15:00,,20190300,119.953125,20181200,,20190300
2018-09-05 17:30:00,,20190300,119.953125,20181200,,20190300
2018-09-05 17:45:00,,20190300,119.984375,20181200,,20190300
2018-09-05 18:00:00,,20190300,119.984375,20181200,,20190300
2018-09-05 18:15:00,,20190300,119.96875,20181200,,20190300
2018-09-05 18:30:00,,20190300,119.953125,20181200,,20190300
2018-09-05 18:45:00,,20190300,119.9375,20181200,,20190300
2018-09-05 19:00:00,,20190300,119.953125,20181200,,20190300
2018-09-05 19:15:00,,20190300,119.953125,20181200,,20190300
2018-09-05 19:30:00,,20190300,119.96875,20181200,,20190300
2018-09-05 19:45:00,,20190300,119.96875,20181200,,20190300
2018-09-05 20:00:00,,20190300,119.96875,20181200,,20190300
2018-09-05 20:15:00,,20190300,119.953125,20181200,,20190300
2018-09-05 20:30:00,,20190300,119.96875,20181200,,20190300
2018-09-05 20:45:00,,20190300,119.953125,20181200,,20190300
2018-09-05 21:00:00,,20190300,119.953125,20181200,,20190300
2018-09-05 21:15:00,,20190300,119.96875,20181200,,20190300
2018-09-05 21:30:00,,20190300,119.953125,20181200,,20190300
2018-09-05 21:45:00,,20190300,119.953125,20181200,,20190300
2018-09-05 23:00:00,,20190300,119.9375,20181200,,20190300
2018-09-05 23:15:00,,20190300,119.984375,20181200,,20190300
2018-09-05 23:30:00,,20190300,119.96875,20181200,,20190300
2018-09-05 23:45:00,,20190300,119.984375,20181200,,20190300
2018-09-06 00:00:00,,20190300,119.984375,20181200,,20190300
2018-09-06 00:15:00,,20190300,119.984375,20181200,,20190300
2018-09-06 00:30:00,,20190300,119.984375,20181200,,20190300
2018-09-06 00:45:00,,20190300,120.0,20181200,,20190300
2018-09-06 01:00:00,,20190300,119.96875,20181200,,20190300
2018-09-06 01:15:00,,20190300,119.96875,20181200,,20190300
2018-09-06 01:30:00,,20190300,119.96875,20181200,,20190300
2018-09-06 01:45:00,,20190300,119.96875,20181200,,20190300
2018-09-06 02:00:00,,20190300,120.0,20181200,,20190300
2018-09-06 02:15:00,,20190300,119.984375,20181200,,20190300
2018-09-06 02:30:00,,20190300,119.953125,20181200,,20190300
2018-09-06 02:45:00,,20190300,119.953125,20181200,,20190300
2018-09-06 03:00:00,,20190300,119.953125,20181200,,20190300
2018-09-06 03:15:00,,20190300,119.953125,20181200,,20190300
2018-09-06 03:30:00,,20190300,119.921875,20181200,,20190300
2018-09-06 03:45:00,,20190300,119.921875,20181200,,20190300
2018-09-06 04:00:00,,20190300,119.953125,20181200,,20190300
2018-09-06 04:15:00,,20190300,119.953125,20181200,,20190300
2018-09-06 04:30:00,,20190300,119.953125,20181200,,20190300
2018-09-06 04:45:00,,20190300,119.953125,20181200,,20190300
2018-09-06 05:15:00,,20190300,119.9375,20181200,,20190300
2018-09-06 05:30:00,,20190300,119.953125,20181200,,20190300
2018-09-06 05:45:00,,20190300,119.9375,20181200,,20190300
2018-09-06 06:15:00,,20190300,119.9375,20181200,,20190300
2018-09-06 06:45:00,,20190300,119.953125,20181200,,20190300
2018-09-06 07:00:00,,20190300,119.953125,20181200,,20190300
2018-09-06 07:15:00,,20190300,119.9375,20181200,,20190300
2018-09-06 07:30:00,,20190300,119.953125,20181200,,20190300
2018-09-06 07:45:00,,20190300,119.96875,20181200,,20190300
2018-09-06 08:00:00,,20190300,119.96875,20181200,,20190300
2018-09-06 08:15:00,,20190300,119.96875,20181200,,20190300
2018-09-06 08:30:00,,20190300,119.984375,20181200,,20190300
2018-09-06 08:45:00,,20190300,120.046875,20181200,,20190300
2018-09-06 09:00:00,,20190300,120.0,20181200,,20190300
2018-09-06 09:15:00,,20190300,120.0,20181200,,20190300
2018-09-06 09:30:00,,20190300,119.96875,20181200,,20190300
2018-09-06 09:45:00,,20190300,119.96875,20181200,,20190300
2018-09-06 10:00:00,,20190300,120.015625,20181200,,20190300
2018-09-06 10:15:00,,20190300,120.03125,20181200,,20190300
2018-09-06 10:30:00,,20190300,120.03125,20181200,,20190300
2018-09-06 10:45:00,,20190300,120.03125,20181200,,20190300
2018-09-06 11:00:00,,20190300,120.015625,20181200,,20190300
2018-09-06 11:15:00,,20190300,120.0,20181200,,20190300
2018-09-06 11:30:00,,20190300,119.984375,20181200,,20190300
2018-09-06 11:45:00,,20190300,119.984375,20181200,,20190300
2018-09-06 12:00:00,,20190300,120.0,20181200,,20190300
2018-09-06 12:15:00,,20190300,119.953125,20181200,,20190300
2018-09-06 12:30:00,,20190300,119.921875,20181200,,20190300
2018-09-06 12:45:00,,20190300,119.921875,20181200,,20190300
2018-09-06 13:00:00,,20190300,119.921875,20181200,,20190300
2018-09-06 13:15:00,,20190300,120.015625,20181200,,20190300
2018-09-06 13:30:00,,20190300,120.046875,20181200,,20190300
2018-09-06 13:45:00,,20190300,119.984375,20181200,,20190300
2018-09-06 14:00:00,,20190300,120.0,20181200,,20190300
2018-09-06 14:15:00,,20190300,120.0,20181200,,20190300
2018-09-06 14:30:00,,20190300,120.015625,20181200,,20190300
2018-09-06 14:45:00,,20190300,120.015625,20181200,,20190300
2018-09-06 15:00:00,,20190300,120.03125,20181200,,20190300
2018-09-06 15:15:00,,20190300,120.03125,20181200,,20190300
2018-09-06 15:30:00,,20190300,120.109375,20181200,,20190300
2018-09-06 15:45:00,,20190300,120.15625,20181200,,20190300
2018-09-06 16:00:00,,20190300,120.171875,20181200,,20190300
2018-09-06 16:15:00,,20190300,120.1875,20181200,,20190300
2018-09-06 16:30:00,,20190300,120.1875,20181200,,20190300
2018-09-06 16:45:00,,20190300,120.15625,20181200,,20190300
2018-09-06 17:00:00,,20190300,120.1875,20181200,,20190300
2018-09-06 17:15:00,,20190300,120.171875,20181200,,20190300
2018-09-06 17:30:00,,20190300,120.171875,20181200,,20190300
2018-09-06 17:45:00,,20190300,120.1875,20181200,,20190300
2018-09-06 18:00:00,,20190300,120.1875,20181200,,20190300
2018-09-06 18:15:00,,20190300,120.203125,20181200,,20190300
2018-09-06 18:30:00,,20190300,120.203125,20181200,,20190300
2018-09-06 18:45:00,,20190300,120.203125,20181200,,20190300
2018-09-06 19:00:00,,20190300,120.203125,20181200,,20190300
2018-09-06 19:15:00,,20190300,120.203125,20181200,,20190300
2018-09-06 19:30:00,,20190300,120.15625,20181200,,20190300
2018-09-06 19:45:00,,20190300,120.171875,20181200,,20190300
2018-09-06 20:00:00,,20190300,120.15625,20181200,,20190300
2018-09-06 20:15:00,,20190300,120.125,20181200,,20190300
2018-09-06 20:30:00,,20190300,120.15625,20181200,,20190300
2018-09-06 20:45:00,,20190300,120.15625,20181200,,20190300
2018-09-06 21:00:00,,20190300,120.1875,20181200,,20190300
2018-09-06 21:15:00,,20190300,120.1875,20181200,,20190300
2018-09-06 21:30:00,,20190300,120.171875,20181200,,20190300
2018-09-06 21:45:00,,20190300,120.1875,20181200,,20190300
2018-09-06 23:00:00,,20190300,119.953125,20181200,,20190300
2018-09-06 23:15:00,,20190300,120.21875,20181200,,20190300
2018-09-06 23:30:00,,20190300,120.21875,20181200,,20190300
2018-09-06 23:45:00,,20190300,120.21875,20181200,,20190300
2018-09-07 00:00:00,,20190300,120.203125,20181200,,20190300
2018-09-07 00:15:00,,20190300,120.203125,20181200,,20190300
2018-09-07 00:30:00,,20190300,120.203125,20181200,,20190300
2018-09-07 00:45:00,,20190300,120.203125,20181200,,20190300
2018-09-07 01:00:00,,20190300,120.203125,20181200,,20190300
2018-09-07 01:15:00,,20190300,120.203125,20181200,,20190300
2018-09-07 01:30:00,,20190300,120.203125,20181200,,20190300
2018-09-07 01:45:00,,20190300,120.1875,20181200,,20190300
2018-09-07 02:00:00,,20190300,120.203125,20181200,,20190300
2018-09-07 02:15:00,,20190300,120.203125,20181200,,20190300
2018-09-07 02:30:00,,20190300,120.203125,20181200,,20190300
2018-09-07 02:45:00,,20190300,120.203125,20181200,,20190300
2018-09-07 03:00:00,,20190300,120.203125,20181200,,20190300
2018-09-07 03:15:00,,20190300,120.171875,20181200,,20190300
2018-09-07 03:30:00,,20190300,120.171875,20181200,,20190300
2018-09-07 03:45:00,,20190300,120.1875,20181200,,20190300
2018-09-07 04:00:00,,20190300,120.1875,20181200,,20190300
2018-09-07 04:15:00,,20190300,120.203125,20181200,,20190300
2018-09-07 04:30:00,,20190300,120.1875,20181200,,20190300
2018-09-07 04:45:00,,20190300,120.1875,20181200,,20190300
2018-09-07 05:15:00,,20190300,120.1875,20181200,,20190300
2018-09-07 05:30:00,,20190300,120.1875,20181200,,20190300
2018-09-07 05:45:00,,20190300,120.203125,20181200,,20190300
2018-09-07 06:15:00,,20190300,120.203125,20181200,,20190300
2018-09-07 06:30:00,,20190300,120.203125,20181200,,20190300
2018-09-07 06:45:00,,20190300,120.21875,20181200,,20190300
2018-09-07 07:00:00,,20190300,120.203125,20181200,,20190300
2018-09-07 07:15:00,,20190300,120.203125,20181200,,20190300
2018-09-07 07:30:00,,20190300,120.1875,20181200,,20190300
2018-09-07 07:45:00,,20190300,120.171875,20181200,,20190300
2018-09-07 08:00:00,,20190300,120.140625,20181200,,20190300
2018-09-07 08:15:00,,20190300,120.140625,20181200,,20190300
2018-09-07 08:30:00,,20190300,120.109375,20181200,,20190300
2018-09-07 08:45:00,,20190300,120.09375,20181200,,20190300
2018-09-07 09:00:00,,20190300,120.140625,20181200,,20190300
2018-09-07 09:15:00,,20190300,120.15625,20181200,,20190300
2018-09-07 09:30:00,,20190300,120.140625,20181200,,20190300
2018-09-07 09:45:00,,20190300,120.140625,20181200,,20190300
2018-09-07 10:00:00,,20190300,120.125,20181200,,20190300
2018-09-07 10:15:00,,20190300,120.140625,20181200,,20190300
2018-09-07 10:30:00,,20190300,120.140625,20181200,,20190300
2018-09-07 10:45:00,,20190300,120.140625,20181200,,20190300
2018-09-07 11:00:00,,20190300,120.15625,20181200,,20190300
2018-09-07 11:15:00,,20190300,120.140625,20181200,,20190300
2018-09-07 11:30:00,,20190300,120.140625,20181200,,20190300
2018-09-07 11:45:00,,20190300,120.125,20181200,,20190300
2018-09-07 12:00:00,,20190300,120.140625,20181200,,20190300
2018-09-07 12:15:00,,20190300,120.15625,20181200,,20190300
2018-09-07 12:30:00,,20190300,120.15625,20181200,,20190300
2018-09-07 12:45:00,,20190300,120.15625,20181200,,20190300
2018-09-07 13:00:00,,20190300,120.125,20181200,,20190300
2018-09-07 13:15:00,,20190300,120.125,20181200,,20190300
2018-09-07 13:30:00,,20190300,119.875,20181200,,20190300
2018-09-07 13:45:00,,20190300,119.734375,20181200,,20190300
2018-09-07 14:00:00,,20190300,119.78125,20181200,,20190300
2018-09-07 14:15:00,,20190300,119.765625,20181200,,20190300
2018-09-07 14:30:00,,20190300,119.703125,20181200,,20190300
2018-09-07 14:45:00,,20190300,119.65625,20181200,,20190300
2018-09-07 15:00:00,,20190300,119.65625,20181200,,20190300
2018-09-07 15:15:00,,20190300,119.671875,20181200,,20190300
2018-09-07 15:30:00,,20190300,119.640625,20181200,,20190300
2018-09-07 15:45:00,,20190300,119.625,20181200,,20190300
2018-09-07 16:00:00,,20190300,119.703125,20181200,,20190300
2018-09-07 16:15:00,,20190300,119.703125,20181200,,20190300
2018-09-07 16:30:00,,20190300,119.640625,20181200,,20190300
2018-09-07 16:45:00,,20190300,119.65625,20181200,,20190300
2018-09-07 17:00:00,,20190300,119.71875,20181200,,20190300
2018-09-07 17:15:00,,20190300,119.734375,20181200,,20190300
2018-09-07 17:30:00,,20190300,119.734375,20181200,,20190300
2018-09-07 17:45:00,,20190300,119.6875,20181200,,20190300
2018-09-07 18:00:00,,20190300,119.703125,20181200,,20190300
2018-09-07 18:15:00,,20190300,119.671875,20181200,,20190300
2018-09-07 18:30:00,,20190300,119.65625,20181200,,20190300
2018-09-07 18:45:00,,20190300,119.65625,20181200,,20190300
2018-09-07 19:00:00,,20190300,119.625,20181200,,20190300
2018-09-07 19:15:00,,20190300,119.625,20181200,,20190300
2018-09-07 19:30:00,,20190300,119.640625,20181200,,20190300
2018-09-07 19:45:00,,20190300,119.640625,20181200,,20190300
2018-09-07 20:00:00,,20190300,119.609375,20181200,,20190300
2018-09-07 20:15:00,,20190300,119.609375,20181200,,20190300
2018-09-07 20:30:00,,20190300,119.640625,20181200,,20190300
2018-09-07 20:45:00,,20190300,119.671875,20181200,,20190300
2018-09-07 21:00:00,,20190300,119.671875,20181200,,20190300
2018-09-07 21:15:00,,20190300,119.6875,20181200,,20190300
2018-09-07 21:30:00,,20190300,119.671875,20181200,,20190300
2018-09-07 21:45:00,,20190300,119.640625,20181200,,20190300
2018-09-07 23:00:00,,20190300,120.203125,20181200,,20190300
2018-09-09 23:00:00,,20190300,119.609375,20181200,,20190300
2018-09-09 23:15:00,,20190300,119.609375,20181200,,20190300
2018-09-09 23:30:00,,20190300,119.609375,20181200,,20190300
2018-09-09 23:45:00,,20190300,119.625,20181200,,20190300
2018-09-10 00:00:00,,20190300,119.609375,20181200,,20190300
2018-09-10 00:15:00,,20190300,119.609375,20181200,,20190300
2018-09-10 00:30:00,,20190300,119.671875,20181200,,20190300
2018-09-10 00:45:00,,20190300,119.65625,20181200,,20190300
2018-09-10 01:00:00,,20190300,119.625,20181200,,20190300
2018-09-10 01:15:00,,20190300,119.609375,20181200,,20190300
2018-09-10 01:30:00,,20190300,119.609375,20181200,,20190300
2018-09-10 01:45:00,,20190300,119.625,20181200,,20190300
2018-09-10 02:00:00,,20190300,119.640625,20181200,,20190300
2018-09-10 02:15:00,,20190300,119.65625,20181200,,20190300
2018-09-10 02:30:00,,20190300,119.640625,20181200,,20190300
2018-09-10 02:45:00,,20190300,119.640625,20181200,,20190300
2018-09-10 03:00:00,,20190300,119.640625,20181200,,20190300
2018-09-10 03:15:00,,20190300,119.65625,20181200,,20190300
2018-09-10 03:30:00,,20190300,119.671875,20181200,,20190300
2018-09-10 03:45:00,,20190300,119.65625,20181200,,20190300
2018-09-10 04:00:00,,20190300,119.671875,20181200,,20190300
2018-09-10 04:15:00,,20190300,119.65625,20181200,,20190300
2018-09-10 04:30:00,,20190300,119.671875,20181200,,20190300
2018-09-10 04:45:00,,20190300,119.671875,20181200,,20190300
2018-09-10 05:15:00,,20190300,119.65625,20181200,,20190300
2018-09-10 05:30:00,,20190300,119.65625,20181200,,20190300
2018-09-10 05:45:00,,20190300,119.65625,20181200,,20190300
2018-09-10 06:15:00,,20190300,119.65625,20181200,,20190300
2018-09-10 06:30:00,,20190300,119.6875,20181200,,20190300
2018-09-10 06:45:00,,20190300,119.6875,20181200,,20190300
2018-09-10 07:00:00,,20190300,119.6875,20181200,,20190300
2018-09-10 07:15:00,,20190300,119.671875,20181200,,20190300
2018-09-10 07:30:00,,20190300,119.703125,20181200,,20190300
2018-09-10 07:45:00,,20190300,119.703125,20181200,,20190300
2018-09-10 08:00:00,,20190300,119.640625,20181200,,20190300
2018-09-10 08:15:00,,20190300,119.625,20181200,,20190300
2018-09-10 08:30:00,,20190300,119.609375,20181200,,20190300
2018-09-10 08:45:00,,20190300,119.609375,20181200,,20190300
2018-09-10 09:00:00,,20190300,119.609375,20181200,,20190300
2018-09-10 09:15:00,,20190300,119.609375,20181200,,20190300
2018-09-10 09:30:00,,20190300,119.65625,20181200,,20190300
2018-09-10 09:45:00,,20190300,119.625,20181200,,20190300
2018-09-10 10:00:00,,20190300,119.609375,20181200,,20190300
2018-09-10 10:15:00,,20190300,119.609375,20181200,,20190300
2018-09-10 10:30:00,,20190300,119.609375,20181200,,20190300
2018-09-10 10:45:00,,20190300,119.59375,20181200,,20190300
2018-09-10 11:00:00,,20190300,119.640625,20181200,,20190300
2018-09-10 11:15:00,,20190300,119.625,20181200,,20190300
2018-09-10 11:30:00,,20190300,119.65625,20181200,,20190300
2018-09-10 11:45:00,,20190300,119.65625,20181200,,20190300
2018-09-10 12:00:00,,20190300,119.671875,20181200,,20190300
2018-09-10 12:15:00,,20190300,119.65625,20181200,,20190300
2018-09-10 12:30:00,,20190300,119.671875,20181200,,20190300
2018-09-10 12:45:00,,20190300,119.65625,20181200,,20190300
2018-09-10 13:00:00,,20190300,119.671875,20181200,,20190300
2018-09-10 13:15:00,,20190300,119.671875,20181200,,20190300
2018-09-10 13:30:00,,20190300,119.6875,20181200,,20190300
2018-09-10 13:45:00,,20190300,119.625,20181200,,20190300
2018-09-10 14:00:00,,20190300,119.609375,20181200,,20190300
2018-09-10 14:15:00,,20190300,119.625,20181200,,20190300
2018-09-10 14:30:00,,20190300,119.640625,20181200,,20190300
2018-09-10 14:45:00,,20190300,119.671875,20181200,,20190300
2018-09-10 15:00:00,,20190300,119.703125,20181200,,20190300
2018-09-10 15:15:00,,20190300,119.65625,20181200,,20190300
2018-09-10 15:30:00,,20190300,119.6875,20181200,,20190300
2018-09-10 15:45:00,,20190300,119.671875,20181200,,20190300
2018-09-10 16:00:00,,20190300,119.671875,20181200,,20190300
2018-09-10 16:15:00,,20190300,119.65625,20181200,,20190300
2018-09-10 16:30:00,,20190300,119.671875,20181200,,20190300
2018-09-10 16:45:00,,20190300,119.6875,20181200,,20190300
2018-09-10 17:00:00,,20190300,119.671875,20181200,,20190300
2018-09-10 17:15:00,,20190300,119.65625,20181200,,20190300
2018-09-10 17:30:00,,20190300,119.65625,20181200,,20190300
2018-09-10 17:45:00,,20190300,119.65625,20181200,,20190300
2018-09-10 18:00:00,,20190300,119.671875,20181200,,20190300
2018-09-10 18:15:00,,20190300,119.6875,20181200,,20190300
2018-09-10 18:30:00,,20190300,119.703125,20181200,,20190300
2018-09-10 18:45:00,,20190300,119.6875,20181200,,20190300
2018-09-10 19:00:00,,20190300,119.6875,20181200,,20190300
2018-09-10 19:15:00,,20190300,119.71875,20181200,,20190300
2018-09-10 19:30:00,,20190300,119.671875,20181200,,20190300
2018-09-10 19:45:00,,20190300,119.65625,20181200,,20190300
2018-09-10 20:00:00,,20190300,119.65625,20181200,,20190300
2018-09-10 20:15:00,,20190300,119.640625,20181200,,20190300
2018-09-10 20:30:00,,20190300,119.65625,20181200,,20190300
2018-09-10 20:45:00,,20190300,119.6875,20181200,,20190300
2018-09-10 21:00:00,,20190300,119.65625,20181200,,20190300
2018-09-10 21:15:00,,20190300,119.671875,20181200,,20190300
2018-09-10 21:30:00,,20190300,119.671875,20181200,,20190300
2018-09-10 21:45:00,,20190300,119.671875,20181200,,20190300
2018-09-10 23:00:00,,20190300,119.65625,20181200,,20190300
2018-09-10 23:15:00,,20190300,119.65625,20181200,,20190300
2018-09-10 23:30:00,,20190300,119.671875,20181200,,20190300
2018-09-10 23:45:00,,20190300,119.671875,20181200,,20190300
2018-09-11 00:00:00,,20190300,119.6875,20181200,,20190300
2018-09-11 00:15:00,,20190300,119.671875,20181200,,20190300
2018-09-11 00:30:00,,20190300,119.6875,20181200,,20190300
2018-09-11 00:45:00,,20190300,119.6875,20181200,,20190300
2018-09-11 01:00:00,,20190300,119.65625,20181200,,20190300
2018-09-11 01:15:00,,20190300,119.640625,20181200,,20190300
2018-09-11 01:30:00,,20190300,119.640625,20181200,,20190300
2018-09-11 01:45:00,,20190300,119.625,20181200,,20190300
2018-09-11 02:00:00,,20190300,119.625,20181200,,20190300
2018-09-11 02:15:00,,20190300,119.65625,20181200,,20190300
2018-09-11 02:30:00,,20190300,119.671875,20181200,,20190300
2018-09-11 02:45:00,,20190300,119.671875,20181200,,20190300
2018-09-11 03:00:00,,20190300,119.671875,20181200,,20190300
2018-09-11 03:15:00,,20190300,119.65625,20181200,,20190300
2018-09-11 03:30:00,,20190300,119.671875,20181200,,20190300
2018-09-11 03:45:00,,20190300,119.671875,20181200,,20190300
2018-09-11 04:00:00,,20190300,119.671875,20181200,,20190300
2018-09-11 04:15:00,,20190300,119.65625,20181200,,20190300
2018-09-11 04:30:00,,20190300,119.65625,20181200,,20190300
2018-09-11 04:45:00,,20190300,119.65625,20181200,,20190300
2018-09-11 05:15:00,,20190300,119.640625,20181200,,20190300
2018-09-11 05:30:00,,20190300,119.65625,20181200,,20190300
2018-09-11 05:45:00,,20190300,119.640625,20181200,,20190300
2018-09-11 06:15:00,,20190300,119.640625,20181200,,20190300
2018-09-11 06:30:00,,20190300,119.65625,20181200,,20190300
2018-09-11 06:45:00,,20190300,119.640625,20181200,,20190300
2018-09-11 07:00:00,,20190300,119.640625,20181200,,20190300
2018-09-11 07:15:00,,20190300,119.609375,20181200,,20190300
2018-09-11 07:30:00,,20190300,119.59375,20181200,,20190300
2018-09-11 07:45:00,,20190300,119.5625,20181200,,20190300
2018-09-11 08:00:00,,20190300,119.546875,20181200,,20190300
2018-09-11 08:15:00,,20190300,119.53125,20181200,,20190300
2018-09-11 08:30:00,,20190300,119.53125,20181200,,20190300
2018-09-11 08:45:00,,20190300,119.53125,20181200,,20190300
2018-09-11 09:00:00,,20190300,119.546875,20181200,,20190300
2018-09-11 09:15:00,,20190300,119.53125,20181200,,20190300
2018-09-11 09:30:00,,20190300,119.484375,20181200,,20190300
2018-09-11 09:45:00,,20190300,119.484375,20181200,,20190300
2018-09-11 10:00:00,,20190300,119.546875,20181200,,20190300
2018-09-11 10:15:00,,20190300,119.5625,20181200,,20190300
2018-09-11 10:30:00,,20190300,119.546875,20181200,,20190300
2018-09-11 10:45:00,,20190300,119.5,20181200,,20190300
2018-09-11 11:00:00,,20190300,119.5,20181200,,20190300
2018-09-11 11:15:00,,20190300,119.46875,20181200,,20190300
2018-09-11 11:30:00,,20190300,119.484375,20181200,,20190300
2018-09-11 11:45:00,,20190300,119.484375,20181200,,20190300
2018-09-11 12:00:00,,20190300,119.515625,20181200,,20190300
2018-09-11 12:15:00,,20190300,119.5,20181200,,20190300
2018-09-11 12:30:00,,20190300,119.515625,20181200,,20190300
2018-09-11 12:45:00,,20190300,119.484375,20181200,,20190300
2018-09-11 13:00:00,,20190300,119.515625,20181200,,20190300
2018-09-11 13:15:00,,20190300,119.53125,20181200,,20190300
2018-09-11 13:30:00,,20190300,119.46875,20181200,,20190300
2018-09-11 13:45:00,,20190300,119.46875,20181200,,20190300
2018-09-11 14:00:00,,20190300,119.453125,20181200,,20190300
2018-09-11 14:15:00,,20190300,119.453125,20181200,,20190300
2018-09-11 14:30:00,,20190300,119.484375,20181200,,20190300
2018-09-11 14:45:00,,20190300,119.375,20181200,,20190300
2018-09-11 15:00:00,,20190300,119.359375,20181200,,20190300
2018-09-11 15:15:00,,20190300,119.375,20181200,,20190300
2018-09-11 15:30:00,,20190300,119.421875,20181200,,20190300
2018-09-11 15:45:00,,20190300,119.40625,20181200,,20190300
2018-09-11 16:00:00,,20190300,119.390625,20181200,,20190300
2018-09-11 16:15:00,,20190300,119.40625,20181200,,20190300
2018-09-11 16:30:00,,20190300,119.390625,20181200,,20190300
2018-09-11 16:45:00,,20190300,119.375,20181200,,20190300
2018-09-11 17:00:00,,20190300,119.375,20181200,,20190300
2018-09-11 17:15:00,,20190300,119.390625,20181200,,20190300
2018-09-11 17:30:00,,20190300,119.375,20181200,,20190300
2018-09-11 17:45:00,,20190300,119.359375,20181200,,20190300
2018-09-11 18:00:00,,20190300,119.34375,20181200,,20190300
2018-09-11 18:15:00,,20190300,119.34375,20181200,,20190300
2018-09-11 18:30:00,,20190300,119.359375,20181200,,20190300
2018-09-11 18:45:00,,20190300,119.34375,20181200,,20190300
2018-09-11 19:00:00,,20190300,119.34375,20181200,,20190300
2018-09-11 19:15:00,,20190300,119.34375,20181200,,20190300
2018-09-11 19:30:00,,20190300,119.328125,20181200,,20190300
2018-09-11 19:45:00,,20190300,119.3125,20181200,,20190300
2018-09-11 20:00:00,,20190300,119.296875,20181200,,20190300
2018-09-11 20:15:00,,20190300,119.296875,20181200,,20190300
2018-09-11 20:30:00,,20190300,119.296875,20181200,,20190300
2018-09-11 20:45:00,,20190300,119.3125,20181200,,20190300
2018-09-11 21:00:00,,20190300,119.3125,20181200,,20190300
2018-09-11 21:15:00,,20190300,119.3125,20181200,,20190300
2018-09-11 21:30:00,,20190300,119.296875,20181200,,20190300
2018-09-11 21:45:00,,20190300,119.3125,20181200,,20190300
2018-09-11 23:00:00,,20190300,119.65625,20181200,,20190300
2018-09-11 23:15:00,,20190300,119.328125,20181200,,20190300
2018-09-11 23:30:00,,20190300,119.328125,20181200,,20190300
2018-09-11 23:45:00,,20190300,119.328125,20181200,,20190300
2018-09-12 00:00:00,,20190300,119.328125,20181200,,20190300
2018-09-12 00:15:00,,20190300,119.328125,20181200,,20190300
2018-09-12 00:30:00,,20190300,119.328125,20181200,,20190300
2018-09-12 00:45:00,,20190300,119.328125,20181200,,20190300
2018-09-12 01:00:00,,20190300,119.359375,20181200,,20190300
2018-09-12 01:15:00,,20190300,119.359375,20181200,,20190300
2018-09-12 01:30:00,,20190300,119.359375,20181200,,20190300
2018-09-12 01:45:00,,20190300,119.34375,20181200,,20190300
2018-09-12 02:00:00,,20190300,119.359375,20181200,,20190300
2018-09-12 02:15:00,,20190300,119.359375,20181200,,20190300
2018-09-12 02:30:00,,20190300,119.359375,20181200,,20190300
2018-09-12 02:45:00,,20190300,119.359375,20181200,,20190300
2018-09-12 03:00:00,,20190300,119.359375,20181200,,20190300
2018-09-12 03:15:00,,20190300,119.359375,20181200,,20190300
2018-09-12 03:30:00,,20190300,119.359375,20181200,,20190300
2018-09-12 03:45:00,,20190300,119.375,20181200,,20190300
2018-09-12 04:00:00,,20190300,119.359375,20181200,,20190300
2018-09-12 04:15:00,,20190300,119.359375,20181200,,20190300
2018-09-12 04:30:00,,20190300,119.375,20181200,,20190300
2018-09-12 04:45:00,,20190300,119.359375,20181200,,20190300
2018-09-12 05:15:00,,20190300,119.359375,20181200,,20190300
2018-09-12 05:30:00,,20190300,119.375,20181200,,20190300
2018-09-12 05:45:00,,20190300,119.375,20181200,,20190300
2018-09-12 06:15:00,,20190300,119.375,20181200,,20190300
2018-09-12 06:30:00,,20190300,119.375,20181200,,20190300
2018-09-12 06:45:00,,20190300,119.34375,20181200,,20190300
2018-09-12 07:00:00,,20190300,119.359375,20181200,,20190300
2018-09-12 07:15:00,,20190300,119.359375,20181200,,20190300
2018-09-12 07:30:00,,20190300,119.390625,20181200,,20190300
2018-09-12 07:45:00,,20190300,119.375,20181200,,20190300
2018-09-12 08:00:00,,20190300,119.359375,20181200,,20190300
2018-09-12 08:15:00,,20190300,119.375,20181200,,20190300
2018-09-12 08:30:00,,20190300,119.390625,20181200,,20190300
2018-09-12 08:45:00,,20190300,119.390625,20181200,,20190300
2018-09-12 09:00:00,,20190300,119.40625,20181200,,20190300
2018-09-12 09:15:00,,20190300,119.40625,20181200,,20190300
2018-09-12 09:30:00,,20190300,119.4375,20181200,,20190300
2018-09-12 09:45:00,,20190300,119.421875,20181200,,20190300
2018-09-12 10:00:00,,20190300,119.40625,20181200,,20190300
2018-09-12 10:15:00,,20190300,119.421875,20181200,,20190300
2018-09-12 10:30:00,,20190300,119.4375,20181200,,20190300
2018-09-12 10:45:00,,20190300,119.453125,20181200,,20190300
2018-09-12 11:00:00,,20190300,119.4375,20181200,,20190300
2018-09-12 11:15:00,,20190300,119.4375,20181200,,20190300
2018-09-12 11:30:00,,20190300,119.421875,20181200,,20190300
2018-09-12 11:45:00,,20190300,119.390625,20181200,,20190300
2018-09-12 12:00:00,,20190300,119.4375,20181200,,20190300
2018-09-12 12:15:00,,20190300,119.390625,20181200,,20190300
2018-09-12 12:30:00,,20190300,119.453125,20181200,,20190300
2018-09-12 12:45:00,,20190300,119.421875,20181200,,20190300
2018-09-12 13:00:00,,20190300,119.40625,20181200,,20190300
2018-09-12 13:15:00,,20190300,119.390625,20181200,,20190300
2018-09-12 13:30:00,,20190300,119.4375,20181200,,20190300
2018-09-12 13:45:00,,20190300,119.453125,20181200,,20190300
2018-09-12 14:00:00,,20190300,119.46875,20181200,,20190300
2018-09-12 14:15:00,,20190300,119.453125,20181200,,20190300
2018-09-12 14:30:00,,20190300,119.484375,20181200,,20190300
2018-09-12 14:45:00,,20190300,119.484375,20181200,,20190300
2018-09-12 15:00:00,,20190300,119.46875,20181200,,20190300
2018-09-12 15:15:00,,20190300,119.46875,20181200,,20190300
2018-09-12 15:30:00,,20190300,119.46875,20181200,,20190300
2018-09-12 15:45:00,,20190300,119.46875,20181200,,20190300
2018-09-12 16:00:00,,20190300,119.40625,20181200,,20190300
2018-09-12 16:15:00,,20190300,119.421875,20181200,,20190300
2018-09-12 16:30:00,,20190300,119.453125,20181200,,20190300
2018-09-12 16:45:00,,20190300,119.46875,20181200,,20190300
2018-09-12 17:00:00,,20190300,119.484375,20181200,,20190300
2018-09-12 17:15:00,,20190300,119.453125,20181200,,20190300
2018-09-12 17:30:00,,20190300,119.453125,20181200,,20190300
2018-09-12 17:45:00,,20190300,119.46875,20181200,,20190300
2018-09-12 18:00:00,,20190300,119.484375,20181200,,20190300
2018-09-12 18:15:00,,20190300,119.453125,20181200,,20190300
2018-09-12 18:30:00,,20190300,119.46875,20181200,,20190300
2018-09-12 18:45:00,,20190300,119.46875,20181200,,20190300
2018-09-12 19:00:00,,20190300,119.453125,20181200,,20190300
2018-09-12 19:15:00,,20190300,119.46875,20181200,,20190300
2018-09-12 19:30:00,,20190300,119.453125,20181200,,20190300
2018-09-12 19:45:00,,20190300,119.421875,20181200,,20190300
2018-09-12 20:00:00,,20190300,119.40625,20181200,,20190300
2018-09-12 20:15:00,,20190300,119.40625,20181200,,20190300
2018-09-12 20:30:00,,20190300,119.40625,20181200,,20190300
2018-09-12 20:45:00,,20190300,119.40625,20181200,,20190300
2018-09-12 21:00:00,,20190300,119.421875,20181200,,20190300
2018-09-12 21:15:00,,20190300,119.40625,20181200,,20190300
2018-09-12 21:30:00,,20190300,119.40625,20181200,,20190300
2018-09-12 21:45:00,,20190300,119.40625,20181200,,20190300
2018-09-12 23:00:00,119.21875,20190300,119.359375,20181200,119.21875,20190300
2018-09-12 23:15:00,,20190300,119.4375,20181200,,20190300
2018-09-12 23:30:00,,20190300,119.421875,20181200,,20190300
2018-09-12 23:45:00,,20190300,119.421875,20181200,,20190300
2018-09-13 00:00:00,,20190300,119.421875,20181200,,20190300
2018-09-13 00:15:00,,20190300,119.421875,20181200,,20190300
2018-09-13 00:45:00,,20190300,119.421875,20181200,,20190300
2018-09-13 01:00:00,,20190300,119.40625,20181200,,20190300
2018-09-13 01:15:00,,20190300,119.390625,20181200,,20190300
2018-09-13 01:30:00,,20190300,119.390625,20181200,,20190300
2018-09-13 01:45:00,,20190300,119.390625,20181200,,20190300
2018-09-13 02:00:00,,20190300,119.390625,20181200,,20190300
2018-09-13 02:15:00,,20190300,119.40625,20181200,,20190300
2018-09-13 02:30:00,,20190300,119.375,20181200,,20190300
2018-09-13 02:45:00,,20190300,119.375,20181200,,20190300
2018-09-13 03:00:00,,20190300,119.375,20181200,,20190300
2018-09-13 03:15:00,,20190300,119.359375,20181200,,20190300
2018-09-13 03:30:00,,20190300,119.375,20181200,,20190300
2018-09-13 03:45:00,,20190300,119.359375,20181200,,20190300
2018-09-13 04:00:00,,20190300,119.359375,20181200,,20190300
2018-09-13 04:15:00,,20190300,119.375,20181200,,20190300
2018-09-13 04:30:00,,20190300,119.375,20181200,,20190300
2018-09-13 04:45:00,,20190300,119.375,20181200,,20190300
2018-09-13 05:15:00,,20190300,119.359375,20181200,,20190300
2018-09-13 05:30:00,,20190300,119.359375,20181200,,20190300
2018-09-13 05:45:00,,20190300,119.375,20181200,,20190300
2018-09-13 06:15:00,,20190300,119.390625,20181200,,20190300
2018-09-13 06:30:00,,20190300,119.390625,20181200,,20190300
2018-09-13 06:45:00,,20190300,119.40625,20181200,,20190300
2018-09-13 07:00:00,,20190300,119.40625,20181200,,20190300
2018-09-13 07:15:00,,20190300,119.40625,20181200,,20190300
2018-09-13 07:30:00,,20190300,119.390625,20181200,,20190300
2018-09-13 07:45:00,,20190300,119.390625,20181200,,20190300
2018-09-13 08:00:00,,20190300,119.375,20181200,,20190300
2018-09-13 08:15:00,,20190300,119.359375,20181200,,20190300
2018-09-13 08:30:00,,20190300,119.34375,20181200,,20190300
2018-09-13 08:45:00,,20190300,119.328125,20181200,,20190300
2018-09-13 09:00:00,,20190300,119.34375,20181200,,20190300
2018-09-13 09:15:00,,20190300,119.359375,20181200,,20190300
2018-09-13 09:30:00,,20190300,119.34375,20181200,,20190300
2018-09-13 09:45:00,,20190300,119.34375,20181200,,20190300
2018-09-13 10:00:00,,20190300,119.34375,20181200,,20190300
2018-09-13 10:15:00,,20190300,119.359375,20181200,,20190300
2018-09-13 10:30:00,,20190300,119.359375,20181200,,20190300
2018-09-13 10:45:00,,20190300,119.375,20181200,,20190300
2018-09-13 11:00:00,,20190300,119.359375,20181200,,20190300
2018-09-13 11:15:00,,20190300,119.359375,20181200,,20190300
2018-09-13 11:30:00,,20190300,119.34375,20181200,,20190300
2018-09-13 11:45:00,,20190300,119.328125,20181200,,20190300
2018-09-13 12:00:00,,20190300,119.296875,20181200,,20190300
2018-09-13 12:15:00,,20190300,119.3125,20181200,,20190300
2018-09-13 12:30:00,,20190300,119.3125,20181200,,20190300
2018-09-13 12:45:00,,20190300,119.28125,20181200,,20190300
2018-09-13 13:00:00,,20190300,119.28125,20181200,,20190300
2018-09-13 13:15:00,,20190300,119.265625,20181200,,20190300
2018-09-13 13:30:00,,20190300,119.53125,20181200,,20190300
2018-09-13 13:45:00,,20190300,119.53125,20181200,,20190300
2018-09-13 14:00:00,,20190300,119.5625,20181200,,20190300
2018-09-13 14:15:00,,20190300,119.515625,20181200,,20190300
2018-09-13 14:30:00,,20190300,119.46875,20181200,,20190300
2018-09-13 14:45:00,,20190300,119.453125,20181200,,20190300
2018-09-13 15:00:00,,20190300,119.359375,20181200,,20190300
2018-09-13 15:15:00,,20190300,119.40625,20181200,,20190300
2018-09-13 15:30:00,,20190300,119.453125,20181200,,20190300
2018-09-13 15:45:00,,20190300,119.46875,20181200,,20190300
2018-09-13 16:00:00,,20190300,119.46875,20181200,,20190300
2018-09-13 16:15:00,,20190300,119.484375,20181200,,20190300
2018-09-13 16:30:00,,20190300,119.46875,20181200,,20190300
2018-09-13 16:45:00,,20190300,119.46875,20181200,,20190300
2018-09-13 17:00:00,,20190300,119.46875,20181200,,20190300
2018-09-13 17:15:00,,20190300,119.484375,20181200,,20190300
2018-09-13 17:30:00,,20190300,119.484375,20181200,,20190300
2018-09-13 17:45:00,,20190300,119.46875,20181200,,20190300
2018-09-13 18:00:00,,20190300,119.5,20181200,,20190300
2018-09-13 18:15:00,,20190300,119.46875,20181200,,20190300
2018-09-13 18:30:00,,20190300,119.484375,20181200,,20190300
2018-09-13 18:45:00,,20190300,119.484375,20181200,,20190300
2018-09-13 19:00:00,,20190300,119.453125,20181200,,20190300
2018-09-13 19:15:00,,20190300,119.46875,20181200,,20190300
2018-09-13 19:30:00,,20190300,119.421875,20181200,,20190300
2018-09-13 19:45:00,,20190300,119.40625,20181200,,20190300
2018-09-13 20:00:00,,20190300,119.40625,20181200,,20190300
2018-09-13 20:15:00,,20190300,119.40625,20181200,,20190300
2018-09-13 20:30:00,,20190300,119.40625,20181200,,20190300
2018-09-13 20:45:00,,20190300,119.390625,20181200,,20190300
2018-09-13 21:00:00,,20190300,119.34375,20181200,,20190300
2018-09-13 21:15:00,,20190300,119.34375,20181200,,20190300
2018-09-13 21:30:00,,20190300,119.34375,20181200,,20190300
2018-09-13 21:45:00,,20190300,119.359375,20181200,,20190300
2018-09-13 23:00:00,,20190300,119.390625,20181200,,20190300
2018-09-13 23:15:00,,20190300,119.34375,20181200,,20190300
2018-09-13 23:30:00,,20190300,119.34375,20181200,,20190300
2018-09-13 23:45:00,,20190300,119.34375,20181200,,20190300
2018-09-14 00:00:00,,20190300,119.359375,20181200,,20190300
2018-09-14 00:15:00,,20190300,119.359375,20181200,,20190300
2018-09-14 00:30:00,,20190300,119.375,20181200,,20190300
2018-09-14 00:45:00,,20190300,119.375,20181200,,20190300
2018-09-14 01:00:00,,20190300,119.390625,20181200,,20190300
2018-09-14 01:15:00,,20190300,119.40625,20181200,,20190300
2018-09-14 01:30:00,,20190300,119.40625,20181200,,20190300
2018-09-14 01:45:00,,20190300,119.40625,20181200,,20190300
2018-09-14 02:00:00,,20190300,119.390625,20181200,,20190300
2018-09-14 02:15:00,,20190300,119.359375,20181200,,20190300
2018-09-14 02:30:00,,20190300,119.390625,20181200,,20190300
2018-09-14 02:45:00,,20190300,119.375,20181200,,20190300
2018-09-14 03:00:00,,20190300,119.359375,20181200,,20190300
2018-09-14 03:15:00,,20190300,119.359375,20181200,,20190300
2018-09-14 03:30:00,,20190300,119.359375,20181200,,20190300
2018-09-14 03:45:00,,20190300,119.359375,20181200,,20190300
2018-09-14 04:00:00,,20190300,119.375,20181200,,20190300
2018-09-14 04:15:00,,20190300,119.375,20181200,,20190300
2018-09-14 04:30:00,,20190300,119.390625,20181200,,20190300
2018-09-14 04:45:00,,20190300,119.375,20181200,,20190300
2018-09-14 05:15:00,,20190300,119.40625,20181200,,20190300
2018-09-14 05:30:00,,20190300,119.375,20181200,,20190300
2018-09-14 05:45:00,,20190300,119.390625,20181200,,20190300
2018-09-14 06:15:00,,20190300,119.375,20181200,,20190300
2018-09-14 06:30:00,,20190300,119.375,20181200,,20190300
2018-09-14 06:45:00,,20190300,119.390625,20181200,,20190300
2018-09-14 07:00:00,,20190300,119.375,20181200,,20190300
2018-09-14 07:15:00,,20190300,119.359375,20181200,,20190300
2018-09-14 07:30:00,,20190300,119.359375,20181200,,20190300
2018-09-14 07:45:00,,20190300,119.34375,20181200,,20190300
2018-09-14 08:00:00,,20190300,119.34375,20181200,,20190300
2018-09-14 08:15:00,,20190300,119.296875,20181200,,20190300
2018-09-14 08:30:00,,20190300,119.28125,20181200,,20190300
2018-09-14 08:45:00,,20190300,119.296875,20181200,,20190300
2018-09-14 09:00:00,,20190300,119.3125,20181200,,20190300
2018-09-14 09:15:00,,20190300,119.3125,20181200,,20190300
2018-09-14 09:30:00,,20190300,119.328125,20181200,,20190300
2018-09-14 09:45:00,,20190300,119.296875,20181200,,20190300
2018-09-14 10:00:00,,20190300,119.296875,20181200,,20190300
2018-09-14 10:15:00,,20190300,119.25,20181200,,20190300
2018-09-14 10:30:00,,20190300,119.25,20181200,,20190300
2018-09-14 10:45:00,,20190300,119.25,20181200,,20190300
2018-09-14 11:00:00,,20190300,119.28125,20181200,,20190300
2018-09-14 11:15:00,,20190300,119.234375,20181200,,20190300
2018-09-14 11:30:00,,20190300,119.234375,20181200,,20190300
2018-09-14 11:45:00,,20190300,119.234375,20181200,,20190300
2018-09-14 12:00:00,,20190300,119.234375,20181200,,20190300
2018-09-14 12:15:00,,20190300,119.21875,20181200,,20190300
2018-09-14 12:30:00,,20190300,119.234375,20181200,,20190300
2018-09-14 12:45:00,,20190300,119.234375,20181200,,20190300
2018-09-14 13:00:00,,20190300,119.21875,20181200,,20190300
2018-09-14 13:15:00,,20190300,119.234375,20181200,,20190300
2018-09-14 13:30:00,,20190300,119.203125,20181200,,20190300
2018-09-14 13:45:00,,20190300,119.1875,20181200,,20190300
2018-09-14 14:00:00,,20190300,119.21875,20181200,,20190300
2018-09-14 14:15:00,,20190300,119.15625,20181200,,20190300
2018-09-14 14:30:00,,20190300,119.1875,20181200,,20190300
2018-09-14 14:45:00,,20190300,119.15625,20181200,,20190300
2018-09-14 15:00:00,,20190300,119.203125,20181200,,20190300
2018-09-14 15:15:00,,20190300,119.203125,20181200,,20190300
2018-09-14 15:30:00,,20190300,119.234375,20181200,,20190300
2018-09-14 15:45:00,,20190300,119.1875,20181200,,20190300
2018-09-14 16:00:00,,20190300,119.171875,20181200,,20190300
2018-09-14 16:15:00,,20190300,119.15625,20181200,,20190300
2018-09-14 16:30:00,,20190300,119.1875,20181200,,20190300
2018-09-14 16:45:00,,20190300,119.15625,20181200,,20190300
2018-09-14 17:00:00,,20190300,119.21875,20181200,,20190300
2018-09-14 17:15:00,,20190300,119.234375,20181200,,20190300
2018-09-14 17:30:00,,20190300,119.21875,20181200,,20190300
2018-09-14 17:45:00,,20190300,119.234375,20181200,,20190300
2018-09-14 18:00:00,,20190300,119.265625,20181200,,20190300
2018-09-14 18:15:00,,20190300,119.25,20181200,,20190300
2018-09-14 18:30:00,,20190300,119.25,20181200,,20190300
2018-09-14 18:45:00,,20190300,119.21875,20181200,,20190300
2018-09-14 19:00:00,,20190300,119.21875,20181200,,20190300
2018-09-14 19:15:00,,20190300,119.203125,20181200,,20190300
2018-09-14 19:30:00,,20190300,119.203125,20181200,,20190300
2018-09-14 19:45:00,,20190300,119.171875,20181200,,20190300
2018-09-14 20:00:00,,20190300,119.15625,20181200,,20190300
2018-09-14 20:15:00,,20190300,119.15625,20181200,,20190300
2018-09-14 20:30:00,,20190300,119.15625,20181200,,20190300
2018-09-14 20:45:00,,20190300,119.140625,20181200,,20190300
2018-09-14 21:00:00,,20190300,119.140625,20181200,,20190300
2018-09-14 21:15:00,,20190300,119.140625,20181200,,20190300
2018-09-14 21:30:00,,20190300,119.125,20181200,,20190300
2018-09-14 21:45:00,,20190300,119.140625,20181200,,20190300
2018-09-14 23:00:00,119.09375,20190300,119.390625,20181200,119.09375,20190300
2018-09-16 23:00:00,,20190300,119.15625,20181200,,20190300
2018-09-16 23:15:00,,20190300,119.15625,20181200,,20190300
2018-09-16 23:30:00,,20190300,119.140625,20181200,,20190300
2018-09-16 23:45:00,,20190300,119.125,20181200,,20190300
2018-09-17 00:00:00,,20190300,119.140625,20181200,,20190300
2018-09-17 00:15:00,,20190300,119.125,20181200,,20190300
2018-09-17 00:30:00,,20190300,119.140625,20181200,,20190300
2018-09-17 00:45:00,,20190300,119.140625,20181200,,20190300
2018-09-17 01:00:00,,20190300,119.125,20181200,,20190300
2018-09-17 01:15:00,,20190300,119.140625,20181200,,20190300
2018-09-17 01:30:00,,20190300,119.109375,20181200,,20190300
2018-09-17 01:45:00,,20190300,119.125,20181200,,20190300
2018-09-17 02:00:00,,20190300,119.140625,20181200,,20190300
2018-09-17 02:15:00,,20190300,119.140625,20181200,,20190300
2018-09-17 02:30:00,,20190300,119.15625,20181200,,20190300
2018-09-17 02:45:00,,20190300,119.171875,20181200,,20190300
2018-09-17 03:00:00,,20190300,119.203125,20181200,,20190300
2018-09-17 03:15:00,,20190300,119.234375,20181200,,20190300
2018-09-17 03:30:00,,20190300,119.203125,20181200,,20190300
2018-09-17 03:45:00,,20190300,119.203125,20181200,,20190300
2018-09-17 04:00:00,,20190300,119.203125,20181200,,20190300
2018-09-17 04:15:00,,20190300,119.203125,20181200,,20190300
2018-09-17 04:30:00,,20190300,119.203125,20181200,,20190300
2018-09-17 04:45:00,,20190300,119.203125,20181200,,20190300
2018-09-17 05:15:00,,20190300,119.203125,20181200,,20190300
2018-09-17 05:30:00,,20190300,119.203125,20181200,,20190300
2018-09-17 05:45:00,,20190300,119.203125,20181200,,20190300
2018-09-17 06:15:00,,20190300,119.21875,20181200,,20190300
2018-09-17 06:30:00,,20190300,119.21875,20181200,,20190300
2018-09-17 06:45:00,,20190300,119.21875,20181200,,20190300
2018-09-17 07:00:00,,20190300,119.21875,20181200,,20190300
2018-09-17 07:15:00,,20190300,119.203125,20181200,,20190300
2018-09-17 07:30:00,,20190300,119.1875,20181200,,20190300
2018-09-17 07:45:00,,20190300,119.15625,20181200,,20190300
2018-09-17 08:00:00,,20190300,119.203125,20181200,,20190300
2018-09-17 08:15:00,,20190300,119.203125,20181200,,20190300
2018-09-17 08:30:00,,20190300,119.21875,20181200,,20190300
2018-09-17 08:45:00,,20190300,119.203125,20181200,,20190300
2018-09-17 09:00:00,,20190300,119.203125,20181200,,20190300
2018-09-17 09:15:00,,20190300,119.203125,20181200,,20190300
2018-09-17 09:30:00,,20190300,119.171875,20181200,,20190300
2018-09-17 09:45:00,,20190300,119.1875,20181200,,20190300
2018-09-17 10:00:00,,20190300,119.171875,20181200,,20190300
2018-09-17 10:15:00,,20190300,119.171875,20181200,,20190300
2018-09-17 10:30:00,,20190300,119.171875,20181200,,20190300
2018-09-17 10:45:00,,20190300,119.15625,20181200,,20190300
2018-09-17 11:00:00,,20190300,119.125,20181200,,20190300
2018-09-17 11:15:00,,20190300,119.125,20181200,,20190300
2018-09-17 11:30:00,,20190300,119.125,20181200,,20190300
2018-09-17 11:45:00,,20190300,119.09375,20181200,,20190300
2018-09-17 12:00:00,,20190300,119.046875,20181200,,20190300
2018-09-17 12:15:00,,20190300,119.0625,20181200,,20190300
2018-09-17 12:30:00,,20190300,119.0625,20181200,,20190300
2018-09-17 12:45:00,,20190300,119.03125,20181200,,20190300
2018-09-17 13:00:00,,20190300,119.015625,20181200,,20190300
2018-09-17 13:15:00,,20190300,119.0625,20181200,,20190300
2018-09-17 13:30:00,,20190300,119.0625,20181200,,20190300
2018-09-17 13:45:00,,20190300,119.03125,20181200,,20190300
2018-09-17 14:00:00,,20190300,119.046875,20181200,,20190300
2018-09-17 14:15:00,,20190300,119.046875,20181200,,20190300
2018-09-17 14:30:00,,20190300,119.0625,20181200,,20190300
2018-09-17 14:45:00,,20190300,119.09375,20181200,,20190300
2018-09-17 15:00:00,,20190300,119.140625,20181200,,20190300
2018-09-17 15:15:00,,20190300,119.15625,20181200,,20190300
2018-09-17 15:30:00,,20190300,119.1875,20181200,,20190300
2018-09-17 15:45:00,,20190300,119.1875,20181200,,20190300
2018-09-17 16:00:00,,20190300,119.1875,20181200,,20190300
2018-09-17 16:15:00,,20190300,119.171875,20181200,,20190300
2018-09-17 16:30:00,,20190300,119.203125,20181200,,20190300
2018-09-17 16:45:00,,20190300,119.171875,20181200,,20190300
2018-09-17 17:00:00,,20190300,119.203125,20181200,,20190300
2018-09-17 17:15:00,,20190300,119.171875,20181200,,20190300
2018-09-17 17:30:00,,20190300,119.1875,20181200,,20190300
2018-09-17 17:45:00,,20190300,119.1875,20181200,,20190300
2018-09-17 18:00:00,,20190300,119.171875,20181200,,20190300
2018-09-17 18:15:00,,20190300,119.203125,20181200,,20190300
2018-09-17 18:30:00,,20190300,119.1875,20181200,,20190300
2018-09-17 18:45:00,,20190300,119.1875,20181200,,20190300
2018-09-17 19:00:00,,20190300,119.15625,20181200,,20190300
2018-09-17 19:15:00,,20190300,119.125,20181200,,20190300
2018-09-17 19:30:00,,20190300,119.09375,20181200,,20190300
2018-09-17 19:45:00,,20190300,119.125,20181200,,20190300
2018-09-17 20:00:00,,20190300,119.171875,20181200,,20190300
2018-09-17 20:15:00,,20190300,119.171875,20181200,,20190300
2018-09-17 20:30:00,,20190300,119.21875,20181200,,20190300
2018-09-17 20:45:00,,20190300,119.1875,20181200,,20190300
2018-09-17 21:00:00,,20190300,119.21875,20181200,,20190300
2018-09-17 21:15:00,,20190300,119.203125,20181200,,20190300
2018-09-17 21:30:00,,20190300,119.203125,20181200,,20190300
2018-09-17 21:45:00,,20190300,119.234375,20181200,,20190300
2018-09-17 23:00:00,118.953125,20190300,119.21875,20181200,118.953125,20190300
2018-09-17 23:15:00,,20190300,119.1875,20181200,,20190300
2018-09-17 23:30:00,,20190300,119.25,20181200,,20190300
2018-09-17 23:45:00,,20190300,119.28125,20181200,,20190300
2018-09-18 00:00:00,,20190300,119.296875,20181200,,20190300
2018-09-18 00:15:00,,20190300,119.265625,20181200,,20190300
2018-09-18 00:30:00,,20190300,119.28125,20181200,,20190300
2018-09-18 00:45:00,,20190300,119.296875,20181200,,20190300
2018-09-18 01:00:00,,20190300,119.296875,20181200,,20190300
2018-09-18 01:15:00,,20190300,119.265625,20181200,,20190300
2018-09-18 01:30:00,,20190300,119.28125,20181200,,20190300
2018-09-18 01:45:00,,20190300,119.28125,20181200,,20190300
2018-09-18 02:00:00,,20190300,119.265625,20181200,,20190300
2018-09-18 02:15:00,,20190300,119.28125,20181200,,20190300
2018-09-18 02:30:00,,20190300,119.25,20181200,,20190300
2018-09-18 02:45:00,,20190300,119.234375,20181200,,20190300
2018-09-18 03:00:00,,20190300,119.234375,20181200,,20190300
2018-09-18 03:15:00,,20190300,119.234375,20181200,,20190300
2018-09-18 03:30:00,,20190300,119.25,20181200,,20190300
2018-09-18 03:45:00,,20190300,119.203125,20181200,,20190300
2018-09-18 04:00:00,,20190300,119.203125,20181200,,20190300
2018-09-18 04:15:00,,20190300,119.203125,20181200,,20190300
2018-09-18 04:30:00,,20190300,119.1875,20181200,,20190300
2018-09-18 04:45:00,,20190300,119.21875,20181200,,20190300
2018-09-18 05:15:00,,20190300,119.203125,20181200,,20190300
2018-09-18 05:30:00,,20190300,119.171875,20181200,,20190300
2018-09-18 05:45:00,,20190300,119.171875,20181200,,20190300
2018-09-18 06:15:00,,20190300,119.171875,20181200,,20190300
2018-09-18 06:30:00,,20190300,119.171875,20181200,,20190300
2018-09-18 06:45:00,,20190300,119.140625,20181200,,20190300
2018-09-18 07:00:00,,20190300,119.125,20181200,,20190300
2018-09-18 07:15:00,,20190300,119.109375,20181200,,20190300
2018-09-18 07:30:00,,20190300,119.125,20181200,,20190300
2018-09-18 07:45:00,,20190300,119.109375,20181200,,20190300
2018-09-18 08:00:00,,20190300,119.171875,20181200,,20190300
2018-09-18 08:15:00,,20190300,119.171875,20181200,,20190300
2018-09-18 08:30:00,,20190300,119.203125,20181200,,20190300
2018-09-18 08:45:00,,20190300,119.1875,20181200,,20190300
2018-09-18 09:00:00,,20190300,119.1875,20181200,,20190300
2018-09-18 09:15:00,,20190300,119.1875,20181200,,20190300
2018-09-18 09:30:00,,20190300,119.1875,20181200,,20190300
2018-09-18 09:45:00,,20190300,119.1875,20181200,,20190300
2018-09-18 10:00:00,,20190300,119.171875,20181200,,20190300
2018-09-18 10:15:00,,20190300,119.171875,20181200,,20190300
2018-09-18 10:30:00,,20190300,119.171875,20181200,,20190300
2018-09-18 10:45:00,,20190300,119.15625,20181200,,20190300
2018-09-18 11:00:00,,20190300,119.140625,20181200,,20190300
2018-09-18 11:15:00,,20190300,119.15625,20181200,,20190300
2018-09-18 11:30:00,,20190300,119.140625,20181200,,20190300
2018-09-18 11:45:00,,20190300,119.125,20181200,,20190300
2018-09-18 12:00:00,,20190300,119.125,20181200,,20190300
2018-09-18 12:15:00,,20190300,119.1875,20181200,,20190300
2018-09-18 12:30:00,,20190300,119.15625,20181200,,20190300
2018-09-18 12:45:00,,20190300,119.140625,20181200,,20190300
2018-09-18 13:00:00,,20190300,119.125,20181200,,20190300
2018-09-18 13:15:00,,20190300,119.09375,20181200,,20190300
2018-09-18 13:30:00,,20190300,119.03125,20181200,,20190300
2018-09-18 13:45:00,,20190300,119.03125,20181200,,20190300
2018-09-18 14:00:00,,20190300,119.03125,20181200,,20190300
2018-09-18 14:15:00,,20190300,119.078125,20181200,,20190300
2018-09-18 14:30:00,,20190300,119.015625,20181200,,20190300
2018-09-18 14:45:00,,20190300,119.03125,20181200,,20190300
2018-09-18 15:00:00,,20190300,118.921875,20181200,,20190300
2018-09-18 15:15:00,,20190300,118.9375,20181200,,20190300
2018-09-18 15:30:00,,20190300,118.953125,20181200,,20190300
2018-09-18 15:45:00,,20190300,118.921875,20181200,,20190300
2018-09-18 16:00:00,,20190300,118.9375,20181200,,20190300
2018-09-18 16:15:00,,20190300,118.921875,20181200,,20190300
2018-09-18 16:30:00,,20190300,118.890625,20181200,,20190300
2018-09-18 16:45:00,,20190300,118.890625,20181200,,20190300
2018-09-18 17:00:00,,20190300,118.875,20181200,,20190300
2018-09-18 17:15:00,,20190300,118.875,20181200,,20190300
2018-09-18 17:30:00,,20190300,118.890625,20181200,,20190300
2018-09-18 17:45:00,,20190300,118.890625,20181200,,20190300
2018-09-18 18:00:00,,20190300,118.875,20181200,,20190300
2018-09-18 18:15:00,,20190300,118.859375,20181200,,20190300
2018-09-18 18:30:00,,20190300,118.859375,20181200,,20190300
2018-09-18 18:45:00,,20190300,118.859375,20181200,,20190300
2018-09-18 19:00:00,,20190300,118.859375,20181200,,20190300
2018-09-18 19:15:00,,20190300,118.828125,20181200,,20190300
2018-09-18 19:30:00,,20190300,118.84375,20181200,,20190300
2018-09-18 19:45:00,,20190300,118.8125,20181200,,20190300
2018-09-18 20:00:00,,20190300,118.765625,20181200,,20190300
2018-09-18 20:15:00,,20190300,118.78125,20181200,,20190300
2018-09-18 20:30:00,,20190300,118.765625,20181200,,20190300
2018-09-18 20:45:00,,20190300,118.796875,20181200,,20190300
2018-09-18 21:00:00,,20190300,118.75,20181200,,20190300
2018-09-18 21:15:00,,20190300,118.75,20181200,,20190300
2018-09-18 21:30:00,,20190300,118.734375,20181200,,20190300
2018-09-18 21:45:00,,20190300,118.71875,20181200,,20190300
2018-09-18 23:00:00,118.625,20190300,119.171875,20181200,118.625,20190300
2018-09-18 23:15:00,,20190300,118.75,20181200,,20190300
2018-09-18 23:30:00,,20190300,118.75,20181200,,20190300
2018-09-18 23:45:00,,20190300,118.734375,20181200,,20190300
2018-09-19 00:00:00,,20190300,118.75,20181200,,20190300
2018-09-19 00:15:00,,20190300,118.75,20181200,,20190300
2018-09-19 00:30:00,,20190300,118.75,20181200,,20190300
2018-09-19 00:45:00,,20190300,118.75,20181200,,20190300
2018-09-19 01:00:00,,20190300,118.765625,20181200,,20190300
2018-09-19 01:15:00,,20190300,118.75,20181200,,20190300
2018-09-19 01:30:00,,20190300,118.75,20181200,,20190300
2018-09-19 01:45:00,,20190300,118.75,20181200,,20190300
2018-09-19 02:00:00,,20190300,118.765625,20181200,,20190300
2018-09-19 02:15:00,,20190300,118.765625,20181200,,20190300
2018-09-19 02:30:00,,20190300,118.78125,20181200,,20190300
2018-09-19 02:45:00,,20190300,118.78125,20181200,,20190300
2018-09-19 03:00:00,,20190300,118.78125,20181200,,20190300
2018-09-19 03:15:00,,20190300,118.765625,20181200,,20190300
2018-09-19 03:30:00,,20190300,118.78125,20181200,,20190300
2018-09-19 03:45:00,,20190300,118.78125,20181200,,20190300
2018-09-19 04:00:00,,20190300,118.765625,20181200,,20190300
2018-09-19 04:15:00,,20190300,118.75,20181200,,20190300
2018-09-19 04:30:00,,20190300,118.78125,20181200,,20190300
2018-09-19 04:45:00,,20190300,118.78125,20181200,,20190300
2018-09-19 05:15:00,,20190300,118.78125,20181200,,20190300
2018-09-19 05:30:00,,20190300,118.78125,20181200,,20190300
2018-09-19 05:45:00,,20190300,118.78125,20181200,,20190300
2018-09-19 06:15:00,,20190300,118.78125,20181200,,20190300
2018-09-19 06:30:00,,20190300,118.78125,20181200,,20190300
2018-09-19 06:45:00,,20190300,118.78125,20181200,,20190300
2018-09-19 07:00:00,,20190300,118.796875,20181200,,20190300
2018-09-19 07:15:00,,20190300,118.765625,20181200,,20190300
2018-09-19 07:30:00,,20190300,118.78125,20181200,,20190300
2018-09-19 07:45:00,,20190300,118.765625,20181200,,20190300
2018-09-19 08:00:00,,20190300,118.796875,20181200,,20190300
2018-09-19 08:15:00,,20190300,118.78125,20181200,,20190300
2018-09-19 08:30:00,,20190300,118.734375,20181200,,20190300
2018-09-19 08:45:00,,20190300,118.734375,20181200,,20190300
2018-09-19 09:00:00,,20190300,118.71875,20181200,,20190300
2018-09-19 09:15:00,,20190300,118.65625,20181200,,20190300
2018-09-19 09:30:00,,20190300,118.6875,20181200,,20190300
2018-09-19 09:45:00,,20190300,118.671875,20181200,,20190300
2018-09-19 10:00:00,,20190300,118.6875,20181200,,20190300
2018-09-19 10:15:00,,20190300,118.703125,20181200,,20190300
2018-09-19 10:30:00,,20190300,118.71875,20181200,,20190300
2018-09-19 10:45:00,,20190300,118.734375,20181200,,20190300
2018-09-19 11:00:00,,20190300,118.703125,20181200,,20190300
2018-09-19 11:15:00,,20190300,118.71875,20181200,,20190300
2018-09-19 11:30:00,,20190300,118.71875,20181200,,20190300
2018-09-19 11:45:00,,20190300,118.703125,20181200,,20190300
2018-09-19 12:00:00,,20190300,118.734375,20181200,,20190300
2018-09-19 12:15:00,,20190300,118.734375,20181200,,20190300
2018-09-19 12:30:00,,20190300,118.75,20181200,,20190300
2018-09-19 12:45:00,,20190300,118.796875,20181200,,20190300
2018-09-19 13:00:00,,20190300,118.828125,20181200,,20190300
2018-09-19 13:15:00,,20190300,118.8125,20181200,,20190300
2018-09-19 13:30:00,,20190300,118.765625,20181200,,20190300
2018-09-19 13:45:00,,20190300,118.71875,20181200,,20190300
2018-09-19 14:00:00,,20190300,118.765625,20181200,,20190300
2018-09-19 14:15:00,,20190300,118.734375,20181200,,20190300
2018-09-19 14:30:00,,20190300,118.65625,20181200,,20190300
2018-09-19 14:45:00,,20190300,118.640625,20181200,,20190300
2018-09-19 15:00:00,,20190300,118.640625,20181200,,20190300
2018-09-19 15:15:00,,20190300,118.671875,20181200,,20190300
2018-09-19 15:30:00,,20190300,118.59375,20181200,,20190300
2018-09-19 15:45:00,,20190300,118.515625,20181200,,20190300
2018-09-19 16:00:00,,20190300,118.59375,20181200,,20190300
2018-09-19 16:15:00,,20190300,118.59375,20181200,,20190300
2018-09-19 16:30:00,,20190300,118.625,20181200,,20190300
2018-09-19 16:45:00,,20190300,118.609375,20181200,,20190300
2018-09-19 17:00:00,,20190300,118.625,20181200,,20190300
2018-09-19 17:15:00,,20190300,118.640625,20181200,,20190300
2018-09-19 17:30:00,,20190300,118.625,20181200,,20190300
2018-09-19 17:45:00,,20190300,118.671875,20181200,,20190300
2018-09-19 18:00:00,,20190300,118.671875,20181200,,20190300
2018-09-19 18:15:00,,20190300,118.625,20181200,,20190300
2018-09-19 18:30:00,,20190300,118.625,20181200,,20190300
2018-09-19 18:45:00,,20190300,118.59375,20181200,,20190300
2018-09-19 19:00:00,,20190300,118.59375,20181200,,20190300
2018-09-19 19:15:00,,20190300,118.578125,20181200,,20190300
2018-09-19 19:30:00,,20190300,118.59375,20181200,,20190300
2018-09-19 19:45:00,,20190300,118.578125,20181200,,20190300
2018-09-19 20:00:00,,20190300,118.578125,20181200,,20190300
2018-09-19 20:15:00,,20190300,118.59375,20181200,,20190300
2018-09-19 20:30:00,,20190300,118.59375,20181200,,20190300
2018-09-19 20:45:00,,20190300,118.625,20181200,,20190300
2018-09-19 21:00:00,,20190300,118.609375,20181200,,20190300
2018-09-19 21:15:00,,20190300,118.65625,20181200,,20190300
2018-09-19 21:30:00,,20190300,118.671875,20181200,,20190300
2018-09-19 21:45:00,,20190300,118.671875,20181200,,20190300
2018-09-19 23:00:00,,20190300,118.78125,20181200,,20190300
2018-09-19 23:15:00,,20190300,118.671875,20181200,,20190300
2018-09-19 23:30:00,,20190300,118.671875,20181200,,20190300
2018-09-19 23:45:00,,20190300,118.671875,20181200,,20190300
2018-09-20 00:00:00,,20190300,118.671875,20181200,,20190300
2018-09-20 00:15:00,,20190300,118.671875,20181200,,20190300
2018-09-20 00:30:00,,20190300,118.671875,20181200,,20190300
2018-09-20 00:45:00,,20190300,118.671875,20181200,,20190300
2018-09-20 01:00:00,,20190300,118.6875,20181200,,20190300
2018-09-20 01:15:00,,20190300,118.71875,20181200,,20190300
2018-09-20 01:30:00,,20190300,118.703125,20181200,,20190300
2018-09-20 01:45:00,,20190300,118.703125,20181200,,20190300
2018-09-20 02:00:00,,20190300,118.703125,20181200,,20190300
2018-09-20 02:15:00,,20190300,118.71875,20181200,,20190300
2018-09-20 02:30:00,,20190300,118.734375,20181200,,20190300
2018-09-20 02:45:00,,20190300,118.71875,20181200,,20190300
2018-09-20 03:00:00,,20190300,118.703125,20181200,,20190300
2018-09-20 03:15:00,,20190300,118.703125,20181200,,20190300
2018-09-20 03:30:00,,20190300,118.703125,20181200,,20190300
2018-09-20 03:45:00,,20190300,118.703125,20181200,,20190300
2018-09-20 04:00:00,,20190300,118.71875,20181200,,20190300
2018-09-20 04:15:00,,20190300,118.703125,20181200,,20190300
2018-09-20 04:30:00,,20190300,118.703125,20181200,,20190300
2018-09-20 04:45:00,,20190300,118.71875,20181200,,20190300
2018-09-20 05:15:00,,20190300,118.703125,20181200,,20190300
2018-09-20 05:30:00,,20190300,118.6875,20181200,,20190300
2018-09-20 05:45:00,,20190300,118.703125,20181200,,20190300
2018-09-20 06:15:00,,20190300,118.703125,20181200,,20190300
2018-09-20 06:30:00,,20190300,118.703125,20181200,,20190300
2018-09-20 06:45:00,,20190300,118.71875,20181200,,20190300
2018-09-20 07:00:00,,20190300,118.6875,20181200,,20190300
2018-09-20 07:15:00,,20190300,118.671875,20181200,,20190300
2018-09-20 07:30:00,,20190300,118.703125,20181200,,20190300
2018-09-20 07:45:00,,20190300,118.6875,20181200,,20190300
2018-09-20 08:00:00,,20190300,118.671875,20181200,,20190300
2018-09-20 08:15:00,,20190300,118.6875,20181200,,20190300
2018-09-20 08:30:00,,20190300,118.703125,20181200,,20190300
2018-09-20 08:45:00,,20190300,118.65625,20181200,,20190300
2018-09-20 09:00:00,,20190300,118.671875,20181200,,20190300
2018-09-20 09:15:00,,20190300,118.671875,20181200,,20190300
2018-09-20 09:30:00,,20190300,118.671875,20181200,,20190300
2018-09-20 09:45:00,,20190300,118.6875,20181200,,20190300
2018-09-20 10:00:00,,20190300,118.671875,20181200,,20190300
2018-09-20 10:15:00,,20190300,118.671875,20181200,,20190300
2018-09-20 10:30:00,,20190300,118.640625,20181200,,20190300
2018-09-20 10:45:00,,20190300,118.640625,20181200,,20190300
2018-09-20 11:00:00,,20190300,118.625,20181200,,20190300
2018-09-20 11:15:00,,20190300,118.625,20181200,,20190300
2018-09-20 11:30:00,,20190300,118.609375,20181200,,20190300
2018-09-20 11:45:00,,20190300,118.609375,20181200,,20190300
2018-09-20 12:00:00,,20190300,118.59375,20181200,,20190300
2018-09-20 12:15:00,,20190300,118.609375,20181200,,20190300
2018-09-20 12:30:00,,20190300,118.5625,20181200,,20190300
2018-09-20 12:45:00,,20190300,118.53125,20181200,,20190300
2018-09-20 13:00:00,,20190300,118.484375,20181200,,20190300
2018-09-20 13:15:00,,20190300,118.5,20181200,,20190300
2018-09-20 13:30:00,,20190300,118.5,20181200,,20190300
2018-09-20 13:45:00,,20190300,118.484375,20181200,,20190300
2018-09-20 14:00:00,,20190300,118.515625,20181200,,20190300
2018-09-20 14:15:00,,20190300,118.484375,20181200,,20190300
2018-09-20 14:30:00,,20190300,118.53125,20181200,,20190300
2018-09-20 14:45:00,,20190300,118.578125,20181200,,20190300
2018-09-20 15:00:00,,20190300,118.609375,20181200,,20190300
2018-09-20 15:15:00,,20190300,118.640625,20181200,,20190300
2018-09-20 15:30:00,,20190300,118.625,20181200,,20190300
2018-09-20 15:45:00,,20190300,118.640625,20181200,,20190300
2018-09-20 16:00:00,,20190300,118.59375,20181200,,20190300
2018-09-20 16:15:00,,20190300,118.625,20181200,,20190300
2018-09-20 16:30:00,,20190300,118.671875,20181200,,20190300
2018-09-20 16:45:00,,20190300,118.671875,20181200,,20190300
2018-09-20 17:00:00,,20190300,118.671875,20181200,,20190300
2018-09-20 17:15:00,,20190300,118.6875,20181200,,20190300
2018-09-20 17:30:00,,20190300,118.6875,20181200,,20190300
2018-09-20 17:45:00,,20190300,118.71875,20181200,,20190300
2018-09-20 18:00:00,,20190300,118.671875,20181200,,20190300
2018-09-20 18:15:00,,20190300,118.65625,20181200,,20190300
2018-09-20 18:30:00,,20190300,118.640625,20181200,,20190300
2018-09-20 18:45:00,,20190300,118.640625,20181200,,20190300
2018-09-20 19:00:00,,20190300,118.609375,20181200,,20190300
2018-09-20 19:15:00,,20190300,118.625,20181200,,20190300
2018-09-20 19:30:00,,20190300,118.609375,20181200,,20190300
2018-09-20 19:45:00,,20190300,118.578125,20181200,,20190300
2018-09-20 20:00:00,,20190300,118.609375,20181200,,20190300
2018-09-20 20:15:00,,20190300,118.625,20181200,,20190300
2018-09-20 20:30:00,,20190300,118.65625,20181200,,20190300
2018-09-20 20:45:00,,20190300,118.65625,20181200,,20190300
2018-09-20 21:00:00,,20190300,118.640625,20181200,,20190300
2018-09-20 21:15:00,,20190300,118.671875,20181200,,20190300
2018-09-20 21:30:00,,20190300,118.671875,20181200,,20190300
2018-09-20 21:45:00,,20190300,118.6875,20181200,,20190300
2018-09-20 23:00:00,118.359375,20190300,118.703125,20181200,118.359375,20190300
2018-09-20 23:15:00,,20190300,118.671875,20181200,,20190300
2018-09-20 23:30:00,,20190300,118.640625,20181200,,20190300
2018-09-20 23:45:00,,20190300,118.671875,20181200,,20190300
2018-09-21 00:00:00,,20190300,118.671875,20181200,,20190300
2018-09-21 00:15:00,,20190300,118.671875,20181200,,20190300
2018-09-21 00:30:00,,20190300,118.65625,20181200,,20190300
2018-09-21 00:45:00,,20190300,118.65625,20181200,,20190300
2018-09-21 01:00:00,,20190300,118.671875,20181200,,20190300
2018-09-21 01:15:00,,20190300,118.65625,20181200,,20190300
2018-09-21 01:30:00,,20190300,118.703125,20181200,,20190300
2018-09-21 01:45:00,,20190300,118.703125,20181200,,20190300
2018-09-21 02:00:00,,20190300,118.6875,20181200,,20190300
2018-09-21 02:15:00,,20190300,118.703125,20181200,,20190300
2018-09-21 02:30:00,,20190300,118.6875,20181200,,20190300
2018-09-21 02:45:00,,20190300,118.640625,20181200,,20190300
2018-09-21 03:00:00,,20190300,118.640625,20181200,,20190300
2018-09-21 03:15:00,,20190300,118.65625,20181200,,20190300
2018-09-21 03:30:00,,20190300,118.65625,20181200,,20190300
2018-09-21 03:45:00,,20190300,118.640625,20181200,,20190300
2018-09-21 04:00:00,,20190300,118.640625,20181200,,20190300
2018-09-21 04:15:00,,20190300,118.65625,20181200,,20190300
2018-09-21 04:30:00,,20190300,118.65625,20181200,,20190300
2018-09-21 04:45:00,,20190300,118.640625,20181200,,20190300
2018-09-21 05:15:00,,20190300,118.640625,20181200,,20190300
2018-09-21 05:30:00,,20190300,118.640625,20181200,,20190300
2018-09-21 05:45:00,,20190300,118.625,20181200,,20190300
2018-09-21 06:15:00,,20190300,118.578125,20181200,,20190300
2018-09-21 06:30:00,,20190300,118.5625,20181200,,20190300
2018-09-21 06:45:00,,20190300,118.546875,20181200,,20190300
2018-09-21 07:00:00,,20190300,118.5625,20181200,,20190300
2018-09-21 07:15:00,,20190300,118.578125,20181200,,20190300
2018-09-21 07:30:00,,20190300,118.578125,20181200,,20190300
2018-09-21 07:45:00,,20190300,118.578125,20181200,,20190300
2018-09-21 08:00:00,,20190300,118.53125,20181200,,20190300
2018-09-21 08:15:00,,20190300,118.578125,20181200,,20190300
2018-09-21 08:30:00,,20190300,118.640625,20181200,,20190300
2018-09-21 08:45:00,,20190300,118.625,20181200,,20190300
2018-09-21 09:00:00,,20190300,118.609375,20181200,,20190300
2018-09-21 09:15:00,,20190300,118.59375,20181200,,20190300
2018-09-21 09:30:00,,20190300,118.578125,20181200,,20190300
2018-09-21 09:45:00,,20190300,118.546875,20181200,,20190300
2018-09-21 10:00:00,,20190300,118.5625,20181200,,20190300
2018-09-21 10:15:00,,20190300,118.5625,20181200,,20190300
2018-09-21 10:30:00,,20190300,118.578125,20181200,,20190300
2018-09-21 10:45:00,,20190300,118.53125,20181200,,20190300
2018-09-21 11:00:00,,20190300,118.546875,20181200,,20190300
2018-09-21 11:15:00,,20190300,118.546875,20181200,,20190300
2018-09-21 11:30:00,,20190300,118.546875,20181200,,20190300
2018-09-21 11:45:00,,20190300,118.5625,20181200,,20190300
2018-09-21 12:00:00,,20190300,118.59375,20181200,,20190300
2018-09-21 12:15:00,,20190300,118.609375,20181200,,20190300
2018-09-21 12:30:00,,20190300,118.609375,20181200,,20190300
2018-09-21 12:45:00,,20190300,118.578125,20181200,,20190300
2018-09-21 13:00:00,,20190300,118.640625,20181200,,20190300
2018-09-21 13:15:00,,20190300,118.59375,20181200,,20190300
2018-09-21 13:30:00,,20190300,118.5625,20181200,,20190300
2018-09-21 13:45:00,,20190300,118.5625,20181200,,20190300
2018-09-21 14:00:00,,20190300,118.59375,20181200,,20190300
2018-09-21 14:15:00,,20190300,118.5625,20181200,,20190300
2018-09-21 14:30:00,,20190300,118.625,20181200,,20190300
2018-09-21 14:45:00,,20190300,118.671875,20181200,,20190300
2018-09-21 15:00:00,,20190300,118.671875,20181200,,20190300
2018-09-21 15:15:00,,20190300,118.703125,20181200,,20190300
2018-09-21 15:30:00,,20190300,118.6875,20181200,,20190300
2018-09-21 15:45:00,,20190300,118.671875,20181200,,20190300
2018-09-21 16:00:00,,20190300,118.65625,20181200,,20190300
2018-09-21 16:15:00,,20190300,118.609375,20181200,,20190300
2018-09-21 16:30:00,,20190300,118.609375,20181200,,20190300
2018-09-21 16:45:00,,20190300,118.59375,20181200,,20190300
2018-09-21 17:00:00,,20190300,118.59375,20181200,,20190300
2018-09-21 17:15:00,,20190300,118.59375,20181200,,20190300
2018-09-21 17:30:00,,20190300,118.625,20181200,,20190300
2018-09-21 17:45:00,,20190300,118.640625,20181200,,20190300
2018-09-21 18:00:00,,20190300,118.640625,20181200,,20190300
2018-09-21 18:15:00,,20190300,118.671875,20181200,,20190300
2018-09-21 18:30:00,,20190300,118.640625,20181200,,20190300
2018-09-21 18:45:00,,20190300,118.640625,20181200,,20190300
2018-09-21 19:00:00,,20190300,118.65625,20181200,,20190300
2018-09-21 19:15:00,,20190300,118.625,20181200,,20190300
2018-09-21 19:30:00,,20190300,118.640625,20181200,,20190300
2018-09-21 19:45:00,,20190300,118.671875,20181200,,20190300
2018-09-21 20:00:00,,20190300,118.65625,20181200,,20190300
2018-09-21 20:15:00,,20190300,118.65625,20181200,,20190300
2018-09-21 20:30:00,,20190300,118.671875,20181200,,20190300
2018-09-21 20:45:00,,20190300,118.6875,20181200,,20190300
2018-09-21 21:00:00,,20190300,118.6875,20181200,,20190300
2018-09-21 21:15:00,,20190300,118.6875,20181200,,20190300
2018-09-21 21:30:00,,20190300,118.671875,20181200,,20190300
2018-09-21 21:45:00,,20190300,118.6875,20181200,,20190300
2018-09-21 23:00:00,118.4375,20190300,118.578125,20181200,118.4375,20190300
2018-09-23 23:00:00,,20190300,118.703125,20181200,,20190300
2018-09-23 23:15:00,,20190300,118.6875,20181200,,20190300
2018-09-23 23:30:00,,20190300,118.6875,20181200,,20190300
2018-09-23 23:45:00,,20190300,118.6875,20181200,,20190300
2018-09-24 00:00:00,,20190300,118.671875,20181200,,20190300
2018-09-24 00:15:00,,20190300,118.671875,20181200,,20190300
2018-09-24 00:30:00,,20190300,118.6875,20181200,,20190300
2018-09-24 00:45:00,,20190300,118.6875,20181200,,20190300
2018-09-24 01:00:00,,20190300,118.6875,20181200,,20190300
2018-09-24 01:15:00,,20190300,118.6875,20181200,,20190300
2018-09-24 01:30:00,,20190300,118.6875,20181200,,20190300
2018-09-24 01:45:00,,20190300,118.6875,20181200,,20190300
2018-09-24 02:00:00,,20190300,118.703125,20181200,,20190300
2018-09-24 02:15:00,,20190300,118.6875,20181200,,20190300
2018-09-24 02:30:00,,20190300,118.671875,20181200,,20190300
2018-09-24 02:45:00,,20190300,118.6875,20181200,,20190300
2018-09-24 03:00:00,,20190300,118.6875,20181200,,20190300
2018-09-24 03:15:00,,20190300,118.6875,20181200,,20190300
2018-09-24 03:30:00,,20190300,118.6875,20181200,,20190300
2018-09-24 03:45:00,,20190300,118.671875,20181200,,20190300
2018-09-24 04:00:00,,20190300,118.671875,20181200,,20190300
2018-09-24 04:15:00,,20190300,118.6875,20181200,,20190300
2018-09-24 04:30:00,,20190300,118.6875,20181200,,20190300
2018-09-24 04:45:00,,20190300,118.6875,20181200,,20190300
2018-09-24 05:15:00,,20190300,118.671875,20181200,,20190300
2018-09-24 05:30:00,,20190300,118.671875,20181200,,20190300
2018-09-24 05:45:00,,20190300,118.671875,20181200,,20190300
2018-09-24 06:15:00,,20190300,118.671875,20181200,,20190300
2018-09-24 06:30:00,,20190300,118.671875,20181200,,20190300
2018-09-24 06:45:00,,20190300,118.65625,20181200,,20190300
2018-09-24 07:00:00,,20190300,118.640625,20181200,,20190300
2018-09-24 07:15:00,,20190300,118.671875,20181200,,20190300
2018-09-24 07:30:00,,20190300,118.65625,20181200,,20190300
2018-09-24 07:45:00,,20190300,118.640625,20181200,,20190300
2018-09-24 08:00:00,,20190300,118.609375,20181200,,20190300
2018-09-24 08:15:00,,20190300,118.578125,20181200,,20190300
2018-09-24 08:30:00,,20190300,118.59375,20181200,,20190300
2018-09-24 08:45:00,,20190300,118.609375,20181200,,20190300
2018-09-24 09:00:00,,20190300,118.625,20181200,,20190300
2018-09-24 09:15:00,,20190300,118.578125,20181200,,20190300
2018-09-24 09:30:00,,20190300,118.578125,20181200,,20190300
2018-09-24 09:45:00,,20190300,118.578125,20181200,,20190300
2018-09-24 10:00:00,,20190300,118.546875,20181200,,20190300
2018-09-24 10:15:00,,20190300,118.546875,20181200,,20190300
2018-09-24 10:30:00,,20190300,118.578125,20181200,,20190300
2018-09-24 10:45:00,,20190300,118.5625,20181200,,20190300
2018-09-24 11:00:00,,20190300,118.578125,20181200,,20190300
2018-09-24 11:15:00,,20190300,118.578125,20181200,,20190300
2018-09-24 11:30:00,,20190300,118.578125,20181200,,20190300
2018-09-24 11:45:00,,20190300,118.59375,20181200,,20190300
2018-09-24 12:00:00,,20190300,118.59375,20181200,,20190300
2018-09-24 12:15:00,,20190300,118.578125,20181200,,20190300
2018-09-24 12:30:00,,20190300,118.59375,20181200,,20190300
2018-09-24 12:45:00,,20190300,118.625,20181200,,20190300
2018-09-24 13:00:00,,20190300,118.59375,20181200,,20190300
2018-09-24 13:15:00,,20190300,118.625,20181200,,20190300
2018-09-24 13:30:00,,20190300,118.65625,20181200,,20190300
2018-09-24 13:45:00,,20190300,118.609375,20181200,,20190300
2018-09-24 14:00:00,,20190300,118.5,20181200,,20190300
2018-09-24 14:15:00,,20190300,118.515625,20181200,,20190300
2018-09-24 14:30:00,,20190300,118.5625,20181200,,20190300
2018-09-24 14:45:00,,20190300,118.609375,20181200,,20190300
2018-09-24 15:00:00,,20190300,118.578125,20181200,,20190300
2018-09-24 15:15:00,,20190300,118.640625,20181200,,20190300
2018-09-24 15:30:00,,20190300,118.671875,20181200,,20190300
2018-09-24 15:45:00,,20190300,118.640625,20181200,,20190300
2018-09-24 16:00:00,,20190300,118.625,20181200,,20190300
2018-09-24 16:15:00,,20190300,118.59375,20181200,,20190300
2018-09-24 16:30:00,,20190300,118.5625,20181200,,20190300
2018-09-24 16:45:00,,20190300,118.59375,20181200,,20190300
2018-09-24 17:00:00,,20190300,118.609375,20181200,,20190300
2018-09-24 17:15:00,,20190300,118.609375,20181200,,20190300
2018-09-24 17:30:00,,20190300,118.59375,20181200,,20190300
2018-09-24 17:45:00,,20190300,118.578125,20181200,,20190300
2018-09-24 18:00:00,,20190300,118.5625,20181200,,20190300
2018-09-24 18:15:00,,20190300,118.546875,20181200,,20190300
2018-09-24 18:30:00,,20190300,118.53125,20181200,,20190300
2018-09-24 18:45:00,,20190300,118.5625,20181200,,20190300
2018-09-24 19:00:00,,20190300,118.5625,20181200,,20190300
2018-09-24 19:15:00,,20190300,118.59375,20181200,,20190300
2018-09-24 19:30:00,,20190300,118.59375,20181200,,20190300
2018-09-24 19:45:00,,20190300,118.625,20181200,,20190300
2018-09-24 20:00:00,,20190300,118.59375,20181200,,20190300
2018-09-24 20:15:00,,20190300,118.59375,20181200,,20190300
2018-09-24 20:30:00,,20190300,118.59375,20181200,,20190300
2018-09-24 20:45:00,,20190300,118.578125,20181200,,20190300
2018-09-24 21:00:00,,20190300,118.5625,20181200,,20190300
2018-09-24 21:15:00,,20190300,118.546875,20181200,,20190300
2018-09-24 21:30:00,,20190300,118.53125,20181200,,20190300
2018-09-24 21:45:00,,20190300,118.515625,20181200,,20190300
2018-09-24 23:00:00,,20190300,118.671875,20181200,,20190300
2018-09-24 23:15:00,,20190300,118.515625,20181200,,20190300
2018-09-24 23:30:00,,20190300,118.53125,20181200,,20190300
2018-09-24 23:45:00,,20190300,118.53125,20181200,,20190300
2018-09-25 00:00:00,,20190300,118.53125,20181200,,20190300
2018-09-25 00:15:00,,20190300,118.515625,20181200,,20190300
2018-09-25 00:30:00,,20190300,118.53125,20181200,,20190300
2018-09-25 00:45:00,,20190300,118.53125,20181200,,20190300
2018-09-25 01:00:00,,20190300,118.546875,20181200,,20190300
2018-09-25 01:15:00,,20190300,118.53125,20181200,,20190300
2018-09-25 01:30:00,,20190300,118.515625,20181200,,20190300
2018-09-25 01:45:00,,20190300,118.53125,20181200,,20190300
2018-09-25 02:00:00,,20190300,118.53125,20181200,,20190300
2018-09-25 02:15:00,,20190300,118.515625,20181200,,20190300
2018-09-25 02:30:00,,20190300,118.5,20181200,,20190300
2018-09-25 02:45:00,,20190300,118.5,20181200,,20190300
2018-09-25 03:00:00,,20190300,118.5,20181200,,20190300
2018-09-25 03:15:00,,20190300,118.5,20181200,,20190300
2018-09-25 03:30:00,,20190300,118.46875,20181200,,20190300
2018-09-25 03:45:00,,20190300,118.46875,20181200,,20190300
2018-09-25 04:00:00,,20190300,118.46875,20181200,,20190300
2018-09-25 04:15:00,,20190300,118.484375,20181200,,20190300
2018-09-25 04:30:00,,20190300,118.46875,20181200,,20190300
2018-09-25 04:45:00,,20190300,118.484375,20181200,,20190300
2018-09-25 05:15:00,,20190300,118.46875,20181200,,20190300
2018-09-25 05:30:00,,20190300,118.484375,20181200,,20190300
2018-09-25 05:45:00,,20190300,118.484375,20181200,,20190300
2018-09-25 06:15:00,,20190300,118.453125,20181200,,20190300
2018-09-25 06:30:00,,20190300,118.453125,20181200,,20190300
2018-09-25 06:45:00,,20190300,118.4375,20181200,,20190300
2018-09-25 07:00:00,,20190300,118.46875,20181200,,20190300
2018-09-25 07:15:00,,20190300,118.5,20181200,,20190300
2018-09-25 07:30:00,,20190300,118.453125,20181200,,20190300
2018-09-25 07:45:00,,20190300,118.46875,20181200,,20190300
2018-09-25 08:00:00,,20190300,118.5,20181200,,20190300
2018-09-25 08:15:00,,20190300,118.484375,20181200,,20190300
2018-09-25 08:30:00,,20190300,118.40625,20181200,,20190300
2018-09-25 08:45:00,,20190300,118.40625,20181200,,20190300
2018-09-25 09:00:00,,20190300,118.453125,20181200,,20190300
2018-09-25 09:15:00,,20190300,118.421875,20181200,,20190300
2018-09-25 09:30:00,,20190300,118.421875,20181200,,20190300
2018-09-25 09:45:00,,20190300,118.4375,20181200,,20190300
2018-09-25 10:00:00,,20190300,118.453125,20181200,,20190300
2018-09-25 10:15:00,,20190300,118.4375,20181200,,20190300
2018-09-25 10:30:00,,20190300,118.40625,20181200,,20190300
2018-09-25 10:45:00,,20190300,118.421875,20181200,,20190300
2018-09-25 11:00:00,,20190300,118.40625,20181200,,20190300
2018-09-25 11:15:00,,20190300,118.375,20181200,,20190300
2018-09-25 11:30:00,,20190300,118.390625,20181200,,20190300
2018-09-25 11:45:00,,20190300,118.359375,20181200,,20190300
2018-09-25 12:00:00,,20190300,118.375,20181200,,20190300
2018-09-25 12:15:00,,20190300,118.390625,20181200,,20190300
2018-09-25 12:30:00,,20190300,118.421875,20181200,,20190300
2018-09-25 12:45:00,,20190300,118.421875,20181200,,20190300
2018-09-25 13:00:00,,20190300,118.46875,20181200,,20190300
2018-09-25 13:15:00,,20190300,118.453125,20181200,,20190300
2018-09-25 13:30:00,,20190300,118.4375,20181200,,20190300
2018-09-25 13:45:00,,20190300,118.453125,20181200,,20190300
2018-09-25 14:00:00,,20190300,118.484375,20181200,,20190300
2018-09-25 14:15:00,,20190300,118.4375,20181200,,20190300
2018-09-25 14:30:00,,20190300,118.453125,20181200,,20190300
2018-09-25 14:45:00,,20190300,118.484375,20181200,,20190300
2018-09-25 15:00:00,,20190300,118.46875,20181200,,20190300
2018-09-25 15:15:00,,20190300,118.46875,20181200,,20190300
2018-09-25 15:30:00,,20190300,118.421875,20181200,,20190300
2018-09-25 15:45:00,,20190300,118.421875,20181200,,20190300
2018-09-25 16:00:00,118.21875,20190300,118.453125,20181200,118.21875,20190300
2018-09-25 16:15:00,,20190300,118.4375,20181200,,20190300
2018-09-25 16:30:00,,20190300,118.4375,20181200,,20190300
2018-09-25 16:45:00,,20190300,118.4375,20181200,,20190300
2018-09-25 17:00:00,,20190300,118.421875,20181200,,20190300
2018-09-25 17:15:00,,20190300,118.421875,20181200,,20190300
2018-09-25 17:30:00,,20190300,118.4375,20181200,,20190300
2018-09-25 17:45:00,,20190300,118.421875,20181200,,20190300
2018-09-25 18:00:00,118.125,20190300,118.390625,20181200,118.125,20190300
2018-09-25 18:15:00,,20190300,118.390625,20181200,,20190300
2018-09-25 18:30:00,,20190300,118.4375,20181200,,20190300
2018-09-25 18:45:00,,20190300,118.421875,20181200,,20190300
2018-09-25 19:00:00,,20190300,118.421875,20181200,,20190300
2018-09-25 19:15:00,,20190300,118.421875,20181200,,20190300
2018-09-25 19:30:00,118.171875,20190300,118.421875,20181200,118.171875,20190300
2018-09-25 19:45:00,,20190300,118.453125,20181200,,20190300
2018-09-25 20:00:00,,20190300,118.46875,20181200,,20190300
2018-09-25 20:15:00,,20190300,118.484375,20181200,,20190300
2018-09-25 20:30:00,118.203125,20190300,118.46875,20181200,118.203125,20190300
2018-09-25 20:45:00,,20190300,118.484375,20181200,,20190300
2018-09-25 21:00:00,,20190300,118.484375,20181200,,20190300
2018-09-25 21:15:00,,20190300,118.46875,20181200,,20190300
2018-09-25 21:30:00,,20190300,118.453125,20181200,,20190300
2018-09-25 21:45:00,,20190300,118.46875,20181200,,20190300
2018-09-25 23:00:00,118.203125,20190300,118.46875,20181200,118.203125,20190300
2018-09-25 23:15:00,,20190300,118.453125,20181200,,20190300
2018-09-25 23:30:00,,20190300,118.4375,20181200,,20190300
2018-09-25 23:45:00,,20190300,118.4375,20181200,,20190300
2018-09-26 00:00:00,,20190300,118.46875,20181200,,20190300
2018-09-26 00:15:00,,20190300,118.453125,20181200,,20190300
2018-09-26 00:30:00,,20190300,118.46875,20181200,,20190300
2018-09-26 00:45:00,,20190300,118.453125,20181200,,20190300
2018-09-26 01:00:00,,20190300,118.484375,20181200,,20190300
2018-09-26 01:15:00,,20190300,118.46875,20181200,,20190300
2018-09-26 01:30:00,,20190300,118.46875,20181200,,20190300
2018-09-26 01:45:00,,20190300,118.46875,20181200,,20190300
2018-09-26 02:00:00,,20190300,118.484375,20181200,,20190300
2018-09-26 02:15:00,,20190300,118.46875,20181200,,20190300
2018-09-26 02:30:00,,20190300,118.484375,20181200,,20190300
2018-09-26 02:45:00,,20190300,118.484375,20181200,,20190300
2018-09-26 03:00:00,,20190300,118.453125,20181200,,20190300
2018-09-26 03:15:00,,20190300,118.453125,20181200,,20190300
2018-09-26 03:30:00,,20190300,118.46875,20181200,,20190300
2018-09-26 03:45:00,,20190300,118.484375,20181200,,20190300
2018-09-26 04:00:00,,20190300,118.484375,20181200,,20190300
2018-09-26 04:15:00,,20190300,118.46875,20181200,,20190300
2018-09-26 04:30:00,,20190300,118.484375,20181200,,20190300
2018-09-26 04:45:00,,20190300,118.484375,20181200,,20190300
2018-09-26 05:15:00,,20190300,118.484375,20181200,,20190300
2018-09-26 05:30:00,,20190300,118.484375,20181200,,20190300
2018-09-26 05:45:00,,20190300,118.46875,20181200,,20190300
2018-09-26 06:15:00,,20190300,118.5,20181200,,20190300
2018-09-26 06:30:00,,20190300,118.484375,20181200,,20190300
2018-09-26 06:45:00,,20190300,118.484375,20181200,,20190300
2018-09-26 07:00:00,,20190300,118.5,20181200,,20190300
2018-09-26 07:15:00,,20190300,118.515625,20181200,,20190300
2018-09-26 07:30:00,,20190300,118.53125,20181200,,20190300
2018-09-26 07:45:00,,20190300,118.515625,20181200,,20190300
2018-09-26 08:00:00,,20190300,118.546875,20181200,,20190300
2018-09-26 08:15:00,,20190300,118.546875,20181200,,20190300
2018-09-26 08:30:00,,20190300,118.546875,20181200,,20190300
2018-09-26 08:45:00,,20190300,118.546875,20181200,,20190300
2018-09-26 09:00:00,,20190300,118.5625,20181200,,20190300
2018-09-26 09:15:00,,20190300,118.5625,20181200,,20190300
2018-09-26 09:30:00,,20190300,118.53125,20181200,,20190300
2018-09-26 09:45:00,,20190300,118.5625,20181200,,20190300
2018-09-26 10:00:00,,20190300,118.5625,20181200,,20190300
2018-09-26 10:15:00,,20190300,118.546875,20181200,,20190300
2018-09-26 10:30:00,,20190300,118.546875,20181200,,20190300
2018-09-26 10:45:00,,20190300,118.53125,20181200,,20190300
2018-09-26 11:00:00,,20190300,118.546875,20181200,,20190300
2018-09-26 11:15:00,,20190300,118.578125,20181200,,20190300
2018-09-26 11:30:00,,20190300,118.546875,20181200,,20190300
2018-09-26 11:45:00,,20190300,118.546875,20181200,,20190300
2018-09-26 12:00:00,,20190300,118.5625,20181200,,20190300
2018-09-26 12:15:00,,20190300,118.5625,20181200,,20190300
2018-09-26 12:30:00,,20190300,118.546875,20181200,,20190300
2018-09-26 12:45:00,,20190300,118.578125,20181200,,20190300
2018-09-26 13:00:00,,20190300,118.5625,20181200,,20190300
2018-09-26 13:15:00,,20190300,118.53125,20181200,,20190300
2018-09-26 13:30:00,,20190300,118.53125,20181200,,20190300
2018-09-26 13:45:00,,20190300,118.546875,20181200,,20190300
2018-09-26 14:00:00,,20190300,118.578125,20181200,,20190300
2018-09-26 14:15:00,,20190300,118.59375,20181200,,20190300
2018-09-26 14:30:00,,20190300,118.578125,20181200,,20190300
2018-09-26 14:45:00,,20190300,118.578125,20181200,,20190300
2018-09-26 15:00:00,,20190300,118.59375,20181200,,20190300
2018-09-26 15:15:00,,20190300,118.59375,20181200,,20190300
2018-09-26 15:30:00,,20190300,118.546875,20181200,,20190300
2018-09-26 15:45:00,,20190300,118.53125,20181200,,20190300
2018-09-26 16:00:00,,20190300,118.53125,20181200,,20190300
2018-09-26 16:15:00,,20190300,118.5625,20181200,,20190300
2018-09-26 16:30:00,,20190300,118.546875,20181200,,20190300
2018-09-26 16:45:00,,20190300,118.59375,20181200,,20190300
2018-09-26 17:00:00,,20190300,118.578125,20181200,,20190300
2018-09-26 17:15:00,,20190300,118.59375,20181200,,20190300
2018-09-26 17:30:00,,20190300,118.578125,20181200,,20190300
2018-09-26 17:45:00,,20190300,118.609375,20181200,,20190300
2018-09-26 18:00:00,,20190300,118.625,20181200,,20190300
2018-09-26 18:15:00,,20190300,118.640625,20181200,,20190300
2018-09-26 18:30:00,,20190300,118.59375,20181200,,20190300
2018-09-26 18:45:00,,20190300,118.640625,20181200,,20190300
2018-09-26 19:00:00,118.484375,20190300,118.640625,20181200,118.484375,20190300
2018-09-26 19:15:00,118.421875,20190300,118.625,20181200,118.421875,20190300
2018-09-26 19:30:00,,20190300,118.546875,20181200,,20190300
2018-09-26 19:45:00,,20190300,118.75,20181200,,20190300
2018-09-26 20:00:00,118.484375,20190300,118.71875,20181200,118.484375,20190300
2018-09-26 20:15:00,,20190300,118.734375,20181200,,20190300
2018-09-26 20:30:00,,20190300,118.75,20181200,,20190300
2018-09-26 20:45:00,118.5625,20190300,118.8125,20181200,118.5625,20190300
2018-09-26 21:00:00,,20190300,118.828125,20181200,,20190300
2018-09-26 21:15:00,,20190300,118.828125,20181200,,20190300
2018-09-26 21:30:00,,20190300,118.84375,20181200,,20190300
2018-09-26 21:45:00,,20190300,118.8125,20181200,,20190300
2018-09-26 23:00:00,118.5625,20190300,118.484375,20181200,118.5625,20190300
2018-09-26 23:15:00,,20190300,118.84375,20181200,,20190300
2018-09-26 23:30:00,,20190300,118.796875,20181200,,20190300
2018-09-26 23:45:00,,20190300,118.8125,20181200,,20190300
2018-09-27 00:00:00,,20190300,118.796875,20181200,,20190300
2018-09-27 00:15:00,,20190300,118.796875,20181200,,20190300
2018-09-27 00:30:00,,20190300,118.8125,20181200,,20190300
2018-09-27 00:45:00,,20190300,118.796875,20181200,,20190300
2018-09-27 01:00:00,,20190300,118.78125,20181200,,20190300
2018-09-27 01:15:00,,20190300,118.796875,20181200,,20190300
2018-09-27 01:30:00,,20190300,118.78125,20181200,,20190300
2018-09-27 01:45:00,,20190300,118.78125,20181200,,20190300
2018-09-27 02:00:00,,20190300,118.78125,20181200,,20190300
2018-09-27 02:15:00,,20190300,118.78125,20181200,,20190300
2018-09-27 02:30:00,,20190300,118.78125,20181200,,20190300
2018-09-27 02:45:00,,20190300,118.78125,20181200,,20190300
2018-09-27 03:00:00,,20190300,118.78125,20181200,,20190300
2018-09-27 03:15:00,,20190300,118.78125,20181200,,20190300
2018-09-27 03:30:00,,20190300,118.78125,20181200,,20190300
2018-09-27 03:45:00,,20190300,118.796875,20181200,,20190300
2018-09-27 04:00:00,,20190300,118.796875,20181200,,20190300
2018-09-27 04:15:00,,20190300,118.796875,20181200,,20190300
2018-09-27 04:30:00,,20190300,118.8125,20181200,,20190300
2018-09-27 04:45:00,,20190300,118.8125,20181200,,20190300
2018-09-27 05:15:00,,20190300,118.796875,20181200,,20190300
2018-09-27 05:30:00,,20190300,118.8125,20181200,,20190300
2018-09-27 05:45:00,,20190300,118.8125,20181200,,20190300
2018-09-27 06:15:00,,20190300,118.828125,20181200,,20190300
2018-09-27 06:30:00,,20190300,118.890625,20181200,,20190300
2018-09-27 06:45:00,,20190300,118.875,20181200,,20190300
2018-09-27 07:00:00,,20190300,118.890625,20181200,,20190300
2018-09-27 07:15:00,,20190300,118.90625,20181200,,20190300
2018-09-27 07:30:00,,20190300,118.921875,20181200,,20190300
2018-09-27 07:45:00,,20190300,118.921875,20181200,,20190300
2018-09-27 08:00:00,,20190300,118.90625,20181200,,20190300
2018-09-27 08:15:00,,20190300,118.9375,20181200,,20190300
2018-09-27 08:30:00,,20190300,118.953125,20181200,,20190300
2018-09-27 08:45:00,,20190300,118.9375,20181200,,20190300
2018-09-27 09:00:00,,20190300,118.890625,20181200,,20190300
2018-09-27 09:15:00,,20190300,118.890625,20181200,,20190300
2018-09-27 09:30:00,,20190300,118.859375,20181200,,20190300
2018-09-27 09:45:00,,20190300,118.859375,20181200,,20190300
2018-09-27 10:00:00,,20190300,118.875,20181200,,20190300
2018-09-27 10:15:00,,20190300,118.84375,20181200,,20190300
2018-09-27 10:30:00,,20190300,118.84375,20181200,,20190300
2018-09-27 10:45:00,,20190300,118.859375,20181200,,20190300
2018-09-27 11:00:00,,20190300,118.8125,20181200,,20190300
2018-09-27 11:15:00,,20190300,118.828125,20181200,,20190300
2018-09-27 11:30:00,,20190300,118.8125,20181200,,20190300
2018-09-27 11:45:00,,20190300,118.828125,20181200,,20190300
2018-09-27 12:00:00,,20190300,118.859375,20181200,,20190300
2018-09-27 12:15:00,,20190300,118.84375,20181200,,20190300
2018-09-27 12:30:00,,20190300,118.84375,20181200,,20190300
2018-09-27 12:45:00,,20190300,118.859375,20181200,,20190300
2018-09-27 13:00:00,118.625,20190300,118.8125,20181200,118.625,20190300
2018-09-27 13:15:00,,20190300,118.75,20181200,,20190300
2018-09-27 13:30:00,,20190300,118.78125,20181200,,20190300
2018-09-27 13:45:00,,20190300,118.734375,20181200,,20190300
2018-09-27 14:00:00,,20190300,118.6875,20181200,,20190300
2018-09-27 14:15:00,,20190300,118.71875,20181200,,20190300
2018-09-27 14:30:00,118.484375,20190300,118.734375,20181200,118.484375,20190300
2018-09-27 14:45:00,,20190300,118.734375,20181200,,20190300
2018-09-27 15:00:00,118.5,20190300,118.765625,20181200,118.5,20190300
2018-09-27 15:15:00,118.515625,20190300,118.75,20181200,118.515625,20190300
2018-09-27 15:30:00,,20190300,118.6875,20181200,,20190300
2018-09-27 15:45:00,,20190300,118.71875,20181200,,20190300
2018-09-27 16:00:00,,20190300,118.703125,20181200,,20190300
2018-09-27 16:15:00,,20190300,118.671875,20181200,,20190300
2018-09-27 16:30:00,118.40625,20190300,118.65625,20181200,118.40625,20190300
2018-09-27 16:45:00,,20190300,118.65625,20181200,,20190300
2018-09-27 17:00:00,,20190300,118.6875,20181200,,20190300
2018-09-27 17:15:00,,20190300,118.6875,20181200,,20190300
2018-09-27 17:30:00,,20190300,118.671875,20181200,,20190300
2018-09-27 17:45:00,,20190300,118.734375,20181200,,20190300
2018-09-27 18:00:00,,20190300,118.71875,20181200,,20190300
2018-09-27 18:15:00,,20190300,118.71875,20181200,,20190300
2018-09-27 18:30:00,,20190300,118.75,20181200,,20190300
2018-09-27 18:45:00,,20190300,118.75,20181200,,20190300
2018-09-27 19:00:00,,20190300,118.765625,20181200,,20190300
2018-09-27 19:15:00,,20190300,118.765625,20181200,,20190300
2018-09-27 19:30:00,,20190300,118.765625,20181200,,20190300
2018-09-27 19:45:00,,20190300,118.75,20181200,,20190300
2018-09-27 20:00:00,,20190300,118.765625,20181200,,20190300
2018-09-27 20:15:00,,20190300,118.75,20181200,,20190300
2018-09-27 20:30:00,,20190300,118.796875,20181200,,20190300
2018-09-27 20:45:00,,20190300,118.78125,20181200,,20190300
2018-09-27 21:00:00,,20190300,118.765625,20181200,,20190300
2018-09-27 21:15:00,,20190300,118.75,20181200,,20190300
2018-09-27 21:30:00,,20190300,118.78125,20181200,,20190300
2018-09-27 21:45:00,,20190300,118.78125,20181200,,20190300
2018-09-27 23:00:00,118.40625,20190300,118.828125,20181200,118.40625,20190300
2018-09-27 23:15:00,,20190300,118.78125,20181200,,20190300
2018-09-27 23:30:00,,20190300,118.796875,20181200,,20190300
2018-09-27 23:45:00,,20190300,118.8125,20181200,,20190300
2018-09-28 00:00:00,,20190300,118.8125,20181200,,20190300
2018-09-28 00:15:00,,20190300,118.796875,20181200,,20190300
2018-09-28 00:30:00,,20190300,118.828125,20181200,,20190300
2018-09-28 00:45:00,,20190300,118.8125,20181200,,20190300
2018-09-28 01:00:00,,20190300,118.8125,20181200,,20190300
2018-09-28 01:15:00,,20190300,118.828125,20181200,,20190300
2018-09-28 01:30:00,,20190300,118.8125,20181200,,20190300
2018-09-28 01:45:00,,20190300,118.8125,20181200,,20190300
2018-09-28 02:00:00,,20190300,118.796875,20181200,,20190300
2018-09-28 02:15:00,,20190300,118.78125,20181200,,20190300
2018-09-28 02:30:00,,20190300,118.78125,20181200,,20190300
2018-09-28 02:45:00,,20190300,118.78125,20181200,,20190300
2018-09-28 03:00:00,,20190300,118.765625,20181200,,20190300
2018-09-28 03:15:00,,20190300,118.765625,20181200,,20190300
2018-09-28 03:30:00,,20190300,118.765625,20181200,,20190300
2018-09-28 03:45:00,,20190300,118.78125,20181200,,20190300
2018-09-28 04:00:00,,20190300,118.78125,20181200,,20190300
2018-09-28 04:15:00,,20190300,118.78125,20181200,,20190300
2018-09-28 04:30:00,,20190300,118.78125,20181200,,20190300
2018-09-28 04:45:00,,20190300,118.796875,20181200,,20190300
2018-09-28 05:15:00,,20190300,118.796875,20181200,,20190300
2018-09-28 05:30:00,,20190300,118.8125,20181200,,20190300
2018-09-28 05:45:00,,20190300,118.8125,20181200,,20190300
2018-09-28 06:15:00,,20190300,118.796875,20181200,,20190300
2018-09-28 06:30:00,,20190300,118.8125,20181200,,20190300
2018-09-28 06:45:00,,20190300,118.828125,20181200,,20190300
2018-09-28 07:00:00,,20190300,118.8125,20181200,,20190300
2018-09-28 07:15:00,,20190300,118.84375,20181200,,20190300
2018-09-28 07:30:00,,20190300,118.84375,20181200,,20190300
2018-09-28 07:45:00,,20190300,118.8125,20181200,,20190300
2018-09-28 08:00:00,,20190300,118.78125,20181200,,20190300
2018-09-28 08:15:00,,20190300,118.8125,20181200,,20190300
2018-09-28 08:30:00,,20190300,118.796875,20181200,,20190300
2018-09-28 08:45:00,,20190300,118.828125,20181200,,20190300
2018-09-28 09:00:00,,20190300,118.78125,20181200,,20190300
2018-09-28 09:15:00,,20190300,118.8125,20181200,,20190300
2018-09-28 09:30:00,,20190300,118.796875,20181200,,20190300
2018-09-28 09:45:00,,20190300,118.84375,20181200,,20190300
2018-09-28 10:00:00,,20190300,118.859375,20181200,,20190300
2018-09-28 10:15:00,,20190300,118.890625,20181200,,20190300
2018-09-28 10:30:00,,20190300,118.890625,20181200,,20190300
2018-09-28 10:45:00,,20190300,118.921875,20181200,,20190300
2018-09-28 11:00:00,,20190300,118.953125,20181200,,20190300
2018-09-28 11:15:00,,20190300,118.9375,20181200,,20190300
2018-09-28 11:30:00,,20190300,118.9375,20181200,,20190300
2018-09-28 11:45:00,118.65625,20190300,118.9375,20181200,118.65625,20190300
2018-09-28 12:00:00,,20190300,118.9375,20181200,,20190300
2018-09-28 12:15:00,,20190300,118.9375,20181200,,20190300
2018-09-28 12:30:00,,20190300,118.953125,20181200,,20190300
2018-09-28 12:45:00,118.75,20190300,118.96875,20181200,118.75,20190300
2018-09-28 13:00:00,,20190300,118.953125,20181200,,20190300
2018-09-28 13:15:00,,20190300,118.953125,20181200,,20190300
2018-09-28 13:30:00,118.6875,20190300,118.9375,20181200,118.6875,20190300
2018-09-28 13:45:00,,20190300,118.953125,20181200,,20190300
2018-09-28 14:00:00,,20190300,118.890625,20181200,,20190300
2018-09-28 14:15:00,,20190300,118.90625,20181200,,20190300
2018-09-28 14:30:00,,20190300,118.875,20181200,,20190300
2018-09-28 14:45:00,,20190300,118.90625,20181200,,20190300
2018-09-28 15:00:00,,20190300,118.875,20181200,,20190300
2018-09-28 15:15:00,,20190300,118.828125,20181200,,20190300
2018-09-28 15:30:00,118.59375,20190300,118.8125,20181200,118.59375,20190300
2018-09-28 15:45:00,,20190300,118.78125,20181200,,20190300
2018-09-28 16:00:00,,20190300,118.8125,20181200,,20190300
2018-09-28 16:15:00,,20190300,118.84375,20181200,,20190300
2018-09-28 16:30:00,,20190300,118.890625,20181200,,20190300
2018-09-28 16:45:00,118.671875,20190300,118.875,20181200,118.671875,20190300
2018-09-28 17:00:00,,20190300,118.84375,20181200,,20190300
2018-09-28 17:15:00,,20190300,118.875,20181200,,20190300
2018-09-28 17:30:00,,20190300,118.875,20181200,,20190300
2018-09-28 17:45:00,,20190300,118.859375,20181200,,20190300
2018-09-28 18:00:00,,20190300,118.859375,20181200,,20190300
2018-09-28 18:15:00,,20190300,118.828125,20181200,,20190300
2018-09-28 18:30:00,,20190300,118.875,20181200,,20190300
2018-09-28 18:45:00,,20190300,118.875,20181200,,20190300
2018-09-28 19:00:00,,20190300,118.859375,20181200,,20190300
2018-09-28 19:15:00,,20190300,118.8125,20181200,,20190300
2018-09-28 19:30:00,,20190300,118.8125,20181200,,20190300
2018-09-28 19:45:00,118.609375,20190300,118.796875,20181200,118.609375,20190300
2018-09-28 20:00:00,,20190300,118.84375,20181200,,20190300
2018-09-28 20:15:00,,20190300,118.828125,20181200,,20190300
2018-09-28 20:30:00,,20190300,118.84375,20181200,,20190300
2018-09-28 20:45:00,,20190300,118.796875,20181200,,20190300
2018-09-28 21:00:00,,20190300,118.78125,20181200,,20190300
2018-09-28 21:15:00,,20190300,118.75,20181200,,20190300
2018-09-28 21:30:00,,20190300,118.75,20181200,,20190300
2018-09-28 21:45:00,,20190300,118.734375,20181200,,20190300
2018-09-28 23:00:00,118.609375,20190300,118.8125,20181200,118.609375,20190300
2018-09-30 23:00:00,,20190300,118.703125,20181200,,20190300
2018-09-30 23:15:00,,20190300,118.703125,20181200,,20190300
2018-09-30 23:30:00,,20190300,118.703125,20181200,,20190300
2018-09-30 23:45:00,,20190300,118.71875,20181200,,20190300
2018-10-01 00:00:00,,20190300,118.6875,20181200,,20190300
2018-10-01 00:15:00,,20190300,118.6875,20181200,,20190300
2018-10-01 00:30:00,,20190300,118.703125,20181200,,20190300
2018-10-01 00:45:00,,20190300,118.703125,20181200,,20190300
2018-10-01 01:00:00,,20190300,118.703125,20181200,,20190300
2018-10-01 01:15:00,118.53125,20190300,118.734375,20181200,118.53125,20190300
2018-10-01 01:30:00,,20190300,118.734375,20181200,,20190300
2018-10-01 01:45:00,,20190300,118.703125,20181200,,20190300
2018-10-01 02:00:00,,20190300,118.71875,20181200,,20190300
2018-10-01 02:15:00,,20190300,118.71875,20181200,,20190300
2018-10-01 02:30:00,,20190300,118.703125,20181200,,20190300
2018-10-01 02:45:00,,20190300,118.671875,20181200,,20190300
2018-10-01 03:00:00,,20190300,118.671875,20181200,,20190300
2018-10-01 03:15:00,,20190300,118.671875,20181200,,20190300
2018-10-01 03:30:00,,20190300,118.671875,20181200,,20190300
2018-10-01 03:45:00,,20190300,118.671875,20181200,,20190300
2018-10-01 04:00:00,,20190300,118.65625,20181200,,20190300
2018-10-01 04:15:00,,20190300,118.65625,20181200,,20190300
2018-10-01 04:30:00,,20190300,118.65625,20181200,,20190300
2018-10-01 04:45:00,,20190300,118.65625,20181200,,20190300
2018-10-01 05:15:00,,20190300,118.65625,20181200,,20190300
2018-10-01 05:30:00,,20190300,118.671875,20181200,,20190300
2018-10-01 05:45:00,,20190300,118.671875,20181200,,20190300
2018-10-01 06:15:00,,20190300,118.671875,20181200,,20190300
2018-10-01 06:30:00,,20190300,118.65625,20181200,,20190300
2018-10-01 06:45:00,,20190300,118.6875,20181200,,20190300
2018-10-01 07:00:00,,20190300,118.6875,20181200,,20190300
2018-10-01 07:15:00,,20190300,118.671875,20181200,,20190300
2018-10-01 07:30:00,,20190300,118.6875,20181200,,20190300
2018-10-01 07:45:00,,20190300,118.71875,20181200,,20190300
2018-10-01 08:00:00,,20190300,118.6875,20181200,,20190300
2018-10-01 08:15:00,,20190300,118.6875,20181200,,20190300
2018-10-01 08:30:00,,20190300,118.65625,20181200,,20190300
2018-10-01 08:45:00,,20190300,118.609375,20181200,,20190300
2018-10-01 09:00:00,,20190300,118.609375,20181200,,20190300
2018-10-01 09:15:00,,20190300,118.609375,20181200,,20190300
2018-10-01 09:30:00,,20190300,118.59375,20181200,,20190300
2018-10-01 09:45:00,,20190300,118.5625,20181200,,20190300
2018-10-01 10:00:00,,20190300,118.546875,20181200,,20190300
2018-10-01 10:15:00,,20190300,118.5625,20181200,,20190300
2018-10-01 10:30:00,,20190300,118.53125,20181200,,20190300
2018-10-01 10:45:00,,20190300,118.53125,20181200,,20190300
2018-10-01 11:00:00,,20190300,118.546875,20181200,,20190300
2018-10-01 11:15:00,,20190300,118.5625,20181200,,20190300
2018-10-01 11:30:00,,20190300,118.5625,20181200,,20190300
2018-10-01 11:45:00,,20190300,118.5625,20181200,,20190300
2018-10-01 12:00:00,,20190300,118.5625,20181200,,20190300
2018-10-01 12:15:00,,20190300,118.578125,20181200,,20190300
2018-10-01 12:30:00,,20190300,118.625,20181200,,20190300
2018-10-01 12:45:00,,20190300,118.625,20181200,,20190300
2018-10-01 13:00:00,,20190300,118.578125,20181200,,20190300
2018-10-01 13:15:00,,20190300,118.65625,20181200,,20190300
2018-10-01 13:30:00,,20190300,118.65625,20181200,,20190300
2018-10-01 13:45:00,,20190300,118.6875,20181200,,20190300
2018-10-01 14:00:00,,20190300,118.703125,20181200,,20190300
2018-10-01 14:15:00,,20190300,118.703125,20181200,,20190300
2018-10-01 14:30:00,,20190300,118.703125,20181200,,20190300
2018-10-01 14:45:00,118.484375,20190300,118.71875,20181200,118.484375,20190300
2018-10-01 15:00:00,118.484375,20190300,118.65625,20181200,118.484375,20190300
2018-10-01 15:15:00,,20190300,118.65625,20181200,,20190300
2018-10-01 15:30:00,,20190300,118.703125,20181200,,20190300
2018-10-01 15:45:00,,20190300,118.71875,20181200,,20190300
2018-10-01 16:00:00,,20190300,118.71875,20181200,,20190300
2018-10-01 16:15:00,,20190300,118.75,20181200,,20190300
2018-10-01 16:30:00,,20190300,118.734375,20181200,,20190300
2018-10-01 16:45:00,,20190300,118.703125,20181200,,20190300
2018-10-01 17:00:00,,20190300,118.75,20181200,,20190300
2018-10-01 17:15:00,,20190300,118.734375,20181200,,20190300
2018-10-01 17:30:00,118.5,20190300,118.71875,20181200,118.5,20190300
2018-10-01 17:45:00,,20190300,118.71875,20181200,,20190300
2018-10-01 18:00:00,,20190300,118.6875,20181200,,20190300
2018-10-01 18:15:00,,20190300,118.6875,20181200,,20190300
2018-10-01 18:30:00,,20190300,118.703125,20181200,,20190300
2018-10-01 18:45:00,,20190300,118.703125,20181200,,20190300
2018-10-01 19:00:00,,20190300,118.703125,20181200,,20190300
2018-10-01 19:15:00,,20190300,118.671875,20181200,,20190300
2018-10-01 19:30:00,,20190300,118.703125,20181200,,20190300
2018-10-01 19:45:00,,20190300,118.671875,20181200,,20190300
2018-10-01 20:00:00,,20190300,118.65625,20181200,,20190300
2018-10-01 20:15:00,118.359375,20190300,118.625,20181200,118.359375,20190300
2018-10-01 20:30:00,,20190300,118.609375,20181200,,20190300
2018-10-01 20:45:00,,20190300,118.609375,20181200,,20190300
2018-10-01 21:00:00,,20190300,118.640625,20181200,,20190300
2018-10-01 21:15:00,,20190300,118.640625,20181200,,20190300
2018-10-01 21:30:00,,20190300,118.625,20181200,,20190300
2018-10-01 21:45:00,,20190300,118.640625,20181200,,20190300
2018-10-01 23:00:00,118.4375,20190300,118.671875,20181200,118.4375,20190300
2018-10-01 23:15:00,,20190300,118.640625,20181200,,20190300
2018-10-01 23:30:00,,20190300,118.609375,20181200,,20190300
2018-10-01 23:45:00,,20190300,118.625,20181200,,20190300
2018-10-02 00:00:00,,20190300,118.640625,20181200,,20190300
2018-10-02 00:15:00,,20190300,118.625,20181200,,20190300
2018-10-02 00:30:00,,20190300,118.625,20181200,,20190300
2018-10-02 00:45:00,,20190300,118.625,20181200,,20190300
2018-10-02 01:00:00,,20190300,118.625,20181200,,20190300
2018-10-02 01:15:00,,20190300,118.640625,20181200,,20190300
2018-10-02 01:30:00,,20190300,118.625,20181200,,20190300
2018-10-02 01:45:00,,20190300,118.640625,20181200,,20190300
2018-10-02 02:00:00,,20190300,118.65625,20181200,,20190300
2018-10-02 02:15:00,,20190300,118.65625,20181200,,20190300
2018-10-02 02:30:00,,20190300,118.671875,20181200,,20190300
2018-10-02 02:45:00,,20190300,118.65625,20181200,,20190300
2018-10-02 03:00:00,,20190300,118.640625,20181200,,20190300
2018-10-02 03:15:00,,20190300,118.65625,20181200,,20190300
2018-10-02 03:30:00,,20190300,118.65625,20181200,,20190300
2018-10-02 03:45:00,,20190300,118.65625,20181200,,20190300
2018-10-02 04:00:00,,20190300,118.65625,20181200,,20190300
2018-10-02 04:15:00,,20190300,118.640625,20181200,,20190300
2018-10-02 04:30:00,,20190300,118.65625,20181200,,20190300
2018-10-02 04:45:00,,20190300,118.65625,20181200,,20190300
2018-10-02 05:15:00,,20190300,118.65625,20181200,,20190300
2018-10-02 05:30:00,,20190300,118.65625,20181200,,20190300
2018-10-02 05:45:00,,20190300,118.640625,20181200,,20190300
2018-10-02 06:15:00,,20190300,118.6875,20181200,,20190300
2018-10-02 06:30:00,,20190300,118.6875,20181200,,20190300
2018-10-02 06:45:00,,20190300,118.71875,20181200,,20190300
2018-10-02 07:00:00,,20190300,118.765625,20181200,,20190300
2018-10-02 07:15:00,,20190300,118.796875,20181200,,20190300
2018-10-02 07:30:00,,20190300,118.765625,20181200,,20190300
2018-10-02 07:45:00,,20190300,118.796875,20181200,,20190300
2018-10-02 08:00:00,,20190300,118.84375,20181200,,20190300
2018-10-02 08:15:00,,20190300,118.875,20181200,,20190300
2018-10-02 08:30:00,118.625,20190300,118.84375,20181200,118.625,20190300
2018-10-02 08:45:00,,20190300,118.8125,20181200,,20190300
2018-10-02 09:00:00,,20190300,118.796875,20181200,,20190300
2018-10-02 09:15:00,,20190300,118.875,20181200,,20190300
2018-10-02 09:30:00,,20190300,118.875,20181200,,20190300
2018-10-02 09:45:00,,20190300,118.859375,20181200,,20190300
2018-10-02 10:00:00,,20190300,118.90625,20181200,,20190300
2018-10-02 10:15:00,,20190300,118.890625,20181200,,20190300
2018-10-02 10:30:00,,20190300,118.875,20181200,,20190300
2018-10-02 10:45:00,,20190300,118.859375,20181200,,20190300
2018-10-02 11:00:00,,20190300,118.828125,20181200,,20190300
2018-10-02 11:15:00,118.578125,20190300,118.84375,20181200,118.578125,20190300
2018-10-02 11:30:00,,20190300,118.859375,20181200,,20190300
2018-10-02 11:45:00,,20190300,118.8125,20181200,,20190300
2018-10-02 12:00:00,118.59375,20190300,118.796875,20181200,118.59375,20190300
2018-10-02 12:15:00,,20190300,118.765625,20181200,,20190300
2018-10-02 12:30:00,,20190300,118.765625,20181200,,20190300
2018-10-02 12:45:00,,20190300,118.8125,20181200,,20190300
2018-10-02 13:00:00,,20190300,118.734375,20181200,,20190300
2018-10-02 13:15:00,,20190300,118.765625,20181200,,20190300
2018-10-02 13:30:00,118.53125,20190300,118.765625,20181200,118.53125,20190300
2018-10-02 13:45:00,,20190300,118.75,20181200,,20190300
2018-10-02 14:00:00,,20190300,118.734375,20181200,,20190300
2018-10-02 14:15:00,,20190300,118.734375,20181200,,20190300
2018-10-02 14:30:00,,20190300,118.796875,20181200,,20190300
2018-10-02 14:45:00,,20190300,118.84375,20181200,,20190300
2018-10-02 15:00:00,,20190300,118.828125,20181200,,20190300
2018-10-02 15:15:00,,20190300,118.859375,20181200,,20190300
2018-10-02 15:30:00,118.640625,20190300,118.890625,20181200,118.640625,20190300
2018-10-02 15:45:00,,20190300,118.890625,20181200,,20190300
2018-10-02 16:00:00,,20190300,118.84375,20181200,,20190300
2018-10-02 16:15:00,,20190300,118.859375,20181200,,20190300
2018-10-02 16:30:00,,20190300,118.875,20181200,,20190300
2018-10-02 16:45:00,,20190300,118.84375,20181200,,20190300
2018-10-02 17:00:00,,20190300,118.859375,20181200,,20190300
2018-10-02 17:15:00,,20190300,118.84375,20181200,,20190300
2018-10-02 17:30:00,,20190300,118.859375,20181200,,20190300
2018-10-02 17:45:00,,20190300,118.8125,20181200,,20190300
2018-10-02 18:00:00,,20190300,118.765625,20181200,,20190300
2018-10-02 18:15:00,,20190300,118.75,20181200,,20190300
2018-10-02 18:30:00,,20190300,118.75,20181200,,20190300
2018-10-02 18:45:00,,20190300,118.75,20181200,,20190300
2018-10-02 19:00:00,,20190300,118.78125,20181200,,20190300
2018-10-02 19:15:00,,20190300,118.765625,20181200,,20190300
2018-10-02 19:30:00,,20190300,118.796875,20181200,,20190300
2018-10-02 19:45:00,,20190300,118.828125,20181200,,20190300
2018-10-02 20:00:00,,20190300,118.84375,20181200,,20190300
2018-10-02 20:15:00,,20190300,118.828125,20181200,,20190300
2018-10-02 20:30:00,,20190300,118.84375,20181200,,20190300
2018-10-02 20:45:00,,20190300,118.828125,20181200,,20190300
2018-10-02 21:00:00,,20190300,118.859375,20181200,,20190300
2018-10-02 21:15:00,,20190300,118.828125,20181200,,20190300
2018-10-02 21:30:00,,20190300,118.78125,20181200,,20190300
2018-10-02 21:45:00,,20190300,118.765625,20181200,,20190300
2018-10-02 23:00:00,118.578125,20190300,118.671875,20181200,118.578125,20190300
2018-10-02 23:15:00,,20190300,118.78125,20181200,,20190300
2018-10-02 23:30:00,,20190300,118.78125,20181200,,20190300
2018-10-02 23:45:00,,20190300,118.78125,20181200,,20190300
2018-10-03 00:00:00,,20190300,118.78125,20181200,,20190300
2018-10-03 00:15:00,,20190300,118.796875,20181200,,20190300
2018-10-03 00:30:00,,20190300,118.78125,20181200,,20190300
2018-10-03 00:45:00,,20190300,118.78125,20181200,,20190300
2018-10-03 01:00:00,,20190300,118.796875,20181200,,20190300
2018-10-03 01:15:00,,20190300,118.828125,20181200,,20190300
2018-10-03 01:30:00,,20190300,118.84375,20181200,,20190300
2018-10-03 01:45:00,,20190300,118.828125,20181200,,20190300
2018-10-03 02:00:00,,20190300,118.84375,20181200,,20190300
2018-10-03 02:15:00,,20190300,118.84375,20181200,,20190300
2018-10-03 02:30:00,,20190300,118.890625,20181200,,20190300
2018-10-03 02:45:00,118.671875,20190300,118.78125,20181200,118.671875,20190300
2018-10-03 03:00:00,,20190300,118.75,20181200,,20190300
2018-10-03 03:15:00,,20190300,118.71875,20181200,,20190300
2018-10-03 03:30:00,,20190300,118.734375,20181200,,20190300
2018-10-03 03:45:00,,20190300,118.71875,20181200,,20190300
2018-10-03 04:00:00,,20190300,118.71875,20181200,,20190300
2018-10-03 04:15:00,,20190300,118.734375,20181200,,20190300
2018-10-03 04:30:00,,20190300,118.734375,20181200,,20190300
2018-10-03 04:45:00,,20190300,118.765625,20181200,,20190300
2018-10-03 05:15:00,,20190300,118.765625,20181200,,20190300
2018-10-03 05:30:00,,20190300,118.765625,20181200,,20190300
2018-10-03 05:45:00,,20190300,118.734375,20181200,,20190300
2018-10-03 06:15:00,,20190300,118.6875,20181200,,20190300
2018-10-03 06:30:00,,20190300,118.6875,20181200,,20190300
2018-10-03 06:45:00,,20190300,118.6875,20181200,,20190300
2018-10-03 07:00:00,,20190300,118.671875,20181200,,20190300
2018-10-03 07:15:00,,20190300,118.671875,20181200,,20190300
2018-10-03 07:30:00,,20190300,118.671875,20181200,,20190300
2018-10-03 07:45:00,,20190300,118.671875,20181200,,20190300
2018-10-03 08:00:00,,20190300,118.734375,20181200,,20190300
2018-10-03 08:15:00,,20190300,118.71875,20181200,,20190300
2018-10-03 08:30:00,,20190300,118.71875,20181200,,20190300
2018-10-03 08:45:00,,20190300,118.703125,20181200,,20190300
2018-10-03 09:00:00,,20190300,118.71875,20181200,,20190300
2018-10-03 09:15:00,,20190300,118.703125,20181200,,20190300
2018-10-03 09:30:00,,20190300,118.671875,20181200,,20190300
2018-10-03 09:45:00,,20190300,118.703125,20181200,,20190300
2018-10-03 10:00:00,,20190300,118.71875,20181200,,20190300
2018-10-03 10:15:00,,20190300,118.71875,20181200,,20190300
2018-10-03 10:30:00,,20190300,118.734375,20181200,,20190300
2018-10-03 10:45:00,,20190300,118.734375,20181200,,20190300
2018-10-03 11:00:00,,20190300,118.734375,20181200,,20190300
2018-10-03 11:15:00,,20190300,118.71875,20181200,,20190300
2018-10-03 11:30:00,,20190300,118.671875,20181200,,20190300
2018-10-03 11:45:00,,20190300,118.703125,20181200,,20190300
2018-10-03 12:00:00,,20190300,118.703125,20181200,,20190300
2018-10-03 12:15:00,,20190300,118.703125,20181200,,20190300
2018-10-03 12:30:00,,20190300,118.734375,20181200,,20190300
2018-10-03 12:45:00,,20190300,118.703125,20181200,,20190300
2018-10-03 13:00:00,,20190300,118.671875,20181200,,20190300
2018-10-03 13:15:00,,20190300,118.671875,20181200,,20190300
2018-10-03 13:30:00,,20190300,118.65625,20181200,,20190300
2018-10-03 13:45:00,,20190300,118.625,20181200,,20190300
2018-10-03 14:00:00,,20190300,118.65625,20181200,,20190300
2018-10-03 14:15:00,,20190300,118.640625,20181200,,20190300
2018-10-03 14:30:00,118.375,20190300,118.640625,20181200,118.375,20190300
2018-10-03 14:45:00,,20190300,118.65625,20181200,,20190300
2018-10-03 15:00:00,,20190300,118.5625,20181200,,20190300
2018-10-03 15:15:00,118.234375,20190300,118.515625,20181200,118.234375,20190300
2018-10-03 15:30:00,,20190300,118.53125,20181200,,20190300
2018-10-03 15:45:00,,20190300,118.53125,20181200,,20190300
2018-10-03 16:00:00,,20190300,118.5,20181200,,20190300
2018-10-03 16:15:00,,20190300,118.390625,20181200,,20190300
2018-10-03 16:30:00,118.0625,20190300,118.359375,20181200,118.0625,20190300
2018-10-03 16:45:00,118.09375,20190300,118.40625,20181200,118.09375,20190300
2018-10-03 17:00:00,118.09375,20190300,118.34375,20181200,118.09375,20190300
2018-10-03 17:15:00,,20190300,118.359375,20181200,,20190300
2018-10-03 17:30:00,,20190300,118.28125,20181200,,20190300
2018-10-03 17:45:00,118.03125,20190300,118.25,20181200,118.03125,20190300
2018-10-03 18:00:00,117.90625,20190300,118.203125,20181200,117.90625,20190300
2018-10-03 18:15:00,,20190300,118.171875,20181200,,20190300
2018-10-03 18:30:00,,20190300,118.1875,20181200,,20190300
2018-10-03 18:45:00,117.953125,20190300,118.078125,20181200,117.953125,20190300
2018-10-03 19:00:00,117.8125,20190300,118.078125,20181200,117.8125,20190300
2018-10-03 19:15:00,117.84375,20190300,118.046875,20181200,117.84375,20190300
2018-10-03 19:30:00,117.765625,20190300,118.09375,20181200,117.765625,20190300
2018-10-03 19:45:00,,20190300,118.109375,20181200,,20190300
2018-10-03 20:00:00,117.90625,20190300,118.203125,20181200,117.90625,20190300
2018-10-03 20:15:00,117.953125,20190300,118.203125,20181200,117.953125,20190300
2018-10-03 20:30:00,,20190300,118.1875,20181200,,20190300
2018-10-03 20:45:00,117.921875,20190300,118.140625,20181200,117.921875,20190300
2018-10-03 21:00:00,,20190300,118.109375,20181200,,20190300
2018-10-03 21:15:00,,20190300,118.03125,20181200,,20190300
2018-10-03 21:30:00,117.71875,20190300,117.984375,20181200,117.71875,20190300
2018-10-03 21:45:00,,20190300,117.9375,20181200,,20190300
2018-10-03 23:00:00,117.859375,20190300,118.71875,20181200,117.859375,20190300
2018-10-03 23:15:00,,20190300,117.9375,20181200,,20190300
2018-10-03 23:30:00,,20190300,117.921875,20181200,,20190300
2018-10-03 23:45:00,,20190300,117.921875,20181200,,20190300
2018-10-04 00:00:00,,20190300,117.921875,20181200,,20190300
2018-10-04 00:15:00,,20190300,117.84375,20181200,,20190300
2018-10-04 00:30:00,117.59375,20190300,117.828125,20181200,117.59375,20190300
2018-10-04 00:45:00,,20190300,117.84375,20181200,,20190300
2018-10-04 01:00:00,,20190300,117.921875,20181200,,20190300
2018-10-04 01:15:00,,20190300,117.90625,20181200,,20190300
2018-10-04 01:30:00,,20190300,117.9375,20181200,,20190300
2018-10-04 01:45:00,117.671875,20190300,117.921875,20181200,117.671875,20190300
2018-10-04 02:00:00,,20190300,117.9375,20181200,,20190300
2018-10-04 02:15:00,,20190300,117.9375,20181200,,20190300
2018-10-04 02:30:00,,20190300,117.921875,20181200,,20190300
2018-10-04 02:45:00,,20190300,117.953125,20181200,,20190300
2018-10-04 03:00:00,,20190300,117.9375,20181200,,20190300
2018-10-04 03:15:00,,20190300,117.9375,20181200,,20190300
2018-10-04 03:30:00,,20190300,117.953125,20181200,,20190300
2018-10-04 03:45:00,,20190300,117.9375,20181200,,20190300
2018-10-04 04:00:00,,20190300,117.96875,20181200,,20190300
2018-10-04 04:15:00,,20190300,117.953125,20181200,,20190300
2018-10-04 04:30:00,,20190300,117.9375,20181200,,20190300
2018-10-04 04:45:00,,20190300,117.890625,20181200,,20190300
2018-10-04 05:15:00,,20190300,117.75,20181200,,20190300
2018-10-04 05:30:00,,20190300,117.734375,20181200,,20190300
2018-10-04 05:45:00,,20190300,117.765625,20181200,,20190300
2018-10-04 06:15:00,,20190300,117.703125,20181200,,20190300
2018-10-04 06:30:00,,20190300,117.734375,20181200,,20190300
2018-10-04 06:45:00,,20190300,117.6875,20181200,,20190300
2018-10-04 07:00:00,,20190300,117.671875,20181200,,20190300
2018-10-04 07:15:00,,20190300,117.734375,20181200,,20190300
2018-10-04 07:30:00,117.53125,20190300,117.78125,20181200,117.53125,20190300
2018-10-04 07:45:00,,20190300,117.8125,20181200,,20190300
2018-10-04 08:00:00,,20190300,117.828125,20181200,,20190300
2018-10-04 08:15:00,,20190300,117.828125,20181200,,20190300
2018-10-04 08:30:00,,20190300,117.796875,20181200,,20190300
2018-10-04 08:45:00,,20190300,117.8125,20181200,,20190300
2018-10-04 09:00:00,,20190300,117.71875,20181200,,20190300
2018-10-04 09:15:00,,20190300,117.671875,20181200,,20190300
2018-10-04 09:30:00,,20190300,117.6875,20181200,,20190300
2018-10-04 09:45:00,,20190300,117.71875,20181200,,20190300
2018-10-04 10:00:00,,20190300,117.703125,20181200,,20190300
2018-10-04 10:15:00,,20190300,117.75,20181200,,20190300
2018-10-04 10:30:00,,20190300,117.6875,20181200,,20190300
2018-10-04 10:45:00,,20190300,117.75,20181200,,20190300
2018-10-04 11:00:00,,20190300,117.765625,20181200,,20190300
2018-10-04 11:15:00,,20190300,117.78125,20181200,,20190300
2018-10-04 11:30:00,,20190300,117.78125,20181200,,20190300
2018-10-04 11:45:00,117.46875,20190300,117.75,20181200,117.46875,20190300
2018-10-04 12:00:00,117.484375,20190300,117.75,20181200,117.484375,20190300
2018-10-04 12:15:00,,20190300,117.734375,20181200,,20190300
2018-10-04 12:30:00,117.5,20190300,117.796875,20181200,117.5,20190300
2018-10-04 12:45:00,,20190300,117.703125,20181200,,20190300
2018-10-04 13:00:00,,20190300,117.8125,20181200,,20190300
2018-10-04 13:15:00,117.5625,20190300,117.890625,20181200,117.5625,20190300
2018-10-04 13:30:00,117.65625,20190300,117.9375,20181200,117.65625,20190300
2018-10-04 13:45:00,,20190300,117.890625,20181200,,20190300
2018-10-04 14:00:00,,20190300,117.90625,20181200,,20190300
2018-10-04 14:15:00,,20190300,117.875,20181200,,20190300
2018-10-04 14:30:00,117.71875,20190300,118.0,20181200,117.71875,20190300
2018-10-04 14:45:00,117.734375,20190300,117.9375,20181200,117.734375,20190300
2018-10-04 15:00:00,,20190300,118.0,20181200,,20190300
2018-10-04 15:15:00,117.75,20190300,118.015625,20181200,117.75,20190300
2018-10-04 15:30:00,,20190300,117.96875,20181200,,20190300
2018-10-04 15:45:00,117.640625,20190300,117.875,20181200,117.640625,20190300
2018-10-04 16:00:00,117.609375,20190300,117.828125,20181200,117.609375,20190300
2018-10-04 16:15:00,117.578125,20190300,117.84375,20181200,117.578125,20190300
2018-10-04 16:30:00,,20190300,117.828125,20181200,,20190300
2018-10-04 16:45:00,117.59375,20190300,117.890625,20181200,117.59375,20190300
2018-10-04 17:00:00,117.6875,20190300,117.921875,20181200,117.6875,20190300
2018-10-04 17:15:00,,20190300,117.90625,20181200,,20190300
2018-10-04 17:30:00,,20190300,117.890625,20181200,,20190300
2018-10-04 17:45:00,117.609375,20190300,117.890625,20181200,117.609375,20190300
2018-10-04 18:00:00,,20190300,117.953125,20181200,,20190300
2018-10-04 18:15:00,,20190300,117.921875,20181200,,20190300
2018-10-04 18:30:00,,20190300,117.890625,20181200,,20190300
2018-10-04 18:45:00,,20190300,117.90625,20181200,,20190300
2018-10-04 19:00:00,,20190300,117.875,20181200,,20190300
2018-10-04 19:15:00,,20190300,117.84375,20181200,,20190300
2018-10-04 19:30:00,,20190300,117.859375,20181200,,20190300
2018-10-04 19:45:00,,20190300,117.875,20181200,,20190300
2018-10-04 20:00:00,,20190300,117.859375,20181200,,20190300
2018-10-04 20:15:00,,20190300,117.875,20181200,,20190300
2018-10-04 20:30:00,,20190300,117.90625,20181200,,20190300
2018-10-04 20:45:00,,20190300,117.875,20181200,,20190300
2018-10-04 21:00:00,,20190300,117.921875,20181200,,20190300
2018-10-04 21:15:00,,20190300,117.921875,20181200,,20190300
2018-10-04 21:30:00,,20190300,117.921875,20181200,,20190300
2018-10-04 21:45:00,,20190300,117.921875,20181200,,20190300
2018-10-04 23:00:00,117.609375,20190300,117.75,20181200,117.609375,20190300
2018-10-04 23:15:00,,20190300,117.890625,20181200,,20190300
2018-10-04 23:30:00,,20190300,117.890625,20181200,,20190300
2018-10-04 23:45:00,,20190300,117.890625,20181200,,20190300
2018-10-05 00:00:00,,20190300,117.890625,20181200,,20190300
2018-10-05 00:15:00,,20190300,117.890625,20181200,,20190300
2018-10-05 00:30:00,,20190300,117.890625,20181200,,20190300
2018-10-05 00:45:00,,20190300,117.890625,20181200,,20190300
2018-10-05 01:00:00,,20190300,117.890625,20181200,,20190300
2018-10-05 01:15:00,,20190300,117.921875,20181200,,20190300
2018-10-05 01:30:00,,20190300,117.859375,20181200,,20190300
2018-10-05 01:45:00,,20190300,117.84375,20181200,,20190300
2018-10-05 02:00:00,,20190300,117.84375,20181200,,20190300
2018-10-05 02:15:00,,20190300,117.859375,20181200,,20190300
2018-10-05 02:30:00,,20190300,117.875,20181200,,20190300
2018-10-05 02:45:00,,20190300,117.859375,20181200,,20190300
2018-10-05 03:00:00,,20190300,117.875,20181200,,20190300
2018-10-05 03:15:00,,20190300,117.875,20181200,,20190300
2018-10-05 03:30:00,,20190300,117.84375,20181200,,20190300
2018-10-05 03:45:00,,20190300,117.859375,20181200,,20190300
2018-10-05 04:00:00,,20190300,117.875,20181200,,20190300
2018-10-05 04:15:00,,20190300,117.890625,20181200,,20190300
2018-10-05 04:30:00,,20190300,117.875,20181200,,20190300
2018-10-05 04:45:00,,20190300,117.90625,20181200,,20190300
2018-10-05 05:15:00,,20190300,117.890625,20181200,,20190300
2018-10-05 05:30:00,,20190300,117.890625,20181200,,20190300
2018-10-05 05:45:00,,20190300,117.859375,20181200,,20190300
2018-10-05 06:15:00,,20190300,117.875,20181200,,20190300
2018-10-05 06:30:00,,20190300,117.890625,20181200,,20190300
2018-10-05 06:45:00,,20190300,117.875,20181200,,20190300
2018-10-05 07:00:00,,20190300,117.859375,20181200,,20190300
2018-10-05 07:15:00,,20190300,117.890625,20181200,,20190300
2018-10-05 07:30:00,,20190300,117.890625,20181200,,20190300
2018-10-05 07:45:00,117.578125,20190300,117.8125,20181200,117.578125,20190300
2018-10-05 08:00:00,,20190300,117.796875,20181200,,20190300
2018-10-05 08:15:00,117.5,20190300,117.765625,20181200,117.5,20190300
2018-10-05 08:30:00,,20190300,117.765625,20181200,,20190300
2018-10-05 08:45:00,,20190300,117.765625,20181200,,20190300
2018-10-05 09:00:00,,20190300,117.78125,20181200,,20190300
2018-10-05 09:15:00,,20190300,117.796875,20181200,,20190300
2018-10-05 09:30:00,117.515625,20190300,117.796875,20181200,117.515625,20190300
2018-10-05 09:45:00,,20190300,117.828125,20181200,,20190300
2018-10-05 10:00:00,,20190300,117.8125,20181200,,20190300
2018-10-05 10:15:00,,20190300,117.828125,20181200,,20190300
2018-10-05 10:30:00,,20190300,117.84375,20181200,,20190300
2018-10-05 10:45:00,,20190300,117.796875,20181200,,20190300
2018-10-05 11:00:00,,20190300,117.8125,20181200,,20190300
2018-10-05 11:15:00,,20190300,117.796875,20181200,,20190300
2018-10-05 11:30:00,,20190300,117.8125,20181200,,20190300
2018-10-05 11:45:00,,20190300,117.8125,20181200,,20190300
2018-10-05 12:00:00,,20190300,117.8125,20181200,,20190300
2018-10-05 12:15:00,,20190300,117.8125,20181200,,20190300
2018-10-05 12:30:00,,20190300,117.828125,20181200,,20190300
2018-10-05 12:45:00,,20190300,117.796875,20181200,,20190300
2018-10-05 13:00:00,,20190300,117.828125,20181200,,20190300
2018-10-05 13:15:00,,20190300,117.84375,20181200,,20190300
2018-10-05 13:30:00,117.40625,20190300,117.65625,20181200,117.40625,20190300
2018-10-05 13:45:00,,20190300,117.78125,20181200,,20190300
2018-10-05 14:00:00,117.515625,20190300,117.796875,20181200,117.515625,20190300
2018-10-05 14:15:00,117.484375,20190300,117.71875,20181200,117.484375,20190300
2018-10-05 14:30:00,,20190300,117.75,20181200,,20190300
2018-10-05 14:45:00,117.5,20190300,117.78125,20181200,117.5,20190300
2018-10-05 15:00:00,,20190300,117.8125,20181200,,20190300
2018-10-05 15:15:00,,20190300,117.75,20181200,,20190300
2018-10-05 15:30:00,117.46875,20190300,117.703125,20181200,117.46875,20190300
2018-10-05 15:45:00,,20190300,117.6875,20181200,,20190300
2018-10-05 16:00:00,,20190300,117.671875,20181200,,20190300
2018-10-05 16:15:00,,20190300,117.71875,20181200,,20190300
2018-10-05 16:30:00,,20190300,117.6875,20181200,,20190300
2018-10-05 16:45:00,117.296875,20190300,117.609375,20181200,117.296875,20190300
2018-10-05 17:00:00,117.265625,20190300,117.578125,20181200,117.265625,20190300
2018-10-05 17:15:00,,20190300,117.578125,20181200,,20190300
2018-10-05 17:30:00,117.328125,20190300,117.625,20181200,117.328125,20190300
2018-10-05 17:45:00,117.359375,20190300,117.640625,20181200,117.359375,20190300
2018-10-05 18:00:00,117.375,20190300,117.640625,20181200,117.375,20190300
2018-10-05 18:15:00,,20190300,117.578125,20181200,,20190300
2018-10-05 18:30:00,,20190300,117.578125,20181200,,20190300
2018-10-05 18:45:00,,20190300,117.546875,20181200,,20190300
2018-10-05 19:00:00,117.265625,20190300,117.59375,20181200,117.265625,20190300
2018-10-05 19:15:00,,20190300,117.609375,20181200,,20190300
2018-10-05 19:30:00,,20190300,117.65625,20181200,,20190300
2018-10-05 19:45:00,,20190300,117.65625,20181200,,20190300
2018-10-05 20:00:00,,20190300,117.65625,20181200,,20190300
2018-10-05 20:15:00,,20190300,117.625,20181200,,20190300
2018-10-05 20:30:00,,20190300,117.640625,20181200,,20190300
2018-10-05 20:45:00,,20190300,117.65625,20181200,,20190300
2018-10-05 21:00:00,,20190300,117.625,20181200,,20190300
2018-10-05 21:15:00,,20190300,117.625,20181200,,20190300
2018-10-05 21:30:00,,20190300,117.625,20181200,,20190300
2018-10-05 21:45:00,,20190300,117.625,20181200,,20190300
2018-10-05 23:00:00,117.265625,20190300,117.875,20181200,117.265625,20190300
2018-10-07 23:00:00,,20190300,117.546875,20181200,,20190300
2018-10-07 23:15:00,,20190300,117.578125,20181200,,20190300
2018-10-07 23:30:00,,20190300,117.5625,20181200,,20190300
2018-10-07 23:45:00,,20190300,117.546875,20181200,,20190300
2018-10-08 00:00:00,,20190300,117.421875,20181200,,20190300
2018-10-08 00:15:00,,20190300,117.4375,20181200,,20190300
2018-10-08 00:30:00,,20190300,117.453125,20181200,,20190300
2018-10-08 00:45:00,,20190300,117.46875,20181200,,20190300
2018-10-08 01:00:00,,20190300,117.484375,20181200,,20190300
2018-10-08 01:15:00,,20190300,117.5,20181200,,20190300
2018-10-08 01:30:00,,20190300,117.515625,20181200,,20190300
2018-10-08 01:45:00,,20190300,117.515625,20181200,,20190300
2018-10-08 02:00:00,,20190300,117.5,20181200,,20190300
2018-10-08 02:15:00,,20190300,117.484375,20181200,,20190300
2018-10-08 02:30:00,,20190300,117.515625,20181200,,20190300
2018-10-08 02:45:00,,20190300,117.515625,20181200,,20190300
2018-10-08 03:00:00,,20190300,117.53125,20181200,,20190300
2018-10-08 03:15:00,,20190300,117.546875,20181200,,20190300
2018-10-08 03:30:00,,20190300,117.546875,20181200,,20190300
2018-10-08 03:45:00,,20190300,117.546875,20181200,,20190300
2018-10-08 04:00:00,,20190300,117.515625,20181200,,20190300
2018-10-08 04:15:00,,20190300,117.515625,20181200,,20190300
2018-10-08 04:30:00,,20190300,117.515625,20181200,,20190300
2018-10-08 04:45:00,,20190300,117.515625,20181200,,20190300
2018-10-08 05:15:00,,20190300,117.546875,20181200,,20190300
2018-10-08 05:30:00,,20190300,117.546875,20181200,,20190300
2018-10-08 05:45:00,,20190300,117.5625,20181200,,20190300
2018-10-08 06:15:00,,20190300,117.546875,20181200,,20190300
2018-10-08 06:30:00,,20190300,117.546875,20181200,,20190300
2018-10-08 06:45:00,,20190300,117.546875,20181200,,20190300
2018-10-08 07:00:00,,20190300,117.546875,20181200,,20190300
2018-10-08 07:15:00,,20190300,117.546875,20181200,,20190300
2018-10-08 07:30:00,,20190300,117.578125,20181200,,20190300
2018-10-08 07:45:00,,20190300,117.578125,20181200,,20190300
2018-10-08 08:00:00,,20190300,117.59375,20181200,,20190300
2018-10-08 08:15:00,,20190300,117.578125,20181200,,20190300
2018-10-08 08:30:00,,20190300,117.59375,20181200,,20190300
2018-10-08 08:45:00,,20190300,117.625,20181200,,20190300
2018-10-08 09:00:00,,20190300,117.625,20181200,,20190300
2018-10-08 09:15:00,,20190300,117.640625,20181200,,20190300
2018-10-08 09:30:00,,20190300,117.703125,20181200,,20190300
2018-10-08 09:45:00,,20190300,117.78125,20181200,,20190300
2018-10-08 10:00:00,,20190300,117.734375,20181200,,20190300
2018-10-08 10:15:00,,20190300,117.71875,20181200,,20190300
2018-10-08 10:30:00,,20190300,117.71875,20181200,,20190300
2018-10-08 10:45:00,,20190300,117.71875,20181200,,20190300
2018-10-08 11:00:00,,20190300,117.703125,20181200,,20190300
2018-10-08 11:15:00,117.421875,20190300,117.734375,20181200,117.421875,20190300
2018-10-08 11:30:00,,20190300,117.75,20181200,,20190300
2018-10-08 11:45:00,,20190300,117.75,20181200,,20190300
2018-10-08 12:00:00,,20190300,117.796875,20181200,,20190300
2018-10-08 12:15:00,,20190300,117.78125,20181200,,20190300
2018-10-08 12:30:00,,20190300,117.78125,20181200,,20190300
2018-10-08 12:45:00,,20190300,117.8125,20181200,,20190300
2018-10-08 13:00:00,,20190300,117.765625,20181200,,20190300
2018-10-08 13:15:00,,20190300,117.765625,20181200,,20190300
2018-10-08 13:30:00,,20190300,117.765625,20181200,,20190300
2018-10-08 13:45:00,,20190300,117.71875,20181200,,20190300
2018-10-08 14:00:00,117.46875,20190300,117.765625,20181200,117.46875,20190300
2018-10-08 14:15:00,117.46875,20190300,117.75,20181200,117.46875,20190300
2018-10-08 14:30:00,,20190300,117.71875,20181200,,20190300
2018-10-08 14:45:00,,20190300,117.6875,20181200,,20190300
2018-10-08 15:00:00,,20190300,117.703125,20181200,,20190300
2018-10-08 15:15:00,,20190300,117.671875,20181200,,20190300
2018-10-08 15:30:00,,20190300,117.671875,20181200,,20190300
2018-10-08 15:45:00,,20190300,117.703125,20181200,,20190300
2018-10-08 16:00:00,,20190300,117.6875,20181200,,20190300
2018-10-08 16:15:00,,20190300,117.6875,20181200,,20190300
2018-10-08 16:30:00,,20190300,117.71875,20181200,,20190300
2018-10-08 16:45:00,,20190300,117.765625,20181200,,20190300
2018-10-08 17:00:00,,20190300,117.765625,20181200,,20190300
2018-10-08 17:15:00,,20190300,117.734375,20181200,,20190300
2018-10-08 17:30:00,,20190300,117.75,20181200,,20190300
2018-10-08 17:45:00,,20190300,117.765625,20181200,,20190300
2018-10-08 18:00:00,,20190300,117.75,20181200,,20190300
2018-10-08 18:15:00,,20190300,117.734375,20181200,,20190300
2018-10-08 18:30:00,,20190300,117.734375,20181200,,20190300
2018-10-08 18:45:00,,20190300,117.75,20181200,,20190300
2018-10-08 19:00:00,,20190300,117.71875,20181200,,20190300
2018-10-08 19:15:00,117.421875,20190300,117.734375,20181200,117.421875,20190300
2018-10-08 19:30:00,117.390625,20190300,117.71875,20181200,117.390625,20190300
2018-10-08 19:45:00,,20190300,117.703125,20181200,,20190300
2018-10-08 20:00:00,,20190300,117.703125,20181200,,20190300
2018-10-08 20:15:00,,20190300,117.703125,20181200,,20190300
2018-10-08 20:30:00,,20190300,117.671875,20181200,,20190300
2018-10-08 20:45:00,,20190300,117.671875,20181200,,20190300
2018-10-08 21:00:00,,20190300,117.671875,20181200,,20190300
2018-10-08 21:15:00,,20190300,117.65625,20181200,,20190300
2018-10-08 21:30:00,117.34375,20190300,117.65625,20181200,117.34375,20190300
2018-10-08 21:45:00,117.34375,20190300,117.640625,20181200,117.34375,20190300
2018-10-08 23:00:00,117.40625,20190300,117.546875,20181200,117.40625,20190300
2018-10-08 23:15:00,,20190300,117.640625,20181200,,20190300
2018-10-08 23:30:00,,20190300,117.640625,20181200,,20190300
2018-10-08 23:45:00,,20190300,117.640625,20181200,,20190300
2018-10-09 00:00:00,,20190300,117.65625,20181200,,20190300
2018-10-09 00:15:00,,20190300,117.65625,20181200,,20190300
2018-10-09 00:30:00,,20190300,117.640625,20181200,,20190300
2018-10-09 00:45:00,,20190300,117.6875,20181200,,20190300
2018-10-09 01:00:00,,20190300,117.703125,20181200,,20190300
2018-10-09 01:15:00,,20190300,117.6875,20181200,,20190300
2018-10-09 01:30:00,,20190300,117.6875,20181200,,20190300
2018-10-09 01:45:00,,20190300,117.65625,20181200,,20190300
2018-10-09 02:00:00,,20190300,117.65625,20181200,,20190300
2018-10-09 02:15:00,,20190300,117.609375,20181200,,20190300
2018-10-09 02:30:00,117.28125,20190300,117.625,20181200,117.28125,20190300
2018-10-09 02:45:00,,20190300,117.625,20181200,,20190300
2018-10-09 03:00:00,,20190300,117.578125,20181200,,20190300
2018-10-09 03:15:00,,20190300,117.546875,20181200,,20190300
2018-10-09 03:30:00,,20190300,117.5625,20181200,,20190300
2018-10-09 03:45:00,,20190300,117.5625,20181200,,20190300
2018-10-09 04:00:00,,20190300,117.59375,20181200,,20190300
2018-10-09 04:15:00,,20190300,117.5625,20181200,,20190300
2018-10-09 04:30:00,,20190300,117.578125,20181200,,20190300
2018-10-09 04:45:00,,20190300,117.59375,20181200,,20190300
2018-10-09 05:15:00,,20190300,117.609375,20181200,,20190300
2018-10-09 05:30:00,,20190300,117.609375,20181200,,20190300
2018-10-09 05:45:00,,20190300,117.625,20181200,,20190300
2018-10-09 06:15:00,,20190300,117.625,20181200,,20190300
2018-10-09 06:30:00,,20190300,117.609375,20181200,,20190300
2018-10-09 06:45:00,,20190300,117.609375,20181200,,20190300
2018-10-09 07:00:00,,20190300,117.59375,20181200,,20190300
2018-10-09 07:15:00,,20190300,117.578125,20181200,,20190300
2018-10-09 07:30:00,,20190300,117.53125,20181200,,20190300
2018-10-09 07:45:00,,20190300,117.53125,20181200,,20190300
2018-10-09 08:00:00,,20190300,117.546875,20181200,,20190300
2018-10-09 08:15:00,,20190300,117.5625,20181200,,20190300
2018-10-09 08:30:00,,20190300,117.546875,20181200,,20190300
2018-10-09 08:45:00,,20190300,117.59375,20181200,,20190300
2018-10-09 09:00:00,,20190300,117.578125,20181200,,20190300
2018-10-09 09:15:00,,20190300,117.546875,20181200,,20190300
2018-10-09 09:30:00,,20190300,117.5625,20181200,,20190300
2018-10-09 09:45:00,,20190300,117.515625,20181200,,20190300
2018-10-09 10:00:00,117.1875,20190300,117.5,20181200,117.1875,20190300
2018-10-09 10:15:00,,20190300,117.53125,20181200,,20190300
2018-10-09 10:30:00,,20190300,117.546875,20181200,,20190300
2018-10-09 10:45:00,,20190300,117.5625,20181200,,20190300
2018-10-09 11:00:00,,20190300,117.59375,20181200,,20190300
2018-10-09 11:15:00,,20190300,117.609375,20181200,,20190300
2018-10-09 11:30:00,,20190300,117.5625,20181200,,20190300
2018-10-09 11:45:00,,20190300,117.546875,20181200,,20190300
2018-10-09 12:00:00,,20190300,117.5625,20181200,,20190300
2018-10-09 12:15:00,,20190300,117.5625,20181200,,20190300
2018-10-09 12:30:00,,20190300,117.59375,20181200,,20190300
2018-10-09 12:45:00,,20190300,117.65625,20181200,,20190300
2018-10-09 13:00:00,,20190300,117.640625,20181200,,20190300
2018-10-09 13:15:00,,20190300,117.671875,20181200,,20190300
2018-10-09 13:30:00,117.359375,20190300,117.65625,20181200,117.359375,20190300
2018-10-09 13:45:00,,20190300,117.671875,20181200,,20190300
2018-10-09 14:00:00,117.40625,20190300,117.71875,20181200,117.40625,20190300
2018-10-09 14:15:00,,20190300,117.703125,20181200,,20190300
2018-10-09 14:30:00,,20190300,117.703125,20181200,,20190300
2018-10-09 14:45:00,,20190300,117.734375,20181200,,20190300
2018-10-09 15:00:00,117.484375,20190300,117.765625,20181200,117.484375,20190300
2018-10-09 15:15:00,,20190300,117.734375,20181200,,20190300
2018-10-09 15:30:00,,20190300,117.734375,20181200,,20190300
2018-10-09 15:45:00,,20190300,117.828125,20181200,,20190300
2018-10-09 16:00:00,117.546875,20190300,117.84375,20181200,117.546875,20190300
2018-10-09 16:15:00,117.546875,20190300,117.8125,20181200,117.546875,20190300
2018-10-09 16:30:00,,20190300,117.75,20181200,,20190300
2018-10-09 16:45:00,,20190300,117.734375,20181200,,20190300
2018-10-09 17:00:00,,20190300,117.734375,20181200,,20190300
2018-10-09 17:15:00,,20190300,117.75,20181200,,20190300
2018-10-09 17:30:00,,20190300,117.765625,20181200,,20190300
2018-10-09 17:45:00,,20190300,117.765625,20181200,,20190300
2018-10-09 18:00:00,,20190300,117.796875,20181200,,20190300
2018-10-09 18:15:00,,20190300,117.765625,20181200,,20190300
2018-10-09 18:30:00,,20190300,117.75,20181200,,20190300
2018-10-09 18:45:00,,20190300,117.75,20181200,,20190300
2018-10-09 19:00:00,,20190300,117.765625,20181200,,20190300
2018-10-09 19:15:00,,20190300,117.78125,20181200,,20190300
2018-10-09 19:30:00,,20190300,117.796875,20181200,,20190300
2018-10-09 19:45:00,,20190300,117.8125,20181200,,20190300
2018-10-09 20:00:00,,20190300,117.8125,20181200,,20190300
2018-10-09 20:15:00,,20190300,117.828125,20181200,,20190300
2018-10-09 20:30:00,,20190300,117.8125,20181200,,20190300
2018-10-09 20:45:00,,20190300,117.828125,20181200,,20190300
2018-10-09 21:00:00,117.5625,20190300,117.8125,20181200,117.5625,20190300
2018-10-09 21:15:00,,20190300,117.84375,20181200,,20190300
2018-10-09 21:30:00,,20190300,117.828125,20181200,,20190300
2018-10-09 21:45:00,117.546875,20190300,117.8125,20181200,117.546875,20190300
2018-10-09 23:00:00,117.53125,20190300,117.609375,20181200,117.53125,20190300
2018-10-09 23:15:00,,20190300,117.78125,20181200,,20190300
2018-10-09 23:30:00,,20190300,117.765625,20181200,,20190300
2018-10-09 23:45:00,117.484375,20190300,117.765625,20181200,117.484375,20190300
2018-10-10 00:00:00,,20190300,117.765625,20181200,,20190300
2018-10-10 00:15:00,,20190300,117.765625,20181200,,20190300
2018-10-10 00:30:00,,20190300,117.78125,20181200,,20190300
2018-10-10 00:45:00,,20190300,117.78125,20181200,,20190300
2018-10-10 01:00:00,,20190300,117.78125,20181200,,20190300
2018-10-10 01:15:00,,20190300,117.796875,20181200,,20190300
2018-10-10 01:30:00,,20190300,117.78125,20181200,,20190300
2018-10-10 01:45:00,,20190300,117.75,20181200,,20190300
2018-10-10 02:00:00,,20190300,117.78125,20181200,,20190300
2018-10-10 02:15:00,,20190300,117.78125,20181200,,20190300
2018-10-10 02:30:00,,20190300,117.78125,20181200,,20190300
2018-10-10 02:45:00,,20190300,117.796875,20181200,,20190300
2018-10-10 03:00:00,,20190300,117.78125,20181200,,20190300
2018-10-10 03:15:00,,20190300,117.796875,20181200,,20190300
2018-10-10 03:30:00,,20190300,117.8125,20181200,,20190300
2018-10-10 03:45:00,,20190300,117.8125,20181200,,20190300
2018-10-10 04:00:00,,20190300,117.796875,20181200,,20190300
2018-10-10 04:15:00,,20190300,117.8125,20181200,,20190300
2018-10-10 04:30:00,,20190300,117.796875,20181200,,20190300
2018-10-10 04:45:00,,20190300,117.796875,20181200,,20190300
2018-10-10 05:15:00,,20190300,117.796875,20181200,,20190300
2018-10-10 05:30:00,,20190300,117.796875,20181200,,20190300
2018-10-10 05:45:00,,20190300,117.796875,20181200,,20190300
2018-10-10 06:15:00,117.46875,20190300,117.78125,20181200,117.46875,20190300
2018-10-10 06:30:00,,20190300,117.796875,20181200,,20190300
2018-10-10 06:45:00,,20190300,117.78125,20181200,,20190300
2018-10-10 07:00:00,,20190300,117.78125,20181200,,20190300
2018-10-10 07:15:00,,20190300,117.78125,20181200,,20190300
2018-10-10 07:30:00,,20190300,117.796875,20181200,,20190300
2018-10-10 07:45:00,,20190300,117.765625,20181200,,20190300
2018-10-10 08:00:00,,20190300,117.796875,20181200,,20190300
2018-10-10 08:15:00,,20190300,117.78125,20181200,,20190300
2018-10-10 08:30:00,,20190300,117.765625,20181200,,20190300
2018-10-10 08:45:00,,20190300,117.75,20181200,,20190300
2018-10-10 09:00:00,,20190300,117.734375,20181200,,20190300
2018-10-10 09:15:00,,20190300,117.71875,20181200,,20190300
2018-10-10 09:30:00,,20190300,117.6875,20181200,,20190300
2018-10-10 09:45:00,,20190300,117.6875,20181200,,20190300
2018-10-10 10:00:00,,20190300,117.671875,20181200,,20190300
2018-10-10 10:15:00,,20190300,117.671875,20181200,,20190300
2018-10-10 10:30:00,,20190300,117.640625,20181200,,20190300
2018-10-10 10:45:00,,20190300,117.65625,20181200,,20190300
2018-10-10 11:00:00,,20190300,117.671875,20181200,,20190300
2018-10-10 11:15:00,,20190300,117.6875,20181200,,20190300
2018-10-10 11:30:00,,20190300,117.703125,20181200,,20190300
2018-10-10 11:45:00,,20190300,117.65625,20181200,,20190300
2018-10-10 12:00:00,,20190300,117.65625,20181200,,20190300
2018-10-10 12:15:00,,20190300,117.640625,20181200,,20190300
2018-10-10 12:30:00,,20190300,117.6875,20181200,,20190300
2018-10-10 12:45:00,,20190300,117.703125,20181200,,20190300
2018-10-10 13:00:00,,20190300,117.65625,20181200,,20190300
2018-10-10 13:15:00,,20190300,117.640625,20181200,,20190300
2018-10-10 13:30:00,,20190300,117.609375,20181200,,20190300
2018-10-10 13:45:00,,20190300,117.578125,20181200,,20190300
2018-10-10 14:00:00,,20190300,117.59375,20181200,,20190300
2018-10-10 14:15:00,117.3125,20190300,117.625,20181200,117.3125,20190300
2018-10-10 14:30:00,,20190300,117.671875,20181200,,20190300
2018-10-10 14:45:00,,20190300,117.765625,20181200,,20190300
2018-10-10 15:00:00,117.453125,20190300,117.71875,20181200,117.453125,20190300
2018-10-10 15:15:00,117.390625,20190300,117.671875,20181200,117.390625,20190300
2018-10-10 15:30:00,,20190300,117.703125,20181200,,20190300
2018-10-10 15:45:00,,20190300,117.71875,20181200,,20190300
2018-10-10 16:00:00,,20190300,117.796875,20181200,,20190300
2018-10-10 16:15:00,117.53125,20190300,117.765625,20181200,117.53125,20190300
2018-10-10 16:30:00,,20190300,117.765625,20181200,,20190300
2018-10-10 16:45:00,117.453125,20190300,117.71875,20181200,117.453125,20190300
2018-10-10 17:00:00,,20190300,117.75,20181200,,20190300
2018-10-10 17:15:00,,20190300,117.75,20181200,,20190300
2018-10-10 17:30:00,,20190300,117.734375,20181200,,20190300
2018-10-10 17:45:00,,20190300,117.75,20181200,,20190300
2018-10-10 18:00:00,,20190300,117.75,20181200,,20190300
2018-10-10 18:15:00,117.390625,20190300,117.703125,20181200,117.390625,20190300
2018-10-10 18:30:00,117.390625,20190300,117.671875,20181200,117.390625,20190300
2018-10-10 18:45:00,117.328125,20190300,117.65625,20181200,117.328125,20190300
2018-10-10 19:00:00,,20190300,117.703125,20181200,,20190300
2018-10-10 19:15:00,,20190300,117.71875,20181200,,20190300
2018-10-10 19:30:00,117.46875,20190300,117.765625,20181200,117.46875,20190300
2018-10-10 19:45:00,117.484375,20190300,117.734375,20181200,117.484375,20190300
2018-10-10 20:00:00,,20190300,117.828125,20181200,,20190300
2018-10-10 20:15:00,117.578125,20190300,117.796875,20181200,117.578125,20190300
2018-10-10 20:30:00,,20190300,117.875,20181200,,20190300
2018-10-10 20:45:00,117.6875,20190300,117.953125,20181200,117.6875,20190300
2018-10-10 21:00:00,117.71875,20190300,117.984375,20181200,117.71875,20190300
2018-10-10 21:15:00,117.78125,20190300,118.140625,20181200,117.78125,20190300
2018-10-10 21:30:00,117.890625,20190300,118.125,20181200,117.890625,20190300
2018-10-10 21:45:00,117.9375,20190300,118.1875,20181200,117.9375,20190300
2018-10-10 23:00:00,117.46875,20190300,117.796875,20181200,117.46875,20190300
2018-10-10 23:15:00,,20190300,118.25,20181200,,20190300
2018-10-10 23:30:00,,20190300,118.265625,20181200,,20190300
2018-10-10 23:45:00,,20190300,118.21875,20181200,,20190300
2018-10-11 00:00:00,117.921875,20190300,118.1875,20181200,117.921875,20190300
2018-10-11 00:15:00,,20190300,118.1875,20181200,,20190300
2018-10-11 00:30:00,117.96875,20190300,118.21875,20181200,117.96875,20190300
2018-10-11 00:45:00,,20190300,118.234375,20181200,,20190300
2018-10-11 01:00:00,,20190300,118.234375,20181200,,20190300
2018-10-11 01:15:00,,20190300,118.234375,20181200,,20190300
2018-10-11 01:30:00,117.90625,20190300,118.171875,20181200,117.90625,20190300
2018-10-11 01:45:00,,20190300,118.1875,20181200,,20190300
2018-10-11 02:00:00,,20190300,118.1875,20181200,,20190300
2018-10-11 02:15:00,,20190300,118.21875,20181200,,20190300
2018-10-11 02:30:00,,20190300,118.234375,20181200,,20190300
2018-10-11 02:45:00,118.0,20190300,118.3125,20181200,118.0,20190300
2018-10-11 03:00:00,,20190300,118.28125,20181200,,20190300
2018-10-11 03:15:00,,20190300,118.296875,20181200,,20190300
2018-10-11 03:30:00,,20190300,118.328125,20181200,,20190300
2018-10-11 03:45:00,,20190300,118.34375,20181200,,20190300
2018-10-11 04:00:00,,20190300,118.34375,20181200,,20190300
2018-10-11 04:15:00,,20190300,118.328125,20181200,,20190300
2018-10-11 04:30:00,,20190300,118.3125,20181200,,20190300
2018-10-11 04:45:00,,20190300,118.265625,20181200,,20190300
2018-10-11 05:15:00,,20190300,118.296875,20181200,,20190300
2018-10-11 05:30:00,,20190300,118.265625,20181200,,20190300
2018-10-11 05:45:00,,20190300,118.3125,20181200,,20190300
2018-10-11 06:15:00,,20190300,118.328125,20181200,,20190300
2018-10-11 06:30:00,,20190300,118.28125,20181200,,20190300
2018-10-11 06:45:00,,20190300,118.234375,20181200,,20190300
2018-10-11 07:00:00,,20190300,118.296875,20181200,,20190300
2018-10-11 07:15:00,,20190300,118.265625,20181200,,20190300
2018-10-11 07:30:00,,20190300,118.203125,20181200,,20190300
2018-10-11 07:45:00,117.890625,20190300,118.15625,20181200,117.890625,20190300
2018-10-11 08:00:00,117.875,20190300,118.15625,20181200,117.875,20190300
2018-10-11 08:15:00,117.84375,20190300,118.140625,20181200,117.84375,20190300
2018-10-11 08:30:00,117.890625,20190300,118.171875,20181200,117.890625,20190300
2018-10-11 08:45:00,,20190300,118.25,20181200,,20190300
2018-10-11 09:00:00,118.0,20190300,118.28125,20181200,118.0,20190300
2018-10-11 09:15:00,,20190300,118.203125,20181200,,20190300
2018-10-11 09:30:00,,20190300,118.234375,20181200,,20190300
2018-10-11 09:45:00,,20190300,118.234375,20181200,,20190300
2018-10-11 10:00:00,,20190300,118.25,20181200,,20190300
2018-10-11 10:15:00,,20190300,118.25,20181200,,20190300
2018-10-11 10:30:00,,20190300,118.265625,20181200,,20190300
2018-10-11 10:45:00,,20190300,118.21875,20181200,,20190300
2018-10-11 11:00:00,,20190300,118.203125,20181200,,20190300
2018-10-11 11:15:00,,20190300,118.1875,20181200,,20190300
2018-10-11 11:30:00,,20190300,118.1875,20181200,,20190300
2018-10-11 11:45:00,,20190300,118.125,20181200,,20190300
2018-10-11 12:00:00,,20190300,118.140625,20181200,,20190300
2018-10-11 12:15:00,117.828125,20190300,118.09375,20181200,117.828125,20190300
2018-10-11 12:30:00,117.84375,20190300,118.09375,20181200,117.84375,20190300
2018-10-11 12:45:00,117.796875,20190300,118.078125,20181200,117.796875,20190300
2018-10-11 13:00:00,117.8125,20190300,118.03125,20181200,117.8125,20190300
2018-10-11 13:15:00,,20190300,117.984375,20181200,,20190300
2018-10-11 13:30:00,117.9375,20190300,118.203125,20181200,117.9375,20190300
2018-10-11 13:45:00,117.875,20190300,118.125,20181200,117.875,20190300
2018-10-11 14:00:00,,20190300,118.1875,20181200,,20190300
2018-10-11 14:15:00,,20190300,118.125,20181200,,20190300
2018-10-11 14:30:00,,20190300,118.171875,20181200,,20190300
2018-10-11 14:45:00,117.75,20190300,118.0,20181200,117.75,20190300
2018-10-11 15:00:00,,20190300,118.046875,20181200,,20190300
2018-10-11 15:15:00,,20190300,118.078125,20181200,,20190300
2018-10-11 15:30:00,,20190300,118.0625,20181200,,20190300
2018-10-11 15:45:00,,20190300,118.15625,20181200,,20190300
2018-10-11 16:00:00,117.96875,20190300,118.234375,20181200,117.96875,20190300
2018-10-11 16:15:00,117.953125,20190300,118.203125,20181200,117.953125,20190300
2018-10-11 16:30:00,,20190300,118.21875,20181200,,20190300
2018-10-11 16:45:00,117.890625,20190300,118.15625,20181200,117.890625,20190300
2018-10-11 17:00:00,,20190300,118.140625,20181200,,20190300
2018-10-11 17:15:00,,20190300,118.140625,20181200,,20190300
2018-10-11 17:30:00,,20190300,118.109375,20181200,,20190300
2018-10-11 17:45:00,,20190300,118.078125,20181200,,20190300
2018-10-11 18:00:00,117.953125,20190300,118.15625,20181200,117.953125,20190300
2018-10-11 18:15:00,117.828125,20190300,118.125,20181200,117.828125,20190300
2018-10-11 18:30:00,,20190300,118.171875,20181200,,20190300
2018-10-11 18:45:00,117.953125,20190300,118.265625,20181200,117.953125,20190300
2018-10-11 19:00:00,,20190300,118.265625,20181200,,20190300
2018-10-11 19:15:00,118.03125,20190300,118.28125,20181200,118.03125,20190300
2018-10-11 19:30:00,118.140625,20190300,118.40625,20181200,118.140625,20190300
2018-10-11 19:45:00,118.15625,20190300,118.40625,20181200,118.15625,20190300
2018-10-11 20:00:00,118.09375,20190300,118.34375,20181200,118.09375,20190300
2018-10-11 20:15:00,,20190300,118.296875,20181200,,20190300
2018-10-11 20:30:00,,20190300,118.296875,20181200,,20190300
2018-10-11 20:45:00,,20190300,118.296875,20181200,,20190300
2018-10-11 21:00:00,118.0,20190300,118.265625,20181200,118.0,20190300
2018-10-11 21:15:00,,20190300,118.28125,20181200,,20190300
2018-10-11 21:30:00,,20190300,118.28125,20181200,,20190300
2018-10-11 21:45:00,117.984375,20190300,118.25,20181200,117.984375,20190300
2018-10-11 23:00:00,118.0,20190300,118.296875,20181200,118.0,20190300
2018-10-11 23:15:00,,20190300,118.21875,20181200,,20190300
2018-10-11 23:30:00,,20190300,118.21875,20181200,,20190300
2018-10-11 23:45:00,,20190300,118.21875,20181200,,20190300
2018-10-12 00:00:00,,20190300,118.1875,20181200,,20190300
2018-10-12 00:15:00,,20190300,118.171875,20181200,,20190300
2018-10-12 00:30:00,,20190300,118.21875,20181200,,20190300
2018-10-12 00:45:00,,20190300,118.25,20181200,,20190300
2018-10-12 01:00:00,,20190300,118.15625,20181200,,20190300
2018-10-12 01:15:00,,20190300,118.140625,20181200,,20190300
2018-10-12 01:30:00,,20190300,118.171875,20181200,,20190300
2018-10-12 01:45:00,,20190300,118.171875,20181200,,20190300
2018-10-12 02:00:00,,20190300,118.15625,20181200,,20190300
2018-10-12 02:15:00,,20190300,118.109375,20181200,,20190300
2018-10-12 02:30:00,,20190300,118.125,20181200,,20190300
2018-10-12 02:45:00,,20190300,118.125,20181200,,20190300
2018-10-12 03:00:00,,20190300,118.125,20181200,,20190300
2018-10-12 03:15:00,,20190300,118.140625,20181200,,20190300
2018-10-12 03:30:00,,20190300,118.140625,20181200,,20190300
2018-10-12 03:45:00,,20190300,118.125,20181200,,20190300
2018-10-12 04:00:00,,20190300,118.140625,20181200,,20190300
2018-10-12 04:15:00,,20190300,118.109375,20181200,,20190300
2018-10-12 04:30:00,117.84375,20190300,118.109375,20181200,117.84375,20190300
2018-10-12 04:45:00,,20190300,118.09375,20181200,,20190300
2018-10-12 05:15:00,,20190300,118.109375,20181200,,20190300
2018-10-12 05:30:00,,20190300,118.109375,20181200,,20190300
2018-10-12 05:45:00,,20190300,118.09375,20181200,,20190300
2018-10-12 06:15:00,,20190300,118.0625,20181200,,20190300
2018-10-12 06:30:00,,20190300,118.046875,20181200,,20190300
2018-10-12 06:45:00,,20190300,118.078125,20181200,,20190300
2018-10-12 07:00:00,,20190300,118.0625,20181200,,20190300
2018-10-12 07:15:00,,20190300,118.0625,20181200,,20190300
2018-10-12 07:30:00,,20190300,118.03125,20181200,,20190300
2018-10-12 07:45:00,,20190300,118.015625,20181200,,20190300
2018-10-12 08:00:00,,20190300,118.0625,20181200,,20190300
2018-10-12 08:15:00,,20190300,118.046875,20181200,,20190300
2018-10-12 08:30:00,,20190300,118.078125,20181200,,20190300
2018-10-12 08:45:00,,20190300,118.078125,20181200,,20190300
2018-10-12 09:00:00,,20190300,118.125,20181200,,20190300
2018-10-12 09:15:00,,20190300,118.109375,20181200,,20190300
2018-10-12 09:30:00,,20190300,118.15625,20181200,,20190300
2018-10-12 09:45:00,,20190300,118.140625,20181200,,20190300
2018-10-12 10:00:00,,20190300,118.109375,20181200,,20190300
2018-10-12 10:15:00,,20190300,118.09375,20181200,,20190300
2018-10-12 10:30:00,,20190300,118.046875,20181200,,20190300
2018-10-12 10:45:00,,20190300,118.09375,20181200,,20190300
2018-10-12 11:00:00,,20190300,118.109375,20181200,,20190300
2018-10-12 11:15:00,,20190300,118.140625,20181200,,20190300
2018-10-12 11:30:00,,20190300,118.125,20181200,,20190300
2018-10-12 11:45:00,,20190300,118.125,20181200,,20190300
2018-10-12 12:00:00,117.875,20190300,118.109375,20181200,117.875,20190300
2018-10-12 12:15:00,117.828125,20190300,118.109375,20181200,117.828125,20190300
2018-10-12 12:30:00,117.84375,20190300,118.09375,20181200,117.84375,20190300
2018-10-12 12:45:00,,20190300,118.140625,20181200,,20190300
2018-10-12 13:00:00,,20190300,118.140625,20181200,,20190300
2018-10-12 13:15:00,,20190300,118.15625,20181200,,20190300
2018-10-12 13:30:00,,20190300,118.15625,20181200,,20190300
2018-10-12 13:45:00,,20190300,118.1875,20181200,,20190300
2018-10-12 14:00:00,,20190300,118.171875,20181200,,20190300
2018-10-12 14:15:00,,20190300,118.1875,20181200,,20190300
2018-10-12 14:30:00,,20190300,118.21875,20181200,,20190300
2018-10-12 14:45:00,,20190300,118.171875,20181200,,20190300
2018-10-12 15:00:00,,20190300,118.171875,20181200,,20190300
2018-10-12 15:15:00,,20190300,118.21875,20181200,,20190300
2018-10-12 15:30:00,117.921875,20190300,118.15625,20181200,117.921875,20190300
2018-10-12 15:45:00,,20190300,118.171875,20181200,,20190300
2018-10-12 16:00:00,,20190300,118.1875,20181200,,20190300
2018-10-12 16:15:00,,20190300,118.25,20181200,,20190300
2018-10-12 16:30:00,,20190300,118.25,20181200,,20190300
2018-10-12 16:45:00,118.03125,20190300,118.265625,20181200,118.03125,20190300
2018-10-12 17:00:00,,20190300,118.265625,20181200,,20190300
2018-10-12 17:15:00,118.046875,20190300,118.296875,20181200,118.046875,20190300
2018-10-12 17:30:00,118.109375,20190300,118.375,20181200,118.109375,20190300
2018-10-12 17:45:00,118.140625,20190300,118.359375,20181200,118.140625,20190300
2018-10-12 18:00:00,118.140625,20190300,118.328125,20181200,118.140625,20190300
2018-10-12 18:15:00,118.0625,20190300,118.34375,20181200,118.0625,20190300
2018-10-12 18:30:00,118.109375,20190300,118.34375,20181200,118.109375,20190300
2018-10-12 18:45:00,,20190300,118.34375,20181200,,20190300
2018-10-12 19:00:00,118.140625,20190300,118.40625,20181200,118.140625,20190300
2018-10-12 19:15:00,,20190300,118.359375,20181200,,20190300
2018-10-12 19:30:00,,20190300,118.375,20181200,,20190300
2018-10-12 19:45:00,,20190300,118.359375,20181200,,20190300
2018-10-12 20:00:00,,20190300,118.3125,20181200,,20190300
2018-10-12 20:15:00,,20190300,118.265625,20181200,,20190300
2018-10-12 20:30:00,,20190300,118.21875,20181200,,20190300
2018-10-12 20:45:00,,20190300,118.15625,20181200,,20190300
2018-10-12 21:00:00,,20190300,118.171875,20181200,,20190300
2018-10-12 21:15:00,,20190300,118.125,20181200,,20190300
2018-10-12 21:30:00,,20190300,118.125,20181200,,20190300
2018-10-12 21:45:00,117.90625,20190300,118.15625,20181200,117.90625,20190300
2018-10-12 23:00:00,118.140625,20190300,118.0625,20181200,118.140625,20190300
2018-10-14 23:00:00,,20190300,118.21875,20181200,,20190300
2018-10-14 23:15:00,,20190300,118.21875,20181200,,20190300
2018-10-14 23:30:00,,20190300,118.203125,20181200,,20190300
2018-10-14 23:45:00,,20190300,118.21875,20181200,,20190300
2018-10-15 00:00:00,,20190300,118.1875,20181200,,20190300
2018-10-15 00:15:00,,20190300,118.21875,20181200,,20190300
2018-10-15 00:30:00,,20190300,118.203125,20181200,,20190300
2018-10-15 00:45:00,,20190300,118.21875,20181200,,20190300
2018-10-15 01:00:00,,20190300,118.234375,20181200,,20190300
2018-10-15 01:15:00,,20190300,118.25,20181200,,20190300
2018-10-15 01:30:00,,20190300,118.265625,20181200,,20190300
2018-10-15 01:45:00,,20190300,118.265625,20181200,,20190300
2018-10-15 02:00:00,,20190300,118.25,20181200,,20190300
2018-10-15 02:15:00,,20190300,118.25,20181200,,20190300
2018-10-15 02:30:00,,20190300,118.28125,20181200,,20190300
2018-10-15 02:45:00,,20190300,118.21875,20181200,,20190300
2018-10-15 03:00:00,,20190300,118.25,20181200,,20190300
2018-10-15 03:15:00,,20190300,118.25,20181200,,20190300
2018-10-15 03:30:00,,20190300,118.25,20181200,,20190300
2018-10-15 03:45:00,,20190300,118.25,20181200,,20190300
2018-10-15 04:00:00,,20190300,118.234375,20181200,,20190300
2018-10-15 04:15:00,,20190300,118.25,20181200,,20190300
2018-10-15 04:30:00,,20190300,118.265625,20181200,,20190300
2018-10-15 04:45:00,,20190300,118.25,20181200,,20190300
2018-10-15 05:15:00,,20190300,118.25,20181200,,20190300
2018-10-15 05:30:00,,20190300,118.25,20181200,,20190300
2018-10-15 05:45:00,,20190300,118.265625,20181200,,20190300
2018-10-15 06:15:00,,20190300,118.265625,20181200,,20190300
2018-10-15 06:30:00,,20190300,118.265625,20181200,,20190300
2018-10-15 06:45:00,,20190300,118.265625,20181200,,20190300
2018-10-15 07:00:00,,20190300,118.296875,20181200,,20190300
2018-10-15 07:15:00,,20190300,118.296875,20181200,,20190300
2018-10-15 07:30:00,,20190300,118.28125,20181200,,20190300
2018-10-15 07:45:00,,20190300,118.25,20181200,,20190300
2018-10-15 08:00:00,,20190300,118.25,20181200,,20190300
2018-10-15 08:15:00,,20190300,118.21875,20181200,,20190300
2018-10-15 08:30:00,,20190300,118.25,20181200,,20190300
2018-10-15 08:45:00,,20190300,118.1875,20181200,,20190300
2018-10-15 09:00:00,,20190300,118.234375,20181200,,20190300
2018-10-15 09:15:00,,20190300,118.234375,20181200,,20190300
2018-10-15 09:30:00,,20190300,118.25,20181200,,20190300
2018-10-15 09:45:00,,20190300,118.28125,20181200,,20190300
2018-10-15 10:00:00,118.015625,20190300,118.265625,20181200,118.015625,20190300
2018-10-15 10:15:00,,20190300,118.25,20181200,,20190300
2018-10-15 10:30:00,,20190300,118.25,20181200,,20190300
2018-10-15 10:45:00,,20190300,118.265625,20181200,,20190300
2018-10-15 11:00:00,,20190300,118.25,20181200,,20190300
2018-10-15 11:15:00,,20190300,118.28125,20181200,,20190300
2018-10-15 11:30:00,,20190300,118.296875,20181200,,20190300
2018-10-15 11:45:00,,20190300,118.265625,20181200,,20190300
2018-10-15 12:00:00,,20190300,118.25,20181200,,20190300
2018-10-15 12:15:00,,20190300,118.234375,20181200,,20190300
2018-10-15 12:30:00,118.0,20190300,118.171875,20181200,118.0,20190300
2018-10-15 12:45:00,,20190300,118.1875,20181200,,20190300
2018-10-15 13:00:00,,20190300,118.1875,20181200,,20190300
2018-10-15 13:15:00,,20190300,118.21875,20181200,,20190300
2018-10-15 13:30:00,118.0,20190300,118.25,20181200,118.0,20190300
2018-10-15 13:45:00,,20190300,118.265625,20181200,,20190300
2018-10-15 14:00:00,,20190300,118.21875,20181200,,20190300
2018-10-15 14:15:00,,20190300,118.28125,20181200,,20190300
2018-10-15 14:30:00,,20190300,118.28125,20181200,,20190300
2018-10-15 14:45:00,,20190300,118.296875,20181200,,20190300
2018-10-15 15:00:00,,20190300,118.328125,20181200,,20190300
2018-10-15 15:15:00,,20190300,118.234375,20181200,,20190300
2018-10-15 15:30:00,,20190300,118.234375,20181200,,20190300
2018-10-15 15:45:00,,20190300,118.234375,20181200,,20190300
2018-10-15 16:00:00,,20190300,118.234375,20181200,,20190300
2018-10-15 16:15:00,,20190300,118.171875,20181200,,20190300
2018-10-15 16:30:00,,20190300,118.15625,20181200,,20190300
2018-10-15 16:45:00,,20190300,118.203125,20181200,,20190300
2018-10-15 17:00:00,,20190300,118.21875,20181200,,20190300
2018-10-15 17:15:00,,20190300,118.1875,20181200,,20190300
2018-10-15 17:30:00,,20190300,118.1875,20181200,,20190300
2018-10-15 17:45:00,,20190300,118.203125,20181200,,20190300
2018-10-15 18:00:00,,20190300,118.203125,20181200,,20190300
2018-10-15 18:15:00,,20190300,118.21875,20181200,,20190300
2018-10-15 18:30:00,117.953125,20190300,118.21875,20181200,117.953125,20190300
2018-10-15 18:45:00,,20190300,118.234375,20181200,,20190300
2018-10-15 19:00:00,,20190300,118.234375,20181200,,20190300
2018-10-15 19:15:00,,20190300,118.21875,20181200,,20190300
2018-10-15 19:30:00,,20190300,118.203125,20181200,,20190300
2018-10-15 19:45:00,117.90625,20190300,118.15625,20181200,117.90625,20190300
2018-10-15 20:00:00,,20190300,118.203125,20181200,,20190300
2018-10-15 20:15:00,,20190300,118.203125,20181200,,20190300
2018-10-15 20:30:00,117.921875,20190300,118.203125,20181200,117.921875,20190300
2018-10-15 20:45:00,,20190300,118.234375,20181200,,20190300
2018-10-15 21:00:00,,20190300,118.234375,20181200,,20190300
2018-10-15 21:15:00,,20190300,118.203125,20181200,,20190300
2018-10-15 21:30:00,,20190300,118.21875,20181200,,20190300
2018-10-15 21:45:00,,20190300,118.203125,20181200,,20190300
2018-10-15 23:00:00,117.890625,20190300,118.25,20181200,117.890625,20190300
2018-10-15 23:15:00,,20190300,118.234375,20181200,,20190300
2018-10-15 23:30:00,,20190300,118.234375,20181200,,20190300
2018-10-15 23:45:00,,20190300,118.234375,20181200,,20190300
2018-10-16 00:00:00,,20190300,118.21875,20181200,,20190300
2018-10-16 00:15:00,,20190300,118.203125,20181200,,20190300
2018-10-16 00:30:00,,20190300,118.203125,20181200,,20190300
2018-10-16 00:45:00,117.921875,20190300,118.1875,20181200,117.921875,20190300
2018-10-16 01:00:00,,20190300,118.203125,20181200,,20190300
2018-10-16 01:15:00,,20190300,118.203125,20181200,,20190300
2018-10-16 01:30:00,,20190300,118.203125,20181200,,20190300
2018-10-16 01:45:00,,20190300,118.203125,20181200,,20190300
2018-10-16 02:00:00,,20190300,118.1875,20181200,,20190300
2018-10-16 02:15:00,117.890625,20190300,118.171875,20181200,117.890625,20190300
2018-10-16 02:30:00,,20190300,118.171875,20181200,,20190300
2018-10-16 02:45:00,117.875,20190300,118.140625,20181200,117.875,20190300
2018-10-16 03:00:00,,20190300,118.125,20181200,,20190300
2018-10-16 03:15:00,,20190300,118.125,20181200,,20190300
2018-10-16 03:30:00,,20190300,118.125,20181200,,20190300
2018-10-16 03:45:00,117.859375,20190300,118.140625,20181200,117.859375,20190300
2018-10-16 04:00:00,,20190300,118.15625,20181200,,20190300
2018-10-16 04:15:00,,20190300,118.15625,20181200,,20190300
2018-10-16 04:30:00,,20190300,118.15625,20181200,,20190300
2018-10-16 04:45:00,,20190300,118.125,20181200,,20190300
2018-10-16 05:15:00,,20190300,118.109375,20181200,,20190300
2018-10-16 05:30:00,,20190300,118.125,20181200,,20190300
2018-10-16 05:45:00,,20190300,118.109375,20181200,,20190300
2018-10-16 06:15:00,,20190300,118.109375,20181200,,20190300
2018-10-16 06:30:00,,20190300,118.109375,20181200,,20190300
2018-10-16 06:45:00,,20190300,118.109375,20181200,,20190300
2018-10-16 07:00:00,,20190300,118.140625,20181200,,20190300
2018-10-16 07:15:00,,20190300,118.109375,20181200,,20190300
2018-10-16 07:30:00,,20190300,118.109375,20181200,,20190300
2018-10-16 07:45:00,,20190300,118.109375,20181200,,20190300
2018-10-16 08:00:00,,20190300,118.125,20181200,,20190300
2018-10-16 08:15:00,,20190300,118.046875,20181200,,20190300
2018-10-16 08:30:00,,20190300,118.09375,20181200,,20190300
2018-10-16 08:45:00,,20190300,118.09375,20181200,,20190300
2018-10-16 09:00:00,117.796875,20190300,118.109375,20181200,117.796875,20190300
2018-10-16 09:15:00,,20190300,118.0625,20181200,,20190300
2018-10-16 09:30:00,,20190300,118.09375,20181200,,20190300
2018-10-16 09:45:00,,20190300,118.09375,20181200,,20190300
2018-10-16 10:00:00,,20190300,118.109375,20181200,,20190300
2018-10-16 10:15:00,,20190300,118.109375,20181200,,20190300
2018-10-16 10:30:00,,20190300,118.109375,20181200,,20190300
2018-10-16 10:45:00,,20190300,118.109375,20181200,,20190300
2018-10-16 11:00:00,,20190300,118.125,20181200,,20190300
2018-10-16 11:15:00,,20190300,118.109375,20181200,,20190300
2018-10-16 11:30:00,,20190300,118.125,20181200,,20190300
2018-10-16 11:45:00,,20190300,118.125,20181200,,20190300
2018-10-16 12:00:00,,20190300,118.125,20181200,,20190300
2018-10-16 12:15:00,,20190300,118.109375,20181200,,20190300
2018-10-16 12:30:00,,20190300,118.125,20181200,,20190300
2018-10-16 12:45:00,,20190300,118.109375,20181200,,20190300
2018-10-16 13:00:00,117.8125,20190300,118.078125,20181200,117.8125,20190300
2018-10-16 13:15:00,117.8125,20190300,118.15625,20181200,117.8125,20190300
2018-10-16 13:30:00,,20190300,118.140625,20181200,,20190300
2018-10-16 13:45:00,,20190300,118.15625,20181200,,20190300
2018-10-16 14:00:00,,20190300,118.140625,20181200,,20190300
2018-10-16 14:15:00,,20190300,118.140625,20181200,,20190300
2018-10-16 14:30:00,,20190300,118.15625,20181200,,20190300
2018-10-16 14:45:00,,20190300,118.140625,20181200,,20190300
2018-10-16 15:00:00,117.8125,20190300,118.109375,20181200,117.8125,20190300
2018-10-16 15:15:00,,20190300,118.125,20181200,,20190300
2018-10-16 15:30:00,,20190300,118.109375,20181200,,20190300
2018-10-16 15:45:00,,20190300,118.09375,20181200,,20190300
2018-10-16 16:00:00,,20190300,118.125,20181200,,20190300
2018-10-16 16:15:00,,20190300,118.125,20181200,,20190300
2018-10-16 16:30:00,,20190300,118.15625,20181200,,20190300
2018-10-16 16:45:00,,20190300,118.1875,20181200,,20190300
2018-10-16 17:00:00,,20190300,118.203125,20181200,,20190300
2018-10-16 17:15:00,117.921875,20190300,118.203125,20181200,117.921875,20190300
2018-10-16 17:30:00,,20190300,118.1875,20181200,,20190300
2018-10-16 17:45:00,,20190300,118.15625,20181200,,20190300
2018-10-16 18:00:00,,20190300,118.203125,20181200,,20190300
2018-10-16 18:15:00,,20190300,118.203125,20181200,,20190300
2018-10-16 18:30:00,,20190300,118.171875,20181200,,20190300
2018-10-16 18:45:00,117.890625,20190300,118.15625,20181200,117.890625,20190300
2018-10-16 19:00:00,117.890625,20190300,118.15625,20181200,117.890625,20190300
2018-10-16 19:15:00,,20190300,118.1875,20181200,,20190300
2018-10-16 19:30:00,,20190300,118.15625,20181200,,20190300
2018-10-16 19:45:00,,20190300,118.21875,20181200,,20190300
2018-10-16 20:00:00,,20190300,118.21875,20181200,,20190300
2018-10-16 20:15:00,,20190300,118.21875,20181200,,20190300
2018-10-16 20:30:00,,20190300,118.1875,20181200,,20190300
2018-10-16 20:45:00,,20190300,118.203125,20181200,,20190300
2018-10-16 21:00:00,,20190300,118.171875,20181200,,20190300
2018-10-16 21:15:00,,20190300,118.15625,20181200,,20190300
2018-10-16 21:30:00,,20190300,118.15625,20181200,,20190300
2018-10-16 21:45:00,117.84375,20190300,118.140625,20181200,117.84375,20190300
2018-10-16 23:00:00,117.890625,20190300,118.109375,20181200,117.890625,20190300
2018-10-16 23:15:00,,20190300,118.140625,20181200,,20190300
2018-10-16 23:30:00,,20190300,118.125,20181200,,20190300
2018-10-16 23:45:00,,20190300,118.125,20181200,,20190300
2018-10-17 00:00:00,,20190300,118.125,20181200,,20190300
2018-10-17 00:15:00,,20190300,118.125,20181200,,20190300
2018-10-17 00:30:00,,20190300,118.140625,20181200,,20190300
2018-10-17 00:45:00,,20190300,118.125,20181200,,20190300
2018-10-17 01:00:00,,20190300,118.125,20181200,,20190300
2018-10-17 01:15:00,,20190300,118.125,20181200,,20190300
2018-10-17 01:30:00,,20190300,118.140625,20181200,,20190300
2018-10-17 01:45:00,,20190300,118.109375,20181200,,20190300
2018-10-17 02:00:00,,20190300,118.09375,20181200,,20190300
2018-10-17 02:15:00,,20190300,118.109375,20181200,,20190300
2018-10-17 02:30:00,,20190300,118.125,20181200,,20190300
2018-10-17 02:45:00,,20190300,118.109375,20181200,,20190300
2018-10-17 03:00:00,117.84375,20190300,118.109375,20181200,117.84375,20190300
2018-10-17 03:15:00,,20190300,118.109375,20181200,,20190300
2018-10-17 03:30:00,,20190300,118.078125,20181200,,20190300
2018-10-17 03:45:00,,20190300,118.109375,20181200,,20190300
2018-10-17 04:00:00,,20190300,118.09375,20181200,,20190300
2018-10-17 04:15:00,,20190300,118.109375,20181200,,20190300
2018-10-17 04:30:00,,20190300,118.109375,20181200,,20190300
2018-10-17 04:45:00,,20190300,118.109375,20181200,,20190300
2018-10-17 05:15:00,,20190300,118.125,20181200,,20190300
2018-10-17 05:30:00,,20190300,118.125,20181200,,20190300
2018-10-17 05:45:00,,20190300,118.125,20181200,,20190300
2018-10-17 06:15:00,,20190300,118.140625,20181200,,20190300
2018-10-17 06:30:00,,20190300,118.140625,20181200,,20190300
2018-10-17 06:45:00,,20190300,118.140625,20181200,,20190300
2018-10-17 07:00:00,117.875,20190300,118.15625,20181200,117.875,20190300
2018-10-17 07:15:00,,20190300,118.125,20181200,,20190300
2018-10-17 07:30:00,,20190300,118.125,20181200,,20190300
2018-10-17 07:45:00,,20190300,118.1875,20181200,,20190300
2018-10-17 08:00:00,,20190300,118.171875,20181200,,20190300
2018-10-17 08:15:00,,20190300,118.171875,20181200,,20190300
2018-10-17 08:30:00,117.890625,20190300,118.125,20181200,117.890625,20190300
2018-10-17 08:45:00,,20190300,118.140625,20181200,,20190300
2018-10-17 09:00:00,,20190300,118.15625,20181200,,20190300
2018-10-17 09:15:00,,20190300,118.125,20181200,,20190300
2018-10-17 09:30:00,,20190300,118.125,20181200,,20190300
2018-10-17 09:45:00,,20190300,118.140625,20181200,,20190300
2018-10-17 10:00:00,,20190300,118.125,20181200,,20190300
2018-10-17 10:15:00,117.84375,20190300,118.125,20181200,117.84375,20190300
2018-10-17 10:30:00,,20190300,118.125,20181200,,20190300
2018-10-17 10:45:00,,20190300,118.09375,20181200,,20190300
2018-10-17 11:00:00,,20190300,118.125,20181200,,20190300
2018-10-17 11:15:00,117.859375,20190300,118.125,20181200,117.859375,20190300
2018-10-17 11:30:00,,20190300,118.09375,20181200,,20190300
2018-10-17 11:45:00,,20190300,118.09375,20181200,,20190300
2018-10-17 12:00:00,117.875,20190300,118.15625,20181200,117.875,20190300
2018-10-17 12:15:00,,20190300,118.140625,20181200,,20190300
2018-10-17 12:30:00,,20190300,118.15625,20181200,,20190300
2018-10-17 12:45:00,,20190300,118.15625,20181200,,20190300
2018-10-17 13:00:00,,20190300,118.1875,20181200,,20190300
2018-10-17 13:15:00,,20190300,118.1875,20181200,,20190300
2018-10-17 13:30:00,,20190300,118.25,20181200,,20190300
2018-10-17 13:45:00,,20190300,118.21875,20181200,,20190300
2018-10-17 14:00:00,,20190300,118.21875,20181200,,20190300
2018-10-17 14:15:00,117.921875,20190300,118.1875,20181200,117.921875,20190300
2018-10-17 14:30:00,117.90625,20190300,118.15625,20181200,117.90625,20190300
2018-10-17 14:45:00,,20190300,118.21875,20181200,,20190300
2018-10-17 15:00:00,117.96875,20190300,118.25,20181200,117.96875,20190300
2018-10-17 15:15:00,,20190300,118.203125,20181200,,20190300
2018-10-17 15:30:00,,20190300,118.25,20181200,,20190300
2018-10-17 15:45:00,117.96875,20190300,118.25,20181200,117.96875,20190300
2018-10-17 16:00:00,117.96875,20190300,118.25,20181200,117.96875,20190300
2018-10-17 16:15:00,117.96875,20190300,118.234375,20181200,117.96875,20190300
2018-10-17 16:30:00,117.953125,20190300,118.171875,20181200,117.953125,20190300
2018-10-17 16:45:00,,20190300,118.171875,20181200,,20190300
2018-10-17 17:00:00,,20190300,118.171875,20181200,,20190300
2018-10-17 17:15:00,,20190300,118.15625,20181200,,20190300
2018-10-17 17:30:00,,20190300,118.109375,20181200,,20190300
2018-10-17 17:45:00,,20190300,118.09375,20181200,,20190300
2018-10-17 18:00:00,,20190300,118.09375,20181200,,20190300
2018-10-17 18:15:00,,20190300,118.109375,20181200,,20190300
2018-10-17 18:30:00,117.8125,20190300,118.125,20181200,117.8125,20190300
2018-10-17 18:45:00,,20190300,118.078125,20181200,,20190300
2018-10-17 19:00:00,,20190300,118.09375,20181200,,20190300
2018-10-17 19:15:00,,20190300,118.140625,20181200,,20190300
2018-10-17 19:30:00,,20190300,118.09375,20181200,,20190300
2018-10-17 19:45:00,117.75,20190300,118.03125,20181200,117.75,20190300
2018-10-17 20:00:00,117.75,20190300,118.015625,20181200,117.75,20190300
2018-10-17 20:15:00,,20190300,118.015625,20181200,,20190300
2018-10-17 20:30:00,,20190300,117.984375,20181200,,20190300
2018-10-17 20:45:00,117.65625,20190300,117.90625,20181200,117.65625,20190300
2018-10-17 21:00:00,117.59375,20190300,117.875,20181200,117.59375,20190300
2018-10-17 21:15:00,117.578125,20190300,117.859375,20181200,117.578125,20190300
2018-10-17 21:30:00,117.578125,20190300,117.859375,20181200,117.578125,20190300
2018-10-17 21:45:00,,20190300,117.859375,20181200,,20190300
2018-10-17 23:00:00,117.84375,20190300,118.125,20181200,117.84375,20190300
2018-10-17 23:15:00,,20190300,117.84375,20181200,,20190300
2018-10-17 23:30:00,,20190300,117.84375,20181200,,20190300
2018-10-17 23:45:00,,20190300,117.84375,20181200,,20190300
2018-10-18 00:00:00,,20190300,117.859375,20181200,,20190300
2018-10-18 00:15:00,,20190300,117.859375,20181200,,20190300
2018-10-18 00:30:00,,20190300,117.859375,20181200,,20190300
2018-10-18 00:45:00,,20190300,117.859375,20181200,,20190300
2018-10-18 01:00:00,,20190300,117.875,20181200,,20190300
2018-10-18 01:15:00,,20190300,117.859375,20181200,,20190300
2018-10-18 01:30:00,117.53125,20190300,117.8125,20181200,117.53125,20190300
2018-10-18 01:45:00,117.53125,20190300,117.828125,20181200,117.53125,20190300
2018-10-18 02:00:00,,20190300,117.828125,20181200,,20190300
2018-10-18 02:15:00,,20190300,117.828125,20181200,,20190300
2018-10-18 02:30:00,,20190300,117.84375,20181200,,20190300
2018-10-18 02:45:00,117.53125,20190300,117.84375,20181200,117.53125,20190300
2018-10-18 03:00:00,,20190300,117.84375,20181200,,20190300
2018-10-18 03:15:00,,20190300,117.84375,20181200,,20190300
2018-10-18 03:30:00,,20190300,117.828125,20181200,,20190300
2018-10-18 03:45:00,,20190300,117.828125,20181200,,20190300
2018-10-18 04:00:00,,20190300,117.8125,20181200,,20190300
2018-10-18 04:15:00,,20190300,117.84375,20181200,,20190300
2018-10-18 04:30:00,,20190300,117.8125,20181200,,20190300
2018-10-18 04:45:00,,20190300,117.828125,20181200,,20190300
2018-10-18 05:15:00,,20190300,117.828125,20181200,,20190300
2018-10-18 05:30:00,,20190300,117.84375,20181200,,20190300
2018-10-18 05:45:00,,20190300,117.84375,20181200,,20190300
2018-10-18 06:15:00,,20190300,117.859375,20181200,,20190300
2018-10-18 06:30:00,,20190300,117.84375,20181200,,20190300
2018-10-18 06:45:00,,20190300,117.859375,20181200,,20190300
2018-10-18 07:00:00,,20190300,117.875,20181200,,20190300
2018-10-18 07:15:00,,20190300,117.890625,20181200,,20190300
2018-10-18 07:30:00,117.546875,20190300,117.828125,20181200,117.546875,20190300
2018-10-18 07:45:00,,20190300,117.859375,20181200,,20190300
2018-10-18 08:00:00,,20190300,117.875,20181200,,20190300
2018-10-18 08:15:00,,20190300,117.875,20181200,,20190300
2018-10-18 08:30:00,,20190300,117.875,20181200,,20190300
2018-10-18 08:45:00,,20190300,117.84375,20181200,,20190300
2018-10-18 09:00:00,,20190300,117.84375,20181200,,20190300
2018-10-18 09:15:00,117.53125,20190300,117.84375,20181200,117.53125,20190300
2018-10-18 09:30:00,,20190300,117.859375,20181200,,20190300
2018-10-18 09:45:00,,20190300,117.84375,20181200,,20190300
2018-10-18 10:00:00,,20190300,117.84375,20181200,,20190300
2018-10-18 10:15:00,,20190300,117.796875,20181200,,20190300
2018-10-18 10:30:00,117.515625,20190300,117.84375,20181200,117.515625,20190300
2018-10-18 10:45:00,,20190300,117.8125,20181200,,20190300
2018-10-18 11:00:00,,20190300,117.8125,20181200,,20190300
2018-10-18 11:15:00,117.53125,20190300,117.796875,20181200,117.53125,20190300
2018-10-18 11:30:00,,20190300,117.828125,20181200,,20190300
2018-10-18 11:45:00,,20190300,117.8125,20181200,,20190300
2018-10-18 12:00:00,117.515625,20190300,117.828125,20181200,117.515625,20190300
2018-10-18 12:15:00,,20190300,117.875,20181200,,20190300
2018-10-18 12:30:00,117.609375,20190300,117.90625,20181200,117.609375,20190300
2018-10-18 12:45:00,117.609375,20190300,117.890625,20181200,117.609375,20190300
2018-10-18 13:00:00,,20190300,117.859375,20181200,,20190300
2018-10-18 13:15:00,,20190300,117.875,20181200,,20190300
2018-10-18 13:30:00,117.625,20190300,117.90625,20181200,117.625,20190300
2018-10-18 13:45:00,117.625,20190300,117.875,20181200,117.625,20190300
2018-10-18 14:00:00,,20190300,117.875,20181200,,20190300
2018-10-18 14:15:00,117.546875,20190300,117.84375,20181200,117.546875,20190300
2018-10-18 14:30:00,,20190300,117.828125,20181200,,20190300
2018-10-18 14:45:00,,20190300,117.875,20181200,,20190300
2018-10-18 15:00:00,117.640625,20190300,117.9375,20181200,117.640625,20190300
2018-10-18 15:15:00,,20190300,117.90625,20181200,,20190300
2018-10-18 15:30:00,,20190300,117.875,20181200,,20190300
2018-10-18 15:45:00,117.59375,20190300,117.90625,20181200,117.59375,20190300
2018-10-18 16:00:00,117.6875,20190300,118.0,20181200,117.6875,20190300
2018-10-18 16:15:00,117.765625,20190300,118.078125,20181200,117.765625,20190300
2018-10-18 16:30:00,117.828125,20190300,118.140625,20181200,117.828125,20190300
2018-10-18 16:45:00,117.84375,20190300,118.125,20181200,117.84375,20190300
2018-10-18 17:00:00,,20190300,118.125,20181200,,20190300
2018-10-18 17:15:00,,20190300,118.09375,20181200,,20190300
2018-10-18 17:30:00,,20190300,118.109375,20181200,,20190300
2018-10-18 17:45:00,,20190300,118.109375,20181200,,20190300
2018-10-18 18:00:00,,20190300,118.140625,20181200,,20190300
2018-10-18 18:15:00,,20190300,118.171875,20181200,,20190300
2018-10-18 18:30:00,117.921875,20190300,118.234375,20181200,117.921875,20190300
2018-10-18 18:45:00,117.9375,20190300,118.25,20181200,117.9375,20190300
2018-10-18 19:00:00,,20190300,118.203125,20181200,,20190300
2018-10-18 19:15:00,,20190300,118.1875,20181200,,20190300
2018-10-18 19:30:00,,20190300,118.171875,20181200,,20190300
2018-10-18 19:45:00,,20190300,118.140625,20181200,,20190300
2018-10-18 20:00:00,,20190300,118.1875,20181200,,20190300
2018-10-18 20:15:00,,20190300,118.15625,20181200,,20190300
2018-10-18 20:30:00,,20190300,118.109375,20181200,,20190300
2018-10-18 20:45:00,,20190300,118.109375,20181200,,20190300
2018-10-18 21:00:00,117.796875,20190300,118.125,20181200,117.796875,20190300
2018-10-18 21:15:00,,20190300,118.140625,20181200,,20190300
2018-10-18 21:30:00,,20190300,118.125,20181200,,20190300
2018-10-18 21:45:00,,20190300,118.09375,20181200,,20190300
2018-10-18 23:00:00,117.796875,20190300,117.84375,20181200,117.796875,20190300
2018-10-18 23:15:00,,20190300,118.109375,20181200,,20190300
2018-10-18 23:30:00,,20190300,118.09375,20181200,,20190300
2018-10-18 23:45:00,,20190300,118.140625,20181200,,20190300
2018-10-19 00:00:00,,20190300,118.125,20181200,,20190300
2018-10-19 00:15:00,,20190300,118.125,20181200,,20190300
2018-10-19 00:30:00,,20190300,118.109375,20181200,,20190300
2018-10-19 00:45:00,,20190300,118.125,20181200,,20190300
2018-10-19 01:00:00,,20190300,118.140625,20181200,,20190300
2018-10-19 01:15:00,,20190300,118.171875,20181200,,20190300
2018-10-19 01:30:00,,20190300,118.171875,20181200,,20190300
2018-10-19 01:45:00,,20190300,118.140625,20181200,,20190300
2018-10-19 02:00:00,,20190300,118.171875,20181200,,20190300
2018-10-19 02:15:00,,20190300,118.171875,20181200,,20190300
2018-10-19 02:30:00,,20190300,118.125,20181200,,20190300
2018-10-19 02:45:00,,20190300,118.125,20181200,,20190300
2018-10-19 03:00:00,,20190300,118.15625,20181200,,20190300
2018-10-19 03:15:00,,20190300,118.109375,20181200,,20190300
2018-10-19 03:30:00,,20190300,118.125,20181200,,20190300
2018-10-19 03:45:00,,20190300,118.125,20181200,,20190300
2018-10-19 04:00:00,,20190300,118.125,20181200,,20190300
2018-10-19 04:15:00,,20190300,118.140625,20181200,,20190300
2018-10-19 04:30:00,,20190300,118.125,20181200,,20190300
2018-10-19 04:45:00,,20190300,118.109375,20181200,,20190300
2018-10-19 05:15:00,,20190300,118.125,20181200,,20190300
2018-10-19 05:30:00,,20190300,118.109375,20181200,,20190300
2018-10-19 05:45:00,,20190300,118.109375,20181200,,20190300
2018-10-19 06:15:00,,20190300,118.09375,20181200,,20190300
2018-10-19 06:30:00,117.796875,20190300,118.078125,20181200,117.796875,20190300
2018-10-19 06:45:00,,20190300,118.078125,20181200,,20190300
2018-10-19 07:00:00,117.796875,20190300,118.015625,20181200,117.796875,20190300
2018-10-19 07:15:00,,20190300,118.046875,20181200,,20190300
2018-10-19 07:30:00,,20190300,118.046875,20181200,,20190300
2018-10-19 07:45:00,,20190300,118.046875,20181200,,20190300
2018-10-19 08:00:00,,20190300,118.03125,20181200,,20190300
2018-10-19 08:15:00,117.78125,20190300,118.109375,20181200,117.78125,20190300
2018-10-19 08:30:00,,20190300,118.140625,20181200,,20190300
2018-10-19 08:45:00,,20190300,118.109375,20181200,,20190300
2018-10-19 09:00:00,,20190300,118.109375,20181200,,20190300
2018-10-19 09:15:00,,20190300,118.140625,20181200,,20190300
2018-10-19 09:30:00,,20190300,118.140625,20181200,,20190300
2018-10-19 09:45:00,,20190300,118.140625,20181200,,20190300
2018-10-19 10:00:00,,20190300,118.15625,20181200,,20190300
2018-10-19 10:15:00,,20190300,118.15625,20181200,,20190300
2018-10-19 10:30:00,,20190300,118.140625,20181200,,20190300
2018-10-19 10:45:00,,20190300,118.15625,20181200,,20190300
2018-10-19 11:00:00,,20190300,118.15625,20181200,,20190300
2018-10-19 11:15:00,,20190300,118.109375,20181200,,20190300
2018-10-19 11:30:00,117.828125,20190300,118.140625,20181200,117.828125,20190300
2018-10-19 11:45:00,,20190300,118.140625,20181200,,20190300
2018-10-19 12:00:00,,20190300,118.109375,20181200,,20190300
2018-10-19 12:15:00,117.734375,20190300,118.03125,20181200,117.734375,20190300
2018-10-19 12:30:00,117.765625,20190300,118.03125,20181200,117.765625,20190300
2018-10-19 12:45:00,,20190300,118.0625,20181200,,20190300
2018-10-19 13:00:00,,20190300,118.0,20181200,,20190300
2018-10-19 13:15:00,117.796875,20190300,118.0625,20181200,117.796875,20190300
2018-10-19 13:30:00,117.765625,20190300,118.109375,20181200,117.765625,20190300
2018-10-19 13:45:00,117.828125,20190300,118.0625,20181200,117.828125,20190300
2018-10-19 14:00:00,,20190300,118.078125,20181200,,20190300
2018-10-19 14:15:00,,20190300,118.125,20181200,,20190300
2018-10-19 14:30:00,117.6875,20190300,117.984375,20181200,117.6875,20190300
2018-10-19 14:45:00,117.65625,20190300,117.9375,20181200,117.65625,20190300
2018-10-19 15:00:00,117.65625,20190300,117.96875,20181200,117.65625,20190300
2018-10-19 15:15:00,,20190300,117.984375,20181200,,20190300
2018-10-19 15:30:00,117.6875,20190300,118.0,20181200,117.6875,20190300
2018-10-19 15:45:00,,20190300,118.0,20181200,,20190300
2018-10-19 16:00:00,,20190300,117.96875,20181200,,20190300
2018-10-19 16:15:00,,20190300,118.0,20181200,,20190300
2018-10-19 16:30:00,117.75,20190300,118.03125,20181200,117.75,20190300
2018-10-19 16:45:00,117.65625,20190300,117.9375,20181200,117.65625,20190300
2018-10-19 17:00:00,117.65625,20190300,117.953125,20181200,117.65625,20190300
2018-10-19 17:15:00,,20190300,118.0,20181200,,20190300
2018-10-19 17:30:00,,20190300,118.015625,20181200,,20190300
2018-10-19 17:45:00,,20190300,117.984375,20181200,,20190300
2018-10-19 18:00:00,,20190300,117.953125,20181200,,20190300
2018-10-19 18:15:00,117.65625,20190300,117.953125,20181200,117.65625,20190300
2018-10-19 18:30:00,,20190300,117.953125,20181200,,20190300
2018-10-19 18:45:00,,20190300,117.96875,20181200,,20190300
2018-10-19 19:00:00,,20190300,118.0,20181200,,20190300
2018-10-19 19:15:00,,20190300,117.984375,20181200,,20190300
2018-10-19 19:30:00,,20190300,118.0,20181200,,20190300
2018-10-19 19:45:00,,20190300,117.953125,20181200,,20190300
2018-10-19 20:00:00,,20190300,117.984375,20181200,,20190300
2018-10-19 20:15:00,,20190300,117.953125,20181200,,20190300
2018-10-19 20:30:00,117.65625,20190300,117.984375,20181200,117.65625,20190300
2018-10-19 20:45:00,,20190300,117.984375,20181200,,20190300
2018-10-19 21:00:00,,20190300,117.96875,20181200,,20190300
2018-10-19 21:15:00,,20190300,117.984375,20181200,,20190300
2018-10-19 21:30:00,,20190300,117.96875,20181200,,20190300
2018-10-19 21:45:00,117.703125,20190300,117.984375,20181200,117.703125,20190300
2018-10-19 23:00:00,117.65625,20190300,118.109375,20181200,117.65625,20190300
2018-10-21 23:00:00,117.65625,20190300,118.0,20181200,117.65625,20190300
2018-10-21 23:15:00,,20190300,118.015625,20181200,,20190300
2018-10-21 23:30:00,,20190300,118.046875,20181200,,20190300
2018-10-21 23:45:00,,20190300,118.03125,20181200,,20190300
2018-10-22 00:00:00,,20190300,118.046875,20181200,,20190300
2018-10-22 00:15:00,,20190300,118.046875,20181200,,20190300
2018-10-22 00:30:00,,20190300,118.046875,20181200,,20190300
2018-10-22 00:45:00,,20190300,118.0,20181200,,20190300
2018-10-22 01:00:00,,20190300,118.015625,20181200,,20190300
2018-10-22 01:15:00,,20190300,118.046875,20181200,,20190300
2018-10-22 01:30:00,,20190300,118.03125,20181200,,20190300
2018-10-22 01:45:00,,20190300,118.03125,20181200,,20190300
2018-10-22 02:00:00,,20190300,118.03125,20181200,,20190300
2018-10-22 02:15:00,,20190300,118.015625,20181200,,20190300
2018-10-22 02:30:00,,20190300,117.96875,20181200,,20190300
2018-10-22 02:45:00,,20190300,118.0,20181200,,20190300
2018-10-22 03:00:00,,20190300,117.984375,20181200,,20190300
2018-10-22 03:15:00,,20190300,117.984375,20181200,,20190300
2018-10-22 03:30:00,,20190300,117.96875,20181200,,20190300
2018-10-22 03:45:00,,20190300,117.953125,20181200,,20190300
2018-10-22 04:00:00,,20190300,117.953125,20181200,,20190300
2018-10-22 04:15:00,,20190300,117.96875,20181200,,20190300
2018-10-22 04:30:00,,20190300,117.953125,20181200,,20190300
2018-10-22 04:45:00,,20190300,117.953125,20181200,,20190300
2018-10-22 05:15:00,,20190300,117.96875,20181200,,20190300
2018-10-22 05:30:00,,20190300,117.96875,20181200,,20190300
2018-10-22 05:45:00,,20190300,117.984375,20181200,,20190300
2018-10-22 06:15:00,,20190300,117.96875,20181200,,20190300
2018-10-22 06:30:00,,20190300,117.96875,20181200,,20190300
2018-10-22 06:45:00,,20190300,117.953125,20181200,,20190300
2018-10-22 07:00:00,117.65625,20190300,117.953125,20181200,117.65625,20190300
2018-10-22 07:15:00,,20190300,117.9375,20181200,,20190300
2018-10-22 07:30:00,,20190300,117.890625,20181200,,20190300
2018-10-22 07:45:00,,20190300,117.90625,20181200,,20190300
2018-10-22 08:00:00,,20190300,117.921875,20181200,,20190300
2018-10-22 08:15:00,,20190300,117.9375,20181200,,20190300
2018-10-22 08:30:00,,20190300,117.9375,20181200,,20190300
2018-10-22 08:45:00,,20190300,117.953125,20181200,,20190300
2018-10-22 09:00:00,,20190300,117.96875,20181200,,20190300
2018-10-22 09:15:00,,20190300,117.984375,20181200,,20190300
2018-10-22 09:30:00,,20190300,117.953125,20181200,,20190300
2018-10-22 09:45:00,,20190300,117.953125,20181200,,20190300
2018-10-22 10:00:00,,20190300,117.921875,20181200,,20190300
2018-10-22 10:15:00,,20190300,117.953125,20181200,,20190300
2018-10-22 10:30:00,,20190300,117.921875,20181200,,20190300
2018-10-22 10:45:00,,20190300,118.0,20181200,,20190300
2018-10-22 11:00:00,,20190300,117.96875,20181200,,20190300
2018-10-22 11:15:00,,20190300,117.96875,20181200,,20190300
2018-10-22 11:30:00,,20190300,117.96875,20181200,,20190300
2018-10-22 11:45:00,,20190300,117.90625,20181200,,20190300
2018-10-22 12:00:00,,20190300,117.984375,20181200,,20190300
2018-10-22 12:15:00,,20190300,117.984375,20181200,,20190300
2018-10-22 12:30:00,,20190300,117.984375,20181200,,20190300
2018-10-22 12:45:00,117.6875,20190300,118.0,20181200,117.6875,20190300
2018-10-22 13:00:00,,20190300,118.015625,20181200,,20190300
2018-10-22 13:15:00,,20190300,118.0625,20181200,,20190300
2018-10-22 13:30:00,,20190300,118.09375,20181200,,20190300
2018-10-22 13:45:00,,20190300,118.09375,20181200,,20190300
2018-10-22 14:00:00,117.8125,20190300,118.09375,20181200,117.8125,20190300
2018-10-22 14:15:00,,20190300,118.046875,20181200,,20190300
2018-10-22 14:30:00,,20190300,118.078125,20181200,,20190300
2018-10-22 14:45:00,,20190300,118.09375,20181200,,20190300
2018-10-22 15:00:00,,20190300,118.03125,20181200,,20190300
2018-10-22 15:15:00,117.8125,20190300,118.078125,20181200,117.8125,20190300
2018-10-22 15:30:00,117.71875,20190300,118.0,20181200,117.71875,20190300
2018-10-22 15:45:00,,20190300,118.0,20181200,,20190300
2018-10-22 16:00:00,,20190300,118.046875,20181200,,20190300
2018-10-22 16:15:00,,20190300,118.015625,20181200,,20190300
2018-10-22 16:30:00,,20190300,118.03125,20181200,,20190300
2018-10-22 16:45:00,117.765625,20190300,118.046875,20181200,117.765625,20190300
2018-10-22 17:00:00,,20190300,118.0625,20181200,,20190300
2018-10-22 17:15:00,,20190300,118.046875,20181200,,20190300
2018-10-22 17:30:00,,20190300,118.03125,20181200,,20190300
2018-10-22 17:45:00,,20190300,118.015625,20181200,,20190300
2018-10-22 18:00:00,,20190300,118.015625,20181200,,20190300
2018-10-22 18:15:00,,20190300,118.03125,20181200,,20190300
2018-10-22 18:30:00,,20190300,118.03125,20181200,,20190300
2018-10-22 18:45:00,,20190300,118.0625,20181200,,20190300
2018-10-22 19:00:00,117.734375,20190300,118.015625,20181200,117.734375,20190300
2018-10-22 19:15:00,,20190300,118.015625,20181200,,20190300
2018-10-22 19:30:00,,20190300,118.015625,20181200,,20190300
2018-10-22 19:45:00,,20190300,118.0,20181200,,20190300
2018-10-22 20:00:00,,20190300,118.03125,20181200,,20190300
2018-10-22 20:15:00,,20190300,117.984375,20181200,,20190300
2018-10-22 20:30:00,,20190300,117.96875,20181200,,20190300
2018-10-22 20:45:00,117.6875,20190300,117.984375,20181200,117.6875,20190300
2018-10-22 21:00:00,,20190300,117.96875,20181200,,20190300
2018-10-22 21:15:00,,20190300,117.984375,20181200,,20190300
2018-10-22 21:30:00,,20190300,117.984375,20181200,,20190300
2018-10-22 21:45:00,,20190300,117.96875,20181200,,20190300
2018-10-22 23:00:00,117.703125,20190300,117.96875,20181200,117.703125,20190300
2018-10-22 23:15:00,,20190300,118.0,20181200,,20190300
2018-10-22 23:30:00,,20190300,118.0,20181200,,20190300
2018-10-22 23:45:00,,20190300,118.0,20181200,,20190300
2018-10-23 00:00:00,,20190300,117.984375,20181200,,20190300
2018-10-23 00:15:00,,20190300,118.0,20181200,,20190300
2018-10-23 00:30:00,,20190300,118.0,20181200,,20190300
2018-10-23 00:45:00,,20190300,118.015625,20181200,,20190300
2018-10-23 01:00:00,,20190300,118.046875,20181200,,20190300
2018-10-23 01:15:00,,20190300,118.046875,20181200,,20190300
2018-10-23 01:30:00,,20190300,118.0625,20181200,,20190300
2018-10-23 01:45:00,,20190300,118.046875,20181200,,20190300
2018-10-23 02:00:00,,20190300,118.015625,20181200,,20190300
2018-10-23 02:15:00,,20190300,118.03125,20181200,,20190300
2018-10-23 02:30:00,,20190300,118.03125,20181200,,20190300
2018-10-23 02:45:00,,20190300,118.0625,20181200,,20190300
2018-10-23 03:00:00,,20190300,118.046875,20181200,,20190300
2018-10-23 03:15:00,,20190300,118.078125,20181200,,20190300
2018-10-23 03:30:00,117.78125,20190300,118.078125,20181200,117.78125,20190300
2018-10-23 03:45:00,,20190300,118.078125,20181200,,20190300
2018-10-23 04:00:00,,20190300,118.09375,20181200,,20190300
2018-10-23 04:15:00,,20190300,118.125,20181200,,20190300
2018-10-23 04:30:00,,20190300,118.140625,20181200,,20190300
2018-10-23 04:45:00,,20190300,118.125,20181200,,20190300
2018-10-23 05:15:00,,20190300,118.140625,20181200,,20190300
2018-10-23 05:30:00,,20190300,118.140625,20181200,,20190300
2018-10-23 05:45:00,,20190300,118.140625,20181200,,20190300
2018-10-23 06:15:00,,20190300,118.15625,20181200,,20190300
2018-10-23 06:30:00,,20190300,118.15625,20181200,,20190300
2018-10-23 06:45:00,,20190300,118.171875,20181200,,20190300
2018-10-23 07:00:00,117.9375,20190300,118.21875,20181200,117.9375,20190300
2018-10-23 07:15:00,117.9375,20190300,118.234375,20181200,117.9375,20190300
2018-10-23 07:30:00,117.984375,20190300,118.265625,20181200,117.984375,20190300
2018-10-23 07:45:00,,20190300,118.28125,20181200,,20190300
2018-10-23 08:00:00,118.03125,20190300,118.3125,20181200,118.03125,20190300
2018-10-23 08:15:00,118.046875,20190300,118.328125,20181200,118.046875,20190300
2018-10-23 08:30:00,118.015625,20190300,118.28125,20181200,118.015625,20190300
2018-10-23 08:45:00,,20190300,118.3125,20181200,,20190300
2018-10-23 09:00:00,118.046875,20190300,118.328125,20181200,118.046875,20190300
2018-10-23 09:15:00,,20190300,118.328125,20181200,,20190300
2018-10-23 09:30:00,,20190300,118.296875,20181200,,20190300
2018-10-23 09:45:00,,20190300,118.3125,20181200,,20190300
2018-10-23 10:00:00,118.09375,20190300,118.375,20181200,118.09375,20190300
2018-10-23 10:15:00,118.109375,20190300,118.375,20181200,118.109375,20190300
2018-10-23 10:30:00,,20190300,118.375,20181200,,20190300
2018-10-23 10:45:00,,20190300,118.359375,20181200,,20190300
2018-10-23 11:00:00,,20190300,118.328125,20181200,,20190300
2018-10-23 11:15:00,,20190300,118.3125,20181200,,20190300
2018-10-23 11:30:00,,20190300,118.3125,20181200,,20190300
2018-10-23 11:45:00,118.03125,20190300,118.296875,20181200,118.03125,20190300
2018-10-23 12:00:00,,20190300,118.296875,20181200,,20190300
2018-10-23 12:15:00,,20190300,118.3125,20181200,,20190300
2018-10-23 12:30:00,118.125,20190300,118.421875,20181200,118.125,20190300
2018-10-23 12:45:00,118.078125,20190300,118.34375,20181200,118.078125,20190300
2018-10-23 13:00:00,118.078125,20190300,118.390625,20181200,118.078125,20190300
2018-10-23 13:15:00,,20190300,118.4375,20181200,,20190300
2018-10-23 13:30:00,118.171875,20190300,118.4375,20181200,118.171875,20190300
2018-10-23 13:45:00,,20190300,118.453125,20181200,,20190300
2018-10-23 14:00:00,118.25,20190300,118.5625,20181200,118.25,20190300
2018-10-23 14:15:00,118.28125,20190300,118.515625,20181200,118.28125,20190300
2018-10-23 14:30:00,118.21875,20190300,118.5,20181200,118.21875,20190300
2018-10-23 14:45:00,,20190300,118.53125,20181200,,20190300
2018-10-23 15:00:00,118.328125,20190300,118.609375,20181200,118.328125,20190300
2018-10-23 15:15:00,118.3125,20190300,118.609375,20181200,118.3125,20190300
2018-10-23 15:30:00,118.328125,20190300,118.578125,20181200,118.328125,20190300
2018-10-23 15:45:00,118.265625,20190300,118.59375,20181200,118.265625,20190300
2018-10-23 16:00:00,118.265625,20190300,118.53125,20181200,118.265625,20190300
2018-10-23 16:15:00,118.234375,20190300,118.484375,20181200,118.234375,20190300
2018-10-23 16:30:00,,20190300,118.53125,20181200,,20190300
2018-10-23 16:45:00,118.328125,20190300,118.59375,20181200,118.328125,20190300
2018-10-23 17:00:00,,20190300,118.546875,20181200,,20190300
2018-10-23 17:15:00,118.265625,20190300,118.515625,20181200,118.265625,20190300
2018-10-23 17:30:00,,20190300,118.484375,20181200,,20190300
2018-10-23 17:45:00,118.203125,20190300,118.484375,20181200,118.203125,20190300
2018-10-23 18:00:00,118.15625,20190300,118.453125,20181200,118.15625,20190300
2018-10-23 18:15:00,118.1875,20190300,118.453125,20181200,118.1875,20190300
2018-10-23 18:30:00,118.203125,20190300,118.46875,20181200,118.203125,20190300
2018-10-23 18:45:00,118.21875,20190300,118.5,20181200,118.21875,20190300
2018-10-23 19:00:00,118.234375,20190300,118.46875,20181200,118.234375,20190300
2018-10-23 19:15:00,118.140625,20190300,118.34375,20181200,118.140625,20190300
2018-10-23 19:30:00,,20190300,118.296875,20181200,,20190300
2018-10-23 19:45:00,118.0,20190300,118.28125,20181200,118.0,20190300
2018-10-23 20:00:00,,20190300,118.265625,20181200,,20190300
2018-10-23 20:15:00,,20190300,118.234375,20181200,,20190300
2018-10-23 20:30:00,,20190300,118.234375,20181200,,20190300
2018-10-23 20:45:00,117.984375,20190300,118.25,20181200,117.984375,20190300
2018-10-23 21:00:00,117.953125,20190300,118.234375,20181200,117.953125,20190300
2018-10-23 21:15:00,,20190300,118.25,20181200,,20190300
2018-10-23 21:30:00,,20190300,118.234375,20181200,,20190300
2018-10-23 21:45:00,117.953125,20190300,118.234375,20181200,117.953125,20190300
2018-10-23 23:00:00,118.0,20190300,118.140625,20181200,118.0,20190300
2018-10-23 23:15:00,,20190300,118.234375,20181200,,20190300
2018-10-23 23:30:00,,20190300,118.234375,20181200,,20190300
2018-10-23 23:45:00,,20190300,118.265625,20181200,,20190300
2018-10-24 00:00:00,,20190300,118.25,20181200,,20190300
2018-10-24 00:15:00,,20190300,118.25,20181200,,20190300
2018-10-24 00:30:00,,20190300,118.21875,20181200,,20190300
2018-10-24 00:45:00,,20190300,118.234375,20181200,,20190300
2018-10-24 01:00:00,,20190300,118.28125,20181200,,20190300
2018-10-24 01:15:00,,20190300,118.28125,20181200,,20190300
2018-10-24 01:30:00,,20190300,118.28125,20181200,,20190300
2018-10-24 01:45:00,,20190300,118.265625,20181200,,20190300
2018-10-24 02:00:00,,20190300,118.28125,20181200,,20190300
2018-10-24 02:15:00,,20190300,118.3125,20181200,,20190300
2018-10-24 02:30:00,118.015625,20190300,118.296875,20181200,118.015625,20190300
2018-10-24 02:45:00,,20190300,118.3125,20181200,,20190300
2018-10-24 03:00:00,,20190300,118.3125,20181200,,20190300
2018-10-24 03:15:00,,20190300,118.328125,20181200,,20190300
2018-10-24 03:30:00,,20190300,118.34375,20181200,,20190300
2018-10-24 03:45:00,,20190300,118.34375,20181200,,20190300
2018-10-24 04:00:00,,20190300,118.3125,20181200,,20190300
2018-10-24 04:15:00,,20190300,118.296875,20181200,,20190300
2018-10-24 04:30:00,,20190300,118.296875,20181200,,20190300
2018-10-24 04:45:00,,20190300,118.3125,20181200,,20190300
2018-10-24 05:15:00,,20190300,118.28125,20181200,,20190300
2018-10-24 05:30:00,,20190300,118.296875,20181200,,20190300
2018-10-24 05:45:00,,20190300,118.28125,20181200,,20190300
2018-10-24 06:15:00,,20190300,118.328125,20181200,,20190300
2018-10-24 06:30:00,,20190300,118.3125,20181200,,20190300
2018-10-24 06:45:00,,20190300,118.328125,20181200,,20190300
2018-10-24 07:00:00,,20190300,118.328125,20181200,,20190300
2018-10-24 07:15:00,,20190300,118.3125,20181200,,20190300
2018-10-24 07:30:00,,20190300,118.390625,20181200,,20190300
2018-10-24 07:45:00,,20190300,118.390625,20181200,,20190300
2018-10-24 08:00:00,,20190300,118.40625,20181200,,20190300
2018-10-24 08:15:00,118.171875,20190300,118.4375,20181200,118.171875,20190300
2018-10-24 08:30:00,,20190300,118.4375,20181200,,20190300
2018-10-24 08:45:00,,20190300,118.453125,20181200,,20190300
2018-10-24 09:00:00,118.21875,20190300,118.46875,20181200,118.21875,20190300
2018-10-24 09:15:00,118.234375,20190300,118.5,20181200,118.234375,20190300
2018-10-24 09:30:00,118.265625,20190300,118.53125,20181200,118.265625,20190300
2018-10-24 09:45:00,,20190300,118.546875,20181200,,20190300
2018-10-24 10:00:00,,20190300,118.515625,20181200,,20190300
2018-10-24 10:15:00,118.265625,20190300,118.53125,20181200,118.265625,20190300
2018-10-24 10:30:00,118.28125,20190300,118.53125,20181200,118.28125,20190300
2018-10-24 10:45:00,118.25,20190300,118.515625,20181200,118.25,20190300
2018-10-24 11:00:00,,20190300,118.46875,20181200,,20190300
2018-10-24 11:15:00,,20190300,118.484375,20181200,,20190300
2018-10-24 11:30:00,,20190300,118.453125,20181200,,20190300
2018-10-24 11:45:00,,20190300,118.421875,20181200,,20190300
2018-10-24 12:00:00,,20190300,118.421875,20181200,,20190300
2018-10-24 12:15:00,,20190300,118.390625,20181200,,20190300
2018-10-24 12:30:00,,20190300,118.390625,20181200,,20190300
2018-10-24 12:45:00,,20190300,118.375,20181200,,20190300
2018-10-24 13:00:00,118.109375,20190300,118.453125,20181200,118.109375,20190300
2018-10-24 13:15:00,,20190300,118.46875,20181200,,20190300
2018-10-24 13:30:00,,20190300,118.5,20181200,,20190300
2018-10-24 13:45:00,118.203125,20190300,118.484375,20181200,118.203125,20190300
2018-10-24 14:00:00,,20190300,118.53125,20181200,,20190300
2018-10-24 14:15:00,,20190300,118.53125,20181200,,20190300
2018-10-24 14:30:00,118.296875,20190300,118.5,20181200,118.296875,20190300
2018-10-24 14:45:00,118.296875,20190300,118.5625,20181200,118.296875,20190300
2018-10-24 15:00:00,118.265625,20190300,118.5625,20181200,118.265625,20190300
2018-10-24 15:15:00,118.328125,20190300,118.578125,20181200,118.328125,20190300
2018-10-24 15:30:00,,20190300,118.625,20181200,,20190300
2018-10-24 15:45:00,118.375,20190300,118.640625,20181200,118.375,20190300
2018-10-24 16:00:00,118.390625,20190300,118.640625,20181200,118.390625,20190300
2018-10-24 16:15:00,118.375,20190300,118.65625,20181200,118.375,20190300
2018-10-24 16:30:00,118.390625,20190300,118.625,20181200,118.390625,20190300
2018-10-24 16:45:00,118.328125,20190300,118.578125,20181200,118.328125,20190300
2018-10-24 17:00:00,,20190300,118.578125,20181200,,20190300
2018-10-24 17:15:00,,20190300,118.59375,20181200,,20190300
2018-10-24 17:30:00,118.359375,20190300,118.625,20181200,118.359375,20190300
2018-10-24 17:45:00,,20190300,118.578125,20181200,,20190300
2018-10-24 18:00:00,118.359375,20190300,118.625,20181200,118.359375,20190300
2018-10-24 18:15:00,118.359375,20190300,118.625,20181200,118.359375,20190300
2018-10-24 18:30:00,,20190300,118.59375,20181200,,20190300
2018-10-24 18:45:00,,20190300,118.625,20181200,,20190300
2018-10-24 19:00:00,118.40625,20190300,118.640625,20181200,118.40625,20190300
2018-10-24 19:15:00,,20190300,118.59375,20181200,,20190300
2018-10-24 19:30:00,118.359375,20190300,118.625,20181200,118.359375,20190300
2018-10-24 19:45:00,118.40625,20190300,118.625,20181200,118.40625,20190300
2018-10-24 20:00:00,118.46875,20190300,118.6875,20181200,118.46875,20190300
2018-10-24 20:15:00,118.578125,20190300,118.8125,20181200,118.578125,20190300
2018-10-24 20:30:00,118.515625,20190300,118.765625,20181200,118.515625,20190300
2018-10-24 20:45:00,,20190300,118.828125,20181200,,20190300
2018-10-24 21:00:00,118.5625,20190300,118.765625,20181200,118.5625,20190300
2018-10-24 21:15:00,118.5,20190300,118.734375,20181200,118.5,20190300
2018-10-24 21:30:00,,20190300,118.703125,20181200,,20190300
2018-10-24 21:45:00,118.546875,20190300,118.765625,20181200,118.546875,20190300
2018-10-24 23:00:00,118.578125,20190300,118.296875,20181200,118.578125,20190300
2018-10-24 23:15:00,118.578125,20190300,118.8125,20181200,118.578125,20190300
2018-10-24 23:30:00,118.578125,20190300,118.796875,20181200,118.578125,20190300
2018-10-24 23:45:00,,20190300,118.78125,20181200,,20190300
2018-10-25 00:00:00,,20190300,118.78125,20181200,,20190300
2018-10-25 00:15:00,,20190300,118.765625,20181200,,20190300
2018-10-25 00:30:00,,20190300,118.8125,20181200,,20190300
2018-10-25 00:45:00,118.546875,20190300,118.796875,20181200,118.546875,20190300
2018-10-25 01:00:00,,20190300,118.796875,20181200,,20190300
2018-10-25 01:15:00,,20190300,118.765625,20181200,,20190300
2018-10-25 01:30:00,,20190300,118.765625,20181200,,20190300
2018-10-25 01:45:00,118.53125,20190300,118.765625,20181200,118.53125,20190300
2018-10-25 02:00:00,,20190300,118.796875,20181200,,20190300
2018-10-25 02:15:00,,20190300,118.796875,20181200,,20190300
2018-10-25 02:30:00,,20190300,118.765625,20181200,,20190300
2018-10-25 02:45:00,118.53125,20190300,118.75,20181200,118.53125,20190300
2018-10-25 03:00:00,,20190300,118.734375,20181200,,20190300
2018-10-25 03:15:00,,20190300,118.71875,20181200,,20190300
2018-10-25 03:30:00,,20190300,118.734375,20181200,,20190300
2018-10-25 03:45:00,,20190300,118.734375,20181200,,20190300
2018-10-25 04:00:00,,20190300,118.71875,20181200,,20190300
2018-10-25 04:15:00,,20190300,118.734375,20181200,,20190300
2018-10-25 04:30:00,,20190300,118.734375,20181200,,20190300
2018-10-25 04:45:00,,20190300,118.734375,20181200,,20190300
2018-10-25 05:15:00,,20190300,118.734375,20181200,,20190300
2018-10-25 05:30:00,,20190300,118.75,20181200,,20190300
2018-10-25 05:45:00,,20190300,118.75,20181200,,20190300
2018-10-25 06:15:00,,20190300,118.75,20181200,,20190300
2018-10-25 06:30:00,,20190300,118.734375,20181200,,20190300
2018-10-25 06:45:00,,20190300,118.78125,20181200,,20190300
2018-10-25 07:00:00,,20190300,118.765625,20181200,,20190300
2018-10-25 07:15:00,118.46875,20190300,118.71875,20181200,118.46875,20190300
2018-10-25 07:30:00,118.546875,20190300,118.71875,20181200,118.546875,20190300
2018-10-25 07:45:00,,20190300,118.6875,20181200,,20190300
2018-10-25 08:00:00,118.46875,20190300,118.71875,20181200,118.46875,20190300
2018-10-25 08:15:00,,20190300,118.6875,20181200,,20190300
2018-10-25 08:30:00,,20190300,118.65625,20181200,,20190300
2018-10-25 08:45:00,,20190300,118.65625,20181200,,20190300
2018-10-25 09:00:00,,20190300,118.640625,20181200,,20190300
2018-10-25 09:15:00,,20190300,118.625,20181200,,20190300
2018-10-25 09:30:00,,20190300,118.640625,20181200,,20190300
2018-10-25 09:45:00,,20190300,118.640625,20181200,,20190300
2018-10-25 10:00:00,,20190300,118.609375,20181200,,20190300
2018-10-25 10:15:00,,20190300,118.578125,20181200,,20190300
2018-10-25 10:30:00,118.328125,20190300,118.578125,20181200,118.328125,20190300
2018-10-25 10:45:00,,20190300,118.59375,20181200,,20190300
2018-10-25 11:00:00,,20190300,118.59375,20181200,,20190300
2018-10-25 11:15:00,,20190300,118.59375,20181200,,20190300
2018-10-25 11:30:00,,20190300,118.609375,20181200,,20190300
2018-10-25 11:45:00,,20190300,118.59375,20181200,,20190300
2018-10-25 12:00:00,,20190300,118.59375,20181200,,20190300
2018-10-25 12:15:00,,20190300,118.53125,20181200,,20190300
2018-10-25 12:30:00,,20190300,118.5625,20181200,,20190300
2018-10-25 12:45:00,,20190300,118.546875,20181200,,20190300
2018-10-25 13:00:00,,20190300,118.515625,20181200,,20190300
2018-10-25 13:15:00,,20190300,118.5,20181200,,20190300
2018-10-25 13:30:00,,20190300,118.5625,20181200,,20190300
2018-10-25 13:45:00,118.265625,20190300,118.5,20181200,118.265625,20190300
2018-10-25 14:00:00,,20190300,118.578125,20181200,,20190300
2018-10-25 14:15:00,,20190300,118.59375,20181200,,20190300
2018-10-25 14:30:00,,20190300,118.609375,20181200,,20190300
2018-10-25 14:45:00,,20190300,118.546875,20181200,,20190300
2018-10-25 15:00:00,118.28125,20190300,118.515625,20181200,118.28125,20190300
2018-10-25 15:15:00,,20190300,118.5625,20181200,,20190300
2018-10-25 15:30:00,,20190300,118.515625,20181200,,20190300
2018-10-25 15:45:00,118.3125,20190300,118.5625,20181200,118.3125,20190300
2018-10-25 16:00:00,,20190300,118.59375,20181200,,20190300
2018-10-25 16:15:00,118.25,20190300,118.5,20181200,118.25,20190300
2018-10-25 16:30:00,118.265625,20190300,118.53125,20181200,118.265625,20190300
2018-10-25 16:45:00,,20190300,118.515625,20181200,,20190300
2018-10-25 17:00:00,118.3125,20190300,118.5625,20181200,118.3125,20190300
2018-10-25 17:15:00,118.328125,20190300,118.578125,20181200,118.328125,20190300
2018-10-25 17:30:00,,20190300,118.53125,20181200,,20190300
2018-10-25 17:45:00,,20190300,118.5,20181200,,20190300
2018-10-25 18:00:00,118.25,20190300,118.484375,20181200,118.25,20190300
2018-10-25 18:15:00,,20190300,118.46875,20181200,,20190300
2018-10-25 18:30:00,,20190300,118.46875,20181200,,20190300
2018-10-25 18:45:00,118.234375,20190300,118.5,20181200,118.234375,20190300
2018-10-25 19:00:00,118.296875,20190300,118.5,20181200,118.296875,20190300
2018-10-25 19:15:00,,20190300,118.484375,20181200,,20190300
2018-10-25 19:30:00,118.25,20190300,118.515625,20181200,118.25,20190300
2018-10-25 19:45:00,118.265625,20190300,118.53125,20181200,118.265625,20190300
2018-10-25 20:00:00,,20190300,118.5,20181200,,20190300
2018-10-25 20:15:00,,20190300,118.515625,20181200,,20190300
2018-10-25 20:30:00,,20190300,118.53125,20181200,,20190300
2018-10-25 20:45:00,,20190300,118.515625,20181200,,20190300
2018-10-25 21:00:00,118.359375,20190300,118.65625,20181200,118.359375,20190300
2018-10-25 21:15:00,,20190300,118.625,20181200,,20190300
2018-10-25 21:30:00,,20190300,118.609375,20181200,,20190300
2018-10-25 21:45:00,,20190300,118.671875,20181200,,20190300
2018-10-25 23:00:00,118.5,20190300,118.75,20181200,118.5,20190300
2018-10-25 23:15:00,118.5,20190300,118.71875,20181200,118.5,20190300
2018-10-25 23:30:00,,20190300,118.71875,20181200,,20190300
2018-10-25 23:45:00,,20190300,118.703125,20181200,,20190300
2018-10-26 00:00:00,,20190300,118.71875,20181200,,20190300
2018-10-26 00:15:00,,20190300,118.71875,20181200,,20190300
2018-10-26 00:30:00,,20190300,118.71875,20181200,,20190300
2018-10-26 00:45:00,118.546875,20190300,118.75,20181200,118.546875,20190300
2018-10-26 01:00:00,118.5625,20190300,118.765625,20181200,118.5625,20190300
2018-10-26 01:15:00,118.53125,20190300,118.75,20181200,118.53125,20190300
2018-10-26 01:30:00,,20190300,118.703125,20181200,,20190300
2018-10-26 01:45:00,,20190300,118.6875,20181200,,20190300
2018-10-26 02:00:00,,20190300,118.703125,20181200,,20190300
2018-10-26 02:15:00,,20190300,118.71875,20181200,,20190300
2018-10-26 02:30:00,,20190300,118.734375,20181200,,20190300
2018-10-26 02:45:00,,20190300,118.6875,20181200,,20190300
2018-10-26 03:00:00,,20190300,118.71875,20181200,,20190300
2018-10-26 03:15:00,,20190300,118.734375,20181200,,20190300
2018-10-26 03:30:00,118.546875,20190300,118.765625,20181200,118.546875,20190300
2018-10-26 03:45:00,,20190300,118.78125,20181200,,20190300
2018-10-26 04:00:00,118.578125,20190300,118.8125,20181200,118.578125,20190300
2018-10-26 04:15:00,,20190300,118.8125,20181200,,20190300
2018-10-26 04:30:00,118.609375,20190300,118.8125,20181200,118.609375,20190300
2018-10-26 04:45:00,118.609375,20190300,118.8125,20181200,118.609375,20190300
2018-10-26 05:15:00,,20190300,118.8125,20181200,,20190300
2018-10-26 05:30:00,,20190300,118.78125,20181200,,20190300
2018-10-26 05:45:00,,20190300,118.796875,20181200,,20190300
2018-10-26 06:15:00,118.546875,20190300,118.8125,20181200,118.546875,20190300
2018-10-26 06:30:00,118.59375,20190300,118.8125,20181200,118.59375,20190300
2018-10-26 06:45:00,,20190300,118.828125,20181200,,20190300
2018-10-26 07:00:00,,20190300,118.796875,20181200,,20190300
2018-10-26 07:15:00,,20190300,118.796875,20181200,,20190300
2018-10-26 07:30:00,,20190300,118.78125,20181200,,20190300
2018-10-26 07:45:00,,20190300,118.734375,20181200,,20190300
2018-10-26 08:00:00,,20190300,118.75,20181200,,20190300
2018-10-26 08:15:00,,20190300,118.8125,20181200,,20190300
2018-10-26 08:30:00,,20190300,118.828125,20181200,,20190300
2018-10-26 08:45:00,,20190300,118.828125,20181200,,20190300
2018-10-26 09:00:00,,20190300,118.828125,20181200,,20190300
2018-10-26 09:15:00,,20190300,118.890625,20181200,,20190300
2018-10-26 09:30:00,118.703125,20190300,118.90625,20181200,118.703125,20190300
2018-10-26 09:45:00,,20190300,118.890625,20181200,,20190300
2018-10-26 10:00:00,,20190300,118.921875,20181200,,20190300
2018-10-26 10:15:00,118.734375,20190300,118.9375,20181200,118.734375,20190300
2018-10-26 10:30:00,118.71875,20190300,118.921875,20181200,118.71875,20190300
2018-10-26 10:45:00,,20190300,118.953125,20181200,,20190300
2018-10-26 11:00:00,,20190300,118.96875,20181200,,20190300
2018-10-26 11:15:00,118.75,20190300,118.984375,20181200,118.75,20190300
2018-10-26 11:30:00,,20190300,118.984375,20181200,,20190300
2018-10-26 11:45:00,118.78125,20190300,119.0,20181200,118.78125,20190300
2018-10-26 12:00:00,,20190300,118.984375,20181200,,20190300
2018-10-26 12:15:00,118.75,20190300,118.953125,20181200,118.75,20190300
2018-10-26 12:30:00,118.703125,20190300,118.953125,20181200,118.703125,20190300
2018-10-26 12:45:00,,20190300,118.9375,20181200,,20190300
2018-10-26 13:00:00,118.6875,20190300,118.921875,20181200,118.6875,20190300
2018-10-26 13:15:00,,20190300,118.9375,20181200,,20190300
2018-10-26 13:30:00,118.609375,20190300,118.8125,20181200,118.609375,20190300
2018-10-26 13:45:00,118.578125,20190300,118.84375,20181200,118.578125,20190300
2018-10-26 14:00:00,,20190300,118.890625,20181200,,20190300
2018-10-26 14:15:00,,20190300,118.9375,20181200,,20190300
2018-10-26 14:30:00,,20190300,118.96875,20181200,,20190300
2018-10-26 14:45:00,118.703125,20190300,118.953125,20181200,118.703125,20190300
2018-10-26 15:00:00,118.8125,20190300,119.046875,20181200,118.8125,20190300
2018-10-26 15:15:00,118.796875,20190300,119.046875,20181200,118.796875,20190300
2018-10-26 15:30:00,118.84375,20190300,119.09375,20181200,118.84375,20190300
2018-10-26 15:45:00,118.9375,20190300,119.171875,20181200,118.9375,20190300
2018-10-26 16:00:00,118.953125,20190300,119.109375,20181200,118.953125,20190300
2018-10-26 16:15:00,118.8125,20190300,119.015625,20181200,118.8125,20190300
2018-10-26 16:30:00,118.765625,20190300,119.046875,20181200,118.765625,20190300
2018-10-26 16:45:00,,20190300,119.015625,20181200,,20190300
2018-10-26 17:00:00,118.796875,20190300,119.015625,20181200,118.796875,20190300
2018-10-26 17:15:00,,20190300,118.953125,20181200,,20190300
2018-10-26 17:30:00,,20190300,118.921875,20181200,,20190300
2018-10-26 17:45:00,118.6875,20190300,118.9375,20181200,118.6875,20190300
2018-10-26 18:00:00,118.703125,20190300,118.921875,20181200,118.703125,20190300
2018-10-26 18:15:00,,20190300,118.984375,20181200,,20190300
2018-10-26 18:30:00,,20190300,118.953125,20181200,,20190300
2018-10-26 18:45:00,,20190300,118.921875,20181200,,20190300
2018-10-26 19:00:00,,20190300,119.0,20181200,,20190300
2018-10-26 19:15:00,,20190300,118.96875,20181200,,20190300
2018-10-26 19:30:00,,20190300,118.953125,20181200,,20190300
2018-10-26 19:45:00,,20190300,119.046875,20181200,,20190300
2018-10-26 20:00:00,,20190300,119.03125,20181200,,20190300
2018-10-26 20:15:00,118.796875,20190300,119.015625,20181200,118.796875,20190300
2018-10-26 20:30:00,,20190300,119.03125,20181200,,20190300
2018-10-26 20:45:00,,20190300,119.0,20181200,,20190300
2018-10-26 21:00:00,118.765625,20190300,119.0,20181200,118.765625,20190300
2018-10-26 21:15:00,,20190300,119.015625,20181200,,20190300
2018-10-26 21:30:00,,20190300,119.0,20181200,,20190300
2018-10-26 21:45:00,118.78125,20190300,119.015625,20181200,118.78125,20190300
2018-10-26 23:00:00,118.765625,20190300,118.78125,20181200,118.765625,20190300
2018-10-28 23:00:00,,20190300,119.03125,20181200,,20190300
2018-10-28 23:15:00,,20190300,118.984375,20181200,,20190300
2018-10-28 23:30:00,,20190300,118.984375,20181200,,20190300
2018-10-28 23:45:00,,20190300,118.984375,20181200,,20190300
2018-10-29 00:00:00,,20190300,118.984375,20181200,,20190300
2018-10-29 00:15:00,,20190300,118.96875,20181200,,20190300
2018-10-29 00:30:00,,20190300,118.984375,20181200,,20190300
2018-10-29 00:45:00,,20190300,118.984375,20181200,,20190300
2018-10-29 01:00:00,,20190300,118.96875,20181200,,20190300
2018-10-29 01:15:00,118.71875,20190300,118.9375,20181200,118.71875,20190300
2018-10-29 01:30:00,,20190300,118.90625,20181200,,20190300
2018-10-29 01:45:00,,20190300,118.921875,20181200,,20190300
2018-10-29 02:00:00,,20190300,118.9375,20181200,,20190300
2018-10-29 02:15:00,,20190300,118.9375,20181200,,20190300
2018-10-29 02:30:00,,20190300,118.984375,20181200,,20190300
2018-10-29 02:45:00,,20190300,118.984375,20181200,,20190300
2018-10-29 03:00:00,118.75,20190300,119.0,20181200,118.75,20190300
2018-10-29 03:15:00,,20190300,119.015625,20181200,,20190300
2018-10-29 03:30:00,,20190300,119.0,20181200,,20190300
2018-10-29 03:45:00,118.75,20190300,118.984375,20181200,118.75,20190300
2018-10-29 04:00:00,,20190300,118.984375,20181200,,20190300
2018-10-29 04:15:00,,20190300,118.953125,20181200,,20190300
2018-10-29 04:30:00,,20190300,118.984375,20181200,,20190300
2018-10-29 04:45:00,,20190300,118.984375,20181200,,20190300
2018-10-29 05:15:00,,20190300,119.0,20181200,,20190300
2018-10-29 05:30:00,,20190300,118.96875,20181200,,20190300
2018-10-29 05:45:00,,20190300,118.984375,20181200,,20190300
2018-10-29 06:15:00,,20190300,118.984375,20181200,,20190300
2018-10-29 06:30:00,,20190300,119.03125,20181200,,20190300
2018-10-29 06:45:00,,20190300,119.046875,20181200,,20190300
2018-10-29 07:00:00,118.84375,20190300,119.078125,20181200,118.84375,20190300
2018-10-29 07:15:00,,20190300,119.078125,20181200,,20190300
2018-10-29 07:30:00,,20190300,119.0625,20181200,,20190300
2018-10-29 07:45:00,,20190300,119.0625,20181200,,20190300
2018-10-29 08:00:00,,20190300,119.03125,20181200,,20190300
2018-10-29 08:15:00,,20190300,119.015625,20181200,,20190300
2018-10-29 08:30:00,,20190300,119.0625,20181200,,20190300
2018-10-29 08:45:00,,20190300,119.078125,20181200,,20190300
2018-10-29 09:00:00,,20190300,119.0625,20181200,,20190300
2018-10-29 09:15:00,,20190300,119.125,20181200,,20190300
2018-10-29 09:30:00,,20190300,119.125,20181200,,20190300
2018-10-29 09:45:00,,20190300,119.140625,20181200,,20190300
2018-10-29 10:00:00,,20190300,119.125,20181200,,20190300
2018-10-29 10:15:00,,20190300,119.0625,20181200,,20190300
2018-10-29 10:30:00,,20190300,118.984375,20181200,,20190300
2018-10-29 10:45:00,,20190300,118.984375,20181200,,20190300
2018-10-29 11:00:00,,20190300,118.9375,20181200,,20190300
2018-10-29 11:15:00,,20190300,118.875,20181200,,20190300
2018-10-29 11:30:00,,20190300,118.875,20181200,,20190300
2018-10-29 11:45:00,118.609375,20190300,118.84375,20181200,118.609375,20190300
2018-10-29 12:00:00,,20190300,118.8125,20181200,,20190300
2018-10-29 12:15:00,,20190300,118.828125,20181200,,20190300
2018-10-29 12:30:00,,20190300,118.859375,20181200,,20190300
2018-10-29 12:45:00,,20190300,118.859375,20181200,,20190300
2018-10-29 13:00:00,,20190300,118.859375,20181200,,20190300
2018-10-29 13:15:00,118.65625,20190300,118.890625,20181200,118.65625,20190300
2018-10-29 13:30:00,,20190300,118.90625,20181200,,20190300
2018-10-29 13:45:00,,20190300,118.84375,20181200,,20190300
2018-10-29 14:00:00,118.640625,20190300,118.875,20181200,118.640625,20190300
2018-10-29 14:15:00,,20190300,118.859375,20181200,,20190300
2018-10-29 14:30:00,,20190300,118.84375,20181200,,20190300
2018-10-29 14:45:00,,20190300,118.796875,20181200,,20190300
2018-10-29 15:00:00,118.53125,20190300,118.765625,20181200,118.53125,20190300
2018-10-29 15:15:00,,20190300,118.765625,20181200,,20190300
2018-10-29 15:30:00,118.5625,20190300,118.8125,20181200,118.5625,20190300
2018-10-29 15:45:00,118.546875,20190300,118.734375,20181200,118.546875,20190300
2018-10-29 16:00:00,118.53125,20190300,118.78125,20181200,118.53125,20190300
2018-10-29 16:15:00,118.546875,20190300,118.78125,20181200,118.546875,20190300
2018-10-29 16:30:00,118.53125,20190300,118.75,20181200,118.53125,20190300
2018-10-29 16:45:00,,20190300,118.828125,20181200,,20190300
2018-10-29 17:00:00,,20190300,118.875,20181200,,20190300
2018-10-29 17:15:00,118.609375,20190300,118.84375,20181200,118.609375,20190300
2018-10-29 17:30:00,,20190300,118.796875,20181200,,20190300
2018-10-29 17:45:00,118.5625,20190300,118.828125,20181200,118.5625,20190300
2018-10-29 18:00:00,118.5625,20190300,118.78125,20181200,118.5625,20190300
2018-10-29 18:15:00,,20190300,118.8125,20181200,,20190300
2018-10-29 18:30:00,,20190300,118.796875,20181200,,20190300
2018-10-29 18:45:00,,20190300,118.796875,20181200,,20190300
2018-10-29 19:00:00,118.609375,20190300,118.84375,20181200,118.609375,20190300
2018-10-29 19:15:00,118.625,20190300,118.859375,20181200,118.625,20190300
2018-10-29 19:30:00,,20190300,118.875,20181200,,20190300
2018-10-29 19:45:00,118.703125,20190300,118.96875,20181200,118.703125,20190300
2018-10-29 20:00:00,,20190300,119.015625,20181200,,20190300
2018-10-29 20:15:00,118.78125,20190300,119.0,20181200,118.78125,20190300
2018-10-29 20:30:00,,20190300,119.09375,20181200,,20190300
2018-10-29 20:45:00,118.828125,20190300,118.96875,20181200,118.828125,20190300
2018-10-29 21:00:00,,20190300,118.9375,20181200,,20190300
2018-10-29 21:15:00,,20190300,118.9375,20181200,,20190300
2018-10-29 21:30:00,,20190300,118.9375,20181200,,20190300
2018-10-29 21:45:00,118.6875,20190300,118.921875,20181200,118.6875,20190300
2018-10-29 23:00:00,118.6875,20190300,118.984375,20181200,118.6875,20190300
2018-10-29 23:15:00,118.75,20190300,118.9375,20181200,118.75,20190300
2018-10-29 23:30:00,,20190300,118.953125,20181200,,20190300
2018-10-29 23:45:00,,20190300,118.96875,20181200,,20190300
2018-10-30 00:00:00,,20190300,118.984375,20181200,,20190300
2018-10-30 00:15:00,,20190300,118.96875,20181200,,20190300
2018-10-30 00:30:00,,20190300,118.96875,20181200,,20190300
2018-10-30 00:45:00,,20190300,118.96875,20181200,,20190300
2018-10-30 01:00:00,,20190300,118.96875,20181200,,20190300
2018-10-30 01:15:00,,20190300,118.890625,20181200,,20190300
2018-10-30 01:30:00,,20190300,118.890625,20181200,,20190300
2018-10-30 01:45:00,118.65625,20190300,118.890625,20181200,118.65625,20190300
2018-10-30 02:00:00,,20190300,118.890625,20181200,,20190300
2018-10-30 02:15:00,,20190300,118.875,20181200,,20190300
2018-10-30 02:30:00,,20190300,118.875,20181200,,20190300
2018-10-30 02:45:00,,20190300,118.890625,20181200,,20190300
2018-10-30 03:00:00,,20190300,118.90625,20181200,,20190300
2018-10-30 03:15:00,,20190300,118.890625,20181200,,20190300
2018-10-30 03:30:00,,20190300,118.8125,20181200,,20190300
2018-10-30 03:45:00,118.59375,20190300,118.828125,20181200,118.59375,20190300
2018-10-30 04:00:00,,20190300,118.828125,20181200,,20190300
2018-10-30 04:15:00,,20190300,118.859375,20181200,,20190300
2018-10-30 04:30:00,,20190300,118.84375,20181200,,20190300
2018-10-30 04:45:00,,20190300,118.828125,20181200,,20190300
2018-10-30 05:15:00,,20190300,118.8125,20181200,,20190300
2018-10-30 05:30:00,,20190300,118.828125,20181200,,20190300
2018-10-30 05:45:00,,20190300,118.828125,20181200,,20190300
2018-10-30 06:15:00,,20190300,118.828125,20181200,,20190300
2018-10-30 06:30:00,,20190300,118.828125,20181200,,20190300
2018-10-30 06:45:00,,20190300,118.828125,20181200,,20190300
2018-10-30 07:00:00,,20190300,118.796875,20181200,,20190300
2018-10-30 07:15:00,,20190300,118.796875,20181200,,20190300
2018-10-30 07:30:00,118.5625,20190300,118.8125,20181200,118.5625,20190300
2018-10-30 07:45:00,,20190300,118.765625,20181200,,20190300
2018-10-30 08:00:00,118.53125,20190300,118.734375,20181200,118.53125,20190300
2018-10-30 08:15:00,118.5,20190300,118.75,20181200,118.5,20190300
2018-10-30 08:30:00,,20190300,118.765625,20181200,,20190300
2018-10-30 08:45:00,,20190300,118.75,20181200,,20190300
2018-10-30 09:00:00,,20190300,118.734375,20181200,,20190300
2018-10-30 09:15:00,,20190300,118.71875,20181200,,20190300
2018-10-30 09:30:00,,20190300,118.71875,20181200,,20190300
2018-10-30 09:45:00,,20190300,118.71875,20181200,,20190300
2018-10-30 10:00:00,,20190300,118.75,20181200,,20190300
2018-10-30 10:15:00,,20190300,118.765625,20181200,,20190300
2018-10-30 10:30:00,118.515625,20190300,118.6875,20181200,118.515625,20190300
2018-10-30 10:45:00,,20190300,118.671875,20181200,,20190300
2018-10-30 11:00:00,118.4375,20190300,118.6875,20181200,118.4375,20190300
2018-10-30 11:15:00,,20190300,118.703125,20181200,,20190300
2018-10-30 11:30:00,118.5,20190300,118.734375,20181200,118.5,20190300
2018-10-30 11:45:00,,20190300,118.75,20181200,,20190300
2018-10-30 12:00:00,,20190300,118.734375,20181200,,20190300
2018-10-30 12:15:00,118.53125,20190300,118.765625,20181200,118.53125,20190300
2018-10-30 12:30:00,,20190300,118.71875,20181200,,20190300
2018-10-30 12:45:00,,20190300,118.71875,20181200,,20190300
2018-10-30 13:00:00,118.484375,20190300,118.734375,20181200,118.484375,20190300
2018-10-30 13:15:00,118.484375,20190300,118.75,20181200,118.484375,20190300
2018-10-30 13:30:00,,20190300,118.6875,20181200,,20190300
2018-10-30 13:45:00,,20190300,118.765625,20181200,,20190300
2018-10-30 14:00:00,,20190300,118.84375,20181200,,20190300
2018-10-30 14:15:00,,20190300,118.8125,20181200,,20190300
2018-10-30 14:30:00,118.53125,20190300,118.78125,20181200,118.53125,20190300
2018-10-30 14:45:00,,20190300,118.734375,20181200,,20190300
2018-10-30 15:00:00,118.515625,20190300,118.78125,20181200,118.515625,20190300
2018-10-30 15:15:00,118.546875,20190300,118.8125,20181200,118.546875,20190300
2018-10-30 15:30:00,118.546875,20190300,118.875,20181200,118.546875,20190300
2018-10-30 15:45:00,118.609375,20190300,118.859375,20181200,118.609375,20190300
2018-10-30 16:00:00,118.609375,20190300,118.875,20181200,118.609375,20190300
2018-10-30 16:15:00,,20190300,118.828125,20181200,,20190300
2018-10-30 16:30:00,,20190300,118.8125,20181200,,20190300
2018-10-30 16:45:00,,20190300,118.828125,20181200,,20190300
2018-10-30 17:00:00,118.578125,20190300,118.8125,20181200,118.578125,20190300
2018-10-30 17:15:00,,20190300,118.796875,20181200,,20190300
2018-10-30 17:30:00,,20190300,118.828125,20181200,,20190300
2018-10-30 17:45:00,,20190300,118.84375,20181200,,20190300
2018-10-30 18:00:00,,20190300,118.890625,20181200,,20190300
2018-10-30 18:15:00,,20190300,118.875,20181200,,20190300
2018-10-30 18:30:00,,20190300,118.828125,20181200,,20190300
2018-10-30 18:45:00,118.578125,20190300,118.796875,20181200,118.578125,20190300
2018-10-30 19:00:00,118.609375,20190300,118.84375,20181200,118.609375,20190300
2018-10-30 19:15:00,,20190300,118.84375,20181200,,20190300
2018-10-30 19:30:00,118.5625,20190300,118.828125,20181200,118.5625,20190300
2018-10-30 19:45:00,118.546875,20190300,118.796875,20181200,118.546875,20190300
2018-10-30 20:00:00,,20190300,118.796875,20181200,,20190300
2018-10-30 20:15:00,118.546875,20190300,118.734375,20181200,118.546875,20190300
2018-10-30 20:30:00,,20190300,118.734375,20181200,,20190300
2018-10-30 20:45:00,118.5,20190300,118.75,20181200,118.5,20190300
2018-10-30 21:00:00,,20190300,118.734375,20181200,,20190300
2018-10-30 21:15:00,,20190300,118.71875,20181200,,20190300
2018-10-30 21:30:00,,20190300,118.71875,20181200,,20190300
2018-10-30 21:45:00,118.40625,20190300,118.671875,20181200,118.40625,20190300
2018-10-30 23:00:00,118.40625,20190300,118.828125,20181200,118.40625,20190300
2018-10-30 23:15:00,,20190300,118.640625,20181200,,20190300
2018-10-30 23:30:00,,20190300,118.671875,20181200,,20190300
2018-10-30 23:45:00,118.40625,20190300,118.671875,20181200,118.40625,20190300
2018-10-31 00:00:00,,20190300,118.671875,20181200,,20190300
2018-10-31 00:15:00,,20190300,118.65625,20181200,,20190300
2018-10-31 00:30:00,,20190300,118.671875,20181200,,20190300
2018-10-31 00:45:00,,20190300,118.671875,20181200,,20190300
2018-10-31 01:00:00,,20190300,118.65625,20181200,,20190300
2018-10-31 01:15:00,,20190300,118.65625,20181200,,20190300
2018-10-31 01:30:00,,20190300,118.65625,20181200,,20190300
2018-10-31 01:45:00,,20190300,118.625,20181200,,20190300
2018-10-31 02:00:00,,20190300,118.625,20181200,,20190300
2018-10-31 02:15:00,,20190300,118.625,20181200,,20190300
2018-10-31 02:30:00,,20190300,118.625,20181200,,20190300
2018-10-31 02:45:00,,20190300,118.609375,20181200,,20190300
2018-10-31 03:00:00,,20190300,118.609375,20181200,,20190300
2018-10-31 03:15:00,,20190300,118.609375,20181200,,20190300
2018-10-31 03:30:00,,20190300,118.625,20181200,,20190300
2018-10-31 03:45:00,,20190300,118.625,20181200,,20190300
2018-10-31 04:00:00,118.375,20190300,118.609375,20181200,118.375,20190300
2018-10-31 04:15:00,,20190300,118.609375,20181200,,20190300
2018-10-31 04:30:00,118.328125,20190300,118.578125,20181200,118.328125,20190300
2018-10-31 04:45:00,118.34375,20190300,118.578125,20181200,118.34375,20190300
2018-10-31 05:15:00,,20190300,118.59375,20181200,,20190300
2018-10-31 05:30:00,,20190300,118.59375,20181200,,20190300
2018-10-31 05:45:00,,20190300,118.59375,20181200,,20190300
2018-10-31 06:15:00,,20190300,118.578125,20181200,,20190300
2018-10-31 06:30:00,,20190300,118.546875,20181200,,20190300
2018-10-31 06:45:00,118.3125,20190300,118.5625,20181200,118.3125,20190300
2018-10-31 07:00:00,,20190300,118.5625,20181200,,20190300
2018-10-31 07:15:00,,20190300,118.578125,20181200,,20190300
2018-10-31 07:30:00,118.296875,20190300,118.5625,20181200,118.296875,20190300
2018-10-31 07:45:00,,20190300,118.578125,20181200,,20190300
2018-10-31 08:00:00,,20190300,118.5625,20181200,,20190300
2018-10-31 08:15:00,,20190300,118.5625,20181200,,20190300
2018-10-31 08:30:00,,20190300,118.546875,20181200,,20190300
2018-10-31 08:45:00,,20190300,118.546875,20181200,,20190300
2018-10-31 09:00:00,,20190300,118.578125,20181200,,20190300
2018-10-31 09:15:00,118.265625,20190300,118.53125,20181200,118.265625,20190300
2018-10-31 09:30:00,118.265625,20190300,118.515625,20181200,118.265625,20190300
2018-10-31 09:45:00,118.234375,20190300,118.484375,20181200,118.234375,20190300
2018-10-31 10:00:00,,20190300,118.5,20181200,,20190300
2018-10-31 10:15:00,,20190300,118.484375,20181200,,20190300
2018-10-31 10:30:00,,20190300,118.53125,20181200,,20190300
2018-10-31 10:45:00,,20190300,118.53125,20181200,,20190300
2018-10-31 11:00:00,,20190300,118.546875,20181200,,20190300
2018-10-31 11:15:00,,20190300,118.546875,20181200,,20190300
2018-10-31 11:30:00,,20190300,118.53125,20181200,,20190300
2018-10-31 11:45:00,118.28125,20190300,118.546875,20181200,118.28125,20190300
2018-10-31 12:00:00,,20190300,118.546875,20181200,,20190300
2018-10-31 12:15:00,118.3125,20190300,118.5625,20181200,118.3125,20190300
2018-10-31 12:30:00,118.3125,20190300,118.546875,20181200,118.3125,20190300
2018-10-31 12:45:00,,20190300,118.53125,20181200,,20190300
2018-10-31 13:00:00,,20190300,118.5,20181200,,20190300
2018-10-31 13:15:00,118.203125,20190300,118.46875,20181200,118.203125,20190300
2018-10-31 13:30:00,118.15625,20190300,118.421875,20181200,118.15625,20190300
2018-10-31 13:45:00,118.140625,20190300,118.40625,20181200,118.140625,20190300
2018-10-31 14:00:00,118.15625,20190300,118.46875,20181200,118.15625,20190300
2018-10-31 14:15:00,118.203125,20190300,118.4375,20181200,118.203125,20190300
2018-10-31 14:30:00,118.203125,20190300,118.46875,20181200,118.203125,20190300
2018-10-31 14:45:00,118.1875,20190300,118.421875,20181200,118.1875,20190300
2018-10-31 15:00:00,118.15625,20190300,118.421875,20181200,118.15625,20190300
2018-10-31 15:15:00,118.140625,20190300,118.40625,20181200,118.140625,20190300
2018-10-31 15:30:00,118.1875,20190300,118.421875,20181200,118.1875,20190300
2018-10-31 15:45:00,118.234375,20190300,118.5,20181200,118.234375,20190300
2018-10-31 16:00:00,118.25,20190300,118.515625,20181200,118.25,20190300
2018-10-31 16:15:00,118.265625,20190300,118.46875,20181200,118.265625,20190300
2018-10-31 16:30:00,,20190300,118.53125,20181200,,20190300
2018-10-31 16:45:00,118.25,20190300,118.53125,20181200,118.25,20190300
2018-10-31 17:00:00,118.296875,20190300,118.515625,20181200,118.296875,20190300
2018-10-31 17:15:00,118.265625,20190300,118.53125,20181200,118.265625,20190300
2018-10-31 17:30:00,118.28125,20190300,118.515625,20181200,118.28125,20190300
2018-10-31 17:45:00,,20190300,118.515625,20181200,,20190300
2018-10-31 18:00:00,,20190300,118.515625,20181200,,20190300
2018-10-31 18:15:00,,20190300,118.515625,20181200,,20190300
2018-10-31 18:30:00,,20190300,118.46875,20181200,,20190300
2018-10-31 18:45:00,,20190300,118.484375,20181200,,20190300
2018-10-31 19:00:00,,20190300,118.484375,20181200,,20190300
2018-10-31 19:15:00,118.234375,20190300,118.46875,20181200,118.234375,20190300
2018-10-31 19:30:00,,20190300,118.4375,20181200,,20190300
2018-10-31 19:45:00,118.1875,20190300,118.421875,20181200,118.1875,20190300
2018-10-31 20:00:00,118.171875,20190300,118.453125,20181200,118.171875,20190300
2018-10-31 20:15:00,,20190300,118.453125,20181200,,20190300
2018-10-31 20:30:00,,20190300,118.453125,20181200,,20190300
2018-10-31 20:45:00,118.234375,20190300,118.484375,20181200,118.234375,20190300
2018-10-31 21:00:00,118.234375,20190300,118.484375,20181200,118.234375,20190300
2018-10-31 21:15:00,,20190300,118.484375,20181200,,20190300
2018-10-31 21:30:00,,20190300,118.515625,20181200,,20190300
2018-10-31 21:45:00,118.25,20190300,118.53125,20181200,118.25,20190300
2018-10-31 23:00:00,118.328125,20190300,118.59375,20181200,118.328125,20190300
2018-10-31 23:15:00,118.25,20190300,118.5,20181200,118.25,20190300
2018-10-31 23:30:00,,20190300,118.484375,20181200,,20190300
2018-10-31 23:45:00,118.234375,20190300,118.46875,20181200,118.234375,20190300
2018-11-01 00:00:00,118.234375,20190300,118.484375,20181200,118.234375,20190300
2018-11-01 00:15:00,118.21875,20190300,118.484375,20181200,118.21875,20190300
2018-11-01 00:30:00,,20190300,118.46875,20181200,,20190300
2018-11-01 00:45:00,,20190300,118.46875,20181200,,20190300
2018-11-01 01:00:00,118.234375,20190300,118.484375,20181200,118.234375,20190300
2018-11-01 01:15:00,,20190300,118.453125,20181200,,20190300
2018-11-01 01:30:00,,20190300,118.40625,20181200,,20190300
2018-11-01 01:45:00,,20190300,118.40625,20181200,,20190300
2018-11-01 02:00:00,118.171875,20190300,118.421875,20181200,118.171875,20190300
2018-11-01 02:15:00,,20190300,118.40625,20181200,,20190300
2018-11-01 02:30:00,118.171875,20190300,118.421875,20181200,118.171875,20190300
2018-11-01 02:45:00,,20190300,118.375,20181200,,20190300
2018-11-01 03:00:00,,20190300,118.40625,20181200,,20190300
2018-11-01 03:15:00,,20190300,118.40625,20181200,,20190300
2018-11-01 03:30:00,,20190300,118.421875,20181200,,20190300
2018-11-01 03:45:00,,20190300,118.40625,20181200,,20190300
2018-11-01 04:00:00,,20190300,118.390625,20181200,,20190300
2018-11-01 04:15:00,,20190300,118.390625,20181200,,20190300
2018-11-01 04:30:00,,20190300,118.390625,20181200,,20190300
2018-11-01 04:45:00,118.140625,20190300,118.40625,20181200,118.140625,20190300
2018-11-01 05:15:00,,20190300,118.40625,20181200,,20190300
2018-11-01 05:30:00,,20190300,118.40625,20181200,,20190300
2018-11-01 05:45:00,,20190300,118.421875,20181200,,20190300
2018-11-01 06:15:00,,20190300,118.40625,20181200,,20190300
2018-11-01 06:30:00,118.171875,20190300,118.4375,20181200,118.171875,20190300
2018-11-01 06:45:00,118.1875,20190300,118.421875,20181200,118.1875,20190300
2018-11-01 07:00:00,,20190300,118.453125,20181200,,20190300
2018-11-01 07:15:00,,20190300,118.484375,20181200,,20190300
2018-11-01 07:30:00,,20190300,118.453125,20181200,,20190300
2018-11-01 07:45:00,,20190300,118.453125,20181200,,20190300
2018-11-01 08:00:00,,20190300,118.453125,20181200,,20190300
2018-11-01 08:15:00,,20190300,118.40625,20181200,,20190300
2018-11-01 08:30:00,,20190300,118.46875,20181200,,20190300
2018-11-01 08:45:00,,20190300,118.453125,20181200,,20190300
2018-11-01 09:00:00,,20190300,118.4375,20181200,,20190300
2018-11-01 09:15:00,,20190300,118.4375,20181200,,20190300
2018-11-01 09:30:00,,20190300,118.46875,20181200,,20190300
2018-11-01 09:45:00,118.15625,20190300,118.40625,20181200,118.15625,20190300
2018-11-01 10:00:00,118.140625,20190300,118.375,20181200,118.140625,20190300
2018-11-01 10:15:00,,20190300,118.390625,20181200,,20190300
2018-11-01 10:30:00,,20190300,118.40625,20181200,,20190300
2018-11-01 10:45:00,,20190300,118.375,20181200,,20190300
2018-11-01 11:00:00,118.171875,20190300,118.4375,20181200,118.171875,20190300
2018-11-01 11:15:00,118.1875,20190300,118.421875,20181200,118.1875,20190300
2018-11-01 11:30:00,,20190300,118.390625,20181200,,20190300
2018-11-01 11:45:00,,20190300,118.421875,20181200,,20190300
2018-11-01 12:00:00,118.1875,20190300,118.453125,20181200,118.1875,20190300
2018-11-01 12:15:00,,20190300,118.40625,20181200,,20190300
2018-11-01 12:30:00,,20190300,118.40625,20181200,,20190300
2018-11-01 12:45:00,,20190300,118.421875,20181200,,20190300
2018-11-01 13:00:00,118.171875,20190300,118.421875,20181200,118.171875,20190300
2018-11-01 13:15:00,118.15625,20190300,118.4375,20181200,118.15625,20190300
2018-11-01 13:30:00,,20190300,118.4375,20181200,,20190300
2018-11-01 13:45:00,118.125,20190300,118.359375,20181200,118.125,20190300
2018-11-01 14:00:00,118.15625,20190300,118.40625,20181200,118.15625,20190300
2018-11-01 14:15:00,,20190300,118.421875,20181200,,20190300
2018-11-01 14:30:00,118.1875,20190300,118.4375,20181200,118.1875,20190300
2018-11-01 14:45:00,118.21875,20190300,118.46875,20181200,118.21875,20190300
2018-11-01 15:00:00,118.21875,20190300,118.5,20181200,118.21875,20190300
2018-11-01 15:15:00,118.25,20190300,118.484375,20181200,118.25,20190300
2018-11-01 15:30:00,118.234375,20190300,118.484375,20181200,118.234375,20190300
2018-11-01 15:45:00,118.234375,20190300,118.515625,20181200,118.234375,20190300
2018-11-01 16:00:00,118.3125,20190300,118.5625,20181200,118.3125,20190300
2018-11-01 16:15:00,118.28125,20190300,118.546875,20181200,118.28125,20190300
2018-11-01 16:30:00,118.328125,20190300,118.53125,20181200,118.328125,20190300
2018-11-01 16:45:00,118.3125,20190300,118.578125,20181200,118.3125,20190300
2018-11-01 17:00:00,118.328125,20190300,118.5625,20181200,118.328125,20190300
2018-11-01 17:15:00,118.390625,20190300,118.609375,20181200,118.390625,20190300
2018-11-01 17:30:00,118.3125,20190300,118.5625,20181200,118.3125,20190300
2018-11-01 17:45:00,118.3125,20190300,118.546875,20181200,118.3125,20190300
2018-11-01 18:00:00,118.34375,20190300,118.578125,20181200,118.34375,20190300
2018-11-01 18:15:00,,20190300,118.578125,20181200,,20190300
2018-11-01 18:30:00,118.359375,20190300,118.609375,20181200,118.359375,20190300
2018-11-01 18:45:00,118.328125,20190300,118.59375,20181200,118.328125,20190300
2018-11-01 19:00:00,118.328125,20190300,118.5625,20181200,118.328125,20190300
2018-11-01 19:15:00,118.3125,20190300,118.546875,20181200,118.3125,20190300
2018-11-01 19:30:00,118.3125,20190300,118.5625,20181200,118.3125,20190300
2018-11-01 19:45:00,118.296875,20190300,118.578125,20181200,118.296875,20190300
2018-11-01 20:00:00,118.359375,20190300,118.59375,20181200,118.359375,20190300
2018-11-01 20:15:00,,20190300,118.578125,20181200,,20190300
2018-11-01 20:30:00,118.34375,20190300,118.59375,20181200,118.34375,20190300
2018-11-01 20:45:00,118.328125,20190300,118.578125,20181200,118.328125,20190300
2018-11-01 21:00:00,118.328125,20190300,118.59375,20181200,118.328125,20190300
2018-11-01 21:15:00,118.34375,20190300,118.59375,20181200,118.34375,20190300
2018-11-01 21:30:00,,20190300,118.625,20181200,,20190300
2018-11-01 21:45:00,118.421875,20190300,118.65625,20181200,118.421875,20190300
2018-11-01 23:00:00,118.421875,20190300,118.40625,20181200,118.421875,20190300
2018-11-01 23:15:00,,20190300,118.671875,20181200,,20190300
2018-11-01 23:30:00,,20190300,118.640625,20181200,,20190300
2018-11-01 23:45:00,,20190300,118.609375,20181200,,20190300
2018-11-02 00:00:00,,20190300,118.625,20181200,,20190300
2018-11-02 00:15:00,,20190300,118.609375,20181200,,20190300
2018-11-02 00:30:00,,20190300,118.609375,20181200,,20190300
2018-11-02 00:45:00,,20190300,118.578125,20181200,,20190300
2018-11-02 01:00:00,,20190300,118.578125,20181200,,20190300
2018-11-02 01:15:00,,20190300,118.5625,20181200,,20190300
2018-11-02 01:30:00,,20190300,118.578125,20181200,,20190300
2018-11-02 01:45:00,,20190300,118.5625,20181200,,20190300
2018-11-02 02:00:00,,20190300,118.578125,20181200,,20190300
2018-11-02 02:15:00,,20190300,118.578125,20181200,,20190300
2018-11-02 02:30:00,,20190300,118.5625,20181200,,20190300
2018-11-02 02:45:00,,20190300,118.59375,20181200,,20190300
2018-11-02 03:00:00,,20190300,118.578125,20181200,,20190300
2018-11-02 03:15:00,,20190300,118.5625,20181200,,20190300
2018-11-02 03:30:00,,20190300,118.5625,20181200,,20190300
2018-11-02 03:45:00,,20190300,118.578125,20181200,,20190300
2018-11-02 04:00:00,,20190300,118.5625,20181200,,20190300
2018-11-02 04:15:00,,20190300,118.578125,20181200,,20190300
2018-11-02 04:30:00,,20190300,118.59375,20181200,,20190300
2018-11-02 04:45:00,,20190300,118.578125,20181200,,20190300
2018-11-02 05:15:00,,20190300,118.578125,20181200,,20190300
2018-11-02 05:30:00,,20190300,118.5625,20181200,,20190300
2018-11-02 05:45:00,,20190300,118.40625,20181200,,20190300
2018-11-02 06:15:00,118.09375,20190300,118.328125,20181200,118.09375,20190300
2018-11-02 06:30:00,,20190300,118.359375,20181200,,20190300
2018-11-02 06:45:00,,20190300,118.390625,20181200,,20190300
2018-11-02 07:00:00,,20190300,118.359375,20181200,,20190300
2018-11-02 07:15:00,,20190300,118.359375,20181200,,20190300
2018-11-02 07:30:00,,20190300,118.359375,20181200,,20190300
2018-11-02 07:45:00,,20190300,118.34375,20181200,,20190300
2018-11-02 08:00:00,,20190300,118.3125,20181200,,20190300
2018-11-02 08:15:00,118.09375,20190300,118.359375,20181200,118.09375,20190300
2018-11-02 08:30:00,,20190300,118.359375,20181200,,20190300
2018-11-02 08:45:00,,20190300,118.359375,20181200,,20190300
2018-11-02 09:00:00,,20190300,118.390625,20181200,,20190300
2018-11-02 09:15:00,,20190300,118.328125,20181200,,20190300
2018-11-02 09:30:00,,20190300,118.3125,20181200,,20190300
2018-11-02 09:45:00,,20190300,118.34375,20181200,,20190300
2018-11-02 10:00:00,,20190300,118.390625,20181200,,20190300
2018-11-02 10:15:00,,20190300,118.375,20181200,,20190300
2018-11-02 10:30:00,,20190300,118.375,20181200,,20190300
2018-11-02 10:45:00,118.125,20190300,118.375,20181200,118.125,20190300
2018-11-02 11:00:00,118.09375,20190300,118.359375,20181200,118.09375,20190300
2018-11-02 11:15:00,,20190300,118.34375,20181200,,20190300
2018-11-02 11:30:00,,20190300,118.34375,20181200,,20190300
2018-11-02 11:45:00,,20190300,118.390625,20181200,,20190300
2018-11-02 12:00:00,118.140625,20190300,118.390625,20181200,118.140625,20190300
2018-11-02 12:15:00,118.125,20190300,118.390625,20181200,118.125,20190300
2018-11-02 12:30:00,118.125,20190300,118.359375,20181200,118.125,20190300
2018-11-02 12:45:00,118.109375,20190300,118.375,20181200,118.109375,20190300
2018-11-02 13:00:00,118.203125,20190300,118.4375,20181200,118.203125,20190300
2018-11-02 13:15:00,118.1875,20190300,118.40625,20181200,118.1875,20190300
2018-11-02 13:30:00,118.109375,20190300,118.375,20181200,118.109375,20190300
2018-11-02 13:45:00,118.046875,20190300,118.328125,20181200,118.046875,20190300
2018-11-02 14:00:00,118.0625,20190300,118.34375,20181200,118.0625,20190300
2018-11-02 14:15:00,118.046875,20190300,118.3125,20181200,118.046875,20190300
2018-11-02 14:30:00,118.0,20190300,118.265625,20181200,118.0,20190300
2018-11-02 14:45:00,118.03125,20190300,118.28125,20181200,118.03125,20190300
2018-11-02 15:00:00,118.0,20190300,118.296875,20181200,118.0,20190300
2018-11-02 15:15:00,118.015625,20190300,118.265625,20181200,118.015625,20190300
2018-11-02 15:30:00,118.078125,20190300,118.328125,20181200,118.078125,20190300
2018-11-02 15:45:00,117.96875,20190300,118.21875,20181200,117.96875,20190300
2018-11-02 16:00:00,117.953125,20190300,118.21875,20181200,117.953125,20190300
2018-11-02 16:15:00,117.953125,20190300,118.203125,20181200,117.953125,20190300
2018-11-02 16:30:00,117.890625,20190300,118.140625,20181200,117.890625,20190300
2018-11-02 16:45:00,117.875,20190300,118.125,20181200,117.875,20190300
2018-11-02 17:00:00,117.890625,20190300,118.125,20181200,117.890625,20190300
2018-11-02 17:15:00,117.875,20190300,118.109375,20181200,117.875,20190300
2018-11-02 17:30:00,,20190300,118.171875,20181200,,20190300
2018-11-02 17:45:00,117.96875,20190300,118.203125,20181200,117.96875,20190300
2018-11-02 18:00:00,117.921875,20190300,118.15625,20181200,117.921875,20190300
2018-11-02 18:15:00,117.890625,20190300,118.125,20181200,117.890625,20190300
2018-11-02 18:30:00,117.890625,20190300,118.140625,20181200,117.890625,20190300
2018-11-02 18:45:00,117.890625,20190300,118.15625,20181200,117.890625,20190300
2018-11-02 19:00:00,117.921875,20190300,118.203125,20181200,117.921875,20190300
2018-11-02 19:15:00,117.875,20190300,118.09375,20181200,117.875,20190300
2018-11-02 19:30:00,117.828125,20190300,118.09375,20181200,117.828125,20190300
2018-11-02 19:45:00,117.78125,20190300,118.03125,20181200,117.78125,20190300
2018-11-02 20:00:00,117.75,20190300,118.0,20181200,117.75,20190300
2018-11-02 20:15:00,117.765625,20190300,118.03125,20181200,117.765625,20190300
2018-11-02 20:30:00,117.796875,20190300,118.0625,20181200,117.796875,20190300
2018-11-02 20:45:00,117.78125,20190300,118.0625,20181200,117.78125,20190300
2018-11-02 21:00:00,,20190300,118.015625,20181200,,20190300
2018-11-02 21:15:00,,20190300,118.0,20181200,,20190300
2018-11-02 21:30:00,,20190300,118.015625,20181200,,20190300
2018-11-02 21:45:00,117.796875,20190300,118.046875,20181200,117.796875,20190300
2018-11-02 23:00:00,118.125,20190300,118.359375,20181200,118.125,20190300
2018-11-04 23:00:00,,20190300,118.046875,20181200,,20190300
2018-11-04 23:15:00,,20190300,118.0625,20181200,,20190300
2018-11-04 23:30:00,,20190300,118.046875,20181200,,20190300
2018-11-04 23:45:00,,20190300,118.09375,20181200,,20190300
2018-11-05 00:00:00,117.84375,20190300,118.078125,20181200,117.84375,20190300
2018-11-05 00:15:00,,20190300,118.078125,20181200,,20190300
2018-11-05 00:30:00,,20190300,118.09375,20181200,,20190300
2018-11-05 00:45:00,,20190300,118.09375,20181200,,20190300
2018-11-05 01:00:00,,20190300,118.109375,20181200,,20190300
2018-11-05 01:15:00,,20190300,118.109375,20181200,,20190300
2018-11-05 01:30:00,,20190300,118.140625,20181200,,20190300
2018-11-05 01:45:00,,20190300,118.125,20181200,,20190300
2018-11-05 02:00:00,,20190300,118.078125,20181200,,20190300
2018-11-05 02:15:00,,20190300,118.125,20181200,,20190300
2018-11-05 02:30:00,117.890625,20190300,118.125,20181200,117.890625,20190300
2018-11-05 02:45:00,,20190300,118.109375,20181200,,20190300
2018-11-05 03:00:00,,20190300,118.125,20181200,,20190300
2018-11-05 03:15:00,117.859375,20190300,118.109375,20181200,117.859375,20190300
2018-11-05 03:30:00,,20190300,118.125,20181200,,20190300
2018-11-05 03:45:00,,20190300,118.109375,20181200,,20190300
2018-11-05 04:00:00,,20190300,118.109375,20181200,,20190300
2018-11-05 04:15:00,,20190300,118.109375,20181200,,20190300
2018-11-05 04:30:00,,20190300,118.109375,20181200,,20190300
2018-11-05 04:45:00,,20190300,118.09375,20181200,,20190300
2018-11-05 05:15:00,,20190300,118.09375,20181200,,20190300
2018-11-05 05:30:00,,20190300,118.09375,20181200,,20190300
2018-11-05 05:45:00,,20190300,118.109375,20181200,,20190300
2018-11-05 06:15:00,,20190300,118.109375,20181200,,20190300
2018-11-05 06:30:00,117.875,20190300,118.15625,20181200,117.875,20190300
2018-11-05 06:45:00,,20190300,118.125,20181200,,20190300
2018-11-05 07:00:00,,20190300,118.125,20181200,,20190300
2018-11-05 07:15:00,,20190300,118.15625,20181200,,20190300
2018-11-05 07:30:00,117.921875,20190300,118.203125,20181200,117.921875,20190300
2018-11-05 07:45:00,,20190300,118.171875,20181200,,20190300
2018-11-05 08:00:00,,20190300,118.203125,20181200,,20190300
2018-11-05 08:15:00,,20190300,118.171875,20181200,,20190300
2018-11-05 08:30:00,,20190300,118.171875,20181200,,20190300
2018-11-05 08:45:00,,20190300,118.171875,20181200,,20190300
2018-11-05 09:00:00,,20190300,118.171875,20181200,,20190300
2018-11-05 09:15:00,,20190300,118.171875,20181200,,20190300
2018-11-05 09:30:00,,20190300,118.171875,20181200,,20190300
2018-11-05 09:45:00,,20190300,118.140625,20181200,,20190300
2018-11-05 10:00:00,,20190300,118.15625,20181200,,20190300
2018-11-05 10:15:00,117.921875,20190300,118.171875,20181200,117.921875,20190300
2018-11-05 10:30:00,,20190300,118.171875,20181200,,20190300
2018-11-05 10:45:00,117.90625,20190300,118.140625,20181200,117.90625,20190300
2018-11-05 11:00:00,,20190300,118.125,20181200,,20190300
2018-11-05 11:15:00,,20190300,118.15625,20181200,,20190300
2018-11-05 11:30:00,,20190300,118.15625,20181200,,20190300
2018-11-05 11:45:00,,20190300,118.15625,20181200,,20190300
2018-11-05 12:00:00,,20190300,118.109375,20181200,,20190300
2018-11-05 12:15:00,,20190300,118.109375,20181200,,20190300
2018-11-05 12:30:00,,20190300,118.125,20181200,,20190300
2018-11-05 12:45:00,117.875,20190300,118.109375,20181200,117.875,20190300
2018-11-05 13:00:00,117.875,20190300,118.09375,20181200,117.875,20190300
2018-11-05 13:15:00,117.921875,20190300,118.171875,20181200,117.921875,20190300
2018-11-05 13:30:00,117.921875,20190300,118.15625,20181200,117.921875,20190300
2018-11-05 13:45:00,117.921875,20190300,118.171875,20181200,117.921875,20190300
2018-11-05 14:00:00,,20190300,118.203125,20181200,,20190300
2018-11-05 14:15:00,117.953125,20190300,118.203125,20181200,117.953125,20190300
2018-11-05 14:30:00,117.953125,20190300,118.203125,20181200,117.953125,20190300
2018-11-05 14:45:00,117.984375,20190300,118.21875,20181200,117.984375,20190300
2018-11-05 15:00:00,118.015625,20190300,118.234375,20181200,118.015625,20190300
2018-11-05 15:15:00,117.96875,20190300,118.203125,20181200,117.96875,20190300
2018-11-05 15:30:00,117.953125,20190300,118.1875,20181200,117.953125,20190300
2018-11-05 15:45:00,117.921875,20190300,118.15625,20181200,117.921875,20190300
2018-11-05 16:00:00,117.921875,20190300,118.171875,20181200,117.921875,20190300
2018-11-05 16:15:00,117.953125,20190300,118.203125,20181200,117.953125,20190300
2018-11-05 16:30:00,117.96875,20190300,118.21875,20181200,117.96875,20190300
2018-11-05 16:45:00,117.953125,20190300,118.1875,20181200,117.953125,20190300
2018-11-05 17:00:00,117.96875,20190300,118.203125,20181200,117.96875,20190300
2018-11-05 17:15:00,,20190300,118.203125,20181200,,20190300
2018-11-05 17:30:00,,20190300,118.21875,20181200,,20190300
2018-11-05 17:45:00,117.96875,20190300,118.1875,20181200,117.96875,20190300
2018-11-05 18:00:00,117.921875,20190300,118.171875,20181200,117.921875,20190300
2018-11-05 18:15:00,117.921875,20190300,118.171875,20181200,117.921875,20190300
2018-11-05 18:30:00,117.921875,20190300,118.15625,20181200,117.921875,20190300
2018-11-05 18:45:00,,20190300,118.15625,20181200,,20190300
2018-11-05 19:00:00,117.890625,20190300,118.140625,20181200,117.890625,20190300
2018-11-05 19:15:00,117.875,20190300,118.125,20181200,117.875,20190300
2018-11-05 19:30:00,117.90625,20190300,118.140625,20181200,117.90625,20190300
2018-11-05 19:45:00,117.90625,20190300,118.15625,20181200,117.90625,20190300
2018-11-05 20:00:00,117.90625,20190300,118.140625,20181200,117.90625,20190300
2018-11-05 20:15:00,,20190300,118.140625,20181200,,20190300
2018-11-05 20:30:00,,20190300,118.125,20181200,,20190300
2018-11-05 20:45:00,117.875,20190300,118.125,20181200,117.875,20190300
2018-11-05 21:00:00,117.875,20190300,118.125,20181200,117.875,20190300
2018-11-05 21:15:00,,20190300,118.15625,20181200,,20190300
2018-11-05 21:30:00,117.890625,20190300,118.15625,20181200,117.890625,20190300
2018-11-05 21:45:00,,20190300,118.125,20181200,,20190300
2018-11-05 23:00:00,117.859375,20190300,118.09375,20181200,117.859375,20190300
2018-11-05 23:15:00,,20190300,118.09375,20181200,,20190300
2018-11-05 23:30:00,,20190300,118.09375,20181200,,20190300
2018-11-05 23:45:00,117.828125,20190300,118.078125,20181200,117.828125,20190300
2018-11-06 00:00:00,117.84375,20190300,118.09375,20181200,117.84375,20190300
2018-11-06 00:15:00,,20190300,118.078125,20181200,,20190300
2018-11-06 00:30:00,,20190300,118.0625,20181200,,20190300
2018-11-06 00:45:00,,20190300,118.078125,20181200,,20190300
2018-11-06 01:00:00,,20190300,118.078125,20181200,,20190300
2018-11-06 01:15:00,,20190300,118.078125,20181200,,20190300
2018-11-06 01:30:00,117.84375,20190300,118.09375,20181200,117.84375,20190300
2018-11-06 01:45:00,117.84375,20190300,118.078125,20181200,117.84375,20190300
2018-11-06 02:00:00,117.84375,20190300,118.09375,20181200,117.84375,20190300
2018-11-06 02:15:00,,20190300,118.125,20181200,,20190300
2018-11-06 02:30:00,,20190300,118.125,20181200,,20190300
2018-11-06 02:45:00,,20190300,118.125,20181200,,20190300
2018-11-06 03:00:00,,20190300,118.125,20181200,,20190300
2018-11-06 03:15:00,,20190300,118.140625,20181200,,20190300
2018-11-06 03:30:00,,20190300,118.140625,20181200,,20190300
2018-11-06 03:45:00,,20190300,118.125,20181200,,20190300
2018-11-06 04:00:00,,20190300,118.140625,20181200,,20190300
2018-11-06 04:15:00,,20190300,118.125,20181200,,20190300
2018-11-06 04:30:00,,20190300,118.109375,20181200,,20190300
2018-11-06 04:45:00,,20190300,118.125,20181200,,20190300
2018-11-06 05:15:00,,20190300,118.109375,20181200,,20190300
2018-11-06 05:30:00,,20190300,118.109375,20181200,,20190300
2018-11-06 05:45:00,,20190300,118.140625,20181200,,20190300
2018-11-06 06:15:00,,20190300,118.125,20181200,,20190300
2018-11-06 06:30:00,,20190300,118.125,20181200,,20190300
2018-11-06 06:45:00,,20190300,118.140625,20181200,,20190300
2018-11-06 07:00:00,,20190300,118.140625,20181200,,20190300
2018-11-06 07:15:00,117.875,20190300,118.125,20181200,117.875,20190300
2018-11-06 07:30:00,,20190300,118.140625,20181200,,20190300
2018-11-06 07:45:00,,20190300,118.125,20181200,,20190300
2018-11-06 08:00:00,,20190300,118.09375,20181200,,20190300
2018-11-06 08:15:00,,20190300,118.125,20181200,,20190300
2018-11-06 08:30:00,,20190300,118.125,20181200,,20190300
2018-11-06 08:45:00,117.890625,20190300,118.140625,20181200,117.890625,20190300
2018-11-06 09:00:00,,20190300,118.125,20181200,,20190300
2018-11-06 09:15:00,117.890625,20190300,118.125,20181200,117.890625,20190300
2018-11-06 09:30:00,,20190300,118.125,20181200,,20190300
2018-11-06 09:45:00,117.921875,20190300,118.1875,20181200,117.921875,20190300
2018-11-06 10:00:00,117.9375,20190300,118.21875,20181200,117.9375,20190300
2018-11-06 10:15:00,,20190300,118.203125,20181200,,20190300
2018-11-06 10:30:00,,20190300,118.1875,20181200,,20190300
2018-11-06 10:45:00,,20190300,118.21875,20181200,,20190300
2018-11-06 11:00:00,,20190300,118.203125,20181200,,20190300
2018-11-06 11:15:00,,20190300,118.21875,20181200,,20190300
2018-11-06 11:30:00,,20190300,118.203125,20181200,,20190300
2018-11-06 11:45:00,117.984375,20190300,118.203125,20181200,117.984375,20190300
2018-11-06 12:00:00,,20190300,118.203125,20181200,,20190300
2018-11-06 12:15:00,,20190300,118.1875,20181200,,20190300
2018-11-06 12:30:00,,20190300,118.15625,20181200,,20190300
2018-11-06 12:45:00,,20190300,118.1875,20181200,,20190300
2018-11-06 13:00:00,117.921875,20190300,118.171875,20181200,117.921875,20190300
2018-11-06 13:15:00,,20190300,118.203125,20181200,,20190300
2018-11-06 13:30:00,117.90625,20190300,118.15625,20181200,117.90625,20190300
2018-11-06 13:45:00,117.921875,20190300,118.171875,20181200,117.921875,20190300
2018-11-06 14:00:00,,20190300,118.15625,20181200,,20190300
2018-11-06 14:15:00,117.875,20190300,118.125,20181200,117.875,20190300
2018-11-06 14:30:00,117.84375,20190300,118.109375,20181200,117.84375,20190300
2018-11-06 14:45:00,117.84375,20190300,118.09375,20181200,117.84375,20190300
2018-11-06 15:00:00,117.875,20190300,118.109375,20181200,117.875,20190300
2018-11-06 15:15:00,,20190300,118.09375,20181200,,20190300
2018-11-06 15:30:00,117.84375,20190300,118.09375,20181200,117.84375,20190300
2018-11-06 15:45:00,117.828125,20190300,118.078125,20181200,117.828125,20190300
2018-11-06 16:00:00,,20190300,118.0625,20181200,,20190300
2018-11-06 16:15:00,117.84375,20190300,118.078125,20181200,117.84375,20190300
2018-11-06 16:30:00,117.78125,20190300,118.03125,20181200,117.78125,20190300
2018-11-06 16:45:00,117.75,20190300,118.03125,20181200,117.75,20190300
2018-11-06 17:00:00,117.765625,20190300,118.015625,20181200,117.765625,20190300
2018-11-06 17:15:00,117.765625,20190300,118.015625,20181200,117.765625,20190300
2018-11-06 17:30:00,,20190300,118.0,20181200,,20190300
2018-11-06 17:45:00,117.734375,20190300,118.0,20181200,117.734375,20190300
2018-11-06 18:00:00,117.734375,20190300,117.984375,20181200,117.734375,20190300
2018-11-06 18:15:00,,20190300,118.015625,20181200,,20190300
2018-11-06 18:30:00,117.78125,20190300,117.984375,20181200,117.78125,20190300
2018-11-06 18:45:00,117.734375,20190300,117.984375,20181200,117.734375,20190300
2018-11-06 19:00:00,117.78125,20190300,118.015625,20181200,117.78125,20190300
2018-11-06 19:15:00,117.8125,20190300,118.0625,20181200,117.8125,20190300
2018-11-06 19:30:00,117.8125,20190300,118.0625,20181200,117.8125,20190300
2018-11-06 19:45:00,117.75,20190300,118.0,20181200,117.75,20190300
2018-11-06 20:00:00,117.78125,20190300,117.984375,20181200,117.78125,20190300
2018-11-06 20:15:00,117.75,20190300,118.0,20181200,117.75,20190300
2018-11-06 20:30:00,117.734375,20190300,118.0,20181200,117.734375,20190300
2018-11-06 20:45:00,117.71875,20190300,117.96875,20181200,117.71875,20190300
2018-11-06 21:00:00,117.71875,20190300,117.96875,20181200,117.71875,20190300
2018-11-06 21:15:00,,20190300,117.953125,20181200,,20190300
2018-11-06 21:30:00,117.65625,20190300,117.90625,20181200,117.65625,20190300
2018-11-06 21:45:00,117.671875,20190300,117.921875,20181200,117.671875,20190300
2018-11-06 23:00:00,117.953125,20190300,118.125,20181200,117.953125,20190300
2018-11-06 23:15:00,,20190300,118.0,20181200,,20190300
2018-11-06 23:30:00,117.75,20190300,117.984375,20181200,117.75,20190300
2018-11-06 23:45:00,117.8125,20190300,118.03125,20181200,117.8125,20190300
2018-11-07 00:00:00,,20190300,118.0,20181200,,20190300
2018-11-07 00:15:00,,20190300,118.03125,20181200,,20190300
2018-11-07 00:30:00,117.9375,20190300,118.15625,20181200,117.9375,20190300
2018-11-07 00:45:00,117.921875,20190300,118.15625,20181200,117.921875,20190300
2018-11-07 01:00:00,117.828125,20190300,118.09375,20181200,117.828125,20190300
2018-11-07 01:15:00,117.640625,20190300,117.875,20181200,117.640625,20190300
2018-11-07 01:30:00,117.609375,20190300,117.890625,20181200,117.609375,20190300
2018-11-07 01:45:00,117.609375,20190300,117.828125,20181200,117.609375,20190300
2018-11-07 02:00:00,117.53125,20190300,117.765625,20181200,117.53125,20190300
2018-11-07 02:15:00,117.484375,20190300,117.75,20181200,117.484375,20190300
2018-11-07 02:30:00,117.6875,20190300,117.921875,20181200,117.6875,20190300
2018-11-07 02:45:00,117.78125,20190300,118.0625,20181200,117.78125,20190300
2018-11-07 03:00:00,117.890625,20190300,118.140625,20181200,117.890625,20190300
2018-11-07 03:15:00,117.828125,20190300,118.109375,20181200,117.828125,20190300
2018-11-07 03:30:00,117.921875,20190300,118.109375,20181200,117.921875,20190300
2018-11-07 03:45:00,,20190300,118.140625,20181200,,20190300
2018-11-07 04:00:00,117.921875,20190300,118.171875,20181200,117.921875,20190300
2018-11-07 04:15:00,117.9375,20190300,118.21875,20181200,117.9375,20190300
2018-11-07 04:30:00,117.921875,20190300,118.1875,20181200,117.921875,20190300
2018-11-07 04:45:00,,20190300,118.203125,20181200,,20190300
2018-11-07 05:15:00,,20190300,118.171875,20181200,,20190300
2018-11-07 05:30:00,,20190300,118.15625,20181200,,20190300
2018-11-07 05:45:00,,20190300,118.171875,20181200,,20190300
2018-11-07 06:15:00,,20190300,118.125,20181200,,20190300
2018-11-07 06:30:00,,20190300,118.15625,20181200,,20190300
2018-11-07 06:45:00,117.921875,20190300,118.140625,20181200,117.921875,20190300
2018-11-07 07:00:00,117.953125,20190300,118.21875,20181200,117.953125,20190300
2018-11-07 07:15:00,,20190300,118.21875,20181200,,20190300
2018-11-07 07:30:00,,20190300,118.25,20181200,,20190300
2018-11-07 07:45:00,118.0,20190300,118.21875,20181200,118.0,20190300
2018-11-07 08:00:00,117.9375,20190300,118.140625,20181200,117.9375,20190300
2018-11-07 08:15:00,117.90625,20190300,118.15625,20181200,117.90625,20190300
2018-11-07 08:30:00,,20190300,118.15625,20181200,,20190300
2018-11-07 08:45:00,117.921875,20190300,118.171875,20181200,117.921875,20190300
2018-11-07 09:00:00,117.953125,20190300,118.203125,20181200,117.953125,20190300
2018-11-07 09:15:00,,20190300,118.203125,20181200,,20190300
2018-11-07 09:30:00,117.953125,20190300,118.21875,20181200,117.953125,20190300
2018-11-07 09:45:00,117.984375,20190300,118.234375,20181200,117.984375,20190300
2018-11-07 10:00:00,117.984375,20190300,118.21875,20181200,117.984375,20190300
2018-11-07 10:15:00,117.984375,20190300,118.21875,20181200,117.984375,20190300
2018-11-07 10:30:00,117.953125,20190300,118.203125,20181200,117.953125,20190300
2018-11-07 10:45:00,117.921875,20190300,118.15625,20181200,117.921875,20190300
2018-11-07 11:00:00,,20190300,118.15625,20181200,,20190300
2018-11-07 11:15:00,117.953125,20190300,118.171875,20181200,117.953125,20190300
2018-11-07 11:30:00,,20190300,118.15625,20181200,,20190300
2018-11-07 11:45:00,117.890625,20190300,118.109375,20181200,117.890625,20190300
2018-11-07 12:00:00,117.84375,20190300,118.09375,20181200,117.84375,20190300
2018-11-07 12:15:00,117.796875,20190300,118.0625,20181200,117.796875,20190300
2018-11-07 12:30:00,117.796875,20190300,118.0625,20181200,117.796875,20190300
2018-11-07 12:45:00,,20190300,118.09375,20181200,,20190300
2018-11-07 13:00:00,117.84375,20190300,118.078125,20181200,117.84375,20190300
2018-11-07 13:15:00,117.8125,20190300,118.046875,20181200,117.8125,20190300
2018-11-07 13:30:00,117.796875,20190300,118.0625,20181200,117.796875,20190300
2018-11-07 13:45:00,117.8125,20190300,118.078125,20181200,117.8125,20190300
2018-11-07 14:00:00,117.828125,20190300,118.0625,20181200,117.828125,20190300
2018-11-07 14:15:00,,20190300,118.09375,20181200,,20190300
2018-11-07 14:30:00,117.859375,20190300,118.09375,20181200,117.859375,20190300
2018-11-07 14:45:00,117.90625,20190300,118.140625,20181200,117.90625,20190300
2018-11-07 15:00:00,117.90625,20190300,118.109375,20181200,117.90625,20190300
2018-11-07 15:15:00,,20190300,118.140625,20181200,,20190300
2018-11-07 15:30:00,117.90625,20190300,118.109375,20181200,117.90625,20190300
2018-11-07 15:45:00,117.890625,20190300,118.15625,20181200,117.890625,20190300
2018-11-07 16:00:00,117.90625,20190300,118.109375,20181200,117.90625,20190300
2018-11-07 16:15:00,117.90625,20190300,118.15625,20181200,117.90625,20190300
2018-11-07 16:30:00,117.921875,20190300,118.171875,20181200,117.921875,20190300
2018-11-07 16:45:00,117.921875,20190300,118.15625,20181200,117.921875,20190300
2018-11-07 17:00:00,117.90625,20190300,118.15625,20181200,117.90625,20190300
2018-11-07 17:15:00,,20190300,118.15625,20181200,,20190300
2018-11-07 17:30:00,117.875,20190300,118.140625,20181200,117.875,20190300
2018-11-07 17:45:00,117.859375,20190300,118.09375,20181200,117.859375,20190300
2018-11-07 18:00:00,117.765625,20190300,118.046875,20181200,117.765625,20190300
2018-11-07 18:15:00,117.828125,20190300,118.078125,20181200,117.828125,20190300
2018-11-07 18:30:00,117.828125,20190300,118.0625,20181200,117.828125,20190300
2018-11-07 18:45:00,117.84375,20190300,118.109375,20181200,117.84375,20190300
2018-11-07 19:00:00,117.84375,20190300,118.0625,20181200,117.84375,20190300
2018-11-07 19:15:00,117.8125,20190300,118.0625,20181200,117.8125,20190300
2018-11-07 19:30:00,117.828125,20190300,118.0625,20181200,117.828125,20190300
2018-11-07 19:45:00,117.75,20190300,118.0,20181200,117.75,20190300
2018-11-07 20:00:00,117.703125,20190300,117.9375,20181200,117.703125,20190300
2018-11-07 20:15:00,117.703125,20190300,117.921875,20181200,117.703125,20190300
2018-11-07 20:30:00,117.671875,20190300,117.921875,20181200,117.671875,20190300
2018-11-07 20:45:00,117.671875,20190300,117.9375,20181200,117.671875,20190300
2018-11-07 21:00:00,117.59375,20190300,117.84375,20181200,117.59375,20190300
2018-11-07 21:15:00,117.578125,20190300,117.8125,20181200,117.578125,20190300
2018-11-07 21:30:00,117.53125,20190300,117.8125,20181200,117.53125,20190300
2018-11-07 21:45:00,117.546875,20190300,117.796875,20181200,117.546875,20190300
2018-11-07 23:00:00,117.9375,20190300,118.171875,20181200,117.9375,20190300
2018-11-07 23:15:00,,20190300,117.8125,20181200,,20190300
2018-11-07 23:30:00,,20190300,117.828125,20181200,,20190300
2018-11-07 23:45:00,117.59375,20190300,117.84375,20181200,117.59375,20190300
2018-11-08 00:00:00,,20190300,117.828125,20181200,,20190300
2018-11-08 00:15:00,,20190300,117.859375,20181200,,20190300
2018-11-08 00:30:00,,20190300,117.84375,20181200,,20190300
2018-11-08 00:45:00,,20190300,117.859375,20181200,,20190300
2018-11-08 01:00:00,,20190300,117.859375,20181200,,20190300
2018-11-08 01:15:00,,20190300,117.859375,20181200,,20190300
2018-11-08 01:30:00,117.59375,20190300,117.84375,20181200,117.59375,20190300
2018-11-08 01:45:00,117.609375,20190300,117.84375,20181200,117.609375,20190300
2018-11-08 02:00:00,117.609375,20190300,117.84375,20181200,117.609375,20190300
2018-11-08 02:15:00,,20190300,117.828125,20181200,,20190300
2018-11-08 02:30:00,117.59375,20190300,117.859375,20181200,117.59375,20190300
2018-11-08 02:45:00,,20190300,117.84375,20181200,,20190300
2018-11-08 03:00:00,,20190300,117.828125,20181200,,20190300
2018-11-08 03:15:00,,20190300,117.828125,20181200,,20190300
2018-11-08 03:30:00,,20190300,117.84375,20181200,,20190300
2018-11-08 03:45:00,,20190300,117.828125,20181200,,20190300
2018-11-08 04:00:00,,20190300,117.8125,20181200,,20190300
2018-11-08 04:15:00,117.5625,20190300,117.796875,20181200,117.5625,20190300
2018-11-08 04:30:00,117.5625,20190300,117.8125,20181200,117.5625,20190300
2018-11-08 04:45:00,,20190300,117.84375,20181200,,20190300
2018-11-08 05:15:00,,20190300,117.84375,20181200,,20190300
2018-11-08 05:30:00,,20190300,117.828125,20181200,,20190300
2018-11-08 05:45:00,117.609375,20190300,117.859375,20181200,117.609375,20190300
2018-11-08 06:15:00,117.640625,20190300,117.859375,20181200,117.640625,20190300
2018-11-08 06:30:00,117.640625,20190300,117.875,20181200,117.640625,20190300
2018-11-08 06:45:00,117.625,20190300,117.890625,20181200,117.625,20190300
2018-11-08 07:00:00,117.609375,20190300,117.84375,20181200,117.609375,20190300
2018-11-08 07:15:00,117.578125,20190300,117.8125,20181200,117.578125,20190300
2018-11-08 07:30:00,,20190300,117.8125,20181200,,20190300
2018-11-08 07:45:00,117.59375,20190300,117.828125,20181200,117.59375,20190300
2018-11-08 08:00:00,,20190300,117.875,20181200,,20190300
2018-11-08 08:15:00,,20190300,117.84375,20181200,,20190300
2018-11-08 08:30:00,,20190300,117.84375,20181200,,20190300
2018-11-08 08:45:00,117.609375,20190300,117.84375,20181200,117.609375,20190300
2018-11-08 09:00:00,117.59375,20190300,117.859375,20181200,117.59375,20190300
2018-11-08 09:15:00,,20190300,117.890625,20181200,,20190300
2018-11-08 09:30:00,,20190300,117.890625,20181200,,20190300
2018-11-08 09:45:00,,20190300,117.921875,20181200,,20190300
2018-11-08 10:00:00,117.6875,20190300,117.890625,20181200,117.6875,20190300
2018-11-08 10:15:00,117.609375,20190300,117.859375,20181200,117.609375,20190300
2018-11-08 10:30:00,117.625,20190300,117.890625,20181200,117.625,20190300
2018-11-08 10:45:00,,20190300,117.875,20181200,,20190300
2018-11-08 11:00:00,,20190300,117.90625,20181200,,20190300
2018-11-08 11:15:00,117.609375,20190300,117.84375,20181200,117.609375,20190300
2018-11-08 11:30:00,117.59375,20190300,117.875,20181200,117.59375,20190300
2018-11-08 11:45:00,,20190300,117.859375,20181200,,20190300
2018-11-08 12:00:00,,20190300,117.890625,20181200,,20190300
2018-11-08 12:15:00,,20190300,117.9375,20181200,,20190300
2018-11-08 12:30:00,,20190300,117.921875,20181200,,20190300
2018-11-08 12:45:00,,20190300,117.90625,20181200,,20190300
2018-11-08 13:00:00,117.65625,20190300,117.890625,20181200,117.65625,20190300
2018-11-08 13:15:00,,20190300,117.90625,20181200,,20190300
2018-11-08 13:30:00,117.6875,20190300,117.921875,20181200,117.6875,20190300
2018-11-08 13:45:00,117.6875,20190300,117.90625,20181200,117.6875,20190300
2018-11-08 14:00:00,117.6875,20190300,117.9375,20181200,117.6875,20190300
2018-11-08 14:15:00,117.734375,20190300,117.96875,20181200,117.734375,20190300
2018-11-08 14:30:00,117.71875,20190300,117.953125,20181200,117.71875,20190300
2018-11-08 14:45:00,117.71875,20190300,117.953125,20181200,117.71875,20190300
2018-11-08 15:00:00,117.671875,20190300,117.9375,20181200,117.671875,20190300
2018-11-08 15:15:00,117.6875,20190300,117.921875,20181200,117.6875,20190300
2018-11-08 15:30:00,117.671875,20190300,117.90625,20181200,117.671875,20190300
2018-11-08 15:45:00,117.65625,20190300,117.890625,20181200,117.65625,20190300
2018-11-08 16:00:00,117.625,20190300,117.859375,20181200,117.625,20190300
2018-11-08 16:15:00,,20190300,117.890625,20181200,,20190300
2018-11-08 16:30:00,,20190300,117.84375,20181200,,20190300
2018-11-08 16:45:00,117.609375,20190300,117.84375,20181200,117.609375,20190300
2018-11-08 17:00:00,117.5625,20190300,117.796875,20181200,117.5625,20190300
2018-11-08 17:15:00,117.59375,20190300,117.84375,20181200,117.59375,20190300
2018-11-08 17:30:00,,20190300,117.828125,20181200,,20190300
2018-11-08 17:45:00,,20190300,117.8125,20181200,,20190300
2018-11-08 18:00:00,117.578125,20190300,117.828125,20181200,117.578125,20190300
2018-11-08 18:15:00,117.625,20190300,117.84375,20181200,117.625,20190300
2018-11-08 18:30:00,117.59375,20190300,117.828125,20181200,117.59375,20190300
2018-11-08 18:45:00,117.59375,20190300,117.8125,20181200,117.59375,20190300
2018-11-08 19:00:00,117.65625,20190300,117.796875,20181200,117.65625,20190300
2018-11-08 19:15:00,117.515625,20190300,117.78125,20181200,117.515625,20190300
2018-11-08 19:30:00,117.578125,20190300,117.8125,20181200,117.578125,20190300
2018-11-08 19:45:00,117.53125,20190300,117.78125,20181200,117.53125,20190300
2018-11-08 20:00:00,117.5625,20190300,117.78125,20181200,117.5625,20190300
2018-11-08 20:15:00,117.5,20190300,117.765625,20181200,117.5,20190300
2018-11-08 20:30:00,117.515625,20190300,117.734375,20181200,117.515625,20190300
2018-11-08 20:45:00,117.5,20190300,117.75,20181200,117.5,20190300
2018-11-08 21:00:00,117.484375,20190300,117.703125,20181200,117.484375,20190300
2018-11-08 21:15:00,117.46875,20190300,117.71875,20181200,117.46875,20190300
2018-11-08 21:30:00,117.5,20190300,117.734375,20181200,117.5,20190300
2018-11-08 21:45:00,117.5,20190300,117.75,20181200,117.5,20190300
2018-11-08 23:00:00,117.46875,20190300,117.859375,20181200,117.46875,20190300
2018-11-08 23:15:00,,20190300,117.765625,20181200,,20190300
2018-11-08 23:30:00,,20190300,117.78125,20181200,,20190300
2018-11-08 23:45:00,,20190300,117.796875,20181200,,20190300
2018-11-09 00:00:00,117.546875,20190300,117.78125,20181200,117.546875,20190300
2018-11-09 00:15:00,,20190300,117.765625,20181200,,20190300
2018-11-09 00:30:00,117.546875,20190300,117.796875,20181200,117.546875,20190300
2018-11-09 00:45:00,,20190300,117.8125,20181200,,20190300
2018-11-09 01:00:00,,20190300,117.828125,20181200,,20190300
2018-11-09 01:15:00,117.625,20190300,117.859375,20181200,117.625,20190300
2018-11-09 01:30:00,117.609375,20190300,117.8125,20181200,117.609375,20190300
2018-11-09 01:45:00,117.59375,20190300,117.828125,20181200,117.59375,20190300
2018-11-09 02:00:00,117.578125,20190300,117.84375,20181200,117.578125,20190300
2018-11-09 02:15:00,,20190300,117.828125,20181200,,20190300
2018-11-09 02:30:00,,20190300,117.859375,20181200,,20190300
2018-11-09 02:45:00,,20190300,117.875,20181200,,20190300
2018-11-09 03:00:00,,20190300,117.859375,20181200,,20190300
2018-11-09 03:15:00,117.59375,20190300,117.859375,20181200,117.59375,20190300
2018-11-09 03:30:00,,20190300,117.859375,20181200,,20190300
2018-11-09 03:45:00,117.609375,20190300,117.828125,20181200,117.609375,20190300
2018-11-09 04:00:00,,20190300,117.828125,20181200,,20190300
2018-11-09 04:15:00,,20190300,117.84375,20181200,,20190300
2018-11-09 04:30:00,117.609375,20190300,117.8125,20181200,117.609375,20190300
2018-11-09 04:45:00,,20190300,117.828125,20181200,,20190300
2018-11-09 05:15:00,,20190300,117.828125,20181200,,20190300
2018-11-09 05:30:00,,20190300,117.84375,20181200,,20190300
2018-11-09 05:45:00,,20190300,117.84375,20181200,,20190300
2018-11-09 06:15:00,,20190300,117.828125,20181200,,20190300
2018-11-09 06:30:00,,20190300,117.84375,20181200,,20190300
2018-11-09 06:45:00,,20190300,117.84375,20181200,,20190300
2018-11-09 07:00:00,,20190300,117.875,20181200,,20190300
2018-11-09 07:15:00,117.625,20190300,117.875,20181200,117.625,20190300
2018-11-09 07:30:00,,20190300,117.890625,20181200,,20190300
2018-11-09 07:45:00,,20190300,117.90625,20181200,,20190300
2018-11-09 08:00:00,117.71875,20190300,117.9375,20181200,117.71875,20190300
2018-11-09 08:15:00,,20190300,117.953125,20181200,,20190300
2018-11-09 08:30:00,117.75,20190300,117.984375,20181200,117.75,20190300
2018-11-09 08:45:00,117.75,20190300,117.96875,20181200,117.75,20190300
2018-11-09 09:00:00,,20190300,117.96875,20181200,,20190300
2018-11-09 09:15:00,117.734375,20190300,117.953125,20181200,117.734375,20190300
2018-11-09 09:30:00,117.75,20190300,117.984375,20181200,117.75,20190300
2018-11-09 09:45:00,,20190300,117.953125,20181200,,20190300
2018-11-09 10:00:00,117.765625,20190300,117.984375,20181200,117.765625,20190300
2018-11-09 10:15:00,117.75,20190300,117.96875,20181200,117.75,20190300
2018-11-09 10:30:00,117.734375,20190300,117.96875,20181200,117.734375,20190300
2018-11-09 10:45:00,117.734375,20190300,117.96875,20181200,117.734375,20190300
2018-11-09 11:00:00,117.71875,20190300,117.953125,20181200,117.71875,20190300
2018-11-09 11:15:00,117.703125,20190300,117.9375,20181200,117.703125,20190300
2018-11-09 11:30:00,117.734375,20190300,117.984375,20181200,117.734375,20190300
2018-11-09 11:45:00,117.71875,20190300,117.953125,20181200,117.71875,20190300
2018-11-09 12:00:00,117.703125,20190300,117.9375,20181200,117.703125,20190300
2018-11-09 12:15:00,117.703125,20190300,117.953125,20181200,117.703125,20190300
2018-11-09 12:30:00,,20190300,117.96875,20181200,,20190300
2018-11-09 12:45:00,117.734375,20190300,117.953125,20181200,117.734375,20190300
2018-11-09 13:00:00,117.71875,20190300,117.9375,20181200,117.71875,20190300
2018-11-09 13:15:00,117.6875,20190300,117.90625,20181200,117.6875,20190300
2018-11-09 13:30:00,117.640625,20190300,117.875,20181200,117.640625,20190300
2018-11-09 13:45:00,117.609375,20190300,117.84375,20181200,117.609375,20190300
2018-11-09 14:00:00,117.65625,20190300,117.875,20181200,117.65625,20190300
2018-11-09 14:15:00,117.640625,20190300,117.890625,20181200,117.640625,20190300
2018-11-09 14:30:00,117.734375,20190300,117.96875,20181200,117.734375,20190300
2018-11-09 14:45:00,117.734375,20190300,118.0,20181200,117.734375,20190300
2018-11-09 15:00:00,117.828125,20190300,118.046875,20181200,117.828125,20190300
2018-11-09 15:15:00,117.796875,20190300,118.015625,20181200,117.796875,20190300
2018-11-09 15:30:00,117.8125,20190300,118.046875,20181200,117.8125,20190300
2018-11-09 15:45:00,117.890625,20190300,118.125,20181200,117.890625,20190300
2018-11-09 16:00:00,117.890625,20190300,118.109375,20181200,117.890625,20190300
2018-11-09 16:15:00,117.90625,20190300,118.109375,20181200,117.90625,20190300
2018-11-09 16:30:00,,20190300,118.15625,20181200,,20190300
2018-11-09 16:45:00,117.9375,20190300,118.1875,20181200,117.9375,20190300
2018-11-09 17:00:00,117.953125,20190300,118.171875,20181200,117.953125,20190300
2018-11-09 17:15:00,117.90625,20190300,118.125,20181200,117.90625,20190300
2018-11-09 17:30:00,117.890625,20190300,118.109375,20181200,117.890625,20190300
2018-11-09 17:45:00,117.90625,20190300,118.125,20181200,117.90625,20190300
2018-11-09 18:00:00,,20190300,118.125,20181200,,20190300
2018-11-09 18:15:00,117.921875,20190300,118.125,20181200,117.921875,20190300
2018-11-09 18:30:00,117.921875,20190300,118.140625,20181200,117.921875,20190300
2018-11-09 18:45:00,117.921875,20190300,118.140625,20181200,117.921875,20190300
2018-11-09 19:00:00,117.9375,20190300,118.1875,20181200,117.9375,20190300
2018-11-09 19:15:00,117.921875,20190300,118.15625,20181200,117.921875,20190300
2018-11-09 19:30:00,117.890625,20190300,118.125,20181200,117.890625,20190300
2018-11-09 19:45:00,117.890625,20190300,118.109375,20181200,117.890625,20190300
2018-11-09 20:00:00,117.890625,20190300,118.109375,20181200,117.890625,20190300
2018-11-09 20:15:00,,20190300,118.09375,20181200,,20190300
2018-11-09 20:30:00,117.859375,20190300,118.09375,20181200,117.859375,20190300
2018-11-09 20:45:00,117.90625,20190300,118.125,20181200,117.90625,20190300
2018-11-09 21:00:00,117.9375,20190300,118.140625,20181200,117.9375,20190300
2018-11-09 21:15:00,117.921875,20190300,118.140625,20181200,117.921875,20190300
2018-11-09 21:30:00,117.9375,20190300,118.15625,20181200,117.9375,20190300
2018-11-09 21:45:00,117.921875,20190300,118.15625,20181200,117.921875,20190300
2018-11-09 23:00:00,117.921875,20190300,117.84375,20181200,117.921875,20190300
2018-11-11 23:00:00,117.984375,20190300,118.203125,20181200,117.984375,20190300
2018-11-11 23:15:00,117.984375,20190300,118.203125,20181200,117.984375,20190300
2018-11-11 23:30:00,,20190300,118.171875,20181200,,20190300
2018-11-11 23:45:00,,20190300,118.171875,20181200,,20190300
2018-11-12 00:00:00,,20190300,118.15625,20181200,,20190300
2018-11-12 00:15:00,,20190300,118.15625,20181200,,20190300
2018-11-12 00:30:00,,20190300,118.15625,20181200,,20190300
2018-11-12 00:45:00,,20190300,118.15625,20181200,,20190300
2018-11-12 01:00:00,,20190300,118.140625,20181200,,20190300
2018-11-12 01:15:00,,20190300,118.125,20181200,,20190300
2018-11-12 01:30:00,,20190300,118.125,20181200,,20190300
2018-11-12 01:45:00,117.890625,20190300,118.140625,20181200,117.890625,20190300
2018-11-12 02:00:00,,20190300,118.125,20181200,,20190300
2018-11-12 02:15:00,,20190300,118.109375,20181200,,20190300
2018-11-12 02:30:00,117.890625,20190300,118.140625,20181200,117.890625,20190300
2018-11-12 02:45:00,117.90625,20190300,118.125,20181200,117.90625,20190300
2018-11-12 03:00:00,,20190300,118.125,20181200,,20190300
2018-11-12 03:15:00,,20190300,118.125,20181200,,20190300
2018-11-12 03:30:00,,20190300,118.109375,20181200,,20190300
2018-11-12 03:45:00,,20190300,118.109375,20181200,,20190300
2018-11-12 04:00:00,,20190300,118.109375,20181200,,20190300
2018-11-12 04:15:00,,20190300,118.109375,20181200,,20190300
2018-11-12 04:30:00,,20190300,118.109375,20181200,,20190300
2018-11-12 04:45:00,,20190300,118.109375,20181200,,20190300
2018-11-12 05:15:00,,20190300,118.109375,20181200,,20190300
2018-11-12 05:30:00,,20190300,118.109375,20181200,,20190300
2018-11-12 05:45:00,,20190300,118.109375,20181200,,20190300
2018-11-12 06:15:00,117.90625,20190300,118.125,20181200,117.90625,20190300
2018-11-12 06:30:00,,20190300,118.125,20181200,,20190300
2018-11-12 06:45:00,,20190300,118.109375,20181200,,20190300
2018-11-12 07:00:00,,20190300,118.140625,20181200,,20190300
2018-11-12 07:15:00,,20190300,118.125,20181200,,20190300
2018-11-12 07:30:00,117.9375,20190300,118.15625,20181200,117.9375,20190300
2018-11-12 07:45:00,,20190300,118.15625,20181200,,20190300
2018-11-12 08:00:00,117.953125,20190300,118.171875,20181200,117.953125,20190300
2018-11-12 08:15:00,118.015625,20190300,118.234375,20181200,118.015625,20190300
2018-11-12 08:30:00,118.03125,20190300,118.28125,20181200,118.03125,20190300
2018-11-12 08:45:00,118.03125,20190300,118.25,20181200,118.03125,20190300
2018-11-12 09:00:00,118.03125,20190300,118.25,20181200,118.03125,20190300
2018-11-12 09:15:00,118.078125,20190300,118.3125,20181200,118.078125,20190300
2018-11-12 09:30:00,118.109375,20190300,118.328125,20181200,118.109375,20190300
2018-11-12 09:45:00,,20190300,118.296875,20181200,,20190300
2018-11-12 10:00:00,118.109375,20190300,118.3125,20181200,118.109375,20190300
2018-11-12 10:15:00,118.09375,20190300,118.296875,20181200,118.09375,20190300
2018-11-12 10:30:00,118.078125,20190300,118.296875,20181200,118.078125,20190300
2018-11-12 10:45:00,,20190300,118.28125,20181200,,20190300
2018-11-12 11:00:00,118.078125,20190300,118.296875,20181200,118.078125,20190300
2018-11-12 11:15:00,,20190300,118.296875,20181200,,20190300
2018-11-12 11:30:00,118.09375,20190300,118.328125,20181200,118.09375,20190300
2018-11-12 11:45:00,118.109375,20190300,118.34375,20181200,118.109375,20190300
2018-11-12 12:00:00,118.125,20190300,118.328125,20181200,118.125,20190300
2018-11-12 12:15:00,118.09375,20190300,118.3125,20181200,118.09375,20190300
2018-11-12 12:30:00,118.109375,20190300,118.3125,20181200,118.109375,20190300
2018-11-12 12:45:00,118.09375,20190300,118.328125,20181200,118.09375,20190300
2018-11-12 13:00:00,118.140625,20190300,118.359375,20181200,118.140625,20190300
2018-11-12 13:15:00,118.140625,20190300,118.375,20181200,118.140625,20190300
2018-11-12 13:30:00,118.203125,20190300,118.4375,20181200,118.203125,20190300
2018-11-12 13:45:00,118.125,20190300,118.328125,20181200,118.125,20190300
2018-11-12 14:00:00,118.125,20190300,118.34375,20181200,118.125,20190300
2018-11-12 14:15:00,118.140625,20190300,118.359375,20181200,118.140625,20190300
2018-11-12 14:30:00,118.15625,20190300,118.375,20181200,118.15625,20190300
2018-11-12 14:45:00,118.1875,20190300,118.390625,20181200,118.1875,20190300
2018-11-12 15:00:00,,20190300,118.359375,20181200,,20190300
2018-11-12 15:15:00,118.15625,20190300,118.359375,20181200,118.15625,20190300
2018-11-12 15:30:00,118.15625,20190300,118.359375,20181200,118.15625,20190300
2018-11-12 15:45:00,118.1875,20190300,118.40625,20181200,118.1875,20190300
2018-11-12 16:00:00,118.171875,20190300,118.40625,20181200,118.171875,20190300
2018-11-12 16:15:00,118.21875,20190300,118.4375,20181200,118.21875,20190300
2018-11-12 16:30:00,118.203125,20190300,118.390625,20181200,118.203125,20190300
2018-11-12 16:45:00,,20190300,118.34375,20181200,,20190300
2018-11-12 17:00:00,118.140625,20190300,118.375,20181200,118.140625,20190300
2018-11-12 17:15:00,,20190300,118.359375,20181200,,20190300
2018-11-12 17:30:00,,20190300,118.375,20181200,,20190300
2018-11-12 17:45:00,118.140625,20190300,118.359375,20181200,118.140625,20190300
2018-11-12 18:00:00,,20190300,118.390625,20181200,,20190300
2018-11-12 18:15:00,118.1875,20190300,118.375,20181200,118.1875,20190300
2018-11-12 18:30:00,,20190300,118.40625,20181200,,20190300
2018-11-12 18:45:00,,20190300,118.390625,20181200,,20190300
2018-11-12 19:00:00,,20190300,118.390625,20181200,,20190300
2018-11-12 19:15:00,118.171875,20190300,118.375,20181200,118.171875,20190300
2018-11-12 19:30:00,,20190300,118.359375,20181200,,20190300
2018-11-12 19:45:00,118.171875,20190300,118.390625,20181200,118.171875,20190300
2018-11-12 20:00:00,118.1875,20190300,118.421875,20181200,118.1875,20190300
2018-11-12 20:15:00,118.203125,20190300,118.421875,20181200,118.203125,20190300
2018-11-12 20:30:00,118.203125,20190300,118.421875,20181200,118.203125,20190300
2018-11-12 20:45:00,118.25,20190300,118.421875,20181200,118.25,20190300
2018-11-12 21:00:00,118.21875,20190300,118.453125,20181200,118.21875,20190300
2018-11-12 21:15:00,,20190300,118.4375,20181200,,20190300
2018-11-12 21:30:00,,20190300,118.4375,20181200,,20190300
2018-11-12 21:45:00,118.203125,20190300,118.4375,20181200,118.203125,20190300
2018-11-12 23:00:00,118.21875,20190300,118.125,20181200,118.21875,20190300
2018-11-12 23:15:00,118.15625,20190300,118.390625,20181200,118.15625,20190300
2018-11-12 23:30:00,118.171875,20190300,118.390625,20181200,118.171875,20190300
2018-11-12 23:45:00,,20190300,118.4375,20181200,,20190300
2018-11-13 00:00:00,,20190300,118.4375,20181200,,20190300
2018-11-13 00:15:00,118.234375,20190300,118.46875,20181200,118.234375,20190300
2018-11-13 00:30:00,118.25,20190300,118.46875,20181200,118.25,20190300
2018-11-13 00:45:00,,20190300,118.46875,20181200,,20190300
2018-11-13 01:00:00,118.234375,20190300,118.421875,20181200,118.234375,20190300
2018-11-13 01:15:00,,20190300,118.40625,20181200,,20190300
2018-11-13 01:30:00,,20190300,118.40625,20181200,,20190300
2018-11-13 01:45:00,118.1875,20190300,118.390625,20181200,118.1875,20190300
2018-11-13 02:00:00,,20190300,118.421875,20181200,,20190300
2018-11-13 02:15:00,118.234375,20190300,118.453125,20181200,118.234375,20190300
2018-11-13 02:30:00,,20190300,118.4375,20181200,,20190300
2018-11-13 02:45:00,118.25,20190300,118.4375,20181200,118.25,20190300
2018-11-13 03:00:00,,20190300,118.421875,20181200,,20190300
2018-11-13 03:15:00,118.125,20190300,118.328125,20181200,118.125,20190300
2018-11-13 03:30:00,118.0625,20190300,118.296875,20181200,118.0625,20190300
2018-11-13 03:45:00,118.0625,20190300,118.265625,20181200,118.0625,20190300
2018-11-13 04:00:00,118.0625,20190300,118.296875,20181200,118.0625,20190300
2018-11-13 04:15:00,118.015625,20190300,118.265625,20181200,118.015625,20190300
2018-11-13 04:30:00,118.0625,20190300,118.28125,20181200,118.0625,20190300
2018-11-13 04:45:00,118.078125,20190300,118.296875,20181200,118.078125,20190300
2018-11-13 05:15:00,,20190300,118.28125,20181200,,20190300
2018-11-13 05:30:00,,20190300,118.3125,20181200,,20190300
2018-11-13 05:45:00,,20190300,118.296875,20181200,,20190300
2018-11-13 06:15:00,,20190300,118.3125,20181200,,20190300
2018-11-13 06:30:00,118.140625,20190300,118.359375,20181200,118.140625,20190300
2018-11-13 06:45:00,,20190300,118.390625,20181200,,20190300
2018-11-13 07:00:00,118.171875,20190300,118.40625,20181200,118.171875,20190300
2018-11-13 07:15:00,,20190300,118.375,20181200,,20190300
2018-11-13 07:30:00,,20190300,118.328125,20181200,,20190300
2018-11-13 07:45:00,,20190300,118.3125,20181200,,20190300
2018-11-13 08:00:00,118.078125,20190300,118.3125,20181200,118.078125,20190300
2018-11-13 08:15:00,,20190300,118.328125,20181200,,20190300
2018-11-13 08:30:00,118.0625,20190300,118.3125,20181200,118.0625,20190300
2018-11-13 08:45:00,,20190300,118.3125,20181200,,20190300
2018-11-13 09:00:00,118.078125,20190300,118.34375,20181200,118.078125,20190300
2018-11-13 09:15:00,,20190300,118.34375,20181200,,20190300
2018-11-13 09:30:00,,20190300,118.375,20181200,,20190300
2018-11-13 09:45:00,,20190300,118.390625,20181200,,20190300
2018-11-13 10:00:00,,20190300,118.375,20181200,,20190300
2018-11-13 10:15:00,,20190300,118.375,20181200,,20190300
2018-11-13 10:30:00,,20190300,118.375,20181200,,20190300
2018-11-13 10:45:00,118.171875,20190300,118.40625,20181200,118.171875,20190300
2018-11-13 11:00:00,,20190300,118.40625,20181200,,20190300
2018-11-13 11:15:00,,20190300,118.34375,20181200,,20190300
2018-11-13 11:30:00,,20190300,118.328125,20181200,,20190300
2018-11-13 11:45:00,118.109375,20190300,118.328125,20181200,118.109375,20190300
2018-11-13 12:00:00,118.09375,20190300,118.3125,20181200,118.09375,20190300
2018-11-13 12:15:00,118.078125,20190300,118.3125,20181200,118.078125,20190300
2018-11-13 12:30:00,118.0625,20190300,118.3125,20181200,118.0625,20190300
2018-11-13 12:45:00,,20190300,118.3125,20181200,,20190300
2018-11-13 13:00:00,118.109375,20190300,118.328125,20181200,118.109375,20190300
2018-11-13 13:15:00,118.140625,20190300,118.375,20181200,118.140625,20190300
2018-11-13 13:30:00,118.171875,20190300,118.390625,20181200,118.171875,20190300
2018-11-13 13:45:00,118.15625,20190300,118.375,20181200,118.15625,20190300
2018-11-13 14:00:00,118.125,20190300,118.375,20181200,118.125,20190300
2018-11-13 14:15:00,118.1875,20190300,118.40625,20181200,118.1875,20190300
2018-11-13 14:30:00,118.171875,20190300,118.390625,20181200,118.171875,20190300
2018-11-13 14:45:00,118.15625,20190300,118.375,20181200,118.15625,20190300
2018-11-13 15:00:00,118.140625,20190300,118.359375,20181200,118.140625,20190300
2018-11-13 15:15:00,118.25,20190300,118.5,20181200,118.25,20190300
2018-11-13 15:30:00,118.25,20190300,118.484375,20181200,118.25,20190300
2018-11-13 15:45:00,118.234375,20190300,118.421875,20181200,118.234375,20190300
2018-11-13 16:00:00,,20190300,118.421875,20181200,,20190300
2018-11-13 16:15:00,118.15625,20190300,118.390625,20181200,118.15625,20190300
2018-11-13 16:30:00,118.140625,20190300,118.375,20181200,118.140625,20190300
2018-11-13 16:45:00,118.140625,20190300,118.375,20181200,118.140625,20190300
2018-11-13 17:00:00,118.140625,20190300,118.375,20181200,118.140625,20190300
2018-11-13 17:15:00,118.15625,20190300,118.375,20181200,118.15625,20190300
2018-11-13 17:30:00,118.1875,20190300,118.421875,20181200,118.1875,20190300
2018-11-13 17:45:00,118.234375,20190300,118.4375,20181200,118.234375,20190300
2018-11-13 18:00:00,118.234375,20190300,118.453125,20181200,118.234375,20190300
2018-11-13 18:15:00,118.234375,20190300,118.46875,20181200,118.234375,20190300
2018-11-13 18:30:00,118.25,20190300,118.484375,20181200,118.25,20190300
2018-11-13 18:45:00,118.265625,20190300,118.5,20181200,118.265625,20190300
2018-11-13 19:00:00,118.28125,20190300,118.515625,20181200,118.28125,20190300
2018-11-13 19:15:00,118.296875,20190300,118.5,20181200,118.296875,20190300
2018-11-13 19:30:00,118.3125,20190300,118.53125,20181200,118.3125,20190300
2018-11-13 19:45:00,118.296875,20190300,118.53125,20181200,118.296875,20190300
2018-11-13 20:00:00,118.34375,20190300,118.546875,20181200,118.34375,20190300
2018-11-13 20:15:00,118.359375,20190300,118.546875,20181200,118.359375,20190300
2018-11-13 20:30:00,118.328125,20190300,118.53125,20181200,118.328125,20190300
2018-11-13 20:45:00,118.296875,20190300,118.515625,20181200,118.296875,20190300
2018-11-13 21:00:00,,20190300,118.515625,20181200,,20190300
2018-11-13 21:15:00,,20190300,118.515625,20181200,,20190300
2018-11-13 21:30:00,,20190300,118.546875,20181200,,20190300
2018-11-13 21:45:00,118.328125,20190300,118.53125,20181200,118.328125,20190300
2018-11-13 23:00:00,118.3125,20190300,118.3125,20181200,118.3125,20190300
2018-11-13 23:15:00,,20190300,118.515625,20181200,,20190300
2018-11-13 23:30:00,,20190300,118.5,20181200,,20190300
2018-11-13 23:45:00,,20190300,118.5,20181200,,20190300
2018-11-14 00:00:00,,20190300,118.4375,20181200,,20190300
2018-11-14 00:15:00,118.25,20190300,118.453125,20181200,118.25,20190300
2018-11-14 00:30:00,118.265625,20190300,118.453125,20181200,118.265625,20190300
2018-11-14 00:45:00,,20190300,118.453125,20181200,,20190300
2018-11-14 01:00:00,118.21875,20190300,118.4375,20181200,118.21875,20190300
2018-11-14 01:15:00,118.21875,20190300,118.453125,20181200,118.21875,20190300
2018-11-14 01:30:00,,20190300,118.453125,20181200,,20190300
2018-11-14 01:45:00,118.21875,20190300,118.46875,20181200,118.21875,20190300
2018-11-14 02:00:00,118.25,20190300,118.4375,20181200,118.25,20190300
2018-11-14 02:15:00,118.28125,20190300,118.5,20181200,118.28125,20190300
2018-11-14 02:30:00,,20190300,118.484375,20181200,,20190300
2018-11-14 02:45:00,,20190300,118.46875,20181200,,20190300
2018-11-14 03:00:00,,20190300,118.46875,20181200,,20190300
2018-11-14 03:15:00,,20190300,118.46875,20181200,,20190300
2018-11-14 03:30:00,,20190300,118.5,20181200,,20190300
2018-11-14 03:45:00,,20190300,118.46875,20181200,,20190300
2018-11-14 04:00:00,118.28125,20190300,118.484375,20181200,118.28125,20190300
2018-11-14 04:15:00,,20190300,118.484375,20181200,,20190300
2018-11-14 04:30:00,,20190300,118.484375,20181200,,20190300
2018-11-14 04:45:00,118.296875,20190300,118.515625,20181200,118.296875,20190300
2018-11-14 05:15:00,,20190300,118.5,20181200,,20190300
2018-11-14 05:30:00,,20190300,118.5,20181200,,20190300
2018-11-14 05:45:00,118.3125,20190300,118.484375,20181200,118.3125,20190300
2018-11-14 06:15:00,118.3125,20190300,118.484375,20181200,118.3125,20190300
2018-11-14 06:30:00,118.265625,20190300,118.46875,20181200,118.265625,20190300
2018-11-14 06:45:00,118.265625,20190300,118.46875,20181200,118.265625,20190300
2018-11-14 07:00:00,118.28125,20190300,118.515625,20181200,118.28125,20190300
2018-11-14 07:15:00,118.265625,20190300,118.46875,20181200,118.265625,20190300
2018-11-14 07:30:00,118.265625,20190300,118.46875,20181200,118.265625,20190300
2018-11-14 07:45:00,118.28125,20190300,118.515625,20181200,118.28125,20190300
2018-11-14 08:00:00,118.296875,20190300,118.5,20181200,118.296875,20190300
2018-11-14 08:15:00,118.28125,20190300,118.5,20181200,118.28125,20190300
2018-11-14 08:30:00,118.328125,20190300,118.546875,20181200,118.328125,20190300
2018-11-14 08:45:00,118.359375,20190300,118.578125,20181200,118.359375,20190300
2018-11-14 09:00:00,118.359375,20190300,118.578125,20181200,118.359375,20190300
2018-11-14 09:15:00,118.34375,20190300,118.546875,20181200,118.34375,20190300
2018-11-14 09:30:00,118.328125,20190300,118.546875,20181200,118.328125,20190300
2018-11-14 09:45:00,,20190300,118.515625,20181200,,20190300
2018-11-14 10:00:00,118.296875,20190300,118.515625,20181200,118.296875,20190300
2018-11-14 10:15:00,118.296875,20190300,118.515625,20181200,118.296875,20190300
2018-11-14 10:30:00,118.328125,20190300,118.53125,20181200,118.328125,20190300
2018-11-14 10:45:00,118.34375,20190300,118.5625,20181200,118.34375,20190300
2018-11-14 11:00:00,118.34375,20190300,118.5625,20181200,118.34375,20190300
2018-11-14 11:15:00,118.375,20190300,118.59375,20181200,118.375,20190300
2018-11-14 11:30:00,118.359375,20190300,118.5625,20181200,118.359375,20190300
2018-11-14 11:45:00,118.34375,20190300,118.5625,20181200,118.34375,20190300
2018-11-14 12:00:00,118.34375,20190300,118.578125,20181200,118.34375,20190300
2018-11-14 12:15:00,118.328125,20190300,118.546875,20181200,118.328125,20190300
2018-11-14 12:30:00,118.3125,20190300,118.53125,20181200,118.3125,20190300
2018-11-14 12:45:00,118.3125,20190300,118.53125,20181200,118.3125,20190300
2018-11-14 13:00:00,118.28125,20190300,118.5,20181200,118.28125,20190300
2018-11-14 13:15:00,118.25,20190300,118.46875,20181200,118.25,20190300
2018-11-14 13:30:00,118.28125,20190300,118.5,20181200,118.28125,20190300
2018-11-14 13:45:00,118.203125,20190300,118.421875,20181200,118.203125,20190300
2018-11-14 14:00:00,118.234375,20190300,118.453125,20181200,118.234375,20190300
2018-11-14 14:15:00,118.203125,20190300,118.40625,20181200,118.203125,20190300
2018-11-14 14:30:00,118.1875,20190300,118.40625,20181200,118.1875,20190300
2018-11-14 14:45:00,118.203125,20190300,118.421875,20181200,118.203125,20190300
2018-11-14 15:00:00,118.25,20190300,118.484375,20181200,118.25,20190300
2018-11-14 15:15:00,118.265625,20190300,118.484375,20181200,118.265625,20190300
2018-11-14 15:30:00,118.25,20190300,118.46875,20181200,118.25,20190300
2018-11-14 15:45:00,118.28125,20190300,118.5,20181200,118.28125,20190300
2018-11-14 16:00:00,118.375,20190300,118.59375,20181200,118.375,20190300
2018-11-14 16:15:00,118.421875,20190300,118.640625,20181200,118.421875,20190300
2018-11-14 16:30:00,118.484375,20190300,118.6875,20181200,118.484375,20190300
2018-11-14 16:45:00,118.4375,20190300,118.65625,20181200,118.4375,20190300
2018-11-14 17:00:00,118.515625,20190300,118.71875,20181200,118.515625,20190300
2018-11-14 17:15:00,118.46875,20190300,118.6875,20181200,118.46875,20190300
2018-11-14 17:30:00,118.59375,20190300,118.796875,20181200,118.59375,20190300
2018-11-14 17:45:00,118.59375,20190300,118.8125,20181200,118.59375,20190300
2018-11-14 18:00:00,118.640625,20190300,118.84375,20181200,118.640625,20190300
2018-11-14 18:15:00,118.625,20190300,118.8125,20181200,118.625,20190300
2018-11-14 18:30:00,118.765625,20190300,118.96875,20181200,118.765625,20190300
2018-11-14 18:45:00,118.6875,20190300,118.890625,20181200,118.6875,20190300
2018-11-14 19:00:00,118.703125,20190300,118.890625,20181200,118.703125,20190300
2018-11-14 19:15:00,118.640625,20190300,118.828125,20181200,118.640625,20190300
2018-11-14 19:30:00,118.609375,20190300,118.8125,20181200,118.609375,20190300
2018-11-14 19:45:00,118.546875,20190300,118.734375,20181200,118.546875,20190300
2018-11-14 20:00:00,118.5,20190300,118.703125,20181200,118.5,20190300
2018-11-14 20:15:00,118.546875,20190300,118.75,20181200,118.546875,20190300
2018-11-14 20:30:00,118.5625,20190300,118.765625,20181200,118.5625,20190300
2018-11-14 20:45:00,118.5625,20190300,118.75,20181200,118.5625,20190300
2018-11-14 21:00:00,118.53125,20190300,118.703125,20181200,118.53125,20190300
2018-11-14 21:15:00,118.53125,20190300,118.703125,20181200,118.53125,20190300
2018-11-14 21:30:00,118.484375,20190300,118.71875,20181200,118.484375,20190300
2018-11-14 21:45:00,118.484375,20190300,118.6875,20181200,118.484375,20190300
2018-11-14 23:00:00,118.46875,20190300,118.515625,20181200,118.46875,20190300
2018-11-14 23:15:00,118.453125,20190300,118.65625,20181200,118.453125,20190300
2018-11-14 23:30:00,,20190300,118.703125,20181200,,20190300
2018-11-14 23:45:00,118.53125,20190300,118.734375,20181200,118.53125,20190300
2018-11-15 00:00:00,118.5,20190300,118.71875,20181200,118.5,20190300
2018-11-15 00:15:00,118.5,20190300,118.71875,20181200,118.5,20190300
2018-11-15 00:30:00,118.46875,20190300,118.6875,20181200,118.46875,20190300
2018-11-15 00:45:00,,20190300,118.6875,20181200,,20190300
2018-11-15 01:00:00,,20190300,118.671875,20181200,,20190300
2018-11-15 01:15:00,,20190300,118.703125,20181200,,20190300
2018-11-15 01:30:00,118.53125,20190300,118.75,20181200,118.53125,20190300
2018-11-15 01:45:00,118.5625,20190300,118.765625,20181200,118.5625,20190300
2018-11-15 02:00:00,118.5625,20190300,118.75,20181200,118.5625,20190300
2018-11-15 02:15:00,118.515625,20190300,118.71875,20181200,118.515625,20190300
2018-11-15 02:30:00,,20190300,118.71875,20181200,,20190300
2018-11-15 02:45:00,,20190300,118.71875,20181200,,20190300
2018-11-15 03:00:00,,20190300,118.734375,20181200,,20190300
2018-11-15 03:15:00,,20190300,118.703125,20181200,,20190300
2018-11-15 03:30:00,118.484375,20190300,118.71875,20181200,118.484375,20190300
2018-11-15 03:45:00,,20190300,118.703125,20181200,,20190300
2018-11-15 04:00:00,118.484375,20190300,118.6875,20181200,118.484375,20190300
2018-11-15 04:15:00,118.484375,20190300,118.703125,20181200,118.484375,20190300
2018-11-15 04:30:00,,20190300,118.703125,20181200,,20190300
2018-11-15 04:45:00,,20190300,118.6875,20181200,,20190300
2018-11-15 05:15:00,,20190300,118.703125,20181200,,20190300
2018-11-15 05:30:00,118.484375,20190300,118.6875,20181200,118.484375,20190300
2018-11-15 05:45:00,,20190300,118.6875,20181200,,20190300
2018-11-15 06:15:00,118.46875,20190300,118.671875,20181200,118.46875,20190300
2018-11-15 06:30:00,118.453125,20190300,118.65625,20181200,118.453125,20190300
2018-11-15 06:45:00,118.4375,20190300,118.65625,20181200,118.4375,20190300
2018-11-15 07:00:00,118.4375,20190300,118.65625,20181200,118.4375,20190300
2018-11-15 07:15:00,118.4375,20190300,118.65625,20181200,118.4375,20190300
2018-11-15 07:30:00,118.453125,20190300,118.65625,20181200,118.453125,20190300
2018-11-15 07:45:00,,20190300,118.6875,20181200,,20190300
2018-11-15 08:00:00,118.5,20190300,118.703125,20181200,118.5,20190300
2018-11-15 08:15:00,118.515625,20190300,118.75,20181200,118.515625,20190300
2018-11-15 08:30:00,118.5625,20190300,118.78125,20181200,118.5625,20190300
2018-11-15 08:45:00,118.65625,20190300,118.859375,20181200,118.65625,20190300
2018-11-15 09:00:00,118.6875,20190300,118.890625,20181200,118.6875,20190300
2018-11-15 09:15:00,118.765625,20190300,118.953125,20181200,118.765625,20190300
2018-11-15 09:30:00,118.796875,20190300,118.984375,20181200,118.796875,20190300
2018-11-15 09:45:00,118.765625,20190300,118.96875,20181200,118.765625,20190300
2018-11-15 10:00:00,118.8125,20190300,119.0,20181200,118.8125,20190300
2018-11-15 10:15:00,118.734375,20190300,118.921875,20181200,118.734375,20190300
2018-11-15 10:30:00,118.734375,20190300,118.921875,20181200,118.734375,20190300
2018-11-15 10:45:00,,20190300,118.921875,20181200,,20190300
2018-11-15 11:00:00,118.6875,20190300,118.875,20181200,118.6875,20190300
2018-11-15 11:15:00,118.671875,20190300,118.875,20181200,118.671875,20190300
2018-11-15 11:30:00,,20190300,118.875,20181200,,20190300
2018-11-15 11:45:00,,20190300,118.875,20181200,,20190300
2018-11-15 12:00:00,118.671875,20190300,118.875,20181200,118.671875,20190300
2018-11-15 12:15:00,118.6875,20190300,118.890625,20181200,118.6875,20190300
2018-11-15 12:30:00,118.71875,20190300,118.90625,20181200,118.71875,20190300
2018-11-15 12:45:00,118.75,20190300,118.953125,20181200,118.75,20190300
2018-11-15 13:00:00,118.71875,20190300,118.921875,20181200,118.71875,20190300
2018-11-15 13:15:00,118.71875,20190300,118.90625,20181200,118.71875,20190300
2018-11-15 13:30:00,118.796875,20190300,119.0,20181200,118.796875,20190300
2018-11-15 13:45:00,118.78125,20190300,118.96875,20181200,118.78125,20190300
2018-11-15 14:00:00,118.859375,20190300,119.046875,20181200,118.859375,20190300
2018-11-15 14:15:00,118.828125,20190300,119.03125,20181200,118.828125,20190300
2018-11-15 14:30:00,118.8125,20190300,118.96875,20181200,118.8125,20190300
2018-11-15 14:45:00,118.78125,20190300,119.0,20181200,118.78125,20190300
2018-11-15 15:00:00,118.8125,20190300,118.984375,20181200,118.8125,20190300
2018-11-15 15:15:00,118.796875,20190300,119.015625,20181200,118.796875,20190300
2018-11-15 15:30:00,118.859375,20190300,119.046875,20181200,118.859375,20190300
2018-11-15 15:45:00,118.8125,20190300,119.0,20181200,118.8125,20190300
2018-11-15 16:00:00,118.765625,20190300,118.96875,20181200,118.765625,20190300
2018-11-15 16:15:00,118.765625,20190300,118.953125,20181200,118.765625,20190300
2018-11-15 16:30:00,118.75,20190300,118.9375,20181200,118.75,20190300
2018-11-15 16:45:00,118.75,20190300,118.953125,20181200,118.75,20190300
2018-11-15 17:00:00,118.765625,20190300,118.953125,20181200,118.765625,20190300
2018-11-15 17:15:00,118.75,20190300,118.921875,20181200,118.75,20190300
2018-11-15 17:30:00,118.71875,20190300,118.90625,20181200,118.71875,20190300
2018-11-15 17:45:00,118.78125,20190300,118.984375,20181200,118.78125,20190300
2018-11-15 18:00:00,118.78125,20190300,118.96875,20181200,118.78125,20190300
2018-11-15 18:15:00,118.671875,20190300,118.859375,20181200,118.671875,20190300
2018-11-15 18:30:00,118.625,20190300,118.8125,20181200,118.625,20190300
2018-11-15 18:45:00,118.59375,20190300,118.796875,20181200,118.59375,20190300
2018-11-15 19:00:00,118.578125,20190300,118.78125,20181200,118.578125,20190300
2018-11-15 19:15:00,118.5625,20190300,118.75,20181200,118.5625,20190300
2018-11-15 19:30:00,118.5625,20190300,118.78125,20181200,118.5625,20190300
2018-11-15 19:45:00,118.609375,20190300,118.796875,20181200,118.609375,20190300
2018-11-15 20:00:00,118.625,20190300,118.796875,20181200,118.625,20190300
2018-11-15 20:15:00,118.671875,20190300,118.875,20181200,118.671875,20190300
2018-11-15 20:30:00,118.6875,20190300,118.890625,20181200,118.6875,20190300
2018-11-15 20:45:00,118.671875,20190300,118.859375,20181200,118.671875,20190300
2018-11-15 21:00:00,118.6875,20190300,118.828125,20181200,118.6875,20190300
2018-11-15 21:15:00,118.65625,20190300,118.859375,20181200,118.65625,20190300
2018-11-15 21:30:00,118.6875,20190300,118.859375,20181200,118.6875,20190300
2018-11-15 21:45:00,118.65625,20190300,118.828125,20181200,118.65625,20190300
2018-11-15 23:00:00,118.46875,20190300,118.671875,20181200,118.46875,20190300
2018-11-15 23:15:00,,20190300,118.84375,20181200,,20190300
2018-11-15 23:30:00,118.703125,20190300,118.90625,20181200,118.703125,20190300
2018-11-15 23:45:00,118.6875,20190300,118.890625,20181200,118.6875,20190300
2018-11-16 00:00:00,118.640625,20190300,118.84375,20181200,118.640625,20190300
2018-11-16 00:15:00,,20190300,118.875,20181200,,20190300
2018-11-16 00:30:00,118.640625,20190300,118.84375,20181200,118.640625,20190300
2018-11-16 00:45:00,118.640625,20190300,118.828125,20181200,118.640625,20190300
2018-11-16 01:00:00,118.640625,20190300,118.859375,20181200,118.640625,20190300
2018-11-16 01:15:00,118.671875,20190300,118.875,20181200,118.671875,20190300
2018-11-16 01:30:00,118.703125,20190300,118.890625,20181200,118.703125,20190300
2018-11-16 01:45:00,118.703125,20190300,118.890625,20181200,118.703125,20190300
2018-11-16 02:00:00,118.71875,20190300,118.90625,20181200,118.71875,20190300
2018-11-16 02:15:00,118.6875,20190300,118.890625,20181200,118.6875,20190300
2018-11-16 02:30:00,118.671875,20190300,118.859375,20181200,118.671875,20190300
2018-11-16 02:45:00,,20190300,118.875,20181200,,20190300
2018-11-16 03:00:00,118.6875,20190300,118.875,20181200,118.6875,20190300
2018-11-16 03:15:00,,20190300,118.859375,20181200,,20190300
2018-11-16 03:30:00,,20190300,118.84375,20181200,,20190300
2018-11-16 03:45:00,118.625,20190300,118.828125,20181200,118.625,20190300
2018-11-16 04:00:00,118.640625,20190300,118.828125,20181200,118.640625,20190300
2018-11-16 04:15:00,,20190300,118.828125,20181200,,20190300
2018-11-16 04:30:00,,20190300,118.8125,20181200,,20190300
2018-11-16 04:45:00,118.609375,20190300,118.796875,20181200,118.609375,20190300
2018-11-16 05:15:00,118.65625,20190300,118.84375,20181200,118.65625,20190300
2018-11-16 05:30:00,118.65625,20190300,118.84375,20181200,118.65625,20190300
2018-11-16 05:45:00,118.625,20190300,118.828125,20181200,118.625,20190300
2018-11-16 06:15:00,,20190300,118.828125,20181200,,20190300
2018-11-16 06:30:00,,20190300,118.828125,20181200,,20190300
2018-11-16 06:45:00,,20190300,118.859375,20181200,,20190300
2018-11-16 07:00:00,118.671875,20190300,118.875,20181200,118.671875,20190300
2018-11-16 07:15:00,118.6875,20190300,118.890625,20181200,118.6875,20190300
2018-11-16 07:30:00,118.6875,20190300,118.875,20181200,118.6875,20190300
2018-11-16 07:45:00,118.703125,20190300,118.890625,20181200,118.703125,20190300
2018-11-16 08:00:00,118.671875,20190300,118.875,20181200,118.671875,20190300
2018-11-16 08:15:00,118.6875,20190300,118.875,20181200,118.6875,20190300
2018-11-16 08:30:00,118.625,20190300,118.8125,20181200,118.625,20190300
2018-11-16 08:45:00,118.625,20190300,118.84375,20181200,118.625,20190300
2018-11-16 09:00:00,118.640625,20190300,118.84375,20181200,118.640625,20190300
2018-11-16 09:15:00,118.640625,20190300,118.84375,20181200,118.640625,20190300
2018-11-16 09:30:00,118.625,20190300,118.828125,20181200,118.625,20190300
2018-11-16 09:45:00,118.609375,20190300,118.796875,20181200,118.609375,20190300
2018-11-16 10:00:00,118.59375,20190300,118.765625,20181200,118.59375,20190300
2018-11-16 10:15:00,,20190300,118.8125,20181200,,20190300
2018-11-16 10:30:00,,20190300,118.8125,20181200,,20190300
2018-11-16 10:45:00,118.625,20190300,118.84375,20181200,118.625,20190300
2018-11-16 11:00:00,,20190300,118.828125,20181200,,20190300
2018-11-16 11:15:00,,20190300,118.84375,20181200,,20190300
2018-11-16 11:30:00,,20190300,118.84375,20181200,,20190300
2018-11-16 11:45:00,118.640625,20190300,118.828125,20181200,118.640625,20190300
2018-11-16 12:00:00,,20190300,118.84375,20181200,,20190300
2018-11-16 12:15:00,118.703125,20190300,118.875,20181200,118.703125,20190300
2018-11-16 12:30:00,118.734375,20190300,118.921875,20181200,118.734375,20190300
2018-11-16 12:45:00,118.71875,20190300,118.890625,20181200,118.71875,20190300
2018-11-16 13:00:00,118.75,20190300,118.9375,20181200,118.75,20190300
2018-11-16 13:15:00,118.78125,20190300,118.96875,20181200,118.78125,20190300
2018-11-16 13:30:00,118.84375,20190300,119.015625,20181200,118.84375,20190300
2018-11-16 13:45:00,118.875,20190300,119.046875,20181200,118.875,20190300
2018-11-16 14:00:00,118.828125,20190300,119.03125,20181200,118.828125,20190300
2018-11-16 14:15:00,118.9375,20190300,119.125,20181200,118.9375,20190300
2018-11-16 14:30:00,118.921875,20190300,119.09375,20181200,118.921875,20190300
2018-11-16 14:45:00,118.875,20190300,119.046875,20181200,118.875,20190300
2018-11-16 15:00:00,118.9375,20190300,119.109375,20181200,118.9375,20190300
2018-11-16 15:15:00,118.953125,20190300,119.140625,20181200,118.953125,20190300
2018-11-16 15:30:00,118.859375,20190300,119.046875,20181200,118.859375,20190300
2018-11-16 15:45:00,118.875,20190300,119.046875,20181200,118.875,20190300
2018-11-16 16:00:00,118.9375,20190300,119.09375,20181200,118.9375,20190300
2018-11-16 16:15:00,118.890625,20190300,119.078125,20181200,118.890625,20190300
2018-11-16 16:30:00,118.953125,20190300,119.140625,20181200,118.953125,20190300
2018-11-16 16:45:00,118.96875,20190300,119.140625,20181200,118.96875,20190300
2018-11-16 17:00:00,118.96875,20190300,119.140625,20181200,118.96875,20190300
2018-11-16 17:15:00,119.015625,20190300,119.21875,20181200,119.015625,20190300
2018-11-16 17:30:00,118.90625,20190300,119.109375,20181200,118.90625,20190300
2018-11-16 17:45:00,118.9375,20190300,119.125,20181200,118.9375,20190300
2018-11-16 18:00:00,118.96875,20190300,119.140625,20181200,118.96875,20190300
2018-11-16 18:15:00,118.96875,20190300,119.15625,20181200,118.96875,20190300
2018-11-16 18:30:00,119.0,20190300,119.15625,20181200,119.0,20190300
2018-11-16 18:45:00,118.984375,20190300,119.203125,20181200,118.984375,20190300
2018-11-16 19:00:00,119.0,20190300,119.203125,20181200,119.0,20190300
2018-11-16 19:15:00,119.0,20190300,119.171875,20181200,119.0,20190300
2018-11-16 19:30:00,118.9375,20190300,119.140625,20181200,118.9375,20190300
2018-11-16 19:45:00,119.0,20190300,119.15625,20181200,119.0,20190300
2018-11-16 20:00:00,118.96875,20190300,119.15625,20181200,118.96875,20190300
2018-11-16 20:15:00,118.96875,20190300,119.140625,20181200,118.96875,20190300
2018-11-16 20:30:00,118.984375,20190300,119.171875,20181200,118.984375,20190300
2018-11-16 20:45:00,119.0,20190300,119.1875,20181200,119.0,20190300
2018-11-16 21:00:00,118.984375,20190300,119.1875,20181200,118.984375,20190300
2018-11-16 21:15:00,119.015625,20190300,119.203125,20181200,119.015625,20190300
2018-11-16 21:30:00,119.046875,20190300,119.234375,20181200,119.046875,20190300
2018-11-16 21:45:00,119.0625,20190300,119.25,20181200,119.0625,20190300
2018-11-16 23:00:00,118.625,20190300,118.828125,20181200,118.625,20190300
2018-11-18 23:00:00,119.109375,20190300,119.296875,20181200,119.109375,20190300
2018-11-18 23:15:00,,20190300,119.296875,20181200,,20190300
2018-11-18 23:30:00,119.140625,20190300,119.296875,20181200,119.140625,20190300
2018-11-18 23:45:00,,20190300,119.28125,20181200,,20190300
2018-11-19 00:00:00,119.046875,20190300,119.203125,20181200,119.046875,20190300
2018-11-19 00:15:00,119.0625,20190300,119.265625,20181200,119.0625,20190300
2018-11-19 00:30:00,119.0625,20190300,119.25,20181200,119.0625,20190300
2018-11-19 00:45:00,119.0625,20190300,119.265625,20181200,119.0625,20190300
2018-11-19 01:00:00,119.09375,20190300,119.265625,20181200,119.09375,20190300
2018-11-19 01:15:00,119.078125,20190300,119.265625,20181200,119.078125,20190300
2018-11-19 01:30:00,,20190300,119.265625,20181200,,20190300
2018-11-19 01:45:00,119.078125,20190300,119.25,20181200,119.078125,20190300
2018-11-19 02:00:00,119.0625,20190300,119.265625,20181200,119.0625,20190300
2018-11-19 02:15:00,,20190300,119.234375,20181200,,20190300
2018-11-19 02:30:00,119.0625,20190300,119.25,20181200,119.0625,20190300
2018-11-19 02:45:00,119.078125,20190300,119.25,20181200,119.078125,20190300
2018-11-19 03:00:00,,20190300,119.25,20181200,,20190300
2018-11-19 03:15:00,,20190300,119.234375,20181200,,20190300
2018-11-19 03:30:00,,20190300,119.21875,20181200,,20190300
2018-11-19 03:45:00,119.046875,20190300,119.21875,20181200,119.046875,20190300
2018-11-19 04:00:00,,20190300,119.21875,20181200,,20190300
2018-11-19 04:15:00,,20190300,119.21875,20181200,,20190300
2018-11-19 04:30:00,119.03125,20190300,119.203125,20181200,119.03125,20190300
2018-11-19 04:45:00,,20190300,119.21875,20181200,,20190300
2018-11-19 05:15:00,,20190300,119.21875,20181200,,20190300
2018-11-19 05:30:00,119.015625,20190300,119.1875,20181200,119.015625,20190300
2018-11-19 05:45:00,119.03125,20190300,119.1875,20181200,119.03125,20190300
2018-11-19 06:15:00,119.0,20190300,119.171875,20181200,119.0,20190300
2018-11-19 06:30:00,,20190300,119.171875,20181200,,20190300
2018-11-19 06:45:00,,20190300,119.1875,20181200,,20190300
2018-11-19 07:00:00,119.0,20190300,119.171875,20181200,119.0,20190300
2018-11-19 07:15:00,118.96875,20190300,119.140625,20181200,118.96875,20190300
2018-11-19 07:30:00,118.96875,20190300,119.140625,20181200,118.96875,20190300
2018-11-19 07:45:00,118.953125,20190300,119.125,20181200,118.953125,20190300
2018-11-19 08:00:00,118.90625,20190300,119.078125,20181200,118.90625,20190300
2018-11-19 08:15:00,118.890625,20190300,119.078125,20181200,118.890625,20190300
2018-11-19 08:30:00,118.875,20190300,119.0625,20181200,118.875,20190300
2018-11-19 08:45:00,118.875,20190300,119.0625,20181200,118.875,20190300
2018-11-19 09:00:00,118.875,20190300,119.078125,20181200,118.875,20190300
2018-11-19 09:15:00,118.90625,20190300,119.078125,20181200,118.90625,20190300
2018-11-19 09:30:00,118.90625,20190300,119.09375,20181200,118.90625,20190300
2018-11-19 09:45:00,118.90625,20190300,119.09375,20181200,118.90625,20190300
2018-11-19 10:00:00,118.90625,20190300,119.09375,20181200,118.90625,20190300
2018-11-19 10:15:00,118.90625,20190300,119.09375,20181200,118.90625,20190300
2018-11-19 10:30:00,118.921875,20190300,119.109375,20181200,118.921875,20190300
2018-11-19 10:45:00,118.90625,20190300,119.09375,20181200,118.90625,20190300
2018-11-19 11:00:00,118.890625,20190300,119.078125,20181200,118.890625,20190300
2018-11-19 11:15:00,118.890625,20190300,119.078125,20181200,118.890625,20190300
2018-11-19 11:30:00,118.90625,20190300,119.078125,20181200,118.90625,20190300
2018-11-19 11:45:00,118.90625,20190300,119.09375,20181200,118.90625,20190300
2018-11-19 12:00:00,118.90625,20190300,119.09375,20181200,118.90625,20190300
2018-11-19 12:15:00,118.921875,20190300,119.109375,20181200,118.921875,20190300
2018-11-19 12:30:00,118.921875,20190300,119.09375,20181200,118.921875,20190300
2018-11-19 12:45:00,118.953125,20190300,119.140625,20181200,118.953125,20190300
2018-11-19 13:00:00,118.9375,20190300,119.109375,20181200,118.9375,20190300
2018-11-19 13:15:00,118.84375,20190300,119.046875,20181200,118.84375,20190300
2018-11-19 13:30:00,118.859375,20190300,119.0625,20181200,118.859375,20190300
2018-11-19 13:45:00,118.875,20190300,119.078125,20181200,118.875,20190300
2018-11-19 14:00:00,118.890625,20190300,119.078125,20181200,118.890625,20190300
2018-11-19 14:15:00,118.90625,20190300,119.09375,20181200,118.90625,20190300
2018-11-19 14:30:00,118.9375,20190300,119.125,20181200,118.9375,20190300
2018-11-19 14:45:00,118.984375,20190300,119.15625,20181200,118.984375,20190300
2018-11-19 15:00:00,119.03125,20190300,119.203125,20181200,119.03125,20190300
2018-11-19 15:15:00,119.078125,20190300,119.265625,20181200,119.078125,20190300
2018-11-19 15:30:00,119.109375,20190300,119.296875,20181200,119.109375,20190300
2018-11-19 15:45:00,119.0625,20190300,119.25,20181200,119.0625,20190300
2018-11-19 16:00:00,119.09375,20190300,119.28125,20181200,119.09375,20190300
2018-11-19 16:15:00,119.078125,20190300,119.25,20181200,119.078125,20190300
2018-11-19 16:30:00,119.046875,20190300,119.21875,20181200,119.046875,20190300
2018-11-19 16:45:00,119.0625,20190300,119.234375,20181200,119.0625,20190300
2018-11-19 17:00:00,119.09375,20190300,119.265625,20181200,119.09375,20190300
2018-11-19 17:15:00,119.109375,20190300,119.296875,20181200,119.109375,20190300
2018-11-19 17:30:00,119.125,20190300,119.296875,20181200,119.125,20190300
2018-11-19 17:45:00,119.109375,20190300,119.28125,20181200,119.109375,20190300
2018-11-19 18:00:00,119.125,20190300,119.296875,20181200,119.125,20190300
2018-11-19 18:15:00,119.125,20190300,119.296875,20181200,119.125,20190300
2018-11-19 18:30:00,119.125,20190300,119.296875,20181200,119.125,20190300
2018-11-19 18:45:00,119.15625,20190300,119.328125,20181200,119.15625,20190300
2018-11-19 19:00:00,119.171875,20190300,119.34375,20181200,119.171875,20190300
2018-11-19 19:15:00,119.15625,20190300,119.328125,20181200,119.15625,20190300
2018-11-19 19:30:00,119.140625,20190300,119.296875,20181200,119.140625,20190300
2018-11-19 19:45:00,119.125,20190300,119.296875,20181200,119.125,20190300
2018-11-19 20:00:00,119.109375,20190300,119.296875,20181200,119.109375,20190300
2018-11-19 20:15:00,119.140625,20190300,119.3125,20181200,119.140625,20190300
2018-11-19 20:30:00,119.171875,20190300,119.328125,20181200,119.171875,20190300
2018-11-19 20:45:00,119.171875,20190300,119.328125,20181200,119.171875,20190300
2018-11-19 21:00:00,119.109375,20190300,119.265625,20181200,119.109375,20190300
2018-11-19 21:15:00,119.09375,20190300,119.25,20181200,119.09375,20190300
2018-11-19 21:30:00,119.09375,20190300,119.265625,20181200,119.09375,20190300
2018-11-19 21:45:00,119.078125,20190300,119.25,20181200,119.078125,20190300
2018-11-19 23:00:00,119.0,20190300,119.203125,20181200,119.0,20190300
2018-11-19 23:15:00,119.09375,20190300,119.28125,20181200,119.09375,20190300
2018-11-19 23:30:00,119.078125,20190300,119.25,20181200,119.078125,20190300
2018-11-19 23:45:00,119.078125,20190300,119.265625,20181200,119.078125,20190300
2018-11-20 00:00:00,119.09375,20190300,119.265625,20181200,119.09375,20190300
2018-11-20 00:15:00,119.0625,20190300,119.234375,20181200,119.0625,20190300
2018-11-20 00:30:00,119.046875,20190300,119.234375,20181200,119.046875,20190300
2018-11-20 00:45:00,119.046875,20190300,119.21875,20181200,119.046875,20190300
2018-11-20 01:00:00,119.0625,20190300,119.21875,20181200,119.0625,20190300
2018-11-20 01:15:00,119.046875,20190300,119.21875,20181200,119.046875,20190300
2018-11-20 01:30:00,119.03125,20190300,119.203125,20181200,119.03125,20190300
2018-11-20 01:45:00,119.03125,20190300,119.203125,20181200,119.03125,20190300
2018-11-20 02:00:00,119.046875,20190300,119.234375,20181200,119.046875,20190300
2018-11-20 02:15:00,119.078125,20190300,119.25,20181200,119.078125,20190300
2018-11-20 02:30:00,119.0625,20190300,119.234375,20181200,119.0625,20190300
2018-11-20 02:45:00,,20190300,119.21875,20181200,,20190300
2018-11-20 03:00:00,,20190300,119.21875,20181200,,20190300
2018-11-20 03:15:00,119.078125,20190300,119.234375,20181200,119.078125,20190300
2018-11-20 03:30:00,119.046875,20190300,119.21875,20181200,119.046875,20190300
2018-11-20 03:45:00,119.046875,20190300,119.21875,20181200,119.046875,20190300
2018-11-20 04:00:00,119.046875,20190300,119.21875,20181200,119.046875,20190300
2018-11-20 04:15:00,119.046875,20190300,119.21875,20181200,119.046875,20190300
2018-11-20 04:30:00,119.0625,20190300,119.234375,20181200,119.0625,20190300
2018-11-20 04:45:00,119.078125,20190300,119.234375,20181200,119.078125,20190300
2018-11-20 05:15:00,119.03125,20190300,119.203125,20181200,119.03125,20190300
2018-11-20 05:30:00,119.0625,20190300,119.21875,20181200,119.0625,20190300
2018-11-20 05:45:00,119.0625,20190300,119.234375,20181200,119.0625,20190300
2018-11-20 06:15:00,119.03125,20190300,119.203125,20181200,119.03125,20190300
2018-11-20 06:30:00,119.03125,20190300,119.21875,20181200,119.03125,20190300
2018-11-20 06:45:00,119.0625,20190300,119.234375,20181200,119.0625,20190300
2018-11-20 07:00:00,119.09375,20190300,119.28125,20181200,119.09375,20190300
2018-11-20 07:15:00,119.125,20190300,119.296875,20181200,119.125,20190300
2018-11-20 07:30:00,119.125,20190300,119.265625,20181200,119.125,20190300
2018-11-20 07:45:00,119.09375,20190300,119.265625,20181200,119.09375,20190300
2018-11-20 08:00:00,119.0625,20190300,119.21875,20181200,119.0625,20190300
2018-11-20 08:15:00,119.078125,20190300,119.25,20181200,119.078125,20190300
2018-11-20 08:30:00,119.140625,20190300,119.3125,20181200,119.140625,20190300
2018-11-20 08:45:00,119.21875,20190300,119.40625,20181200,119.21875,20190300
2018-11-20 09:00:00,119.25,20190300,119.40625,20181200,119.25,20190300
2018-11-20 09:15:00,119.203125,20190300,119.359375,20181200,119.203125,20190300
2018-11-20 09:30:00,119.1875,20190300,119.375,20181200,119.1875,20190300
2018-11-20 09:45:00,119.21875,20190300,119.375,20181200,119.21875,20190300
2018-11-20 10:00:00,119.21875,20190300,119.390625,20181200,119.21875,20190300
2018-11-20 10:15:00,119.1875,20190300,119.359375,20181200,119.1875,20190300
2018-11-20 10:30:00,119.1875,20190300,119.359375,20181200,119.1875,20190300
2018-11-20 10:45:00,119.1875,20190300,119.34375,20181200,119.1875,20190300
2018-11-20 11:00:00,119.15625,20190300,119.328125,20181200,119.15625,20190300
2018-11-20 11:15:00,119.15625,20190300,119.328125,20181200,119.15625,20190300
2018-11-20 11:30:00,119.15625,20190300,119.328125,20181200,119.15625,20190300
2018-11-20 11:45:00,119.171875,20190300,119.34375,20181200,119.171875,20190300
2018-11-20 12:00:00,119.15625,20190300,119.328125,20181200,119.15625,20190300
2018-11-20 12:15:00,119.1875,20190300,119.359375,20181200,119.1875,20190300
2018-11-20 12:30:00,119.21875,20190300,119.390625,20181200,119.21875,20190300
2018-11-20 12:45:00,119.25,20190300,119.40625,20181200,119.25,20190300
2018-11-20 13:00:00,119.25,20190300,119.40625,20181200,119.25,20190300
2018-11-20 13:15:00,119.203125,20190300,119.34375,20181200,119.203125,20190300
2018-11-20 13:30:00,119.234375,20190300,119.390625,20181200,119.234375,20190300
2018-11-20 13:45:00,119.203125,20190300,119.359375,20181200,119.203125,20190300
2018-11-20 14:00:00,119.203125,20190300,119.359375,20181200,119.203125,20190300
2018-11-20 14:15:00,119.140625,20190300,119.3125,20181200,119.140625,20190300
2018-11-20 14:30:00,119.109375,20190300,119.28125,20181200,119.109375,20190300
2018-11-20 14:45:00,119.1875,20190300,119.359375,20181200,119.1875,20190300
2018-11-20 15:00:00,119.25,20190300,119.421875,20181200,119.25,20190300
2018-11-20 15:15:00,119.1875,20190300,119.359375,20181200,119.1875,20190300
2018-11-20 15:30:00,119.140625,20190300,119.3125,20181200,119.140625,20190300
2018-11-20 15:45:00,119.09375,20190300,119.25,20181200,119.09375,20190300
2018-11-20 16:00:00,119.109375,20190300,119.28125,20181200,119.109375,20190300
2018-11-20 16:15:00,119.109375,20190300,119.296875,20181200,119.109375,20190300
2018-11-20 16:30:00,119.078125,20190300,119.234375,20181200,119.078125,20190300
2018-11-20 16:45:00,119.125,20190300,119.28125,20181200,119.125,20190300
2018-11-20 17:00:00,119.09375,20190300,119.265625,20181200,119.09375,20190300
2018-11-20 17:15:00,119.078125,20190300,119.25,20181200,119.078125,20190300
2018-11-20 17:30:00,119.109375,20190300,119.28125,20181200,119.109375,20190300
2018-11-20 17:45:00,119.109375,20190300,119.28125,20181200,119.109375,20190300
2018-11-20 18:00:00,119.0625,20190300,119.25,20181200,119.0625,20190300
2018-11-20 18:15:00,119.140625,20190300,119.296875,20181200,119.140625,20190300
2018-11-20 18:30:00,119.125,20190300,119.296875,20181200,119.125,20190300
2018-11-20 18:45:00,119.125,20190300,119.296875,20181200,119.125,20190300
2018-11-20 19:00:00,119.140625,20190300,119.296875,20181200,119.140625,20190300
2018-11-20 19:15:00,119.171875,20190300,119.328125,20181200,119.171875,20190300
2018-11-20 19:30:00,119.171875,20190300,119.34375,20181200,119.171875,20190300
2018-11-20 19:45:00,119.171875,20190300,119.328125,20181200,119.171875,20190300
2018-11-20 20:00:00,119.171875,20190300,119.34375,20181200,119.171875,20190300
2018-11-20 20:15:00,119.125,20190300,119.296875,20181200,119.125,20190300
2018-11-20 20:30:00,119.109375,20190300,119.265625,20181200,119.109375,20190300
2018-11-20 20:45:00,119.109375,20190300,119.265625,20181200,119.109375,20190300
2018-11-20 21:00:00,119.09375,20190300,119.25,20181200,119.09375,20190300
2018-11-20 21:15:00,119.046875,20190300,119.21875,20181200,119.046875,20190300
2018-11-20 21:30:00,119.0625,20190300,119.234375,20181200,119.0625,20190300
2018-11-20 21:45:00,119.03125,20190300,119.1875,20181200,119.03125,20190300
2018-11-20 23:00:00,119.0625,20190300,119.234375,20181200,119.0625,20190300
2018-11-20 23:15:00,119.078125,20190300,119.25,20181200,119.078125,20190300
2018-11-20 23:30:00,119.078125,20190300,119.25,20181200,119.078125,20190300
2018-11-20 23:45:00,119.0625,20190300,119.234375,20181200,119.0625,20190300
2018-11-21 00:00:00,119.015625,20190300,119.1875,20181200,119.015625,20190300
2018-11-21 00:15:00,119.015625,20190300,119.1875,20181200,119.015625,20190300
2018-11-21 00:30:00,119.0,20190300,119.171875,20181200,119.0,20190300
2018-11-21 00:45:00,119.0,20190300,119.1875,20181200,119.0,20190300
2018-11-21 01:00:00,119.03125,20190300,119.203125,20181200,119.03125,20190300
2018-11-21 01:15:00,118.984375,20190300,119.15625,20181200,118.984375,20190300
2018-11-21 01:30:00,118.96875,20190300,119.15625,20181200,118.96875,20190300
2018-11-21 01:45:00,118.953125,20190300,119.125,20181200,118.953125,20190300
2018-11-21 02:00:00,118.96875,20190300,119.125,20181200,118.96875,20190300
2018-11-21 02:15:00,118.984375,20190300,119.15625,20181200,118.984375,20190300
2018-11-21 02:30:00,119.0,20190300,119.171875,20181200,119.0,20190300
2018-11-21 02:45:00,119.0,20190300,119.15625,20181200,119.0,20190300
2018-11-21 03:00:00,118.984375,20190300,119.15625,20181200,118.984375,20190300
2018-11-21 03:15:00,118.96875,20190300,119.140625,20181200,118.96875,20190300
2018-11-21 03:30:00,118.96875,20190300,119.15625,20181200,118.96875,20190300
2018-11-21 03:45:00,118.984375,20190300,119.140625,20181200,118.984375,20190300
2018-11-21 04:00:00,118.984375,20190300,119.140625,20181200,118.984375,20190300
2018-11-21 04:15:00,119.0,20190300,119.15625,20181200,119.0,20190300
2018-11-21 04:30:00,118.984375,20190300,119.15625,20181200,118.984375,20190300
2018-11-21 04:45:00,118.984375,20190300,119.140625,20181200,118.984375,20190300
2018-11-21 05:15:00,118.984375,20190300,119.171875,20181200,118.984375,20190300
2018-11-21 05:30:00,118.984375,20190300,119.15625,20181200,118.984375,20190300
2018-11-21 05:45:00,118.984375,20190300,119.15625,20181200,118.984375,20190300
2018-11-21 06:15:00,119.015625,20190300,119.171875,20181200,119.015625,20190300
2018-11-21 06:30:00,119.0,20190300,119.171875,20181200,119.0,20190300
2018-11-21 06:45:00,118.953125,20190300,119.125,20181200,118.953125,20190300
2018-11-21 07:00:00,118.953125,20190300,119.109375,20181200,118.953125,20190300
2018-11-21 07:15:00,118.9375,20190300,119.109375,20181200,118.9375,20190300
2018-11-21 07:30:00,118.921875,20190300,119.078125,20181200,118.921875,20190300
2018-11-21 07:45:00,118.90625,20190300,119.078125,20181200,118.90625,20190300
2018-11-21 08:00:00,118.90625,20190300,119.078125,20181200,118.90625,20190300
2018-11-21 08:15:00,118.859375,20190300,119.03125,20181200,118.859375,20190300
2018-11-21 08:30:00,118.875,20190300,119.03125,20181200,118.875,20190300
2018-11-21 08:45:00,118.875,20190300,119.046875,20181200,118.875,20190300
2018-11-21 09:00:00,118.890625,20190300,119.0625,20181200,118.890625,20190300
2018-11-21 09:15:00,118.875,20190300,119.046875,20181200,118.875,20190300
2018-11-21 09:30:00,118.90625,20190300,119.078125,20181200,118.90625,20190300
2018-11-21 09:45:00,118.890625,20190300,119.0625,20181200,118.890625,20190300
2018-11-21 10:00:00,118.890625,20190300,119.0625,20181200,118.890625,20190300
2018-11-21 10:15:00,118.890625,20190300,119.0625,20181200,118.890625,20190300
2018-11-21 10:30:00,118.90625,20190300,119.09375,20181200,118.90625,20190300
2018-11-21 10:45:00,118.953125,20190300,119.125,20181200,118.953125,20190300
2018-11-21 11:00:00,118.9375,20190300,119.109375,20181200,118.9375,20190300
2018-11-21 11:15:00,118.953125,20190300,119.140625,20181200,118.953125,20190300
2018-11-21 11:30:00,118.984375,20190300,119.140625,20181200,118.984375,20190300
2018-11-21 11:45:00,118.984375,20190300,119.15625,20181200,118.984375,20190300
2018-11-21 12:00:00,118.96875,20190300,119.125,20181200,118.96875,20190300
2018-11-21 12:15:00,118.9375,20190300,119.09375,20181200,118.9375,20190300
2018-11-21 12:30:00,118.9375,20190300,119.109375,20181200,118.9375,20190300
2018-11-21 12:45:00,118.90625,20190300,119.078125,20181200,118.90625,20190300
2018-11-21 13:00:00,118.921875,20190300,119.09375,20181200,118.921875,20190300
2018-11-21 13:15:00,119.015625,20190300,119.1875,20181200,119.015625,20190300
2018-11-21 13:30:00,119.046875,20190300,119.21875,20181200,119.046875,20190300
2018-11-21 13:45:00,119.046875,20190300,119.203125,20181200,119.046875,20190300
2018-11-21 14:00:00,119.03125,20190300,119.21875,20181200,119.03125,20190300
2018-11-21 14:15:00,119.0,20190300,119.171875,20181200,119.0,20190300
2018-11-21 14:30:00,119.015625,20190300,119.171875,20181200,119.015625,20190300
2018-11-21 14:45:00,119.0,20190300,119.15625,20181200,119.0,20190300
2018-11-21 15:00:00,118.96875,20190300,119.140625,20181200,118.96875,20190300
2018-11-21 15:15:00,118.96875,20190300,119.125,20181200,118.96875,20190300
2018-11-21 15:30:00,119.0,20190300,119.171875,20181200,119.0,20190300
2018-11-21 15:45:00,118.953125,20190300,119.125,20181200,118.953125,20190300
2018-11-21 16:00:00,118.9375,20190300,119.09375,20181200,118.9375,20190300
2018-11-21 16:15:00,118.96875,20190300,119.140625,20181200,118.96875,20190300
2018-11-21 16:30:00,118.90625,20190300,119.078125,20181200,118.90625,20190300
2018-11-21 16:45:00,118.90625,20190300,119.0625,20181200,118.90625,20190300
2018-11-21 17:00:00,118.96875,20190300,119.125,20181200,118.96875,20190300
2018-11-21 17:15:00,118.96875,20190300,119.140625,20181200,118.96875,20190300
2018-11-21 17:30:00,118.96875,20190300,119.125,20181200,118.96875,20190300
2018-11-21 17:45:00,118.96875,20190300,119.125,20181200,118.96875,20190300
2018-11-21 18:00:00,118.96875,20190300,119.125,20181200,118.96875,20190300
2018-11-21 18:15:00,119.0,20190300,119.15625,20181200,119.0,20190300
2018-11-21 18:30:00,119.0,20190300,119.15625,20181200,119.0,20190300
2018-11-21 18:45:00,119.03125,20190300,119.1875,20181200,119.03125,20190300
2018-11-21 19:00:00,119.046875,20190300,119.203125,20181200,119.046875,20190300
2018-11-21 19:15:00,119.03125,20190300,119.1875,20181200,119.03125,20190300
2018-11-21 19:30:00,119.03125,20190300,119.203125,20181200,119.03125,20190300
2018-11-21 19:45:00,119.0625,20190300,119.234375,20181200,119.0625,20190300
2018-11-21 20:00:00,119.046875,20190300,119.203125,20181200,119.046875,20190300
2018-11-21 20:15:00,119.046875,20190300,119.203125,20181200,119.046875,20190300
2018-11-21 20:30:00,119.0625,20190300,119.234375,20181200,119.0625,20190300
2018-11-21 20:45:00,119.0625,20190300,119.234375,20181200,119.0625,20190300
2018-11-21 21:00:00,119.046875,20190300,119.21875,20181200,119.046875,20190300
2018-11-21 21:15:00,119.046875,20190300,119.203125,20181200,119.046875,20190300
2018-11-21 21:30:00,119.046875,20190300,119.203125,20181200,119.046875,20190300
2018-11-21 21:45:00,119.046875,20190300,119.203125,20181200,119.046875,20190300
2018-11-21 23:00:00,119.0,20190300,119.171875,20181200,119.0,20190300
2018-11-21 23:15:00,119.015625,20190300,119.1875,20181200,119.015625,20190300
2018-11-21 23:30:00,119.03125,20190300,119.203125,20181200,119.03125,20190300
2018-11-21 23:45:00,119.078125,20190300,119.25,20181200,119.078125,20190300
2018-11-22 00:00:00,119.078125,20190300,119.25,20181200,119.078125,20190300
2018-11-22 00:15:00,119.09375,20190300,119.25,20181200,119.09375,20190300
2018-11-22 00:30:00,119.09375,20190300,119.25,20181200,119.09375,20190300
2018-11-22 00:45:00,119.078125,20190300,119.234375,20181200,119.078125,20190300
2018-11-22 01:00:00,119.078125,20190300,119.25,20181200,119.078125,20190300
2018-11-22 01:15:00,119.078125,20190300,119.25,20181200,119.078125,20190300
2018-11-22 01:30:00,119.09375,20190300,119.265625,20181200,119.09375,20190300
2018-11-22 01:45:00,119.09375,20190300,119.265625,20181200,119.09375,20190300
2018-11-22 02:00:00,119.09375,20190300,119.265625,20181200,119.09375,20190300
2018-11-22 02:15:00,119.125,20190300,119.28125,20181200,119.125,20190300
2018-11-22 02:30:00,119.125,20190300,119.28125,20181200,119.125,20190300
2018-11-22 02:45:00,119.109375,20190300,119.265625,20181200,119.109375,20190300
2018-11-22 03:00:00,,20190300,119.28125,20181200,,20190300
2018-11-22 03:15:00,,20190300,119.265625,20181200,,20190300
2018-11-22 03:30:00,119.109375,20190300,119.265625,20181200,119.109375,20190300
2018-11-22 03:45:00,,20190300,119.28125,20181200,,20190300
2018-11-22 04:00:00,,20190300,119.28125,20181200,,20190300
2018-11-22 04:15:00,119.125,20190300,119.265625,20181200,119.125,20190300
2018-11-22 04:30:00,119.09375,20190300,119.25,20181200,119.09375,20190300
2018-11-22 04:45:00,119.09375,20190300,119.234375,20181200,119.09375,20190300
2018-11-22 05:15:00,119.09375,20190300,119.234375,20181200,119.09375,20190300
2018-11-22 05:30:00,119.078125,20190300,119.234375,20181200,119.078125,20190300
2018-11-22 05:45:00,119.09375,20190300,119.25,20181200,119.09375,20190300
2018-11-22 06:15:00,119.078125,20190300,119.21875,20181200,119.078125,20190300
2018-11-22 06:30:00,119.078125,20190300,119.234375,20181200,119.078125,20190300
2018-11-22 06:45:00,119.0625,20190300,119.21875,20181200,119.0625,20190300
2018-11-22 07:00:00,119.015625,20190300,119.171875,20181200,119.015625,20190300
2018-11-22 07:15:00,119.015625,20190300,119.171875,20181200,119.015625,20190300
2018-11-22 07:30:00,119.015625,20190300,119.15625,20181200,119.015625,20190300
2018-11-22 07:45:00,119.015625,20190300,119.1875,20181200,119.015625,20190300
2018-11-22 08:00:00,119.03125,20190300,119.203125,20181200,119.03125,20190300
2018-11-22 08:15:00,119.046875,20190300,119.21875,20181200,119.046875,20190300
2018-11-22 08:30:00,119.078125,20190300,119.234375,20181200,119.078125,20190300
2018-11-22 08:45:00,119.078125,20190300,119.25,20181200,119.078125,20190300
2018-11-22 09:00:00,119.078125,20190300,119.234375,20181200,119.078125,20190300
2018-11-22 09:15:00,119.09375,20190300,119.265625,20181200,119.09375,20190300
2018-11-22 09:30:00,119.078125,20190300,119.234375,20181200,119.078125,20190300
2018-11-22 09:45:00,119.0625,20190300,119.234375,20181200,119.0625,20190300
2018-11-22 10:00:00,119.015625,20190300,119.171875,20181200,119.015625,20190300
2018-11-22 10:15:00,119.0,20190300,119.15625,20181200,119.0,20190300
2018-11-22 10:30:00,118.984375,20190300,119.140625,20181200,118.984375,20190300
2018-11-22 10:45:00,118.984375,20190300,119.140625,20181200,118.984375,20190300
2018-11-22 11:00:00,119.0,20190300,119.15625,20181200,119.0,20190300
2018-11-22 11:15:00,119.015625,20190300,119.1875,20181200,119.015625,20190300
2018-11-22 11:30:00,119.015625,20190300,119.171875,20181200,119.015625,20190300
2018-11-22 11:45:00,119.0,20190300,119.15625,20181200,119.0,20190300
2018-11-22 12:00:00,118.984375,20190300,119.15625,20181200,118.984375,20190300
2018-11-22 12:15:00,118.984375,20190300,119.15625,20181200,118.984375,20190300
2018-11-22 12:30:00,119.0,20190300,119.140625,20181200,119.0,20190300
2018-11-22 12:45:00,119.0,20190300,119.171875,20181200,119.0,20190300
2018-11-22 13:00:00,119.015625,20190300,119.171875,20181200,119.015625,20190300
2018-11-22 13:15:00,119.03125,20190300,119.1875,20181200,119.03125,20190300
2018-11-22 13:30:00,119.015625,20190300,119.1875,20181200,119.015625,20190300
2018-11-22 13:45:00,119.03125,20190300,119.1875,20181200,119.03125,20190300
2018-11-22 14:00:00,119.03125,20190300,119.1875,20181200,119.03125,20190300
2018-11-22 14:15:00,119.015625,20190300,119.171875,20181200,119.015625,20190300
2018-11-22 14:30:00,119.015625,20190300,119.15625,20181200,119.015625,20190300
2018-11-22 14:45:00,119.0,20190300,119.140625,20181200,119.0,20190300
2018-11-22 15:00:00,118.984375,20190300,119.125,20181200,118.984375,20190300
2018-11-22 15:15:00,118.984375,20190300,119.15625,20181200,118.984375,20190300
2018-11-22 15:30:00,119.0,20190300,119.140625,20181200,119.0,20190300
2018-11-22 15:45:00,119.0,20190300,119.15625,20181200,119.0,20190300
2018-11-22 16:00:00,119.0,20190300,119.15625,20181200,119.0,20190300
2018-11-22 16:15:00,119.03125,20190300,119.1875,20181200,119.03125,20190300
2018-11-22 16:30:00,119.015625,20190300,119.1875,20181200,119.015625,20190300
2018-11-22 16:45:00,119.015625,20190300,119.171875,20181200,119.015625,20190300
2018-11-22 17:00:00,119.015625,20190300,119.171875,20181200,119.015625,20190300
2018-11-22 17:15:00,119.015625,20190300,119.171875,20181200,119.015625,20190300
2018-11-22 17:30:00,119.03125,20190300,119.1875,20181200,119.03125,20190300
2018-11-22 17:45:00,119.03125,20190300,119.1875,20181200,119.03125,20190300
2018-11-22 23:00:00,119.09375,20190300,119.234375,20181200,119.09375,20190300
2018-11-22 23:15:00,,20190300,119.171875,20181200,,20190300
2018-11-22 23:30:00,119.03125,20190300,119.1875,20181200,119.03125,20190300
2018-11-22 23:45:00,119.015625,20190300,119.1875,20181200,119.015625,20190300
2018-11-23 00:00:00,119.03125,20190300,119.1875,20181200,119.03125,20190300
2018-11-23 00:15:00,119.046875,20190300,119.21875,20181200,119.046875,20190300
2018-11-23 00:30:00,119.03125,20190300,119.203125,20181200,119.03125,20190300
2018-11-23 00:45:00,119.015625,20190300,119.171875,20181200,119.015625,20190300
2018-11-23 01:00:00,,20190300,119.1875,20181200,,20190300
2018-11-23 01:15:00,119.03125,20190300,119.171875,20181200,119.03125,20190300
2018-11-23 01:30:00,119.015625,20190300,119.171875,20181200,119.015625,20190300
2018-11-23 01:45:00,119.03125,20190300,119.203125,20181200,119.03125,20190300
2018-11-23 02:00:00,119.03125,20190300,119.1875,20181200,119.03125,20190300
2018-11-23 02:15:00,119.046875,20190300,119.203125,20181200,119.046875,20190300
2018-11-23 02:30:00,,20190300,119.203125,20181200,,20190300
2018-11-23 02:45:00,,20190300,119.203125,20181200,,20190300
2018-11-23 03:00:00,119.0625,20190300,119.21875,20181200,119.0625,20190300
2018-11-23 03:15:00,119.078125,20190300,119.234375,20181200,119.078125,20190300
2018-11-23 03:30:00,119.046875,20190300,119.234375,20181200,119.046875,20190300
2018-11-23 03:45:00,119.0625,20190300,119.203125,20181200,119.0625,20190300
2018-11-23 04:00:00,119.046875,20190300,119.21875,20181200,119.046875,20190300
2018-11-23 04:15:00,119.0625,20190300,119.234375,20181200,119.0625,20190300
2018-11-23 04:30:00,119.0625,20190300,119.234375,20181200,119.0625,20190300
2018-11-23 04:45:00,119.078125,20190300,119.234375,20181200,119.078125,20190300
2018-11-23 05:15:00,,20190300,119.25,20181200,,20190300
2018-11-23 05:30:00,119.078125,20190300,119.21875,20181200,119.078125,20190300
2018-11-23 05:45:00,,20190300,119.234375,20181200,,20190300
2018-11-23 06:15:00,119.0625,20190300,119.234375,20181200,119.0625,20190300
2018-11-23 06:30:00,119.078125,20190300,119.234375,20181200,119.078125,20190300
2018-11-23 06:45:00,119.046875,20190300,119.203125,20181200,119.046875,20190300
2018-11-23 07:00:00,119.0625,20190300,119.21875,20181200,119.0625,20190300
2018-11-23 07:15:00,119.03125,20190300,119.203125,20181200,119.03125,20190300
2018-11-23 07:30:00,119.0,20190300,119.15625,20181200,119.0,20190300
2018-11-23 07:45:00,119.0,20190300,119.15625,20181200,119.0,20190300
2018-11-23 08:00:00,118.984375,20190300,119.15625,20181200,118.984375,20190300
2018-11-23 08:15:00,118.984375,20190300,119.15625,20181200,118.984375,20190300
2018-11-23 08:30:00,119.015625,20190300,119.15625,20181200,119.015625,20190300
2018-11-23 08:45:00,119.0625,20190300,119.21875,20181200,119.0625,20190300
2018-11-23 09:00:00,119.078125,20190300,119.234375,20181200,119.078125,20190300
2018-11-23 09:15:00,119.078125,20190300,119.234375,20181200,119.078125,20190300
2018-11-23 09:30:00,119.09375,20190300,119.234375,20181200,119.09375,20190300
2018-11-23 09:45:00,119.078125,20190300,119.234375,20181200,119.078125,20190300
2018-11-23 10:00:00,119.078125,20190300,119.234375,20181200,119.078125,20190300
2018-11-23 10:15:00,119.09375,20190300,119.25,20181200,119.09375,20190300
2018-11-23 10:30:00,119.109375,20190300,119.28125,20181200,119.109375,20190300
2018-11-23 10:45:00,119.140625,20190300,119.3125,20181200,119.140625,20190300
2018-11-23 11:00:00,119.125,20190300,119.296875,20181200,119.125,20190300
2018-11-23 11:15:00,119.15625,20190300,119.296875,20181200,119.15625,20190300
2018-11-23 11:30:00,119.15625,20190300,119.296875,20181200,119.15625,20190300
2018-11-23 11:45:00,119.15625,20190300,119.3125,20181200,119.15625,20190300
2018-11-23 12:00:00,119.171875,20190300,119.3125,20181200,119.171875,20190300
2018-11-23 12:15:00,119.15625,20190300,119.3125,20181200,119.15625,20190300
2018-11-23 12:30:00,119.140625,20190300,119.296875,20181200,119.140625,20190300
2018-11-23 12:45:00,119.125,20190300,119.265625,20181200,119.125,20190300
2018-11-23 13:00:00,119.109375,20190300,119.265625,20181200,119.109375,20190300
2018-11-23 13:15:00,119.140625,20190300,119.296875,20181200,119.140625,20190300
2018-11-23 13:30:00,119.1875,20190300,119.34375,20181200,119.1875,20190300
2018-11-23 13:45:00,119.21875,20190300,119.375,20181200,119.21875,20190300
2018-11-23 14:00:00,119.234375,20190300,119.390625,20181200,119.234375,20190300
2018-11-23 14:15:00,119.25,20190300,119.40625,20181200,119.25,20190300
2018-11-23 14:30:00,119.25,20190300,119.40625,20181200,119.25,20190300
2018-11-23 14:45:00,119.203125,20190300,119.359375,20181200,119.203125,20190300
2018-11-23 15:00:00,119.21875,20190300,119.359375,20181200,119.21875,20190300
2018-11-23 15:15:00,119.25,20190300,119.390625,20181200,119.25,20190300
2018-11-23 15:30:00,119.25,20190300,119.390625,20181200,119.25,20190300
2018-11-23 15:45:00,119.21875,20190300,119.359375,20181200,119.21875,20190300
2018-11-23 16:00:00,119.203125,20190300,119.34375,20181200,119.203125,20190300
2018-11-23 16:15:00,119.171875,20190300,119.328125,20181200,119.171875,20190300
2018-11-23 16:30:00,119.15625,20190300,119.3125,20181200,119.15625,20190300
2018-11-23 16:45:00,119.15625,20190300,119.3125,20181200,119.15625,20190300
2018-11-23 17:00:00,119.15625,20190300,119.296875,20181200,119.15625,20190300
2018-11-23 17:15:00,119.15625,20190300,119.296875,20181200,119.15625,20190300
2018-11-23 17:30:00,119.15625,20190300,119.3125,20181200,119.15625,20190300
2018-11-23 17:45:00,119.125,20190300,119.28125,20181200,119.125,20190300
2018-11-23 18:00:00,119.171875,20190300,119.328125,20181200,119.171875,20190300
2018-11-23 23:00:00,119.078125,20190300,119.234375,20181200,119.078125,20190300
2018-11-25 23:00:00,119.140625,20190300,119.3125,20181200,119.140625,20190300
2018-11-25 23:15:00,119.140625,20190300,119.3125,20181200,119.140625,20190300
2018-11-25 23:30:00,,20190600,119.1875,20190300,,20190600
2018-11-25 23:45:00,,20190600,119.171875,20190300,,20190600
2018-11-26 00:00:00,,20190600,119.15625,20190300,,20190600
2018-11-26 00:15:00,,20190600,119.15625,20190300,,20190600
2018-11-26 00:30:00,,20190600,119.171875,20190300,,20190600
2018-11-26 00:45:00,,20190600,119.171875,20190300,,20190600
2018-11-26 01:00:00,,20190600,119.15625,20190300,,20190600
2018-11-26 01:15:00,,20190600,119.140625,20190300,,20190600
2018-11-26 01:30:00,,20190600,119.140625,20190300,,20190600
2018-11-26 01:45:00,,20190600,119.140625,20190300,,20190600
2018-11-26 02:00:00,,20190600,119.140625,20190300,,20190600
2018-11-26 02:15:00,,20190600,119.140625,20190300,,20190600
2018-11-26 02:30:00,,20190600,119.15625,20190300,,20190600
2018-11-26 02:45:00,,20190600,119.171875,20190300,,20190600
2018-11-26 03:00:00,,20190600,119.140625,20190300,,20190600
2018-11-26 03:15:00,,20190600,119.140625,20190300,,20190600
2018-11-26 03:30:00,,20190600,119.15625,20190300,,20190600
2018-11-26 03:45:00,,20190600,119.171875,20190300,,20190600
2018-11-26 04:00:00,,20190600,119.15625,20190300,,20190600
2018-11-26 04:15:00,,20190600,119.15625,20190300,,20190600
2018-11-26 04:30:00,,20190600,119.15625,20190300,,20190600
2018-11-26 04:45:00,,20190600,119.171875,20190300,,20190600
2018-11-26 05:15:00,,20190600,119.15625,20190300,,20190600
2018-11-26 05:30:00,,20190600,119.171875,20190300,,20190600
2018-11-26 05:45:00,,20190600,119.15625,20190300,,20190600
2018-11-26 06:15:00,,20190600,119.140625,20190300,,20190600
2018-11-26 06:30:00,,20190600,119.140625,20190300,,20190600
2018-11-26 06:45:00,,20190600,119.140625,20190300,,20190600
2018-11-26 07:00:00,,20190600,119.125,20190300,,20190600
2018-11-26 07:15:00,,20190600,119.109375,20190300,,20190600
2018-11-26 07:30:00,,20190600,119.09375,20190300,,20190600
2018-11-26 07:45:00,,20190600,119.09375,20190300,,20190600
2018-11-26 08:00:00,,20190600,119.046875,20190300,,20190600
2018-11-26 08:15:00,,20190600,119.0625,20190300,,20190600
2018-11-26 08:30:00,,20190600,119.0625,20190300,,20190600
2018-11-26 08:45:00,,20190600,119.078125,20190300,,20190600
2018-11-26 09:00:00,,20190600,119.09375,20190300,,20190600
2018-11-26 09:15:00,,20190600,119.078125,20190300,,20190600
2018-11-26 09:30:00,,20190600,119.0625,20190300,,20190600
2018-11-26 09:45:00,,20190600,119.0625,20190300,,20190600
2018-11-26 10:00:00,,20190600,119.046875,20190300,,20190600
2018-11-26 10:15:00,,20190600,119.0625,20190300,,20190600
2018-11-26 10:30:00,,20190600,119.046875,20190300,,20190600
2018-11-26 10:45:00,,20190600,119.03125,20190300,,20190600
2018-11-26 11:00:00,,20190600,119.046875,20190300,,20190600
2018-11-26 11:15:00,,20190600,119.0625,20190300,,20190600
2018-11-26 11:30:00,,20190600,119.03125,20190300,,20190600
2018-11-26 11:45:00,,20190600,119.015625,20190300,,20190600
2018-11-26 12:00:00,,20190600,119.015625,20190300,,20190600
2018-11-26 12:15:00,,20190600,119.0,20190300,,20190600
2018-11-26 12:30:00,,20190600,119.015625,20190300,,20190600
2018-11-26 12:45:00,,20190600,119.015625,20190300,,20190600
2018-11-26 13:00:00,,20190600,119.03125,20190300,,20190600
2018-11-26 13:15:00,,20190600,119.046875,20190300,,20190600
2018-11-26 13:30:00,,20190600,119.078125,20190300,,20190600
2018-11-26 13:45:00,,20190600,119.015625,20190300,,20190600
2018-11-26 14:00:00,,20190600,118.984375,20190300,,20190600
2018-11-26 14:15:00,,20190600,118.96875,20190300,,20190600
2018-11-26 14:30:00,,20190600,118.953125,20190300,,20190600
2018-11-26 14:45:00,,20190600,118.921875,20190300,,20190600
2018-11-26 15:00:00,,20190600,118.96875,20190300,,20190600
2018-11-26 15:15:00,,20190600,118.96875,20190300,,20190600
2018-11-26 15:30:00,,20190600,118.984375,20190300,,20190600
2018-11-26 15:45:00,,20190600,118.96875,20190300,,20190600
2018-11-26 16:00:00,,20190600,118.96875,20190300,,20190600
2018-11-26 16:15:00,,20190600,119.0,20190300,,20190600
2018-11-26 16:30:00,,20190600,119.015625,20190300,,20190600
2018-11-26 16:45:00,,20190600,118.984375,20190300,,20190600
2018-11-26 17:00:00,,20190600,118.953125,20190300,,20190600
2018-11-26 17:15:00,,20190600,119.0,20190300,,20190600
2018-11-26 17:30:00,,20190600,119.0,20190300,,20190600
2018-11-26 17:45:00,,20190600,119.0,20190300,,20190600
2018-11-26 18:00:00,,20190600,119.0,20190300,,20190600
2018-11-26 18:15:00,,20190600,119.0,20190300,,20190600
2018-11-26 18:30:00,,20190600,119.0,20190300,,20190600
2018-11-26 18:45:00,,20190600,119.0,20190300,,20190600
2018-11-26 19:00:00,,20190600,119.03125,20190300,,20190600
2018-11-26 19:15:00,,20190600,119.015625,20190300,,20190600
2018-11-26 19:30:00,,20190600,119.015625,20190300,,20190600
2018-11-26 19:45:00,,20190600,118.984375,20190300,,20190600
2018-11-26 20:00:00,,20190600,119.015625,20190300,,20190600
2018-11-26 20:15:00,,20190600,119.015625,20190300,,20190600
2018-11-26 20:30:00,,20190600,119.015625,20190300,,20190600
2018-11-26 20:45:00,,20190600,119.0,20190300,,20190600
2018-11-26 21:00:00,,20190600,119.0625,20190300,,20190600
2018-11-26 21:15:00,,20190600,119.078125,20190300,,20190600
2018-11-26 21:30:00,,20190600,119.078125,20190300,,20190600
2018-11-26 21:45:00,,20190600,119.09375,20190300,,20190600
2018-11-26 23:00:00,,20190600,119.15625,20190300,,20190600
2018-11-26 23:15:00,,20190600,119.078125,20190300,,20190600
2018-11-26 23:30:00,,20190600,119.078125,20190300,,20190600
2018-11-26 23:45:00,,20190600,119.09375,20190300,,20190600
2018-11-27 00:00:00,,20190600,119.09375,20190300,,20190600
2018-11-27 00:15:00,,20190600,119.078125,20190300,,20190600
2018-11-27 00:30:00,,20190600,119.078125,20190300,,20190600
2018-11-27 00:45:00,,20190600,119.09375,20190300,,20190600
2018-11-27 01:00:00,,20190600,119.09375,20190300,,20190600
2018-11-27 01:15:00,,20190600,119.09375,20190300,,20190600
2018-11-27 01:30:00,,20190600,119.078125,20190300,,20190600
2018-11-27 01:45:00,,20190600,119.0625,20190300,,20190600
2018-11-27 02:00:00,,20190600,119.078125,20190300,,20190600
2018-11-27 02:15:00,,20190600,119.078125,20190300,,20190600
2018-11-27 02:30:00,,20190600,119.09375,20190300,,20190600
2018-11-27 02:45:00,,20190600,119.09375,20190300,,20190600
2018-11-27 03:00:00,,20190600,119.09375,20190300,,20190600
2018-11-27 03:15:00,,20190600,119.078125,20190300,,20190600
2018-11-27 03:30:00,,20190600,119.09375,20190300,,20190600
2018-11-27 03:45:00,,20190600,119.09375,20190300,,20190600
2018-11-27 04:00:00,,20190600,119.078125,20190300,,20190600
2018-11-27 04:15:00,,20190600,119.078125,20190300,,20190600
2018-11-27 04:30:00,,20190600,119.09375,20190300,,20190600
2018-11-27 04:45:00,,20190600,119.09375,20190300,,20190600
2018-11-27 05:15:00,,20190600,119.09375,20190300,,20190600
2018-11-27 05:30:00,,20190600,119.109375,20190300,,20190600
2018-11-27 05:45:00,,20190600,119.109375,20190300,,20190600
2018-11-27 06:15:00,,20190600,119.125,20190300,,20190600
2018-11-27 06:30:00,,20190600,119.109375,20190300,,20190600
2018-11-27 06:45:00,,20190600,119.109375,20190300,,20190600
2018-11-27 07:00:00,,20190600,119.140625,20190300,,20190600
2018-11-27 07:15:00,,20190600,119.125,20190300,,20190600
2018-11-27 07:30:00,,20190600,119.0625,20190300,,20190600
2018-11-27 07:45:00,,20190600,119.109375,20190300,,20190600
2018-11-27 08:00:00,,20190600,119.125,20190300,,20190600
2018-11-27 08:15:00,,20190600,119.125,20190300,,20190600
2018-11-27 08:30:00,,20190600,119.109375,20190300,,20190600
2018-11-27 08:45:00,,20190600,119.09375,20190300,,20190600
2018-11-27 09:00:00,,20190600,119.09375,20190300,,20190600
2018-11-27 09:15:00,,20190600,119.03125,20190300,,20190600
2018-11-27 09:30:00,,20190600,119.0625,20190300,,20190600
2018-11-27 09:45:00,,20190600,119.0625,20190300,,20190600
2018-11-27 10:00:00,,20190600,119.09375,20190300,,20190600
2018-11-27 10:15:00,,20190600,119.0625,20190300,,20190600
2018-11-27 10:30:00,,20190600,119.09375,20190300,,20190600
2018-11-27 10:45:00,,20190600,119.09375,20190300,,20190600
2018-11-27 11:00:00,,20190600,119.09375,20190300,,20190600
2018-11-27 11:15:00,,20190600,119.09375,20190300,,20190600
2018-11-27 11:30:00,,20190600,119.09375,20190300,,20190600
2018-11-27 11:45:00,,20190600,119.0625,20190300,,20190600
2018-11-27 12:00:00,,20190600,119.0625,20190300,,20190600
2018-11-27 12:15:00,,20190600,119.0625,20190300,,20190600
2018-11-27 12:30:00,,20190600,119.046875,20190300,,20190600
2018-11-27 12:45:00,,20190600,119.09375,20190300,,20190600
2018-11-27 13:00:00,,20190600,119.09375,20190300,,20190600
2018-11-27 13:15:00,,20190600,119.09375,20190300,,20190600
2018-11-27 13:30:00,,20190600,119.046875,20190300,,20190600
2018-11-27 13:45:00,,20190600,119.0,20190300,,20190600
2018-11-27 14:00:00,,20190600,118.984375,20190300,,20190600
2018-11-27 14:15:00,,20190600,119.0,20190300,,20190600
2018-11-27 14:30:00,,20190600,119.078125,20190300,,20190600
2018-11-27 14:45:00,,20190600,119.078125,20190300,,20190600
2018-11-27 15:00:00,,20190600,119.03125,20190300,,20190600
2018-11-27 15:15:00,,20190600,119.09375,20190300,,20190600
2018-11-27 15:30:00,,20190600,119.0625,20190300,,20190600
2018-11-27 15:45:00,,20190600,119.046875,20190300,,20190600
2018-11-27 16:00:00,,20190600,119.046875,20190300,,20190600
2018-11-27 16:15:00,,20190600,119.03125,20190300,,20190600
2018-11-27 16:30:00,,20190600,119.03125,20190300,,20190600
2018-11-27 16:45:00,,20190600,119.015625,20190300,,20190600
2018-11-27 17:00:00,,20190600,119.015625,20190300,,20190600
2018-11-27 17:15:00,,20190600,119.046875,20190300,,20190600
2018-11-27 17:30:00,,20190600,119.078125,20190300,,20190600
2018-11-27 17:45:00,,20190600,119.109375,20190300,,20190600
2018-11-27 18:00:00,,20190600,119.15625,20190300,,20190600
2018-11-27 18:15:00,,20190600,119.140625,20190300,,20190600
2018-11-27 18:30:00,,20190600,119.171875,20190300,,20190600
2018-11-27 18:45:00,,20190600,119.125,20190300,,20190600
2018-11-27 19:00:00,,20190600,119.125,20190300,,20190600
2018-11-27 19:15:00,,20190600,119.09375,20190300,,20190600
2018-11-27 19:30:00,,20190600,119.09375,20190300,,20190600
2018-11-27 19:45:00,,20190600,119.109375,20190300,,20190600
2018-11-27 20:00:00,,20190600,119.09375,20190300,,20190600
2018-11-27 20:15:00,,20190600,119.078125,20190300,,20190600
2018-11-27 20:30:00,,20190600,119.078125,20190300,,20190600
2018-11-27 20:45:00,,20190600,119.09375,20190300,,20190600
2018-11-27 21:00:00,,20190600,119.078125,20190300,,20190600
2018-11-27 21:15:00,,20190600,119.09375,20190300,,20190600
2018-11-27 21:30:00,,20190600,119.0625,20190300,,20190600
2018-11-27 21:45:00,,20190600,119.046875,20190300,,20190600
2018-11-27 23:00:00,,20190600,119.109375,20190300,,20190600
2018-11-27 23:15:00,,20190600,119.078125,20190300,,20190600
2018-11-27 23:30:00,,20190600,119.09375,20190300,,20190600
2018-11-27 23:45:00,,20190600,119.09375,20190300,,20190600
2018-11-28 00:00:00,,20190600,119.0625,20190300,,20190600
2018-11-28 00:15:00,,20190600,119.078125,20190300,,20190600
2018-11-28 00:30:00,,20190600,119.078125,20190300,,20190600
2018-11-28 00:45:00,,20190600,119.09375,20190300,,20190600
2018-11-28 01:00:00,,20190600,119.078125,20190300,,20190600
2018-11-28 01:15:00,,20190600,119.09375,20190300,,20190600
2018-11-28 01:30:00,,20190600,119.078125,20190300,,20190600
2018-11-28 01:45:00,,20190600,119.09375,20190300,,20190600
2018-11-28 02:00:00,,20190600,119.078125,20190300,,20190600
2018-11-28 02:15:00,,20190600,119.078125,20190300,,20190600
2018-11-28 02:30:00,,20190600,119.09375,20190300,,20190600
2018-11-28 02:45:00,,20190600,119.078125,20190300,,20190600
2018-11-28 03:00:00,,20190600,119.078125,20190300,,20190600
2018-11-28 03:15:00,,20190600,119.09375,20190300,,20190600
2018-11-28 03:30:00,,20190600,119.078125,20190300,,20190600
2018-11-28 03:45:00,,20190600,119.09375,20190300,,20190600
2018-11-28 04:00:00,,20190600,119.078125,20190300,,20190600
2018-11-28 04:15:00,,20190600,119.0625,20190300,,20190600
2018-11-28 04:30:00,,20190600,119.0625,20190300,,20190600
2018-11-28 04:45:00,,20190600,119.0625,20190300,,20190600
2018-11-28 05:15:00,,20190600,119.046875,20190300,,20190600
2018-11-28 05:30:00,,20190600,119.046875,20190300,,20190600
2018-11-28 05:45:00,,20190600,119.03125,20190300,,20190600
2018-11-28 06:15:00,,20190600,119.015625,20190300,,20190600
2018-11-28 06:30:00,,20190600,119.046875,20190300,,20190600
2018-11-28 06:45:00,,20190600,119.046875,20190300,,20190600
2018-11-28 07:00:00,,20190600,119.03125,20190300,,20190600
2018-11-28 07:15:00,,20190600,119.015625,20190300,,20190600
2018-11-28 07:30:00,,20190600,119.03125,20190300,,20190600
2018-11-28 07:45:00,,20190600,119.046875,20190300,,20190600
2018-11-28 08:00:00,,20190600,119.078125,20190300,,20190600
2018-11-28 08:15:00,,20190600,119.0625,20190300,,20190600
2018-11-28 08:30:00,,20190600,119.09375,20190300,,20190600
2018-11-28 08:45:00,,20190600,119.0625,20190300,,20190600
2018-11-28 09:00:00,,20190600,119.078125,20190300,,20190600
2018-11-28 09:15:00,,20190600,119.09375,20190300,,20190600
2018-11-28 09:30:00,,20190600,119.078125,20190300,,20190600
2018-11-28 09:45:00,,20190600,119.109375,20190300,,20190600
2018-11-28 10:00:00,,20190600,119.09375,20190300,,20190600
2018-11-28 10:15:00,,20190600,119.078125,20190300,,20190600
2018-11-28 10:30:00,,20190600,119.0625,20190300,,20190600
2018-11-28 10:45:00,,20190600,119.078125,20190300,,20190600
2018-11-28 11:00:00,,20190600,119.078125,20190300,,20190600
2018-11-28 11:15:00,,20190600,119.125,20190300,,20190600
2018-11-28 11:30:00,,20190600,119.109375,20190300,,20190600
2018-11-28 11:45:00,,20190600,119.109375,20190300,,20190600
2018-11-28 12:00:00,,20190600,119.09375,20190300,,20190600
2018-11-28 12:15:00,,20190600,119.046875,20190300,,20190600
2018-11-28 12:30:00,,20190600,119.0625,20190300,,20190600
2018-11-28 12:45:00,,20190600,119.03125,20190300,,20190600
2018-11-28 13:00:00,,20190600,119.015625,20190300,,20190600
2018-11-28 13:15:00,,20190600,119.03125,20190300,,20190600
2018-11-28 13:30:00,,20190600,119.0625,20190300,,20190600
2018-11-28 13:45:00,,20190600,119.046875,20190300,,20190600
2018-11-28 14:00:00,,20190600,119.03125,20190300,,20190600
2018-11-28 14:15:00,,20190600,119.015625,20190300,,20190600
2018-11-28 14:30:00,,20190600,119.0,20190300,,20190600
2018-11-28 14:45:00,,20190600,118.984375,20190300,,20190600
2018-11-28 15:00:00,,20190600,118.96875,20190300,,20190600
2018-11-28 15:15:00,,20190600,119.0,20190300,,20190600
2018-11-28 15:30:00,,20190600,119.0,20190300,,20190600
2018-11-28 15:45:00,,20190600,119.0,20190300,,20190600
2018-11-28 16:00:00,,20190600,118.984375,20190300,,20190600
2018-11-28 16:15:00,,20190600,119.0,20190300,,20190600
2018-11-28 16:30:00,,20190600,119.015625,20190300,,20190600
2018-11-28 16:45:00,,20190600,118.984375,20190300,,20190600
2018-11-28 17:00:00,,20190600,119.171875,20190300,,20190600
2018-11-28 17:15:00,,20190600,119.171875,20190300,,20190600
2018-11-28 17:30:00,,20190600,119.109375,20190300,,20190600
2018-11-28 17:45:00,,20190600,119.078125,20190300,,20190600
2018-11-28 18:00:00,,20190600,119.171875,20190300,,20190600
2018-11-28 18:15:00,,20190600,119.203125,20190300,,20190600
2018-11-28 18:30:00,,20190600,119.25,20190300,,20190600
2018-11-28 18:45:00,,20190600,119.25,20190300,,20190600
2018-11-28 19:00:00,,20190600,119.21875,20190300,,20190600
2018-11-28 19:15:00,,20190600,119.234375,20190300,,20190600
2018-11-28 19:30:00,,20190600,119.25,20190300,,20190600
2018-11-28 19:45:00,,20190600,119.28125,20190300,,20190600
2018-11-28 20:00:00,,20190600,119.1875,20190300,,20190600
2018-11-28 20:15:00,,20190600,119.171875,20190300,,20190600
2018-11-28 20:30:00,,20190600,119.171875,20190300,,20190600
2018-11-28 20:45:00,,20190600,119.125,20190300,,20190600
2018-11-28 21:00:00,,20190600,119.15625,20190300,,20190600
2018-11-28 21:15:00,,20190600,119.15625,20190300,,20190600
2018-11-28 21:30:00,,20190600,119.15625,20190300,,20190600
2018-11-28 21:45:00,,20190600,119.171875,20190300,,20190600
2018-11-28 23:00:00,,20190600,119.03125,20190300,,20190600
2018-11-28 23:15:00,,20190600,119.203125,20190300,,20190600
2018-11-28 23:30:00,,20190600,119.234375,20190300,,20190600
2018-11-28 23:45:00,,20190600,119.265625,20190300,,20190600
2018-11-29 00:00:00,,20190600,119.234375,20190300,,20190600
2018-11-29 00:15:00,,20190600,119.25,20190300,,20190600
2018-11-29 00:30:00,,20190600,119.234375,20190300,,20190600
2018-11-29 00:45:00,,20190600,119.25,20190300,,20190600
2018-11-29 01:00:00,,20190600,119.234375,20190300,,20190600
2018-11-29 01:15:00,,20190600,119.234375,20190300,,20190600
2018-11-29 01:30:00,,20190600,119.25,20190300,,20190600
2018-11-29 01:45:00,,20190600,119.265625,20190300,,20190600
2018-11-29 02:00:00,,20190600,119.328125,20190300,,20190600
2018-11-29 02:15:00,,20190600,119.328125,20190300,,20190600
2018-11-29 02:30:00,,20190600,119.328125,20190300,,20190600
2018-11-29 02:45:00,,20190600,119.359375,20190300,,20190600
2018-11-29 03:00:00,,20190600,119.328125,20190300,,20190600
2018-11-29 03:15:00,,20190600,119.328125,20190300,,20190600
2018-11-29 03:30:00,,20190600,119.34375,20190300,,20190600
2018-11-29 03:45:00,,20190600,119.359375,20190300,,20190600
2018-11-29 04:00:00,,20190600,119.4375,20190300,,20190600
2018-11-29 04:15:00,,20190600,119.4375,20190300,,20190600
2018-11-29 04:30:00,,20190600,119.390625,20190300,,20190600
2018-11-29 04:45:00,,20190600,119.390625,20190300,,20190600
2018-11-29 05:15:00,,20190600,119.390625,20190300,,20190600
2018-11-29 05:30:00,,20190600,119.453125,20190300,,20190600
2018-11-29 05:45:00,,20190600,119.5,20190300,,20190600
2018-11-29 06:15:00,,20190600,119.5,20190300,,20190600
2018-11-29 06:30:00,,20190600,119.453125,20190300,,20190600
2018-11-29 06:45:00,,20190600,119.453125,20190300,,20190600
2018-11-29 07:00:00,,20190600,119.46875,20190300,,20190600
2018-11-29 07:15:00,,20190600,119.453125,20190300,,20190600
2018-11-29 07:30:00,,20190600,119.453125,20190300,,20190600
2018-11-29 07:45:00,,20190600,119.4375,20190300,,20190600
2018-11-29 08:00:00,,20190600,119.453125,20190300,,20190600
2018-11-29 08:15:00,,20190600,119.5,20190300,,20190600
2018-11-29 08:30:00,,20190600,119.484375,20190300,,20190600
2018-11-29 08:45:00,,20190600,119.484375,20190300,,20190600
2018-11-29 09:00:00,,20190600,119.609375,20190300,,20190600
2018-11-29 09:15:00,,20190600,119.578125,20190300,,20190600
2018-11-29 09:30:00,,20190600,119.53125,20190300,,20190600
2018-11-29 09:45:00,,20190600,119.5,20190300,,20190600
2018-11-29 10:00:00,,20190600,119.515625,20190300,,20190600
2018-11-29 10:15:00,,20190600,119.515625,20190300,,20190600
2018-11-29 10:30:00,,20190600,119.484375,20190300,,20190600
2018-11-29 10:45:00,,20190600,119.5,20190300,,20190600
2018-11-29 11:00:00,,20190600,119.5,20190300,,20190600
2018-11-29 11:15:00,,20190600,119.46875,20190300,,20190600
2018-11-29 11:30:00,,20190600,119.484375,20190300,,20190600
2018-11-29 11:45:00,,20190600,119.421875,20190300,,20190600
2018-11-29 12:00:00,,20190600,119.4375,20190300,,20190600
2018-11-29 12:15:00,,20190600,119.421875,20190300,,20190600
2018-11-29 12:30:00,,20190600,119.453125,20190300,,20190600
2018-11-29 12:45:00,,20190600,119.484375,20190300,,20190600
2018-11-29 13:00:00,,20190600,119.484375,20190300,,20190600
2018-11-29 13:15:00,,20190600,119.46875,20190300,,20190600
2018-11-29 13:30:00,,20190600,119.4375,20190300,,20190600
2018-11-29 13:45:00,,20190600,119.4375,20190300,,20190600
2018-11-29 14:00:00,,20190600,119.421875,20190300,,20190600
2018-11-29 14:15:00,,20190600,119.40625,20190300,,20190600
2018-11-29 14:30:00,,20190600,119.421875,20190300,,20190600
2018-11-29 14:45:00,,20190600,119.4375,20190300,,20190600
2018-11-29 15:00:00,,20190600,119.453125,20190300,,20190600
2018-11-29 15:15:00,,20190600,119.5,20190300,,20190600
2018-11-29 15:30:00,,20190600,119.484375,20190300,,20190600
2018-11-29 15:45:00,,20190600,119.5,20190300,,20190600
2018-11-29 16:00:00,,20190600,119.5,20190300,,20190600
2018-11-29 16:15:00,,20190600,119.375,20190300,,20190600
2018-11-29 16:30:00,,20190600,119.40625,20190300,,20190600
2018-11-29 16:45:00,,20190600,119.390625,20190300,,20190600
2018-11-29 17:00:00,,20190600,119.40625,20190300,,20190600
2018-11-29 17:15:00,,20190600,119.40625,20190300,,20190600
2018-11-29 17:30:00,,20190600,119.34375,20190300,,20190600
2018-11-29 17:45:00,,20190600,119.359375,20190300,,20190600
2018-11-29 18:00:00,,20190600,119.328125,20190300,,20190600
2018-11-29 18:15:00,,20190600,119.3125,20190300,,20190600
2018-11-29 18:30:00,,20190600,119.3125,20190300,,20190600
2018-11-29 18:45:00,,20190600,119.34375,20190300,,20190600
2018-11-29 19:00:00,,20190600,119.3125,20190300,,20190600
2018-11-29 19:15:00,,20190600,119.265625,20190300,,20190600
2018-11-29 19:30:00,,20190600,119.34375,20190300,,20190600
2018-11-29 19:45:00,,20190600,119.328125,20190300,,20190600
2018-11-29 20:00:00,,20190600,119.328125,20190300,,20190600
2018-11-29 20:15:00,,20190600,119.359375,20190300,,20190600
2018-11-29 20:30:00,,20190600,119.390625,20190300,,20190600
2018-11-29 20:45:00,,20190600,119.390625,20190300,,20190600
2018-11-29 21:00:00,,20190600,119.390625,20190300,,20190600
2018-11-29 21:15:00,,20190600,119.390625,20190300,,20190600
2018-11-29 21:30:00,,20190600,119.34375,20190300,,20190600
2018-11-29 21:45:00,,20190600,119.359375,20190300,,20190600
2018-11-29 23:00:00,,20190600,119.484375,20190300,,20190600
2018-11-29 23:15:00,,20190600,119.390625,20190300,,20190600
2018-11-29 23:30:00,,20190600,119.421875,20190300,,20190600
2018-11-29 23:45:00,,20190600,119.40625,20190300,,20190600
2018-11-30 00:00:00,,20190600,119.375,20190300,,20190600
2018-11-30 00:15:00,,20190600,119.390625,20190300,,20190600
2018-11-30 00:30:00,,20190600,119.390625,20190300,,20190600
2018-11-30 00:45:00,,20190600,119.390625,20190300,,20190600
2018-11-30 01:00:00,,20190600,119.390625,20190300,,20190600
2018-11-30 01:15:00,,20190600,119.421875,20190300,,20190600
2018-11-30 01:30:00,,20190600,119.421875,20190300,,20190600
2018-11-30 01:45:00,,20190600,119.390625,20190300,,20190600
2018-11-30 02:00:00,,20190600,119.390625,20190300,,20190600
2018-11-30 02:15:00,,20190600,119.40625,20190300,,20190600
2018-11-30 02:30:00,,20190600,119.421875,20190300,,20190600
2018-11-30 02:45:00,,20190600,119.40625,20190300,,20190600
2018-11-30 03:00:00,,20190600,119.40625,20190300,,20190600
2018-11-30 03:15:00,,20190600,119.40625,20190300,,20190600
2018-11-30 03:30:00,,20190600,119.421875,20190300,,20190600
2018-11-30 03:45:00,,20190600,119.4375,20190300,,20190600
2018-11-30 04:00:00,,20190600,119.40625,20190300,,20190600
2018-11-30 04:15:00,,20190600,119.421875,20190300,,20190600
2018-11-30 04:30:00,,20190600,119.421875,20190300,,20190600
2018-11-30 04:45:00,,20190600,119.40625,20190300,,20190600
2018-11-30 05:15:00,,20190600,119.421875,20190300,,20190600
2018-11-30 05:30:00,,20190600,119.421875,20190300,,20190600
2018-11-30 05:45:00,,20190600,119.421875,20190300,,20190600
2018-11-30 06:15:00,,20190600,119.421875,20190300,,20190600
2018-11-30 06:30:00,,20190600,119.453125,20190300,,20190600
2018-11-30 06:45:00,,20190600,119.4375,20190300,,20190600
2018-11-30 07:00:00,,20190600,119.421875,20190300,,20190600
2018-11-30 07:15:00,,20190600,119.421875,20190300,,20190600
2018-11-30 07:30:00,,20190600,119.390625,20190300,,20190600
2018-11-30 07:45:00,,20190600,119.390625,20190300,,20190600
2018-11-30 08:00:00,,20190600,119.421875,20190300,,20190600
2018-11-30 08:15:00,,20190600,119.421875,20190300,,20190600
2018-11-30 08:30:00,,20190600,119.421875,20190300,,20190600
2018-11-30 08:45:00,,20190600,119.421875,20190300,,20190600
2018-11-30 09:00:00,,20190600,119.453125,20190300,,20190600
2018-11-30 09:15:00,,20190600,119.484375,20190300,,20190600
2018-11-30 09:30:00,,20190600,119.4375,20190300,,20190600
2018-11-30 09:45:00,,20190600,119.453125,20190300,,20190600
2018-11-30 10:00:00,,20190600,119.4375,20190300,,20190600
2018-11-30 10:15:00,,20190600,119.4375,20190300,,20190600
2018-11-30 10:30:00,,20190600,119.4375,20190300,,20190600
2018-11-30 10:45:00,,20190600,119.453125,20190300,,20190600
2018-11-30 11:00:00,,20190600,119.46875,20190300,,20190600
2018-11-30 11:15:00,,20190600,119.453125,20190300,,20190600
2018-11-30 11:30:00,,20190600,119.5,20190300,,20190600
2018-11-30 11:45:00,,20190600,119.5,20190300,,20190600
2018-11-30 12:00:00,,20190600,119.484375,20190300,,20190600
2018-11-30 12:15:00,,20190600,119.484375,20190300,,20190600
2018-11-30 12:30:00,,20190600,119.46875,20190300,,20190600
2018-11-30 12:45:00,,20190600,119.484375,20190300,,20190600
2018-11-30 13:00:00,,20190600,119.46875,20190300,,20190600
2018-11-30 13:15:00,,20190600,119.4375,20190300,,20190600
2018-11-30 13:30:00,,20190600,119.453125,20190300,,20190600
2018-11-30 13:45:00,,20190600,119.46875,20190300,,20190600
2018-11-30 14:00:00,,20190600,119.46875,20190300,,20190600
2018-11-30 14:15:00,,20190600,119.5,20190300,,20190600
2018-11-30 14:30:00,,20190600,119.4375,20190300,,20190600
2018-11-30 14:45:00,,20190600,119.5,20190300,,20190600
2018-11-30 15:00:00,,20190600,119.515625,20190300,,20190600
2018-11-30 15:15:00,,20190600,119.46875,20190300,,20190600
2018-11-30 15:30:00,,20190600,119.4375,20190300,,20190600
2018-11-30 15:45:00,,20190600,119.46875,20190300,,20190600
2018-11-30 16:00:00,,20190600,119.484375,20190300,,20190600
2018-11-30 16:15:00,,20190600,119.484375,20190300,,20190600
2018-11-30 16:30:00,,20190600,119.4375,20190300,,20190600
2018-11-30 16:45:00,,20190600,119.421875,20190300,,20190600
2018-11-30 17:00:00,,20190600,119.4375,20190300,,20190600
2018-11-30 17:15:00,,20190600,119.421875,20190300,,20190600
2018-11-30 17:30:00,,20190600,119.40625,20190300,,20190600
2018-11-30 17:45:00,,20190600,119.390625,20190300,,20190600
2018-11-30 18:00:00,,20190600,119.40625,20190300,,20190600
2018-11-30 18:15:00,,20190600,119.421875,20190300,,20190600
2018-11-30 18:30:00,,20190600,119.421875,20190300,,20190600
2018-11-30 18:45:00,,20190600,119.421875,20190300,,20190600
2018-11-30 19:00:00,,20190600,119.421875,20190300,,20190600
2018-11-30 19:15:00,,20190600,119.453125,20190300,,20190600
2018-11-30 19:30:00,,20190600,119.4375,20190300,,20190600
2018-11-30 19:45:00,,20190600,119.453125,20190300,,20190600
2018-11-30 20:00:00,,20190600,119.546875,20190300,,20190600
2018-11-30 20:15:00,,20190600,119.484375,20190300,,20190600
2018-11-30 20:30:00,,20190600,119.5,20190300,,20190600
2018-11-30 20:45:00,,20190600,119.515625,20190300,,20190600
2018-11-30 21:00:00,,20190600,119.5625,20190300,,20190600
2018-11-30 21:15:00,,20190600,119.59375,20190300,,20190600
2018-11-30 21:30:00,,20190600,119.609375,20190300,,20190600
2018-11-30 21:45:00,,20190600,119.671875,20190300,,20190600
2018-11-30 23:00:00,,20190600,119.421875,20190300,,20190600
2018-12-02 23:00:00,,20190600,119.25,20190300,,20190600
2018-12-02 23:15:00,,20190600,119.25,20190300,,20190600
2018-12-02 23:30:00,,20190600,119.25,20190300,,20190600
2018-12-02 23:45:00,,20190600,119.265625,20190300,,20190600
2018-12-03 00:00:00,,20190600,119.265625,20190300,,20190600
2018-12-03 00:15:00,,20190600,119.265625,20190300,,20190600
2018-12-03 00:30:00,,20190600,119.265625,20190300,,20190600
2018-12-03 00:45:00,,20190600,119.296875,20190300,,20190600
2018-12-03 01:00:00,,20190600,119.234375,20190300,,20190600
2018-12-03 01:15:00,,20190600,119.25,20190300,,20190600
2018-12-03 01:30:00,,20190600,119.25,20190300,,20190600
2018-12-03 01:45:00,,20190600,119.25,20190300,,20190600
2018-12-03 02:00:00,,20190600,119.25,20190300,,20190600
2018-12-03 02:15:00,,20190600,119.234375,20190300,,20190600
2018-12-03 02:30:00,,20190600,119.234375,20190300,,20190600
2018-12-03 02:45:00,,20190600,119.21875,20190300,,20190600
2018-12-03 03:00:00,,20190600,119.203125,20190300,,20190600
2018-12-03 03:15:00,,20190600,119.1875,20190300,,20190600
2018-12-03 03:30:00,,20190600,119.171875,20190300,,20190600
2018-12-03 03:45:00,,20190600,119.1875,20190300,,20190600
2018-12-03 04:00:00,,20190600,119.1875,20190300,,20190600
2018-12-03 04:15:00,,20190600,119.1875,20190300,,20190600
2018-12-03 04:30:00,,20190600,119.1875,20190300,,20190600
2018-12-03 04:45:00,,20190600,119.1875,20190300,,20190600
2018-12-03 05:15:00,,20190600,119.203125,20190300,,20190600
2018-12-03 05:30:00,,20190600,119.1875,20190300,,20190600
2018-12-03 05:45:00,,20190600,119.171875,20190300,,20190600
2018-12-03 06:15:00,,20190600,119.171875,20190300,,20190600
2018-12-03 06:30:00,,20190600,119.1875,20190300,,20190600
2018-12-03 06:45:00,,20190600,119.171875,20190300,,20190600
2018-12-03 07:00:00,,20190600,119.1875,20190300,,20190600
2018-12-03 07:15:00,,20190600,119.1875,20190300,,20190600
2018-12-03 07:30:00,,20190600,119.1875,20190300,,20190600
2018-12-03 07:45:00,,20190600,119.203125,20190300,,20190600
2018-12-03 08:00:00,,20190600,119.234375,20190300,,20190600
2018-12-03 08:15:00,,20190600,119.25,20190300,,20190600
2018-12-03 08:30:00,,20190600,119.25,20190300,,20190600
2018-12-03 08:45:00,,20190600,119.234375,20190300,,20190600
2018-12-03 09:00:00,,20190600,119.25,20190300,,20190600
2018-12-03 09:15:00,,20190600,119.25,20190300,,20190600
2018-12-03 09:30:00,,20190600,119.25,20190300,,20190600
2018-12-03 09:45:00,,20190600,119.234375,20190300,,20190600
2018-12-03 10:00:00,,20190600,119.234375,20190300,,20190600
2018-12-03 10:15:00,,20190600,119.265625,20190300,,20190600
2018-12-03 10:30:00,,20190600,119.296875,20190300,,20190600
2018-12-03 10:45:00,,20190600,119.296875,20190300,,20190600
2018-12-03 11:00:00,,20190600,119.296875,20190300,,20190600
2018-12-03 11:15:00,,20190600,119.3125,20190300,,20190600
2018-12-03 11:30:00,,20190600,119.28125,20190300,,20190600
2018-12-03 11:45:00,,20190600,119.265625,20190300,,20190600
2018-12-03 12:00:00,,20190600,119.3125,20190300,,20190600
2018-12-03 12:15:00,,20190600,119.25,20190300,,20190600
2018-12-03 12:30:00,,20190600,119.25,20190300,,20190600
2018-12-03 12:45:00,,20190600,119.296875,20190300,,20190600
2018-12-03 13:00:00,,20190600,119.234375,20190300,,20190600
2018-12-03 13:15:00,,20190600,119.3125,20190300,,20190600
2018-12-03 13:30:00,,20190600,119.34375,20190300,,20190600
2018-12-03 13:45:00,,20190600,119.3125,20190300,,20190600
2018-12-03 14:00:00,,20190600,119.3125,20190300,,20190600
2018-12-03 14:15:00,,20190600,119.375,20190300,,20190600
2018-12-03 14:30:00,,20190600,119.390625,20190300,,20190600
2018-12-03 14:45:00,,20190600,119.390625,20190300,,20190600
2018-12-03 15:00:00,,20190600,119.390625,20190300,,20190600
2018-12-03 15:15:00,,20190600,119.390625,20190300,,20190600
2018-12-03 15:30:00,,20190600,119.453125,20190300,,20190600
2018-12-03 15:45:00,,20190600,119.53125,20190300,,20190600
2018-12-03 16:00:00,,20190600,119.515625,20190300,,20190600
2018-12-03 16:15:00,,20190600,119.546875,20190300,,20190600
2018-12-03 16:30:00,,20190600,119.5625,20190300,,20190600
2018-12-03 16:45:00,,20190600,119.578125,20190300,,20190600
2018-12-03 17:00:00,,20190600,119.59375,20190300,,20190600
2018-12-03 17:15:00,,20190600,119.578125,20190300,,20190600
2018-12-03 17:30:00,,20190600,119.59375,20190300,,20190600
2018-12-03 17:45:00,,20190600,119.578125,20190300,,20190600
2018-12-03 18:00:00,,20190600,119.5625,20190300,,20190600
2018-12-03 18:15:00,,20190600,119.5625,20190300,,20190600
2018-12-03 18:30:00,,20190600,119.578125,20190300,,20190600
2018-12-03 18:45:00,,20190600,119.625,20190300,,20190600
2018-12-03 19:00:00,,20190600,119.59375,20190300,,20190600
2018-12-03 19:15:00,,20190600,119.5625,20190300,,20190600
2018-12-03 19:30:00,,20190600,119.5625,20190300,,20190600
2018-12-03 19:45:00,,20190600,119.578125,20190300,,20190600
2018-12-03 20:00:00,,20190600,119.59375,20190300,,20190600
2018-12-03 20:15:00,,20190600,119.640625,20190300,,20190600
2018-12-03 20:30:00,,20190600,119.640625,20190300,,20190600
2018-12-03 20:45:00,,20190600,119.640625,20190300,,20190600
2018-12-03 21:00:00,,20190600,119.71875,20190300,,20190600
2018-12-03 21:15:00,,20190600,119.71875,20190300,,20190600
2018-12-03 21:30:00,,20190600,119.765625,20190300,,20190600
2018-12-03 21:45:00,,20190600,119.734375,20190300,,20190600
2018-12-03 23:00:00,,20190600,119.1875,20190300,,20190600
2018-12-03 23:15:00,,20190600,119.78125,20190300,,20190600
2018-12-03 23:30:00,,20190600,119.765625,20190300,,20190600
2018-12-03 23:45:00,,20190600,119.71875,20190300,,20190600
2018-12-04 00:00:00,,20190600,119.71875,20190300,,20190600
2018-12-04 00:15:00,,20190600,119.703125,20190300,,20190600
2018-12-04 00:30:00,,20190600,119.71875,20190300,,20190600
2018-12-04 00:45:00,,20190600,119.765625,20190300,,20190600
2018-12-04 01:00:00,,20190600,119.84375,20190300,,20190600
2018-12-04 01:15:00,,20190600,119.828125,20190300,,20190600
2018-12-04 01:30:00,,20190600,119.84375,20190300,,20190600
2018-12-04 01:45:00,,20190600,119.84375,20190300,,20190600
2018-12-04 02:00:00,,20190600,119.859375,20190300,,20190600
2018-12-04 02:15:00,,20190600,119.890625,20190300,,20190600
2018-12-04 02:30:00,,20190600,119.90625,20190300,,20190600
2018-12-04 02:45:00,,20190600,119.9375,20190300,,20190600
2018-12-04 03:00:00,,20190600,119.9375,20190300,,20190600
2018-12-04 03:15:00,,20190600,119.953125,20190300,,20190600
2018-12-04 03:30:00,,20190600,119.921875,20190300,,20190600
2018-12-04 03:45:00,,20190600,119.9375,20190300,,20190600
2018-12-04 04:00:00,,20190600,119.921875,20190300,,20190600
2018-12-04 04:15:00,,20190600,119.9375,20190300,,20190600
2018-12-04 04:30:00,,20190600,119.9375,20190300,,20190600
2018-12-04 04:45:00,,20190600,119.9375,20190300,,20190600
2018-12-04 05:15:00,,20190600,119.953125,20190300,,20190600
2018-12-04 05:30:00,,20190600,119.9375,20190300,,20190600
2018-12-04 05:45:00,,20190600,119.921875,20190300,,20190600
2018-12-04 06:15:00,,20190600,119.90625,20190300,,20190600
2018-12-04 06:30:00,,20190600,119.890625,20190300,,20190600
2018-12-04 06:45:00,,20190600,119.875,20190300,,20190600
2018-12-04 07:00:00,,20190600,119.828125,20190300,,20190600
2018-12-04 07:15:00,,20190600,119.828125,20190300,,20190600
2018-12-04 07:30:00,,20190600,119.8125,20190300,,20190600
2018-12-04 07:45:00,,20190600,119.828125,20190300,,20190600
2018-12-04 08:00:00,,20190600,119.828125,20190300,,20190600
2018-12-04 08:15:00,,20190600,119.859375,20190300,,20190600
2018-12-04 08:30:00,,20190600,119.875,20190300,,20190600
2018-12-04 08:45:00,,20190600,119.875,20190300,,20190600
2018-12-04 09:00:00,,20190600,119.875,20190300,,20190600
2018-12-04 09:15:00,,20190600,119.84375,20190300,,20190600
2018-12-04 09:30:00,,20190600,119.875,20190300,,20190600
2018-12-04 09:45:00,,20190600,119.890625,20190300,,20190600
2018-12-04 10:00:00,,20190600,119.859375,20190300,,20190600
2018-12-04 10:15:00,,20190600,119.828125,20190300,,20190600
2018-12-04 10:30:00,,20190600,119.828125,20190300,,20190600
2018-12-04 10:45:00,,20190600,119.828125,20190300,,20190600
2018-12-04 11:00:00,,20190600,119.84375,20190300,,20190600
2018-12-04 11:15:00,,20190600,119.859375,20190300,,20190600
2018-12-04 11:30:00,,20190600,119.828125,20190300,,20190600
2018-12-04 11:45:00,,20190600,119.828125,20190300,,20190600
2018-12-04 12:00:00,,20190600,119.8125,20190300,,20190600
2018-12-04 12:15:00,,20190600,119.8125,20190300,,20190600
2018-12-04 12:30:00,,20190600,119.796875,20190300,,20190600
2018-12-04 12:45:00,,20190600,119.765625,20190300,,20190600
2018-12-04 13:00:00,,20190600,119.734375,20190300,,20190600
2018-12-04 13:15:00,,20190600,119.734375,20190300,,20190600
2018-12-04 13:30:00,,20190600,119.71875,20190300,,20190600
2018-12-04 13:45:00,,20190600,119.78125,20190300,,20190600
2018-12-04 14:00:00,,20190600,119.84375,20190300,,20190600
2018-12-04 14:15:00,,20190600,119.828125,20190300,,20190600
2018-12-04 14:30:00,,20190600,119.828125,20190300,,20190600
2018-12-04 14:45:00,,20190600,119.859375,20190300,,20190600
2018-12-04 15:00:00,,20190600,119.875,20190300,,20190600
2018-12-04 15:15:00,,20190600,119.828125,20190300,,20190600
2018-12-04 15:30:00,,20190600,119.828125,20190300,,20190600
2018-12-04 15:45:00,,20190600,119.828125,20190300,,20190600
2018-12-04 16:00:00,,20190600,119.890625,20190300,,20190600
2018-12-04 16:15:00,,20190600,119.90625,20190300,,20190600
2018-12-04 16:30:00,,20190600,119.890625,20190300,,20190600
2018-12-04 16:45:00,,20190600,119.921875,20190300,,20190600
2018-12-04 17:00:00,,20190600,120.015625,20190300,,20190600
2018-12-04 17:15:00,,20190600,120.046875,20190300,,20190600
2018-12-04 17:30:00,,20190600,120.015625,20190300,,20190600
2018-12-04 17:45:00,,20190600,120.09375,20190300,,20190600
2018-12-04 18:00:00,,20190600,120.171875,20190300,,20190600
2018-12-04 18:15:00,,20190600,120.234375,20190300,,20190600
2018-12-04 18:30:00,,20190600,120.21875,20190300,,20190600
2018-12-04 18:45:00,,20190600,120.125,20190300,,20190600
2018-12-04 19:00:00,,20190600,120.0625,20190300,,20190600
2018-12-04 19:15:00,,20190600,120.09375,20190300,,20190600
2018-12-04 19:30:00,,20190600,120.03125,20190300,,20190600
2018-12-04 19:45:00,,20190600,120.015625,20190300,,20190600
2018-12-04 20:00:00,,20190600,120.078125,20190300,,20190600
2018-12-04 20:15:00,,20190600,120.109375,20190300,,20190600
2018-12-04 20:30:00,,20190600,120.09375,20190300,,20190600
2018-12-04 20:45:00,,20190600,120.0625,20190300,,20190600
2018-12-04 21:00:00,,20190600,120.109375,20190300,,20190600
2018-12-04 21:15:00,,20190600,120.09375,20190300,,20190600
2018-12-04 21:30:00,,20190600,120.078125,20190300,,20190600
2018-12-04 21:45:00,,20190600,120.09375,20190300,,20190600
2018-12-04 23:00:00,,20190600,119.921875,20190300,,20190600
2018-12-05 23:00:00,,20190600,120.125,20190300,,20190600
2018-12-05 23:15:00,,20190600,120.046875,20190300,,20190600
2018-12-05 23:30:00,,20190600,120.09375,20190300,,20190600
2018-12-05 23:45:00,,20190600,120.0625,20190300,,20190600
2018-12-06 00:00:00,,20190600,120.046875,20190300,,20190600
2018-12-06 00:15:00,,20190600,120.03125,20190300,,20190600
2018-12-06 00:30:00,,20190600,120.078125,20190300,,20190600
2018-12-06 00:45:00,,20190600,120.109375,20190300,,20190600
2018-12-06 01:00:00,,20190600,120.171875,20190300,,20190600
2018-12-06 01:15:00,,20190600,120.15625,20190300,,20190600
2018-12-06 01:30:00,,20190600,120.140625,20190300,,20190600
2018-12-06 01:45:00,,20190600,120.15625,20190300,,20190600
2018-12-06 02:00:00,,20190600,120.1875,20190300,,20190600
2018-12-06 02:15:00,,20190600,120.171875,20190300,,20190600
2018-12-06 02:30:00,,20190600,120.171875,20190300,,20190600
2018-12-06 02:45:00,,20190600,120.171875,20190300,,20190600
2018-12-06 03:00:00,,20190600,120.265625,20190300,,20190600
2018-12-06 03:15:00,,20190600,120.25,20190300,,20190600
2018-12-06 03:30:00,,20190600,120.234375,20190300,,20190600
2018-12-06 03:45:00,,20190600,120.25,20190300,,20190600
2018-12-06 04:00:00,,20190600,120.296875,20190300,,20190600
2018-12-06 04:15:00,,20190600,120.296875,20190300,,20190600
2018-12-06 04:30:00,,20190600,120.359375,20190300,,20190600
2018-12-06 04:45:00,,20190600,120.359375,20190300,,20190600
2018-12-06 05:15:00,,20190600,120.34375,20190300,,20190600
2018-12-06 05:30:00,,20190600,120.328125,20190300,,20190600
2018-12-06 05:45:00,,20190600,120.328125,20190300,,20190600
2018-12-06 06:15:00,,20190600,120.296875,20190300,,20190600
2018-12-06 06:30:00,,20190600,120.25,20190300,,20190600
2018-12-06 06:45:00,,20190600,120.265625,20190300,,20190600
2018-12-06 07:00:00,,20190600,120.234375,20190300,,20190600
2018-12-06 07:15:00,,20190600,120.171875,20190300,,20190600
2018-12-06 07:30:00,,20190600,120.125,20190300,,20190600
2018-12-06 07:45:00,,20190600,120.140625,20190300,,20190600
2018-12-06 08:00:00,,20190600,120.125,20190300,,20190600
2018-12-06 08:15:00,,20190600,120.125,20190300,,20190600
2018-12-06 08:30:00,,20190600,120.171875,20190300,,20190600
2018-12-06 08:45:00,,20190600,120.203125,20190300,,20190600
2018-12-06 09:00:00,,20190600,120.265625,20190300,,20190600
2018-12-06 09:15:00,,20190600,120.25,20190300,,20190600
2018-12-06 09:30:00,,20190600,120.25,20190300,,20190600
2018-12-06 09:45:00,,20190600,120.34375,20190300,,20190600
2018-12-06 10:00:00,,20190600,120.296875,20190300,,20190600
2018-12-06 10:15:00,,20190600,120.28125,20190300,,20190600
2018-12-06 10:30:00,,20190600,120.28125,20190300,,20190600
2018-12-06 10:45:00,,20190600,120.265625,20190300,,20190600
2018-12-06 11:00:00,,20190600,120.21875,20190300,,20190600
2018-12-06 11:15:00,,20190600,120.234375,20190300,,20190600
2018-12-06 11:30:00,,20190600,120.265625,20190300,,20190600
2018-12-06 11:45:00,,20190600,120.25,20190300,,20190600
2018-12-06 12:00:00,,20190600,120.234375,20190300,,20190600
2018-12-06 12:15:00,,20190600,120.25,20190300,,20190600
2018-12-06 12:30:00,,20190600,120.265625,20190300,,20190600
2018-12-06 12:45:00,,20190600,120.28125,20190300,,20190600
2018-12-06 13:00:00,,20190600,120.25,20190300,,20190600
2018-12-06 13:15:00,,20190600,120.265625,20190300,,20190600
2018-12-06 13:30:00,,20190600,120.296875,20190300,,20190600
2018-12-06 13:45:00,,20190600,120.359375,20190300,,20190600
2018-12-06 14:00:00,,20190600,120.5,20190300,,20190600
2018-12-06 14:15:00,,20190600,120.484375,20190300,,20190600
2018-12-06 14:30:00,,20190600,120.5625,20190300,,20190600
2018-12-06 14:45:00,120.5,20190600,120.640625,20190300,120.5,20190600
2018-12-06 15:00:00,,20190600,120.65625,20190300,,20190600
2018-12-06 15:15:00,,20190600,120.734375,20190300,,20190600
2018-12-06 15:30:00,,20190600,120.65625,20190300,,20190600
2018-12-06 15:45:00,,20190600,120.765625,20190300,,20190600
2018-12-06 16:00:00,,20190600,120.765625,20190300,,20190600
2018-12-06 16:15:00,,20190600,120.796875,20190300,,20190600
2018-12-06 16:30:00,,20190600,120.65625,20190300,,20190600
2018-12-06 16:45:00,,20190600,120.5625,20190300,,20190600
2018-12-06 17:00:00,,20190600,120.546875,20190300,,20190600
2018-12-06 17:15:00,,20190600,120.40625,20190300,,20190600
2018-12-06 17:30:00,,20190600,120.453125,20190300,,20190600
2018-12-06 17:45:00,,20190600,120.453125,20190300,,20190600
2018-12-06 18:00:00,,20190600,120.5,20190300,,20190600
2018-12-06 18:15:00,,20190600,120.53125,20190300,,20190600
2018-12-06 18:30:00,,20190600,120.484375,20190300,,20190600
2018-12-06 18:45:00,,20190600,120.40625,20190300,,20190600
2018-12-06 19:00:00,,20190600,120.4375,20190300,,20190600
2018-12-06 19:15:00,,20190600,120.4375,20190300,,20190600
2018-12-06 19:30:00,,20190600,120.421875,20190300,,20190600
2018-12-06 19:45:00,,20190600,120.40625,20190300,,20190600
2018-12-06 20:00:00,,20190600,120.421875,20190300,,20190600
2018-12-06 20:15:00,,20190600,120.40625,20190300,,20190600
2018-12-06 20:30:00,,20190600,120.359375,20190300,,20190600
2018-12-06 20:45:00,,20190600,120.34375,20190300,,20190600
2018-12-06 21:00:00,,20190600,120.3125,20190300,,20190600
2018-12-06 21:15:00,,20190600,120.3125,20190300,,20190600
2018-12-06 21:30:00,,20190600,120.296875,20190300,,20190600
2018-12-06 21:45:00,,20190600,120.296875,20190300,,20190600
2018-12-06 23:00:00,120.5,20190600,120.296875,20190300,120.5,20190600
2018-12-06 23:15:00,,20190600,120.28125,20190300,,20190600
2018-12-06 23:30:00,,20190600,120.265625,20190300,,20190600
2018-12-06 23:45:00,,20190600,120.265625,20190300,,20190600
2018-12-07 00:00:00,,20190600,120.296875,20190300,,20190600
2018-12-07 00:15:00,,20190600,120.28125,20190300,,20190600
2018-12-07 00:30:00,,20190600,120.296875,20190300,,20190600
2018-12-07 00:45:00,,20190600,120.28125,20190300,,20190600
2018-12-07 01:00:00,,20190600,120.28125,20190300,,20190600
2018-12-07 01:15:00,,20190600,120.296875,20190300,,20190600
2018-12-07 01:30:00,,20190600,120.3125,20190300,,20190600
2018-12-07 01:45:00,,20190600,120.3125,20190300,,20190600
2018-12-07 02:00:00,,20190600,120.328125,20190300,,20190600
2018-12-07 02:15:00,,20190600,120.328125,20190300,,20190600
2018-12-07 02:30:00,,20190600,120.328125,20190300,,20190600
2018-12-07 02:45:00,,20190600,120.34375,20190300,,20190600
2018-12-07 03:00:00,,20190600,120.34375,20190300,,20190600
2018-12-07 03:15:00,,20190600,120.328125,20190300,,20190600
2018-12-07 03:30:00,,20190600,120.3125,20190300,,20190600
2018-12-07 03:45:00,,20190600,120.3125,20190300,,20190600
2018-12-07 04:00:00,,20190600,120.3125,20190300,,20190600
2018-12-07 04:15:00,,20190600,120.328125,20190300,,20190600
2018-12-07 04:30:00,,20190600,120.328125,20190300,,20190600
2018-12-07 04:45:00,,20190600,120.328125,20190300,,20190600
2018-12-07 05:15:00,,20190600,120.34375,20190300,,20190600
2018-12-07 05:30:00,,20190600,120.34375,20190300,,20190600
2018-12-07 05:45:00,,20190600,120.328125,20190300,,20190600
2018-12-07 06:15:00,,20190600,120.34375,20190300,,20190600
2018-12-07 06:30:00,,20190600,120.34375,20190300,,20190600
2018-12-07 06:45:00,,20190600,120.34375,20190300,,20190600
2018-12-07 07:00:00,,20190600,120.359375,20190300,,20190600
2018-12-07 07:15:00,,20190600,120.421875,20190300,,20190600
2018-12-07 07:30:00,,20190600,120.4375,20190300,,20190600
2018-12-07 07:45:00,,20190600,120.453125,20190300,,20190600
2018-12-07 08:00:00,,20190600,120.484375,20190300,,20190600
2018-12-07 08:15:00,,20190600,120.4375,20190300,,20190600
2018-12-07 08:30:00,,20190600,120.390625,20190300,,20190600
2018-12-07 08:45:00,,20190600,120.40625,20190300,,20190600
2018-12-07 09:00:00,,20190600,120.421875,20190300,,20190600
2018-12-07 09:15:00,,20190600,120.390625,20190300,,20190600
2018-12-07 09:30:00,,20190600,120.40625,20190300,,20190600
2018-12-07 09:45:00,,20190600,120.375,20190300,,20190600
2018-12-07 10:00:00,,20190600,120.390625,20190300,,20190600
2018-12-07 10:15:00,,20190600,120.359375,20190300,,20190600
2018-12-07 10:30:00,,20190600,120.328125,20190300,,20190600
2018-12-07 10:45:00,,20190600,120.328125,20190300,,20190600
2018-12-07 11:00:00,,20190600,120.328125,20190300,,20190600
2018-12-07 11:15:00,,20190600,120.34375,20190300,,20190600
2018-12-07 11:30:00,,20190600,120.3125,20190300,,20190600
2018-12-07 11:45:00,,20190600,120.328125,20190300,,20190600
2018-12-07 12:00:00,,20190600,120.328125,20190300,,20190600
2018-12-07 12:15:00,,20190600,120.34375,20190300,,20190600
2018-12-07 12:30:00,,20190600,120.34375,20190300,,20190600
2018-12-07 12:45:00,,20190600,120.28125,20190300,,20190600
2018-12-07 13:00:00,,20190600,120.234375,20190300,,20190600
2018-12-07 13:15:00,,20190600,120.296875,20190300,,20190600
2018-12-07 13:30:00,,20190600,120.21875,20190300,,20190600
2018-12-07 13:45:00,,20190600,120.359375,20190300,,20190600
2018-12-07 14:00:00,,20190600,120.421875,20190300,,20190600
2018-12-07 14:15:00,,20190600,120.328125,20190300,,20190600
2018-12-07 14:30:00,,20190600,120.25,20190300,,20190600
2018-12-07 14:45:00,,20190600,120.265625,20190300,,20190600
2018-12-07 15:00:00,,20190600,120.359375,20190300,,20190600
2018-12-07 15:15:00,,20190600,120.359375,20190300,,20190600
2018-12-07 15:30:00,,20190600,120.328125,20190300,,20190600
2018-12-07 15:45:00,,20190600,120.3125,20190300,,20190600
2018-12-07 16:00:00,,20190600,120.40625,20190300,,20190600
2018-12-07 16:15:00,,20190600,120.453125,20190300,,20190600
2018-12-07 16:30:00,,20190600,120.390625,20190300,,20190600
2018-12-07 16:45:00,,20190600,120.453125,20190300,,20190600
2018-12-07 17:00:00,,20190600,120.453125,20190300,,20190600
2018-12-07 17:15:00,,20190600,120.484375,20190300,,20190600
2018-12-07 17:30:00,,20190600,120.484375,20190300,,20190600
2018-12-07 17:45:00,,20190600,120.453125,20190300,,20190600
2018-12-07 18:00:00,,20190600,120.484375,20190300,,20190600
2018-12-07 18:15:00,,20190600,120.5,20190300,,20190600
2018-12-07 18:30:00,,20190600,120.5625,20190300,,20190600
2018-12-07 18:45:00,,20190600,120.578125,20190300,,20190600
2018-12-07 19:00:00,,20190600,120.625,20190300,,20190600
2018-12-07 19:15:00,,20190600,120.59375,20190300,,20190600
2018-12-07 19:30:00,,20190600,120.640625,20190300,,20190600
2018-12-07 19:45:00,,20190600,120.71875,20190300,,20190600
2018-12-07 20:00:00,,20190600,120.671875,20190300,,20190600
2018-12-07 20:15:00,,20190600,120.671875,20190300,,20190600
2018-12-07 20:30:00,,20190600,120.625,20190300,,20190600
2018-12-07 20:45:00,,20190600,120.65625,20190300,,20190600
2018-12-07 21:00:00,,20190600,120.65625,20190300,,20190600
2018-12-07 21:15:00,,20190600,120.65625,20190300,,20190600
2018-12-07 21:30:00,,20190600,120.65625,20190300,,20190600
2018-12-07 21:45:00,,20190600,120.71875,20190300,,20190600
2018-12-07 23:00:00,,20190600,120.34375,20190300,,20190600
2018-12-09 23:00:00,,20190600,120.84375,20190300,,20190600
2018-12-09 23:15:00,,20190600,120.890625,20190300,,20190600
2018-12-09 23:30:00,,20190600,120.859375,20190300,,20190600
2018-12-09 23:45:00,,20190600,120.875,20190300,,20190600
2018-12-10 00:00:00,,20190600,120.828125,20190300,,20190600
2018-12-10 00:15:00,,20190600,120.859375,20190300,,20190600
2018-12-10 00:30:00,,20190600,120.78125,20190300,,20190600
2018-12-10 00:45:00,,20190600,120.78125,20190300,,20190600
2018-12-10 01:00:00,,20190600,120.84375,20190300,,20190600
2018-12-10 01:15:00,,20190600,120.8125,20190300,,20190600
2018-12-10 01:30:00,,20190600,120.859375,20190300,,20190600
2018-12-10 01:45:00,,20190600,120.828125,20190300,,20190600
2018-12-10 02:00:00,,20190600,120.84375,20190300,,20190600
2018-12-10 02:15:00,,20190600,120.859375,20190300,,20190600
2018-12-10 02:30:00,,20190600,120.84375,20190300,,20190600
2018-12-10 02:45:00,,20190600,120.84375,20190300,,20190600
2018-12-10 03:00:00,,20190600,120.84375,20190300,,20190600
2018-12-10 03:15:00,,20190600,120.84375,20190300,,20190600
2018-12-10 03:30:00,,20190600,120.84375,20190300,,20190600
2018-12-10 03:45:00,,20190600,120.859375,20190300,,20190600
2018-12-10 04:00:00,,20190600,120.828125,20190300,,20190600
2018-12-10 04:15:00,,20190600,120.828125,20190300,,20190600
2018-12-10 04:30:00,,20190600,120.828125,20190300,,20190600
2018-12-10 04:45:00,,20190600,120.796875,20190300,,20190600
2018-12-10 05:15:00,,20190600,120.78125,20190300,,20190600
2018-12-10 05:30:00,,20190600,120.8125,20190300,,20190600
2018-12-10 05:45:00,,20190600,120.78125,20190300,,20190600
2018-12-10 06:15:00,,20190600,120.796875,20190300,,20190600
2018-12-10 06:30:00,,20190600,120.78125,20190300,,20190600
2018-12-10 06:45:00,,20190600,120.78125,20190300,,20190600
2018-12-10 07:00:00,,20190600,120.734375,20190300,,20190600
2018-12-10 07:15:00,,20190600,120.703125,20190300,,20190600
2018-12-10 07:30:00,,20190600,120.671875,20190300,,20190600
2018-12-10 07:45:00,,20190600,120.703125,20190300,,20190600
2018-12-10 08:00:00,,20190600,120.71875,20190300,,20190600
2018-12-10 08:15:00,,20190600,120.734375,20190300,,20190600
2018-12-10 08:30:00,,20190600,120.71875,20190300,,20190600
2018-12-10 08:45:00,,20190600,120.671875,20190300,,20190600
2018-12-10 09:00:00,,20190600,120.65625,20190300,,20190600
2018-12-10 09:15:00,,20190600,120.65625,20190300,,20190600
2018-12-10 09:30:00,,20190600,120.640625,20190300,,20190600
2018-12-10 09:45:00,,20190600,120.640625,20190300,,20190600
2018-12-10 10:00:00,,20190600,120.65625,20190300,,20190600
2018-12-10 10:15:00,,20190600,120.671875,20190300,,20190600
2018-12-10 10:30:00,,20190600,120.671875,20190300,,20190600
2018-12-10 10:45:00,,20190600,120.640625,20190300,,20190600
2018-12-10 11:00:00,,20190600,120.625,20190300,,20190600
2018-12-10 11:15:00,,20190600,120.65625,20190300,,20190600
2018-12-10 11:30:00,,20190600,120.703125,20190300,,20190600
2018-12-10 11:45:00,,20190600,120.71875,20190300,,20190600
2018-12-10 12:00:00,,20190600,120.734375,20190300,,20190600
2018-12-10 12:15:00,,20190600,120.703125,20190300,,20190600
2018-12-10 12:30:00,,20190600,120.65625,20190300,,20190600
2018-12-10 12:45:00,,20190600,120.671875,20190300,,20190600
2018-12-10 13:00:00,,20190600,120.625,20190300,,20190600
2018-12-10 13:15:00,,20190600,120.578125,20190300,,20190600
2018-12-10 13:30:00,,20190600,120.640625,20190300,,20190600
2018-12-10 13:45:00,,20190600,120.65625,20190300,,20190600
2018-12-10 14:00:00,,20190600,120.609375,20190300,,20190600
2018-12-10 14:15:00,,20190600,120.671875,20190300,,20190600
2018-12-10 14:30:00,,20190600,120.609375,20190300,,20190600
2018-12-10 14:45:00,,20190600,120.71875,20190300,,20190600
2018-12-10 15:00:00,,20190600,120.59375,20190300,,20190600
2018-12-10 15:15:00,,20190600,120.671875,20190300,,20190600
2018-12-10 15:30:00,,20190600,120.75,20190300,,20190600
2018-12-10 15:45:00,,20190600,120.78125,20190300,,20190600
2018-12-10 16:00:00,,20190600,120.84375,20190300,,20190600
2018-12-10 16:15:00,,20190600,120.828125,20190300,,20190600
2018-12-10 16:30:00,,20190600,120.734375,20190300,,20190600
2018-12-10 16:45:00,,20190600,120.71875,20190300,,20190600
2018-12-10 17:00:00,,20190600,120.671875,20190300,,20190600
2018-12-10 17:15:00,,20190600,120.71875,20190300,,20190600
2018-12-10 17:30:00,,20190600,120.65625,20190300,,20190600
2018-12-10 17:45:00,,20190600,120.640625,20190300,,20190600
2018-12-10 18:00:00,,20190600,120.625,20190300,,20190600
2018-12-10 18:15:00,,20190600,120.671875,20190300,,20190600
2018-12-10 18:30:00,,20190600,120.609375,20190300,,20190600
2018-12-10 18:45:00,,20190600,120.59375,20190300,,20190600
2018-12-10 19:00:00,,20190600,120.65625,20190300,,20190600
2018-12-10 19:15:00,,20190600,120.65625,20190300,,20190600
2018-12-10 19:30:00,,20190600,120.59375,20190300,,20190600
2018-12-10 19:45:00,,20190600,120.640625,20190300,,20190600
2018-12-10 20:00:00,,20190600,120.703125,20190300,,20190600
2018-12-10 20:15:00,,20190600,120.71875,20190300,,20190600
2018-12-10 20:30:00,,20190600,120.71875,20190300,,20190600
2018-12-10 20:45:00,,20190600,120.71875,20190300,,20190600
2018-12-10 21:00:00,,20190600,120.65625,20190300,,20190600
2018-12-10 21:15:00,,20190600,120.640625,20190300,,20190600
2018-12-10 21:30:00,,20190600,120.59375,20190300,,20190600
2018-12-10 21:45:00,,20190600,120.625,20190300,,20190600
2018-12-10 23:00:00,,20190600,120.796875,20190300,,20190600
2018-12-10 23:15:00,,20190600,120.640625,20190300,,20190600
2018-12-10 23:30:00,,20190600,120.671875,20190300,,20190600
2018-12-10 23:45:00,,20190600,120.703125,20190300,,20190600
2018-12-11 00:00:00,,20190600,120.703125,20190300,,20190600
2018-12-11 00:15:00,,20190600,120.703125,20190300,,20190600
2018-12-11 00:30:00,,20190600,120.703125,20190300,,20190600
2018-12-11 00:45:00,,20190600,120.734375,20190300,,20190600
2018-12-11 01:00:00,,20190600,120.71875,20190300,,20190600
2018-12-11 01:15:00,,20190600,120.703125,20190300,,20190600
2018-12-11 01:30:00,,20190600,120.671875,20190300,,20190600
2018-12-11 01:45:00,,20190600,120.703125,20190300,,20190600
2018-12-11 02:00:00,,20190600,120.703125,20190300,,20190600
2018-12-11 02:15:00,,20190600,120.71875,20190300,,20190600
2018-12-11 02:30:00,,20190600,120.703125,20190300,,20190600
2018-12-11 02:45:00,,20190600,120.703125,20190300,,20190600
2018-12-11 03:00:00,,20190600,120.703125,20190300,,20190600
2018-12-11 03:15:00,,20190600,120.703125,20190300,,20190600
2018-12-11 03:30:00,,20190600,120.6875,20190300,,20190600
2018-12-11 03:45:00,,20190600,120.6875,20190300,,20190600
2018-12-11 04:00:00,,20190600,120.65625,20190300,,20190600
2018-12-11 04:15:00,,20190600,120.671875,20190300,,20190600
2018-12-11 04:30:00,,20190600,120.65625,20190300,,20190600
2018-12-11 04:45:00,,20190600,120.625,20190300,,20190600
2018-12-11 05:15:00,,20190600,120.625,20190300,,20190600
2018-12-11 05:30:00,,20190600,120.640625,20190300,,20190600
2018-12-11 05:45:00,,20190600,120.625,20190300,,20190600
2018-12-11 06:15:00,,20190600,120.640625,20190300,,20190600
2018-12-11 06:30:00,,20190600,120.625,20190300,,20190600
2018-12-11 06:45:00,,20190600,120.625,20190300,,20190600
2018-12-11 07:00:00,,20190600,120.609375,20190300,,20190600
2018-12-11 07:15:00,,20190600,120.578125,20190300,,20190600
2018-12-11 07:30:00,,20190600,120.546875,20190300,,20190600
2018-12-11 07:45:00,,20190600,120.5625,20190300,,20190600
2018-12-11 08:00:00,,20190600,120.578125,20190300,,20190600
2018-12-11 08:15:00,,20190600,120.53125,20190300,,20190600
2018-12-11 08:30:00,,20190600,120.546875,20190300,,20190600
2018-12-11 08:45:00,,20190600,120.546875,20190300,,20190600
2018-12-11 09:00:00,,20190600,120.546875,20190300,,20190600
2018-12-11 09:15:00,,20190600,120.5,20190300,,20190600
2018-12-11 09:30:00,,20190600,120.484375,20190300,,20190600
2018-12-11 09:45:00,,20190600,120.453125,20190300,,20190600
2018-12-11 10:00:00,,20190600,120.453125,20190300,,20190600
2018-12-11 10:15:00,,20190600,120.4375,20190300,,20190600
2018-12-11 10:30:00,,20190600,120.359375,20190300,,20190600
2018-12-11 10:45:00,,20190600,120.40625,20190300,,20190600
2018-12-11 11:00:00,,20190600,120.421875,20190300,,20190600
2018-12-11 11:15:00,,20190600,120.4375,20190300,,20190600
2018-12-11 11:30:00,,20190600,120.453125,20190300,,20190600
2018-12-11 11:45:00,,20190600,120.421875,20190300,,20190600
2018-12-11 12:00:00,,20190600,120.390625,20190300,,20190600
2018-12-11 12:15:00,,20190600,120.390625,20190300,,20190600
2018-12-11 12:30:00,,20190600,120.390625,20190300,,20190600
2018-12-11 12:45:00,,20190600,120.40625,20190300,,20190600
2018-12-11 13:00:00,,20190600,120.46875,20190300,,20190600
2018-12-11 13:15:00,,20190600,120.46875,20190300,,20190600
2018-12-11 13:30:00,,20190600,120.484375,20190300,,20190600
2018-12-11 13:45:00,,20190600,120.515625,20190300,,20190600
2018-12-11 14:00:00,,20190600,120.515625,20190300,,20190600
2018-12-11 14:15:00,,20190600,120.5,20190300,,20190600
2018-12-11 14:30:00,,20190600,120.515625,20190300,,20190600
2018-12-11 14:45:00,,20190600,120.578125,20190300,,20190600
2018-12-11 15:00:00,,20190600,120.578125,20190300,,20190600
2018-12-11 15:15:00,,20190600,120.515625,20190300,,20190600
2018-12-11 15:30:00,,20190600,120.578125,20190300,,20190600
2018-12-11 15:45:00,,20190600,120.609375,20190300,,20190600
2018-12-11 16:00:00,,20190600,120.640625,20190300,,20190600
2018-12-11 16:15:00,,20190600,120.625,20190300,,20190600
2018-12-11 16:30:00,,20190600,120.625,20190300,,20190600
2018-12-11 16:45:00,,20190600,120.625,20190300,,20190600
2018-12-11 17:00:00,,20190600,120.6875,20190300,,20190600
2018-12-11 17:15:00,,20190600,120.65625,20190300,,20190600
2018-12-11 17:30:00,,20190600,120.609375,20190300,,20190600
2018-12-11 17:45:00,,20190600,120.609375,20190300,,20190600
2018-12-11 18:00:00,,20190600,120.578125,20190300,,20190600
2018-12-11 18:15:00,,20190600,120.515625,20190300,,20190600
2018-12-11 18:30:00,,20190600,120.5,20190300,,20190600
2018-12-11 18:45:00,,20190600,120.53125,20190300,,20190600
2018-12-11 19:00:00,,20190600,120.546875,20190300,,20190600
2018-12-11 19:15:00,,20190600,120.421875,20190300,,20190600
2018-12-11 19:30:00,,20190600,120.40625,20190300,,20190600
2018-12-11 19:45:00,,20190600,120.421875,20190300,,20190600
2018-12-11 20:00:00,,20190600,120.34375,20190300,,20190600
2018-12-11 20:15:00,,20190600,120.359375,20190300,,20190600
2018-12-11 20:30:00,,20190600,120.421875,20190300,,20190600
2018-12-11 20:45:00,,20190600,120.453125,20190300,,20190600
2018-12-11 21:00:00,,20190600,120.421875,20190300,,20190600
2018-12-11 21:15:00,,20190600,120.421875,20190300,,20190600
2018-12-11 21:30:00,,20190600,120.453125,20190300,,20190600
2018-12-11 21:45:00,,20190600,120.421875,20190300,,20190600
2018-12-11 23:00:00,,20190600,120.640625,20190300,,20190600
2018-12-11 23:15:00,,20190600,120.421875,20190300,,20190600
2018-12-11 23:30:00,,20190600,120.453125,20190300,,20190600
2018-12-11 23:45:00,,20190600,120.40625,20190300,,20190600
2018-12-12 00:00:00,,20190600,120.421875,20190300,,20190600
2018-12-12 00:15:00,,20190600,120.40625,20190300,,20190600
2018-12-12 00:30:00,,20190600,120.34375,20190300,,20190600
2018-12-12 00:45:00,,20190600,120.390625,20190300,,20190600
2018-12-12 01:00:00,,20190600,120.375,20190300,,20190600
2018-12-12 01:15:00,,20190600,120.34375,20190300,,20190600
2018-12-12 01:30:00,,20190600,120.34375,20190300,,20190600
2018-12-12 01:45:00,,20190600,120.359375,20190300,,20190600
2018-12-12 02:00:00,,20190600,120.359375,20190300,,20190600
2018-12-12 02:15:00,,20190600,120.375,20190300,,20190600
2018-12-12 02:30:00,,20190600,120.375,20190300,,20190600
2018-12-12 02:45:00,,20190600,120.375,20190300,,20190600
2018-12-12 03:00:00,,20190600,120.390625,20190300,,20190600
2018-12-12 03:15:00,,20190600,120.390625,20190300,,20190600
2018-12-12 03:30:00,,20190600,120.375,20190300,,20190600
2018-12-12 03:45:00,,20190600,120.375,20190300,,20190600
2018-12-12 04:00:00,,20190600,120.34375,20190300,,20190600
2018-12-12 04:15:00,,20190600,120.390625,20190300,,20190600
2018-12-12 04:30:00,,20190600,120.390625,20190300,,20190600
2018-12-12 04:45:00,,20190600,120.390625,20190300,,20190600
2018-12-12 05:15:00,,20190600,120.375,20190300,,20190600
2018-12-12 05:30:00,,20190600,120.375,20190300,,20190600
2018-12-12 05:45:00,,20190600,120.359375,20190300,,20190600
2018-12-12 06:15:00,,20190600,120.328125,20190300,,20190600
2018-12-12 06:30:00,,20190600,120.34375,20190300,,20190600
2018-12-12 06:45:00,,20190600,120.328125,20190300,,20190600
2018-12-12 07:00:00,,20190600,120.34375,20190300,,20190600
2018-12-12 07:15:00,,20190600,120.328125,20190300,,20190600
2018-12-12 07:30:00,,20190600,120.4375,20190300,,20190600
2018-12-12 07:45:00,,20190600,120.421875,20190300,,20190600
2018-12-12 08:00:00,,20190600,120.421875,20190300,,20190600
2018-12-12 08:15:00,,20190600,120.375,20190300,,20190600
2018-12-12 08:30:00,,20190600,120.375,20190300,,20190600
2018-12-12 08:45:00,,20190600,120.375,20190300,,20190600
2018-12-12 09:00:00,,20190600,120.359375,20190300,,20190600
2018-12-12 09:15:00,,20190600,120.375,20190300,,20190600
2018-12-12 09:30:00,,20190600,120.375,20190300,,20190600
2018-12-12 09:45:00,,20190600,120.359375,20190300,,20190600
2018-12-12 10:00:00,,20190600,120.375,20190300,,20190600
2018-12-12 10:15:00,,20190600,120.390625,20190300,,20190600
2018-12-12 10:30:00,,20190600,120.390625,20190300,,20190600
2018-12-12 10:45:00,,20190600,120.359375,20190300,,20190600
2018-12-12 11:00:00,,20190600,120.375,20190300,,20190600
2018-12-12 11:15:00,,20190600,120.40625,20190300,,20190600
2018-12-12 11:30:00,,20190600,120.40625,20190300,,20190600
2018-12-12 11:45:00,,20190600,120.453125,20190300,,20190600
2018-12-12 12:00:00,,20190600,120.390625,20190300,,20190600
2018-12-12 12:15:00,,20190600,120.375,20190300,,20190600
2018-12-12 12:30:00,,20190600,120.34375,20190300,,20190600
2018-12-12 12:45:00,,20190600,120.34375,20190300,,20190600
2018-12-12 13:00:00,,20190600,120.359375,20190300,,20190600
2018-12-12 13:15:00,,20190600,120.328125,20190300,,20190600
2018-12-12 13:30:00,,20190600,120.328125,20190300,,20190600
2018-12-12 13:45:00,120.15625,20190600,120.265625,20190300,120.15625,20190600
2018-12-12 14:00:00,,20190600,120.25,20190300,,20190600
2018-12-12 14:15:00,,20190600,120.28125,20190300,,20190600
2018-12-12 14:30:00,,20190600,120.265625,20190300,,20190600
2018-12-12 14:45:00,,20190600,120.3125,20190300,,20190600
2018-12-12 15:00:00,,20190600,120.265625,20190300,,20190600
2018-12-12 15:15:00,,20190600,120.28125,20190300,,20190600
2018-12-12 15:30:00,,20190600,120.328125,20190300,,20190600
2018-12-12 15:45:00,,20190600,120.28125,20190300,,20190600
2018-12-12 16:00:00,,20190600,120.296875,20190300,,20190600
2018-12-12 16:15:00,,20190600,120.265625,20190300,,20190600
2018-12-12 16:30:00,,20190600,120.25,20190300,,20190600
2018-12-12 16:45:00,,20190600,120.234375,20190300,,20190600
2018-12-12 17:00:00,,20190600,120.25,20190300,,20190600
2018-12-12 17:15:00,,20190600,120.234375,20190300,,20190600
2018-12-12 17:30:00,120.125,20190600,120.234375,20190300,120.125,20190600
2018-12-12 17:45:00,120.078125,20190600,120.21875,20190300,120.078125,20190600
2018-12-12 18:00:00,,20190600,120.1875,20190300,,20190600
2018-12-12 18:15:00,,20190600,120.21875,20190300,,20190600
2018-12-12 18:30:00,,20190600,120.234375,20190300,,20190600
2018-12-12 18:45:00,,20190600,120.25,20190300,,20190600
2018-12-12 19:00:00,120.15625,20190600,120.265625,20190300,120.15625,20190600
2018-12-12 19:15:00,120.09375,20190600,120.296875,20190300,120.09375,20190600
2018-12-12 19:30:00,,20190600,120.265625,20190300,,20190600
2018-12-12 19:45:00,,20190600,120.25,20190300,,20190600
2018-12-12 20:00:00,,20190600,120.21875,20190300,,20190600
2018-12-12 20:15:00,,20190600,120.203125,20190300,,20190600
2018-12-12 20:30:00,120.078125,20190600,120.1875,20190300,120.078125,20190600
2018-12-12 20:45:00,,20190600,120.171875,20190300,,20190600
2018-12-12 21:00:00,,20190600,120.171875,20190300,,20190600
2018-12-12 21:15:00,,20190600,120.1875,20190300,,20190600
2018-12-12 21:30:00,,20190600,120.1875,20190300,,20190600
2018-12-12 21:45:00,,20190600,120.203125,20190300,,20190600
2018-12-12 23:00:00,120.125,20190600,120.359375,20190300,120.125,20190600
2018-12-12 23:15:00,,20190600,120.21875,20190300,,20190600
2018-12-12 23:30:00,,20190600,120.21875,20190300,,20190600
2018-12-12 23:45:00,,20190600,120.203125,20190300,,20190600
2018-12-13 00:00:00,,20190600,120.21875,20190300,,20190600
2018-12-13 00:15:00,,20190600,120.1875,20190300,,20190600
2018-12-13 00:30:00,,20190600,120.21875,20190300,,20190600
2018-12-13 00:45:00,,20190600,120.234375,20190300,,20190600
2018-12-13 01:00:00,,20190600,120.21875,20190300,,20190600
2018-12-13 01:15:00,,20190600,120.203125,20190300,,20190600
2018-12-13 01:30:00,,20190600,120.21875,20190300,,20190600
2018-12-13 01:45:00,,20190600,120.21875,20190300,,20190600
2018-12-13 02:00:00,,20190600,120.1875,20190300,,20190600
2018-12-13 02:15:00,,20190600,120.171875,20190300,,20190600
2018-12-13 02:30:00,,20190600,120.171875,20190300,,20190600
2018-12-13 02:45:00,,20190600,120.203125,20190300,,20190600
2018-12-13 03:00:00,,20190600,120.171875,20190300,,20190600
2018-12-13 03:15:00,,20190600,120.1875,20190300,,20190600
2018-12-13 03:30:00,,20190600,120.1875,20190300,,20190600
2018-12-13 03:45:00,,20190600,120.203125,20190300,,20190600
2018-12-13 04:00:00,,20190600,120.203125,20190300,,20190600
2018-12-13 04:15:00,,20190600,120.1875,20190300,,20190600
2018-12-13 04:30:00,,20190600,120.1875,20190300,,20190600
2018-12-13 04:45:00,,20190600,120.203125,20190300,,20190600
2018-12-13 05:15:00,,20190600,120.203125,20190300,,20190600
2018-12-13 05:30:00,,20190600,120.203125,20190300,,20190600
2018-12-13 05:45:00,,20190600,120.203125,20190300,,20190600
2018-12-13 06:15:00,,20190600,120.1875,20190300,,20190600
2018-12-13 06:30:00,,20190600,120.1875,20190300,,20190600
2018-12-13 06:45:00,,20190600,120.1875,20190300,,20190600
2018-12-13 07:00:00,,20190600,120.203125,20190300,,20190600
2018-12-13 07:15:00,,20190600,120.1875,20190300,,20190600
2018-12-13 07:30:00,,20190600,120.21875,20190300,,20190600
2018-12-13 07:45:00,,20190600,120.1875,20190300,,20190600
2018-12-13 08:00:00,,20190600,120.1875,20190300,,20190600
2018-12-13 08:15:00,,20190600,120.1875,20190300,,20190600
2018-12-13 08:30:00,,20190600,120.234375,20190300,,20190600
2018-12-13 08:45:00,,20190600,120.234375,20190300,,20190600
2018-12-13 09:00:00,,20190600,120.25,20190300,,20190600
2018-12-13 09:15:00,,20190600,120.28125,20190300,,20190600
2018-12-13 09:30:00,,20190600,120.28125,20190300,,20190600
2018-12-13 09:45:00,120.15625,20190600,120.328125,20190300,120.15625,20190600
2018-12-13 10:00:00,,20190600,120.3125,20190300,,20190600
2018-12-13 10:15:00,,20190600,120.296875,20190300,,20190600
2018-12-13 10:30:00,,20190600,120.28125,20190300,,20190600
2018-12-13 10:45:00,,20190600,120.296875,20190300,,20190600
2018-12-13 11:00:00,,20190600,120.296875,20190300,,20190600
2018-12-13 11:15:00,,20190600,120.28125,20190300,,20190600
2018-12-13 11:30:00,,20190600,120.3125,20190300,,20190600
2018-12-13 11:45:00,,20190600,120.3125,20190300,,20190600
2018-12-13 12:00:00,,20190600,120.28125,20190300,,20190600
2018-12-13 12:15:00,,20190600,120.265625,20190300,,20190600
2018-12-13 12:30:00,,20190600,120.28125,20190300,,20190600
2018-12-13 12:45:00,,20190600,120.28125,20190300,,20190600
2018-12-13 13:00:00,,20190600,120.234375,20190300,,20190600
2018-12-13 13:15:00,,20190600,120.265625,20190300,,20190600
2018-12-13 13:30:00,,20190600,120.28125,20190300,,20190600
2018-12-13 13:45:00,,20190600,120.34375,20190300,,20190600
2018-12-13 14:00:00,,20190600,120.265625,20190300,,20190600
2018-12-13 14:15:00,,20190600,120.296875,20190300,,20190600
2018-12-13 14:30:00,,20190600,120.3125,20190300,,20190600
2018-12-13 14:45:00,,20190600,120.328125,20190300,,20190600
2018-12-13 15:00:00,,20190600,120.234375,20190300,,20190600
2018-12-13 15:15:00,,20190600,120.28125,20190300,,20190600
2018-12-13 15:30:00,,20190600,120.265625,20190300,,20190600
2018-12-13 15:45:00,,20190600,120.28125,20190300,,20190600
2018-12-13 16:00:00,,20190600,120.28125,20190300,,20190600
2018-12-13 16:15:00,,20190600,120.203125,20190300,,20190600
2018-12-13 16:30:00,,20190600,120.1875,20190300,,20190600
2018-12-13 16:45:00,,20190600,120.21875,20190300,,20190600
2018-12-13 17:00:00,,20190600,120.265625,20190300,,20190600
2018-12-13 17:15:00,,20190600,120.265625,20190300,,20190600
2018-12-13 17:30:00,,20190600,120.25,20190300,,20190600
2018-12-13 17:45:00,,20190600,120.21875,20190300,,20190600
2018-12-13 18:00:00,,20190600,120.28125,20190300,,20190600
2018-12-13 18:15:00,,20190600,120.25,20190300,,20190600
2018-12-13 18:30:00,,20190600,120.28125,20190300,,20190600
2018-12-13 18:45:00,,20190600,120.328125,20190300,,20190600
2018-12-13 19:00:00,,20190600,120.3125,20190300,,20190600
2018-12-13 19:15:00,,20190600,120.28125,20190300,,20190600
2018-12-13 19:30:00,,20190600,120.28125,20190300,,20190600
2018-12-13 19:45:00,,20190600,120.25,20190300,,20190600
2018-12-13 20:00:00,,20190600,120.234375,20190300,,20190600
2018-12-13 20:15:00,,20190600,120.265625,20190300,,20190600
2018-12-13 20:30:00,,20190600,120.21875,20190300,,20190600
2018-12-13 20:45:00,,20190600,120.21875,20190300,,20190600
2018-12-13 21:00:00,,20190600,120.234375,20190300,,20190600
2018-12-13 21:15:00,,20190600,120.21875,20190300,,20190600
2018-12-13 21:30:00,,20190600,120.234375,20190300,,20190600
2018-12-13 21:45:00,,20190600,120.21875,20190300,,20190600
2018-12-13 23:00:00,120.15625,20190600,120.1875,20190300,120.15625,20190600
2018-12-13 23:15:00,,20190600,120.25,20190300,,20190600
2018-12-13 23:30:00,,20190600,120.25,20190300,,20190600
2018-12-13 23:45:00,,20190600,120.25,20190300,,20190600
2018-12-14 00:00:00,,20190600,120.25,20190300,,20190600
2018-12-14 00:15:00,,20190600,120.25,20190300,,20190600
2018-12-14 00:30:00,,20190600,120.296875,20190300,,20190600
2018-12-14 00:45:00,,20190600,120.3125,20190300,,20190600
2018-12-14 01:00:00,,20190600,120.3125,20190300,,20190600
2018-12-14 01:15:00,,20190600,120.328125,20190300,,20190600
2018-12-14 01:30:00,,20190600,120.359375,20190300,,20190600
2018-12-14 01:45:00,120.234375,20190600,120.359375,20190300,120.234375,20190600
2018-12-14 02:00:00,,20190600,120.390625,20190300,,20190600
2018-12-14 02:15:00,,20190600,120.40625,20190300,,20190600
2018-12-14 02:30:00,,20190600,120.375,20190300,,20190600
2018-12-14 02:45:00,,20190600,120.359375,20190300,,20190600
2018-12-14 03:00:00,,20190600,120.34375,20190300,,20190600
2018-12-14 03:15:00,,20190600,120.34375,20190300,,20190600
2018-12-14 03:30:00,,20190600,120.34375,20190300,,20190600
2018-12-14 03:45:00,,20190600,120.359375,20190300,,20190600
2018-12-14 04:00:00,,20190600,120.359375,20190300,,20190600
2018-12-14 04:15:00,,20190600,120.359375,20190300,,20190600
2018-12-14 04:30:00,,20190600,120.375,20190300,,20190600
2018-12-14 04:45:00,,20190600,120.359375,20190300,,20190600
2018-12-14 05:15:00,,20190600,120.359375,20190300,,20190600
2018-12-14 05:30:00,,20190600,120.359375,20190300,,20190600
2018-12-14 05:45:00,,20190600,120.375,20190300,,20190600
2018-12-14 06:15:00,,20190600,120.390625,20190300,,20190600
2018-12-14 06:30:00,,20190600,120.375,20190300,,20190600
2018-12-14 06:45:00,,20190600,120.390625,20190300,,20190600
2018-12-14 07:00:00,,20190600,120.375,20190300,,20190600
2018-12-14 07:15:00,,20190600,120.4375,20190300,,20190600
2018-12-14 07:30:00,,20190600,120.4375,20190300,,20190600
2018-12-14 07:45:00,,20190600,120.421875,20190300,,20190600
2018-12-14 08:00:00,,20190600,120.421875,20190300,,20190600
2018-12-14 08:15:00,,20190600,120.484375,20190300,,20190600
2018-12-14 08:30:00,,20190600,120.53125,20190300,,20190600
2018-12-14 08:45:00,,20190600,120.5625,20190300,,20190600
2018-12-14 09:00:00,,20190600,120.5625,20190300,,20190600
2018-12-14 09:15:00,,20190600,120.5625,20190300,,20190600
2018-12-14 09:30:00,,20190600,120.546875,20190300,,20190600
2018-12-14 09:45:00,,20190600,120.546875,20190300,,20190600
2018-12-14 10:00:00,,20190600,120.5,20190300,,20190600
2018-12-14 10:15:00,,20190600,120.53125,20190300,,20190600
2018-12-14 10:30:00,,20190600,120.53125,20190300,,20190600
2018-12-14 10:45:00,,20190600,120.515625,20190300,,20190600
2018-12-14 11:00:00,,20190600,120.5,20190300,,20190600
2018-12-14 11:15:00,,20190600,120.515625,20190300,,20190600
2018-12-14 11:30:00,,20190600,120.53125,20190300,,20190600
2018-12-14 11:45:00,,20190600,120.5,20190300,,20190600
2018-12-14 12:00:00,,20190600,120.5,20190300,,20190600
2018-12-14 12:15:00,,20190600,120.484375,20190300,,20190600
2018-12-14 12:30:00,,20190600,120.484375,20190300,,20190600
2018-12-14 12:45:00,,20190600,120.484375,20190300,,20190600
2018-12-14 13:00:00,,20190600,120.46875,20190300,,20190600
2018-12-14 13:15:00,,20190600,120.5,20190300,,20190600
2018-12-14 13:30:00,120.25,20190600,120.40625,20190300,120.25,20190600
2018-12-14 13:45:00,,20190600,120.390625,20190300,,20190600
2018-12-14 14:00:00,,20190600,120.390625,20190300,,20190600
2018-12-14 14:15:00,,20190600,120.375,20190300,,20190600
2018-12-14 14:30:00,,20190600,120.359375,20190300,,20190600
2018-12-14 14:45:00,,20190600,120.3125,20190300,,20190600
2018-12-14 15:00:00,,20190600,120.375,20190300,,20190600
2018-12-14 15:15:00,,20190600,120.421875,20190300,,20190600
2018-12-14 15:30:00,,20190600,120.359375,20190300,,20190600
2018-12-14 15:45:00,,20190600,120.375,20190300,,20190600
2018-12-14 16:00:00,,20190600,120.421875,20190300,,20190600
2018-12-14 16:15:00,,20190600,120.4375,20190300,,20190600
2018-12-14 16:30:00,,20190600,120.4375,20190300,,20190600
2018-12-14 16:45:00,,20190600,120.484375,20190300,,20190600
2018-12-14 17:00:00,,20190600,120.46875,20190300,,20190600
2018-12-14 17:15:00,,20190600,120.453125,20190300,,20190600
2018-12-14 17:30:00,,20190600,120.421875,20190300,,20190600
2018-12-14 17:45:00,,20190600,120.40625,20190300,,20190600
2018-12-14 18:00:00,,20190600,120.34375,20190300,,20190600
2018-12-14 18:15:00,,20190600,120.328125,20190300,,20190600
2018-12-14 18:30:00,120.25,20190600,120.34375,20190300,120.25,20190600
2018-12-14 18:45:00,,20190600,120.390625,20190300,,20190600
2018-12-14 19:00:00,,20190600,120.40625,20190300,,20190600
2018-12-14 19:15:00,,20190600,120.40625,20190300,,20190600
2018-12-14 19:30:00,,20190600,120.453125,20190300,,20190600
2018-12-14 19:45:00,,20190600,120.390625,20190300,,20190600
2018-12-14 20:00:00,,20190600,120.390625,20190300,,20190600
2018-12-14 20:15:00,,20190600,120.375,20190300,,20190600
2018-12-14 20:30:00,,20190600,120.40625,20190300,,20190600
2018-12-14 20:45:00,,20190600,120.359375,20190300,,20190600
2018-12-14 21:00:00,,20190600,120.375,20190300,,20190600
2018-12-14 21:15:00,,20190600,120.375,20190300,,20190600
2018-12-14 21:30:00,,20190600,120.375,20190300,,20190600
2018-12-14 21:45:00,,20190600,120.390625,20190300,,20190600
2018-12-14 23:00:00,120.25,20190600,120.390625,20190300,120.25,20190600
2018-12-16 23:00:00,,20190600,120.390625,20190300,,20190600
2018-12-16 23:15:00,,20190600,120.421875,20190300,,20190600
2018-12-16 23:30:00,,20190600,120.390625,20190300,,20190600
2018-12-16 23:45:00,,20190600,120.375,20190300,,20190600
2018-12-17 00:00:00,,20190600,120.390625,20190300,,20190600
2018-12-17 00:15:00,,20190600,120.359375,20190300,,20190600
2018-12-17 00:30:00,,20190600,120.359375,20190300,,20190600
2018-12-17 00:45:00,,20190600,120.375,20190300,,20190600
2018-12-17 01:00:00,,20190600,120.375,20190300,,20190600
2018-12-17 01:15:00,,20190600,120.375,20190300,,20190600
2018-12-17 01:30:00,,20190600,120.375,20190300,,20190600
2018-12-17 01:45:00,,20190600,120.375,20190300,,20190600
2018-12-17 02:00:00,,20190600,120.359375,20190300,,20190600
2018-12-17 02:15:00,,20190600,120.34375,20190300,,20190600
2018-12-17 02:30:00,,20190600,120.359375,20190300,,20190600
2018-12-17 02:45:00,,20190600,120.34375,20190300,,20190600
2018-12-17 03:00:00,,20190600,120.359375,20190300,,20190600
2018-12-17 03:15:00,,20190600,120.34375,20190300,,20190600
2018-12-17 03:30:00,,20190600,120.34375,20190300,,20190600
2018-12-17 03:45:00,,20190600,120.359375,20190300,,20190600
2018-12-17 04:00:00,,20190600,120.359375,20190300,,20190600
2018-12-17 04:15:00,,20190600,120.359375,20190300,,20190600
2018-12-17 04:30:00,,20190600,120.359375,20190300,,20190600
2018-12-17 04:45:00,,20190600,120.375,20190300,,20190600
2018-12-17 05:15:00,,20190600,120.34375,20190300,,20190600
2018-12-17 05:30:00,,20190600,120.34375,20190300,,20190600
2018-12-17 05:45:00,,20190600,120.359375,20190300,,20190600
2018-12-17 06:15:00,,20190600,120.34375,20190300,,20190600
2018-12-17 06:30:00,,20190600,120.359375,20190300,,20190600
2018-12-17 06:45:00,,20190600,120.359375,20190300,,20190600
2018-12-17 07:00:00,,20190600,120.359375,20190300,,20190600
2018-12-17 07:15:00,,20190600,120.390625,20190300,,20190600
2018-12-17 07:30:00,,20190600,120.421875,20190300,,20190600
2018-12-17 07:45:00,,20190600,120.390625,20190300,,20190600
2018-12-17 08:00:00,,20190600,120.421875,20190300,,20190600
2018-12-17 08:15:00,,20190600,120.421875,20190300,,20190600
2018-12-17 08:30:00,,20190600,120.4375,20190300,,20190600
2018-12-17 08:45:00,,20190600,120.390625,20190300,,20190600
2018-12-17 09:00:00,,20190600,120.421875,20190300,,20190600
2018-12-17 09:15:00,,20190600,120.421875,20190300,,20190600
2018-12-17 09:30:00,,20190600,120.453125,20190300,,20190600
2018-12-17 09:45:00,,20190600,120.453125,20190300,,20190600
2018-12-17 10:00:00,,20190600,120.46875,20190300,,20190600
2018-12-17 10:15:00,,20190600,120.421875,20190300,,20190600
2018-12-17 10:30:00,,20190600,120.453125,20190300,,20190600
2018-12-17 10:45:00,,20190600,120.453125,20190300,,20190600
2018-12-17 11:00:00,,20190600,120.453125,20190300,,20190600
2018-12-17 11:15:00,,20190600,120.453125,20190300,,20190600
2018-12-17 11:30:00,,20190600,120.484375,20190300,,20190600
2018-12-17 11:45:00,,20190600,120.46875,20190300,,20190600
2018-12-17 12:00:00,,20190600,120.46875,20190300,,20190600
2018-12-17 12:15:00,,20190600,120.4375,20190300,,20190600
2018-12-17 12:30:00,,20190600,120.453125,20190300,,20190600
2018-12-17 12:45:00,,20190600,120.46875,20190300,,20190600
2018-12-17 13:00:00,,20190600,120.484375,20190300,,20190600
2018-12-17 13:15:00,,20190600,120.453125,20190300,,20190600
2018-12-17 13:30:00,,20190600,120.4375,20190300,,20190600
2018-12-17 13:45:00,,20190600,120.421875,20190300,,20190600
2018-12-17 14:00:00,,20190600,120.40625,20190300,,20190600
2018-12-17 14:15:00,,20190600,120.453125,20190300,,20190600
2018-12-17 14:30:00,,20190600,120.5625,20190300,,20190600
2018-12-17 14:45:00,,20190600,120.546875,20190300,,20190600
2018-12-17 15:00:00,,20190600,120.59375,20190300,,20190600
2018-12-17 15:15:00,,20190600,120.609375,20190300,,20190600
2018-12-17 15:30:00,,20190600,120.5625,20190300,,20190600
2018-12-17 15:45:00,,20190600,120.546875,20190300,,20190600
2018-12-17 16:00:00,,20190600,120.546875,20190300,,20190600
2018-12-17 16:15:00,,20190600,120.546875,20190300,,20190600
2018-12-17 16:30:00,,20190600,120.5625,20190300,,20190600
2018-12-17 16:45:00,,20190600,120.515625,20190300,,20190600
2018-12-17 17:00:00,,20190600,120.578125,20190300,,20190600
2018-12-17 17:15:00,,20190600,120.578125,20190300,,20190600
2018-12-17 17:30:00,,20190600,120.609375,20190300,,20190600
2018-12-17 17:45:00,,20190600,120.625,20190300,,20190600
2018-12-17 18:00:00,,20190600,120.609375,20190300,,20190600
2018-12-17 18:15:00,,20190600,120.609375,20190300,,20190600
2018-12-17 18:30:00,,20190600,120.609375,20190300,,20190600
2018-12-17 18:45:00,,20190600,120.65625,20190300,,20190600
2018-12-17 19:00:00,120.71875,20190600,120.65625,20190300,120.71875,20190600
2018-12-17 19:15:00,,20190600,120.640625,20190300,,20190600
2018-12-17 19:30:00,,20190600,120.625,20190300,,20190600
2018-12-17 19:45:00,120.625,20190600,120.65625,20190300,120.625,20190600
2018-12-17 20:00:00,,20190600,120.625,20190300,,20190600
2018-12-17 20:15:00,,20190600,120.6875,20190300,,20190600
2018-12-17 20:30:00,,20190600,120.703125,20190300,,20190600
2018-12-17 20:45:00,,20190600,120.65625,20190300,,20190600
2018-12-17 21:00:00,,20190600,120.625,20190300,,20190600
2018-12-17 21:15:00,,20190600,120.671875,20190300,,20190600
2018-12-17 21:30:00,,20190600,120.65625,20190300,,20190600
2018-12-17 21:45:00,,20190600,120.640625,20190300,,20190600
2018-12-17 23:00:00,120.59375,20190600,120.359375,20190300,120.59375,20190600
2018-12-17 23:15:00,,20190600,120.640625,20190300,,20190600
2018-12-17 23:30:00,,20190600,120.640625,20190300,,20190600
2018-12-17 23:45:00,,20190600,120.625,20190300,,20190600
2018-12-18 00:00:00,,20190600,120.65625,20190300,,20190600
2018-12-18 00:15:00,,20190600,120.6875,20190300,,20190600
2018-12-18 00:30:00,,20190600,120.6875,20190300,,20190600
2018-12-18 00:45:00,,20190600,120.671875,20190300,,20190600
2018-12-18 01:00:00,,20190600,120.640625,20190300,,20190600
2018-12-18 01:15:00,,20190600,120.671875,20190300,,20190600
2018-12-18 01:30:00,,20190600,120.671875,20190300,,20190600
2018-12-18 01:45:00,,20190600,120.6875,20190300,,20190600
2018-12-18 02:00:00,,20190600,120.6875,20190300,,20190600
2018-12-18 02:15:00,,20190600,120.6875,20190300,,20190600
2018-12-18 02:30:00,,20190600,120.671875,20190300,,20190600
2018-12-18 02:45:00,,20190600,120.6875,20190300,,20190600
2018-12-18 03:00:00,,20190600,120.703125,20190300,,20190600
2018-12-18 03:15:00,,20190600,120.71875,20190300,,20190600
2018-12-18 03:30:00,,20190600,120.765625,20190300,,20190600
2018-12-18 03:45:00,,20190600,120.734375,20190300,,20190600
2018-12-18 04:00:00,,20190600,120.734375,20190300,,20190600
2018-12-18 04:15:00,,20190600,120.734375,20190300,,20190600
2018-12-18 04:30:00,,20190600,120.71875,20190300,,20190600
2018-12-18 04:45:00,,20190600,120.71875,20190300,,20190600
2018-12-18 05:15:00,,20190600,120.71875,20190300,,20190600
2018-12-18 05:30:00,,20190600,120.71875,20190300,,20190600
2018-12-18 05:45:00,,20190600,120.71875,20190300,,20190600
2018-12-18 06:15:00,,20190600,120.734375,20190300,,20190600
2018-12-18 06:30:00,,20190600,120.734375,20190300,,20190600
2018-12-18 06:45:00,,20190600,120.734375,20190300,,20190600
2018-12-18 07:00:00,,20190600,120.734375,20190300,,20190600
2018-12-18 07:15:00,,20190600,120.765625,20190300,,20190600
2018-12-18 07:30:00,,20190600,120.765625,20190300,,20190600
2018-12-18 07:45:00,,20190600,120.8125,20190300,,20190600
2018-12-18 08:00:00,,20190600,120.828125,20190300,,20190600
2018-12-18 08:15:00,,20190600,120.828125,20190300,,20190600
2018-12-18 08:30:00,,20190600,120.8125,20190300,,20190600
2018-12-18 08:45:00,,20190600,120.828125,20190300,,20190600
2018-12-18 09:00:00,,20190600,120.859375,20190300,,20190600
2018-12-18 09:15:00,,20190600,120.875,20190300,,20190600
2018-12-18 09:30:00,,20190600,120.875,20190300,,20190600
2018-12-18 09:45:00,,20190600,120.828125,20190300,,20190600
2018-12-18 10:00:00,,20190600,120.84375,20190300,,20190600
2018-12-18 10:15:00,,20190600,120.828125,20190300,,20190600
2018-12-18 10:30:00,,20190600,120.8125,20190300,,20190600
2018-12-18 10:45:00,,20190600,120.875,20190300,,20190600
2018-12-18 11:00:00,,20190600,120.890625,20190300,,20190600
2018-12-18 11:15:00,,20190600,120.890625,20190300,,20190600
2018-12-18 11:30:00,,20190600,120.890625,20190300,,20190600
2018-12-18 11:45:00,,20190600,120.859375,20190300,,20190600
2018-12-18 12:00:00,,20190600,120.828125,20190300,,20190600
2018-12-18 12:15:00,,20190600,120.828125,20190300,,20190600
2018-12-18 12:30:00,,20190600,120.796875,20190300,,20190600
2018-12-18 12:45:00,,20190600,120.828125,20190300,,20190600
2018-12-18 13:00:00,,20190600,120.859375,20190300,,20190600
2018-12-18 13:15:00,,20190600,120.828125,20190300,,20190600
2018-12-18 13:30:00,,20190600,120.78125,20190300,,20190600
2018-12-18 13:45:00,,20190600,120.78125,20190300,,20190600
2018-12-18 14:00:00,,20190600,120.78125,20190300,,20190600
2018-12-18 14:15:00,,20190600,120.71875,20190300,,20190600
2018-12-18 14:30:00,,20190600,120.71875,20190300,,20190600
2018-12-18 14:45:00,,20190600,120.671875,20190300,,20190600
2018-12-18 15:00:00,,20190600,120.734375,20190300,,20190600
2018-12-18 15:15:00,,20190600,120.71875,20190300,,20190600
2018-12-18 15:30:00,,20190600,120.75,20190300,,20190600
2018-12-18 15:45:00,,20190600,120.78125,20190300,,20190600
2018-12-18 16:00:00,,20190600,120.8125,20190300,,20190600
2018-12-18 16:15:00,,20190600,120.859375,20190300,,20190600
2018-12-18 16:30:00,,20190600,120.84375,20190300,,20190600
2018-12-18 16:45:00,,20190600,120.828125,20190300,,20190600
2018-12-18 17:00:00,,20190600,120.8125,20190300,,20190600
2018-12-18 17:15:00,,20190600,120.796875,20190300,,20190600
2018-12-18 17:30:00,120.59375,20190600,120.8125,20190300,120.59375,20190600
2018-12-18 17:45:00,,20190600,120.8125,20190300,,20190600
2018-12-18 18:00:00,,20190600,120.796875,20190300,,20190600
2018-12-18 18:15:00,,20190600,120.796875,20190300,,20190600
2018-12-18 18:30:00,,20190600,120.8125,20190300,,20190600
2018-12-18 18:45:00,,20190600,120.84375,20190300,,20190600
2018-12-18 19:00:00,,20190600,120.8125,20190300,,20190600
2018-12-18 19:15:00,,20190600,120.875,20190300,,20190600
2018-12-18 19:30:00,,20190600,120.890625,20190300,,20190600
2018-12-18 19:45:00,,20190600,120.859375,20190300,,20190600
2018-12-18 20:00:00,,20190600,120.875,20190300,,20190600
2018-12-18 20:15:00,,20190600,120.890625,20190300,,20190600
2018-12-18 20:30:00,,20190600,120.859375,20190300,,20190600
2018-12-18 20:45:00,,20190600,120.859375,20190300,,20190600
2018-12-18 21:00:00,,20190600,120.875,20190300,,20190600
2018-12-18 21:15:00,,20190600,120.90625,20190300,,20190600
2018-12-18 21:30:00,,20190600,120.890625,20190300,,20190600
2018-12-18 21:45:00,,20190600,120.921875,20190300,,20190600
2018-12-18 23:00:00,120.828125,20190600,120.71875,20190300,120.828125,20190600
2018-12-18 23:15:00,,20190600,120.9375,20190300,,20190600
2018-12-18 23:30:00,,20190600,120.9375,20190300,,20190600
2018-12-18 23:45:00,,20190600,120.921875,20190300,,20190600
2018-12-19 00:00:00,121.0,20190600,121.03125,20190300,121.0,20190600
2018-12-19 00:15:00,,20190600,121.03125,20190300,,20190600
2018-12-19 00:30:00,,20190600,120.984375,20190300,,20190600
2018-12-19 00:45:00,,20190600,120.96875,20190300,,20190600
2018-12-19 01:00:00,,20190600,120.96875,20190300,,20190600
2018-12-19 01:15:00,,20190600,120.96875,20190300,,20190600
2018-12-19 01:30:00,,20190600,120.9375,20190300,,20190600
2018-12-19 01:45:00,,20190600,120.9375,20190300,,20190600
2018-12-19 02:00:00,,20190600,120.953125,20190300,,20190600
2018-12-19 02:15:00,,20190600,120.953125,20190300,,20190600
2018-12-19 02:30:00,,20190600,120.953125,20190300,,20190600
2018-12-19 02:45:00,,20190600,120.9375,20190300,,20190600
2018-12-19 03:00:00,,20190600,120.953125,20190300,,20190600
2018-12-19 03:15:00,,20190600,120.953125,20190300,,20190600
2018-12-19 03:30:00,,20190600,121.03125,20190300,,20190600
2018-12-19 03:45:00,,20190600,121.015625,20190300,,20190600
2018-12-19 04:00:00,,20190600,121.03125,20190300,,20190600
2018-12-19 04:15:00,,20190600,121.015625,20190300,,20190600
2018-12-19 04:30:00,,20190600,120.984375,20190300,,20190600
2018-12-19 04:45:00,,20190600,121.0,20190300,,20190600
2018-12-19 05:15:00,,20190600,120.984375,20190300,,20190600
2018-12-19 05:30:00,,20190600,120.953125,20190300,,20190600
2018-12-19 05:45:00,,20190600,120.96875,20190300,,20190600
2018-12-19 06:15:00,,20190600,120.96875,20190300,,20190600
2018-12-19 06:30:00,,20190600,120.96875,20190300,,20190600
2018-12-19 06:45:00,,20190600,120.9375,20190300,,20190600
2018-12-19 07:00:00,,20190600,120.9375,20190300,,20190600
2018-12-19 07:15:00,,20190600,120.921875,20190300,,20190600
2018-12-19 07:30:00,,20190600,120.90625,20190300,,20190600
2018-12-19 07:45:00,,20190600,120.90625,20190300,,20190600
2018-12-19 08:00:00,,20190600,120.9375,20190300,,20190600
2018-12-19 08:15:00,,20190600,120.953125,20190300,,20190600
2018-12-19 08:30:00,,20190600,120.953125,20190300,,20190600
2018-12-19 08:45:00,,20190600,120.953125,20190300,,20190600
2018-12-19 09:00:00,,20190600,120.921875,20190300,,20190600
2018-12-19 09:15:00,,20190600,120.921875,20190300,,20190600
2018-12-19 09:30:00,,20190600,120.9375,20190300,,20190600
2018-12-19 09:45:00,,20190600,120.921875,20190300,,20190600
2018-12-19 10:00:00,,20190600,120.921875,20190300,,20190600
2018-12-19 10:15:00,,20190600,120.921875,20190300,,20190600
2018-12-19 10:30:00,,20190600,120.90625,20190300,,20190600
2018-12-19 10:45:00,,20190600,120.9375,20190300,,20190600
2018-12-19 11:00:00,,20190600,120.953125,20190300,,20190600
2018-12-19 11:15:00,,20190600,120.953125,20190300,,20190600
2018-12-19 11:30:00,,20190600,120.9375,20190300,,20190600
2018-12-19 11:45:00,,20190600,120.921875,20190300,,20190600
2018-12-19 12:00:00,,20190600,120.90625,20190300,,20190600
2018-12-19 12:15:00,,20190600,120.890625,20190300,,20190600
2018-12-19 12:30:00,,20190600,120.890625,20190300,,20190600
2018-12-19 12:45:00,,20190600,120.90625,20190300,,20190600
2018-12-19 13:00:00,,20190600,120.953125,20190300,,20190600
2018-12-19 13:15:00,,20190600,120.9375,20190300,,20190600
2018-12-19 13:30:00,,20190600,120.953125,20190300,,20190600
2018-12-19 13:45:00,,20190600,120.953125,20190300,,20190600
2018-12-19 14:00:00,,20190600,120.9375,20190300,,20190600
2018-12-19 14:15:00,,20190600,120.9375,20190300,,20190600
2018-12-19 14:30:00,120.890625,20190600,120.921875,20190300,120.890625,20190600
2018-12-19 14:45:00,,20190600,120.90625,20190300,,20190600
2018-12-19 15:00:00,,20190600,120.875,20190300,,20190600
2018-12-19 15:15:00,,20190600,120.875,20190300,,20190600
2018-12-19 15:30:00,,20190600,120.828125,20190300,,20190600
2018-12-19 15:45:00,,20190600,120.84375,20190300,,20190600
2018-12-19 16:00:00,,20190600,120.875,20190300,,20190600
2018-12-19 16:15:00,,20190600,120.90625,20190300,,20190600
2018-12-19 16:30:00,,20190600,120.953125,20190300,,20190600
2018-12-19 16:45:00,,20190600,120.921875,20190300,,20190600
2018-12-19 17:00:00,,20190600,120.9375,20190300,,20190600
2018-12-19 17:15:00,,20190600,120.875,20190300,,20190600
2018-12-19 17:30:00,,20190600,120.828125,20190300,,20190600
2018-12-19 17:45:00,,20190600,120.890625,20190300,,20190600
2018-12-19 18:00:00,,20190600,120.890625,20190300,,20190600
2018-12-19 18:15:00,,20190600,120.90625,20190300,,20190600
2018-12-19 18:30:00,,20190600,120.84375,20190300,,20190600
2018-12-19 18:45:00,,20190600,120.765625,20190300,,20190600
2018-12-19 19:00:00,121.0,20190600,121.015625,20190300,121.0,20190600
2018-12-19 19:15:00,,20190600,120.875,20190300,,20190600
2018-12-19 19:30:00,121.0,20190600,121.078125,20190300,121.0,20190600
2018-12-19 19:45:00,121.15625,20190600,121.203125,20190300,121.15625,20190600
2018-12-19 20:00:00,121.1875,20190600,121.21875,20190300,121.1875,20190600
2018-12-19 20:15:00,,20190600,121.25,20190300,,20190600
2018-12-19 20:30:00,,20190600,121.28125,20190300,,20190600
2018-12-19 20:45:00,,20190600,121.125,20190300,,20190600
2018-12-19 21:00:00,,20190600,121.203125,20190300,,20190600
2018-12-19 21:15:00,,20190600,121.234375,20190300,,20190600
2018-12-19 21:30:00,,20190600,121.25,20190300,,20190600
2018-12-19 21:45:00,121.171875,20190600,121.296875,20190300,121.171875,20190600
2018-12-19 23:00:00,121.1875,20190600,120.953125,20190300,121.1875,20190600
2018-12-19 23:15:00,,20190600,121.1875,20190300,,20190600
2018-12-19 23:30:00,,20190600,121.203125,20190300,,20190600
2018-12-19 23:45:00,,20190600,121.203125,20190300,,20190600
2018-12-20 00:00:00,,20190600,121.1875,20190300,,20190600
2018-12-20 00:15:00,,20190600,121.1875,20190300,,20190600
2018-12-20 00:30:00,,20190600,121.125,20190300,,20190600
2018-12-20 00:45:00,,20190600,121.0625,20190300,,20190600
2018-12-20 01:00:00,,20190600,121.03125,20190300,,20190600
2018-12-20 01:15:00,,20190600,121.046875,20190300,,20190600
2018-12-20 01:30:00,,20190600,121.09375,20190300,,20190600
2018-12-20 01:45:00,,20190600,121.09375,20190300,,20190600
2018-12-20 02:00:00,,20190600,121.109375,20190300,,20190600
2018-12-20 02:15:00,,20190600,121.125,20190300,,20190600
2018-12-20 02:30:00,,20190600,121.109375,20190300,,20190600
2018-12-20 02:45:00,,20190600,121.09375,20190300,,20190600
2018-12-20 03:00:00,,20190600,121.140625,20190300,,20190600
2018-12-20 03:15:00,,20190600,121.171875,20190300,,20190600
2018-12-20 03:30:00,,20190600,121.15625,20190300,,20190600
2018-12-20 03:45:00,,20190600,121.15625,20190300,,20190600
2018-12-20 04:00:00,,20190600,121.203125,20190300,,20190600
2018-12-20 04:15:00,,20190600,121.234375,20190300,,20190600
2018-12-20 04:30:00,,20190600,121.25,20190300,,20190600
2018-12-20 04:45:00,,20190600,121.3125,20190300,,20190600
2018-12-20 05:15:00,,20190600,121.28125,20190300,,20190600
2018-12-20 05:30:00,,20190600,121.28125,20190300,,20190600
2018-12-20 05:45:00,,20190600,121.25,20190300,,20190600
2018-12-20 06:15:00,,20190600,121.234375,20190300,,20190600
2018-12-20 06:30:00,,20190600,121.25,20190300,,20190600
2018-12-20 06:45:00,,20190600,121.1875,20190300,,20190600
2018-12-20 07:00:00,,20190600,121.1875,20190300,,20190600
2018-12-20 07:15:00,,20190600,121.171875,20190300,,20190600
2018-12-20 07:30:00,,20190600,121.171875,20190300,,20190600
2018-12-20 07:45:00,,20190600,121.234375,20190300,,20190600
2018-12-20 08:00:00,,20190600,121.21875,20190300,,20190600
2018-12-20 08:15:00,,20190600,121.21875,20190300,,20190600
2018-12-20 08:30:00,121.234375,20190600,121.21875,20190300,121.234375,20190600
2018-12-20 08:45:00,,20190600,121.1875,20190300,,20190600
2018-12-20 09:00:00,,20190600,121.15625,20190300,,20190600
2018-12-20 09:15:00,,20190600,121.15625,20190300,,20190600
2018-12-20 09:30:00,,20190600,121.15625,20190300,,20190600
2018-12-20 09:45:00,,20190600,121.1875,20190300,,20190600
2018-12-20 10:00:00,,20190600,121.15625,20190300,,20190600
2018-12-20 10:15:00,,20190600,121.171875,20190300,,20190600
2018-12-20 10:30:00,,20190600,121.203125,20190300,,20190600
2018-12-20 10:45:00,,20190600,121.15625,20190300,,20190600
2018-12-20 11:00:00,,20190600,121.140625,20190300,,20190600
2018-12-20 11:15:00,,20190600,121.125,20190300,,20190600
2018-12-20 11:30:00,,20190600,121.125,20190300,,20190600
2018-12-20 11:45:00,,20190600,121.125,20190300,,20190600
2018-12-20 12:00:00,,20190600,121.109375,20190300,,20190600
2018-12-20 12:15:00,,20190600,121.09375,20190300,,20190600
2018-12-20 12:30:00,,20190600,121.140625,20190300,,20190600
2018-12-20 12:45:00,,20190600,121.109375,20190300,,20190600
2018-12-20 13:00:00,,20190600,121.1875,20190300,,20190600
2018-12-20 13:15:00,,20190600,121.140625,20190300,,20190600
2018-12-20 13:30:00,,20190600,121.140625,20190300,,20190600
2018-12-20 13:45:00,,20190600,121.25,20190300,,20190600
2018-12-20 14:00:00,,20190600,121.203125,20190300,,20190600
2018-12-20 14:15:00,,20190600,121.28125,20190300,,20190600
2018-12-20 14:30:00,,20190600,121.234375,20190300,,20190600
2018-12-20 14:45:00,,20190600,121.1875,20190300,,20190600
2018-12-20 15:00:00,,20190600,121.171875,20190300,,20190600
2018-12-20 15:15:00,,20190600,121.1875,20190300,,20190600
2018-12-20 15:30:00,121.125,20190600,121.109375,20190300,121.125,20190600
2018-12-20 15:45:00,,20190600,121.0625,20190300,,20190600
2018-12-20 16:00:00,121.15625,20190600,121.09375,20190300,121.15625,20190600
2018-12-20 16:15:00,,20190600,121.140625,20190300,,20190600
2018-12-20 16:30:00,,20190600,121.15625,20190300,,20190600
2018-12-20 16:45:00,,20190600,121.171875,20190300,,20190600
2018-12-20 17:00:00,,20190600,121.140625,20190300,,20190600
2018-12-20 17:15:00,,20190600,121.0625,20190300,,20190600
2018-12-20 17:30:00,,20190600,121.125,20190300,,20190600
2018-12-20 17:45:00,,20190600,121.09375,20190300,,20190600
2018-12-20 18:00:00,,20190600,121.078125,20190300,,20190600
2018-12-20 18:15:00,,20190600,121.140625,20190300,,20190600
2018-12-20 18:30:00,,20190600,121.078125,20190300,,20190600
2018-12-20 18:45:00,,20190600,121.09375,20190300,,20190600
2018-12-20 19:00:00,,20190600,121.203125,20190300,,20190600
2018-12-20 19:15:00,,20190600,121.109375,20190300,,20190600
2018-12-20 19:30:00,121.046875,20190600,121.03125,20190300,121.046875,20190600
2018-12-20 19:45:00,121.109375,20190600,121.0625,20190300,121.109375,20190600
2018-12-20 20:00:00,121.078125,20190600,121.015625,20190300,121.078125,20190600
2018-12-20 20:15:00,,20190600,121.03125,20190300,,20190600
2018-12-20 20:30:00,,20190600,121.03125,20190300,,20190600
2018-12-20 20:45:00,,20190600,121.046875,20190300,,20190600
2018-12-20 21:00:00,121.046875,20190600,120.984375,20190300,121.046875,20190600
2018-12-20 21:15:00,,20190600,120.96875,20190300,,20190600
2018-12-20 21:30:00,120.96875,20190600,120.9375,20190300,120.96875,20190600
2018-12-20 21:45:00,120.90625,20190600,120.953125,20190300,120.90625,20190600
2018-12-20 23:00:00,121.046875,20190600,121.28125,20190300,121.046875,20190600
2018-12-20 23:15:00,,20190600,120.90625,20190300,,20190600
2018-12-20 23:30:00,,20190600,120.953125,20190300,,20190600
2018-12-20 23:45:00,,20190600,121.0,20190300,,20190600
2018-12-21 00:00:00,,20190600,120.984375,20190300,,20190600
2018-12-21 00:15:00,,20190600,120.984375,20190300,,20190600
2018-12-21 00:30:00,,20190600,120.984375,20190300,,20190600
2018-12-21 00:45:00,,20190600,121.0,20190300,,20190600
2018-12-21 01:00:00,,20190600,120.96875,20190300,,20190600
2018-12-21 01:15:00,,20190600,120.953125,20190300,,20190600
2018-12-21 01:30:00,,20190600,120.984375,20190300,,20190600
2018-12-21 01:45:00,,20190600,120.96875,20190300,,20190600
2018-12-21 02:00:00,,20190600,120.96875,20190300,,20190600
2018-12-21 02:15:00,,20190600,120.953125,20190300,,20190600
2018-12-21 02:30:00,,20190600,120.9375,20190300,,20190600
2018-12-21 02:45:00,,20190600,120.9375,20190300,,20190600
2018-12-21 03:00:00,,20190600,120.953125,20190300,,20190600
2018-12-21 03:15:00,,20190600,120.953125,20190300,,20190600
2018-12-21 03:30:00,,20190600,120.9375,20190300,,20190600
2018-12-21 03:45:00,,20190600,120.953125,20190300,,20190600
2018-12-21 04:00:00,,20190600,120.9375,20190300,,20190600
2018-12-21 04:15:00,,20190600,120.921875,20190300,,20190600
2018-12-21 04:30:00,,20190600,120.9375,20190300,,20190600
2018-12-21 04:45:00,,20190600,120.9375,20190300,,20190600
2018-12-21 05:15:00,,20190600,120.921875,20190300,,20190600
2018-12-21 05:30:00,,20190600,120.9375,20190300,,20190600
2018-12-21 05:45:00,,20190600,120.921875,20190300,,20190600
2018-12-21 06:15:00,,20190600,120.9375,20190300,,20190600
2018-12-21 06:30:00,,20190600,120.9375,20190300,,20190600
2018-12-21 06:45:00,,20190600,120.90625,20190300,,20190600
2018-12-21 07:00:00,,20190600,120.953125,20190300,,20190600
2018-12-21 07:15:00,,20190600,120.953125,20190300,,20190600
2018-12-21 07:30:00,,20190600,120.953125,20190300,,20190600
2018-12-21 07:45:00,,20190600,120.984375,20190300,,20190600
2018-12-21 08:00:00,,20190600,120.96875,20190300,,20190600
2018-12-21 08:15:00,,20190600,121.0,20190300,,20190600
2018-12-21 08:30:00,,20190600,120.984375,20190300,,20190600
2018-12-21 08:45:00,,20190600,120.984375,20190300,,20190600
2018-12-21 09:00:00,,20190600,120.984375,20190300,,20190600
2018-12-21 09:15:00,,20190600,121.015625,20190300,,20190600
2018-12-21 09:30:00,,20190600,121.0,20190300,,20190600
2018-12-21 09:45:00,,20190600,121.0,20190300,,20190600
2018-12-21 10:00:00,,20190600,121.0,20190300,,20190600
2018-12-21 10:15:00,,20190600,121.03125,20190300,,20190600
2018-12-21 10:30:00,,20190600,121.03125,20190300,,20190600
2018-12-21 10:45:00,,20190600,121.015625,20190300,,20190600
2018-12-21 11:00:00,,20190600,121.015625,20190300,,20190600
2018-12-21 11:15:00,,20190600,121.015625,20190300,,20190600
2018-12-21 11:30:00,,20190600,120.96875,20190300,,20190600
2018-12-21 11:45:00,,20190600,121.0,20190300,,20190600
2018-12-21 12:00:00,,20190600,121.03125,20190300,,20190600
2018-12-21 12:15:00,121.046875,20190600,121.046875,20190300,121.046875,20190600
2018-12-21 12:30:00,,20190600,121.046875,20190300,,20190600
2018-12-21 12:45:00,,20190600,121.03125,20190300,,20190600
2018-12-21 13:00:00,,20190600,121.046875,20190300,,20190600
2018-12-21 13:15:00,,20190600,121.0625,20190300,,20190600
2018-12-21 13:30:00,,20190600,121.0625,20190300,,20190600
2018-12-21 13:45:00,,20190600,121.046875,20190300,,20190600
2018-12-21 14:00:00,,20190600,121.0,20190300,,20190600
2018-12-21 14:15:00,,20190600,121.0625,20190300,,20190600
2018-12-21 14:30:00,121.125,20190600,121.0625,20190300,121.125,20190600
2018-12-21 14:45:00,,20190600,121.03125,20190300,,20190600
2018-12-21 15:00:00,121.046875,20190600,120.96875,20190300,121.046875,20190600
2018-12-21 15:15:00,,20190600,120.96875,20190300,,20190600
2018-12-21 15:30:00,121.0,20190600,120.96875,20190300,121.0,20190600
2018-12-21 15:45:00,,20190600,120.96875,20190300,,20190600
2018-12-21 16:00:00,121.0625,20190600,121.015625,20190300,121.0625,20190600
2018-12-21 16:15:00,,20190600,120.953125,20190300,,20190600
2018-12-21 16:30:00,,20190600,120.96875,20190300,,20190600
2018-12-21 16:45:00,,20190600,121.015625,20190300,,20190600
2018-12-21 17:00:00,,20190600,121.03125,20190300,,20190600
2018-12-21 17:15:00,,20190600,121.03125,20190300,,20190600
2018-12-21 17:30:00,,20190600,121.03125,20190300,,20190600
2018-12-21 17:45:00,,20190600,121.046875,20190300,,20190600
2018-12-21 18:00:00,,20190600,121.046875,20190300,,20190600
2018-12-21 18:15:00,,20190600,121.0625,20190300,,20190600
2018-12-21 18:30:00,,20190600,121.03125,20190300,,20190600
2018-12-21 18:45:00,,20190600,121.03125,20190300,,20190600
2018-12-21 19:00:00,,20190600,121.046875,20190300,,20190600
2018-12-21 19:15:00,,20190600,121.03125,20190300,,20190600
2018-12-21 19:30:00,,20190600,121.046875,20190300,,20190600
2018-12-21 19:45:00,,20190600,121.03125,20190300,,20190600
2018-12-21 20:00:00,,20190600,121.03125,20190300,,20190600
2018-12-21 20:15:00,,20190600,121.046875,20190300,,20190600
2018-12-21 20:30:00,,20190600,121.0625,20190300,,20190600
2018-12-21 20:45:00,121.125,20190600,121.0625,20190300,121.125,20190600
2018-12-21 21:00:00,,20190600,121.109375,20190300,,20190600
2018-12-21 21:15:00,121.1875,20190600,121.109375,20190300,121.1875,20190600
2018-12-21 21:30:00,,20190600,121.0625,20190300,,20190600
2018-12-21 21:45:00,,20190600,121.03125,20190300,,20190600
2018-12-21 23:00:00,121.125,20190600,120.921875,20190300,121.125,20190600
2018-12-23 23:00:00,,20190600,121.09375,20190300,,20190600
2018-12-23 23:15:00,,20190600,121.078125,20190300,,20190600
2018-12-23 23:30:00,,20190600,121.046875,20190300,,20190600
2018-12-23 23:45:00,,20190600,121.078125,20190300,,20190600
2018-12-24 00:00:00,,20190600,121.078125,20190300,,20190600
2018-12-24 00:15:00,,20190600,121.09375,20190300,,20190600
2018-12-24 00:30:00,,20190600,121.109375,20190300,,20190600
2018-12-24 00:45:00,,20190600,121.09375,20190300,,20190600
2018-12-24 01:00:00,,20190600,121.09375,20190300,,20190600
2018-12-24 01:15:00,,20190600,121.078125,20190300,,20190600
2018-12-24 01:30:00,,20190600,121.09375,20190300,,20190600
2018-12-24 01:45:00,,20190600,121.078125,20190300,,20190600
2018-12-24 02:00:00,,20190600,121.078125,20190300,,20190600
2018-12-24 02:15:00,,20190600,121.0625,20190300,,20190600
2018-12-24 02:30:00,,20190600,121.03125,20190300,,20190600
2018-12-24 02:45:00,,20190600,121.078125,20190300,,20190600
2018-12-24 03:00:00,,20190600,121.046875,20190300,,20190600
2018-12-24 03:15:00,,20190600,121.046875,20190300,,20190600
2018-12-24 03:30:00,,20190600,121.046875,20190300,,20190600
2018-12-24 03:45:00,,20190600,121.046875,20190300,,20190600
2018-12-24 04:00:00,,20190600,121.046875,20190300,,20190600
2018-12-24 04:15:00,,20190600,121.03125,20190300,,20190600
2018-12-24 04:30:00,,20190600,121.03125,20190300,,20190600
2018-12-24 04:45:00,,20190600,121.03125,20190300,,20190600
2018-12-24 05:15:00,,20190600,121.03125,20190300,,20190600
2018-12-24 05:30:00,,20190600,121.046875,20190300,,20190600
2018-12-24 05:45:00,,20190600,121.046875,20190300,,20190600
2018-12-24 06:15:00,,20190600,121.0625,20190300,,20190600
2018-12-24 06:30:00,,20190600,121.0625,20190300,,20190600
2018-12-24 06:45:00,,20190600,121.046875,20190300,,20190600
2018-12-24 07:00:00,,20190600,121.015625,20190300,,20190600
2018-12-24 07:15:00,,20190600,121.046875,20190300,,20190600
2018-12-24 07:30:00,,20190600,121.03125,20190300,,20190600
2018-12-24 07:45:00,,20190600,121.015625,20190300,,20190600
2018-12-24 08:00:00,,20190600,121.0625,20190300,,20190600
2018-12-24 08:15:00,,20190600,121.078125,20190300,,20190600
2018-12-24 08:30:00,,20190600,121.078125,20190300,,20190600
2018-12-24 08:45:00,,20190600,121.09375,20190300,,20190600
2018-12-24 09:00:00,,20190600,121.109375,20190300,,20190600
2018-12-24 09:15:00,,20190600,121.125,20190300,,20190600
2018-12-24 09:30:00,,20190600,121.125,20190300,,20190600
2018-12-24 09:45:00,,20190600,121.109375,20190300,,20190600
2018-12-24 10:00:00,,20190600,121.109375,20190300,,20190600
2018-12-24 10:15:00,,20190600,121.125,20190300,,20190600
2018-12-24 10:30:00,,20190600,121.109375,20190300,,20190600
2018-12-24 10:45:00,,20190600,121.125,20190300,,20190600
2018-12-24 11:00:00,,20190600,121.125,20190300,,20190600
2018-12-24 11:15:00,,20190600,121.140625,20190300,,20190600
2018-12-24 11:30:00,,20190600,121.125,20190300,,20190600
2018-12-24 11:45:00,,20190600,121.125,20190300,,20190600
2018-12-24 12:00:00,121.203125,20190600,121.203125,20190300,121.203125,20190600
2018-12-24 12:15:00,,20190600,121.234375,20190300,,20190600
2018-12-24 12:30:00,,20190600,121.234375,20190300,,20190600
2018-12-24 12:45:00,,20190600,121.265625,20190300,,20190600
2018-12-24 13:00:00,,20190600,121.296875,20190300,,20190600
2018-12-24 13:15:00,,20190600,121.21875,20190300,,20190600
2018-12-24 13:30:00,,20190600,121.21875,20190300,,20190600
2018-12-24 13:45:00,,20190600,121.25,20190300,,20190600
2018-12-24 14:00:00,,20190600,121.25,20190300,,20190600
2018-12-24 14:15:00,,20190600,121.265625,20190300,,20190600
2018-12-24 14:30:00,,20190600,121.25,20190300,,20190600
2018-12-24 14:45:00,,20190600,121.296875,20190300,,20190600
2018-12-24 15:00:00,,20190600,121.25,20190300,,20190600
2018-12-24 15:15:00,,20190600,121.234375,20190300,,20190600
2018-12-24 15:30:00,,20190600,121.171875,20190300,,20190600
2018-12-24 15:45:00,,20190600,121.203125,20190300,,20190600
2018-12-24 16:00:00,,20190600,121.171875,20190300,,20190600
2018-12-24 16:15:00,,20190600,121.28125,20190300,,20190600
2018-12-24 16:30:00,,20190600,121.21875,20190300,,20190600
2018-12-24 16:45:00,,20190600,121.265625,20190300,,20190600
2018-12-24 17:00:00,,20190600,121.3125,20190300,,20190600
2018-12-24 17:15:00,,20190600,121.3125,20190300,,20190600
2018-12-24 17:30:00,,20190600,121.328125,20190300,,20190600
2018-12-24 17:45:00,121.4375,20190600,121.421875,20190300,121.4375,20190600
2018-12-24 18:00:00,,20190600,121.53125,20190300,,20190600
2018-12-24 23:00:00,121.484375,20190600,121.0625,20190300,121.484375,20190600
2018-12-25 23:00:00,,20190600,121.515625,20190300,,20190600
2018-12-25 23:15:00,,20190600,121.46875,20190300,,20190600
2018-12-25 23:30:00,,20190600,121.5,20190300,,20190600
2018-12-25 23:45:00,,20190600,121.4375,20190300,,20190600
2018-12-26 00:00:00,,20190600,121.40625,20190300,,20190600
2018-12-26 00:15:00,,20190600,121.421875,20190300,,20190600
2018-12-26 00:30:00,,20190600,121.40625,20190300,,20190600
2018-12-26 00:45:00,,20190600,121.40625,20190300,,20190600
2018-12-26 01:00:00,,20190600,121.421875,20190300,,20190600
2018-12-26 01:15:00,,20190600,121.4375,20190300,,20190600
2018-12-26 01:30:00,,20190600,121.484375,20190300,,20190600
2018-12-26 01:45:00,,20190600,121.484375,20190300,,20190600
2018-12-26 02:00:00,,20190600,121.484375,20190300,,20190600
2018-12-26 02:15:00,,20190600,121.53125,20190300,,20190600
2018-12-26 02:30:00,,20190600,121.5625,20190300,,20190600
2018-12-26 02:45:00,,20190600,121.546875,20190300,,20190600
2018-12-26 03:00:00,,20190600,121.5625,20190300,,20190600
2018-12-26 03:15:00,,20190600,121.5625,20190300,,20190600
2018-12-26 03:30:00,,20190600,121.578125,20190300,,20190600
2018-12-26 03:45:00,,20190600,121.5625,20190300,,20190600
2018-12-26 04:00:00,,20190600,121.59375,20190300,,20190600
2018-12-26 04:15:00,,20190600,121.59375,20190300,,20190600
2018-12-26 04:30:00,,20190600,121.59375,20190300,,20190600
2018-12-26 04:45:00,,20190600,121.609375,20190300,,20190600
2018-12-26 05:15:00,,20190600,121.625,20190300,,20190600
2018-12-26 05:30:00,,20190600,121.609375,20190300,,20190600
2018-12-26 05:45:00,,20190600,121.578125,20190300,,20190600
2018-12-26 06:15:00,,20190600,121.546875,20190300,,20190600
2018-12-26 06:30:00,,20190600,121.59375,20190300,,20190600
2018-12-26 06:45:00,,20190600,121.578125,20190300,,20190600
2018-12-26 07:00:00,,20190600,121.578125,20190300,,20190600
2018-12-26 07:15:00,,20190600,121.578125,20190300,,20190600
2018-12-26 07:30:00,,20190600,121.5625,20190300,,20190600
2018-12-26 07:45:00,,20190600,121.5625,20190300,,20190600
2018-12-26 08:00:00,,20190600,121.5625,20190300,,20190600
2018-12-26 08:15:00,,20190600,121.546875,20190300,,20190600
2018-12-26 08:30:00,,20190600,121.546875,20190300,,20190600
2018-12-26 08:45:00,,20190600,121.5,20190300,,20190600
2018-12-26 09:00:00,,20190600,121.515625,20190300,,20190600
2018-12-26 09:15:00,,20190600,121.484375,20190300,,20190600
2018-12-26 09:30:00,,20190600,121.515625,20190300,,20190600
2018-12-26 09:45:00,,20190600,121.5,20190300,,20190600
2018-12-26 10:00:00,,20190600,121.484375,20190300,,20190600
2018-12-26 10:15:00,,20190600,121.484375,20190300,,20190600
2018-12-26 10:30:00,,20190600,121.484375,20190300,,20190600
2018-12-26 10:45:00,,20190600,121.5,20190300,,20190600
2018-12-26 11:00:00,,20190600,121.46875,20190300,,20190600
2018-12-26 11:15:00,,20190600,121.484375,20190300,,20190600
2018-12-26 11:30:00,,20190600,121.46875,20190300,,20190600
2018-12-26 11:45:00,,20190600,121.453125,20190300,,20190600
2018-12-26 12:00:00,,20190600,121.453125,20190300,,20190600
2018-12-26 12:15:00,,20190600,121.421875,20190300,,20190600
2018-12-26 12:30:00,,20190600,121.46875,20190300,,20190600
2018-12-26 12:45:00,,20190600,121.4375,20190300,,20190600
2018-12-26 13:00:00,,20190600,121.484375,20190300,,20190600
2018-12-26 13:15:00,,20190600,121.4375,20190300,,20190600
2018-12-26 13:30:00,,20190600,121.40625,20190300,,20190600
2018-12-26 13:45:00,,20190600,121.390625,20190300,,20190600
2018-12-26 14:00:00,,20190600,121.40625,20190300,,20190600
2018-12-26 14:15:00,,20190600,121.40625,20190300,,20190600
2018-12-26 14:30:00,,20190600,121.359375,20190300,,20190600
2018-12-26 14:45:00,,20190600,121.421875,20190300,,20190600
2018-12-26 15:00:00,,20190600,121.46875,20190300,,20190600
2018-12-26 15:15:00,,20190600,121.453125,20190300,,20190600
2018-12-26 15:30:00,,20190600,121.484375,20190300,,20190600
2018-12-26 15:45:00,,20190600,121.53125,20190300,,20190600
2018-12-26 16:00:00,,20190600,121.46875,20190300,,20190600
2018-12-26 16:15:00,,20190600,121.421875,20190300,,20190600
2018-12-26 16:30:00,,20190600,121.421875,20190300,,20190600
2018-12-26 16:45:00,,20190600,121.390625,20190300,,20190600
2018-12-26 17:00:00,,20190600,121.3125,20190300,,20190600
2018-12-26 17:15:00,,20190600,121.3125,20190300,,20190600
2018-12-26 17:30:00,,20190600,121.234375,20190300,,20190600
2018-12-26 17:45:00,,20190600,121.25,20190300,,20190600
2018-12-26 18:00:00,,20190600,121.125,20190300,,20190600
2018-12-26 18:15:00,,20190600,121.15625,20190300,,20190600
2018-12-26 18:30:00,,20190600,121.125,20190300,,20190600
2018-12-26 18:45:00,,20190600,121.0625,20190300,,20190600
2018-12-26 19:00:00,,20190600,121.078125,20190300,,20190600
2018-12-26 19:15:00,,20190600,121.078125,20190300,,20190600
2018-12-26 19:30:00,,20190600,121.078125,20190300,,20190600
2018-12-26 19:45:00,,20190600,121.03125,20190300,,20190600
2018-12-26 20:00:00,,20190600,120.984375,20190300,,20190600
2018-12-26 20:15:00,,20190600,120.9375,20190300,,20190600
2018-12-26 20:30:00,,20190600,120.90625,20190300,,20190600
2018-12-26 20:45:00,,20190600,120.90625,20190300,,20190600
2018-12-26 21:00:00,,20190600,120.9375,20190300,,20190600
2018-12-26 21:15:00,,20190600,120.90625,20190300,,20190600
2018-12-26 21:30:00,,20190600,120.9375,20190300,,20190600
2018-12-26 21:45:00,,20190600,120.9375,20190300,,20190600
2018-12-26 23:00:00,,20190600,121.59375,20190300,,20190600
2018-12-26 23:15:00,,20190600,120.984375,20190300,,20190600
2018-12-26 23:30:00,,20190600,120.984375,20190300,,20190600
2018-12-26 23:45:00,,20190600,121.0,20190300,,20190600
2018-12-27 00:00:00,,20190600,120.984375,20190300,,20190600
2018-12-27 00:15:00,,20190600,120.96875,20190300,,20190600
2018-12-27 00:30:00,,20190600,120.96875,20190300,,20190600
2018-12-27 00:45:00,,20190600,120.96875,20190300,,20190600
2018-12-27 01:00:00,,20190600,120.984375,20190300,,20190600
2018-12-27 01:15:00,,20190600,121.0,20190300,,20190600
2018-12-27 01:30:00,,20190600,121.03125,20190300,,20190600
2018-12-27 01:45:00,,20190600,121.03125,20190300,,20190600
2018-12-27 02:00:00,,20190600,121.015625,20190300,,20190600
2018-12-27 02:15:00,,20190600,121.015625,20190300,,20190600
2018-12-27 02:30:00,,20190600,121.0,20190300,,20190600
2018-12-27 02:45:00,,20190600,121.0,20190300,,20190600
2018-12-27 03:00:00,,20190600,121.015625,20190300,,20190600
2018-12-27 03:15:00,,20190600,121.015625,20190300,,20190600
2018-12-27 03:30:00,,20190600,121.03125,20190300,,20190600
2018-12-27 03:45:00,,20190600,121.03125,20190300,,20190600
2018-12-27 04:00:00,,20190600,121.03125,20190300,,20190600
2018-12-27 04:15:00,,20190600,121.03125,20190300,,20190600
2018-12-27 04:30:00,,20190600,121.015625,20190300,,20190600
2018-12-27 04:45:00,,20190600,121.0,20190300,,20190600
2018-12-27 05:15:00,,20190600,121.015625,20190300,,20190600
2018-12-27 05:30:00,,20190600,121.03125,20190300,,20190600
2018-12-27 05:45:00,,20190600,121.0625,20190300,,20190600
2018-12-27 06:15:00,,20190600,121.046875,20190300,,20190600
2018-12-27 06:30:00,,20190600,121.0625,20190300,,20190600
2018-12-27 06:45:00,,20190600,121.078125,20190300,,20190600
2018-12-27 07:00:00,,20190600,121.140625,20190300,,20190600
2018-12-27 07:15:00,,20190600,121.15625,20190300,,20190600
2018-12-27 07:30:00,,20190600,121.171875,20190300,,20190600
2018-12-27 07:45:00,,20190600,121.203125,20190300,,20190600
2018-12-27 08:00:00,,20190600,121.265625,20190300,,20190600
2018-12-27 08:15:00,,20190600,121.25,20190300,,20190600
2018-12-27 08:30:00,,20190600,121.296875,20190300,,20190600
2018-12-27 08:45:00,,20190600,121.296875,20190300,,20190600
2018-12-27 09:00:00,121.40625,20190600,121.28125,20190300,121.40625,20190600
2018-12-27 09:15:00,121.40625,20190600,121.265625,20190300,121.40625,20190600
2018-12-27 09:30:00,,20190600,121.28125,20190300,,20190600
2018-12-27 09:45:00,,20190600,121.3125,20190300,,20190600
2018-12-27 10:00:00,,20190600,121.296875,20190300,,20190600
2018-12-27 10:15:00,,20190600,121.296875,20190300,,20190600
2018-12-27 10:30:00,,20190600,121.296875,20190300,,20190600
2018-12-27 10:45:00,,20190600,121.28125,20190300,,20190600
2018-12-27 11:00:00,,20190600,121.28125,20190300,,20190600
2018-12-27 11:15:00,,20190600,121.21875,20190300,,20190600
2018-12-27 11:30:00,,20190600,121.25,20190300,,20190600
2018-12-27 11:45:00,,20190600,121.25,20190300,,20190600
2018-12-27 12:00:00,121.375,20190600,121.28125,20190300,121.375,20190600
2018-12-27 12:15:00,,20190600,121.21875,20190300,,20190600
2018-12-27 12:30:00,,20190600,121.234375,20190300,,20190600
2018-12-27 12:45:00,,20190600,121.25,20190300,,20190600
2018-12-27 13:00:00,,20190600,121.265625,20190300,,20190600
2018-12-27 13:15:00,,20190600,121.34375,20190300,,20190600
2018-12-27 13:30:00,,20190600,121.328125,20190300,,20190600
2018-12-27 13:45:00,,20190600,121.34375,20190300,,20190600
2018-12-27 14:00:00,,20190600,121.328125,20190300,,20190600
2018-12-27 14:15:00,,20190600,121.34375,20190300,,20190600
2018-12-27 14:30:00,,20190600,121.359375,20190300,,20190600
2018-12-27 14:45:00,,20190600,121.375,20190300,,20190600
2018-12-27 15:00:00,,20190600,121.40625,20190300,,20190600
2018-12-27 15:15:00,121.46875,20190600,121.40625,20190300,121.46875,20190600
2018-12-27 15:30:00,,20190600,121.390625,20190300,,20190600
2018-12-27 15:45:00,121.46875,20190600,121.421875,20190300,121.46875,20190600
2018-12-27 16:00:00,,20190600,121.421875,20190300,,20190600
2018-12-27 16:15:00,,20190600,121.359375,20190300,,20190600
2018-12-27 16:30:00,,20190600,121.375,20190300,,20190600
2018-12-27 16:45:00,,20190600,121.328125,20190300,,20190600
2018-12-27 17:00:00,,20190600,121.34375,20190300,,20190600
2018-12-27 17:15:00,,20190600,121.375,20190300,,20190600
2018-12-27 17:30:00,,20190600,121.359375,20190300,,20190600
2018-12-27 17:45:00,,20190600,121.359375,20190300,,20190600
2018-12-27 18:00:00,,20190600,121.453125,20190300,,20190600
2018-12-27 18:15:00,,20190600,121.5,20190300,,20190600
2018-12-27 18:30:00,,20190600,121.484375,20190300,,20190600
2018-12-27 18:45:00,,20190600,121.546875,20190300,,20190600
2018-12-27 19:00:00,,20190600,121.546875,20190300,,20190600
2018-12-27 19:15:00,,20190600,121.5625,20190300,,20190600
2018-12-27 19:30:00,,20190600,121.515625,20190300,,20190600
2018-12-27 19:45:00,,20190600,121.546875,20190300,,20190600
2018-12-27 20:00:00,,20190600,121.421875,20190300,,20190600
2018-12-27 20:15:00,121.484375,20190600,121.390625,20190300,121.484375,20190600
2018-12-27 20:30:00,121.4375,20190600,121.296875,20190300,121.4375,20190600
2018-12-27 20:45:00,,20190600,121.25,20190300,,20190600
2018-12-27 21:00:00,,20190600,121.25,20190300,,20190600
2018-12-27 21:15:00,,20190600,121.3125,20190300,,20190600
2018-12-27 21:30:00,,20190600,121.328125,20190300,,20190600
2018-12-27 21:45:00,121.421875,20190600,121.359375,20190300,121.421875,20190600
2018-12-27 23:00:00,121.640625,20190600,121.0625,20190300,121.640625,20190600
2018-12-27 23:15:00,,20190600,121.390625,20190300,,20190600
2018-12-27 23:30:00,,20190600,121.390625,20190300,,20190600
2018-12-27 23:45:00,,20190600,121.375,20190300,,20190600
2018-12-28 00:00:00,,20190600,121.328125,20190300,,20190600
2018-12-28 00:15:00,,20190600,121.3125,20190300,,20190600
2018-12-28 00:30:00,,20190600,121.328125,20190300,,20190600
2018-12-28 00:45:00,,20190600,121.3125,20190300,,20190600
2018-12-28 01:00:00,,20190600,121.328125,20190300,,20190600
2018-12-28 01:15:00,,20190600,121.296875,20190300,,20190600
2018-12-28 01:30:00,121.390625,20190600,121.296875,20190300,121.390625,20190600
2018-12-28 01:45:00,121.375,20190600,121.3125,20190300,121.375,20190600
2018-12-28 02:00:00,121.390625,20190600,121.3125,20190300,121.390625,20190600
2018-12-28 02:15:00,,20190600,121.328125,20190300,,20190600
2018-12-28 02:30:00,,20190600,121.328125,20190300,,20190600
2018-12-28 02:45:00,,20190600,121.3125,20190300,,20190600
2018-12-28 03:00:00,,20190600,121.296875,20190300,,20190600
2018-12-28 03:15:00,,20190600,121.296875,20190300,,20190600
2018-12-28 03:30:00,,20190600,121.296875,20190300,,20190600
2018-12-28 03:45:00,,20190600,121.3125,20190300,,20190600
2018-12-28 04:00:00,,20190600,121.3125,20190300,,20190600
2018-12-28 04:15:00,,20190600,121.3125,20190300,,20190600
2018-12-28 04:30:00,,20190600,121.296875,20190300,,20190600
2018-12-28 04:45:00,,20190600,121.28125,20190300,,20190600
2018-12-28 05:15:00,,20190600,121.28125,20190300,,20190600
2018-12-28 05:30:00,,20190600,121.28125,20190300,,20190600
2018-12-28 05:45:00,,20190600,121.296875,20190300,,20190600
2018-12-28 06:15:00,,20190600,121.296875,20190300,,20190600
2018-12-28 06:30:00,,20190600,121.3125,20190300,,20190600
2018-12-28 06:45:00,,20190600,121.3125,20190300,,20190600
2018-12-28 07:00:00,,20190600,121.3125,20190300,,20190600
2018-12-28 07:15:00,,20190600,121.3125,20190300,,20190600
2018-12-28 07:30:00,,20190600,121.34375,20190300,,20190600
2018-12-28 07:45:00,,20190600,121.328125,20190300,,20190600
2018-12-28 08:00:00,,20190600,121.359375,20190300,,20190600
2018-12-28 08:15:00,,20190600,121.3125,20190300,,20190600
2018-12-28 08:30:00,,20190600,121.296875,20190300,,20190600
2018-12-28 08:45:00,,20190600,121.296875,20190300,,20190600
2018-12-28 09:00:00,,20190600,121.359375,20190300,,20190600
2018-12-28 09:15:00,,20190600,121.390625,20190300,,20190600
2018-12-28 09:30:00,121.546875,20190600,121.40625,20190300,121.546875,20190600
2018-12-28 09:45:00,121.546875,20190600,121.390625,20190300,121.546875,20190600
2018-12-28 10:00:00,,20190600,121.4375,20190300,,20190600
2018-12-28 10:15:00,,20190600,121.40625,20190300,,20190600
2018-12-28 10:30:00,,20190600,121.453125,20190300,,20190600
2018-12-28 10:45:00,,20190600,121.453125,20190300,,20190600
2018-12-28 11:00:00,121.5625,20190600,121.453125,20190300,121.5625,20190600
2018-12-28 11:15:00,,20190600,121.421875,20190300,,20190600
2018-12-28 11:30:00,,20190600,121.40625,20190300,,20190600
2018-12-28 11:45:00,,20190600,121.40625,20190300,,20190600
2018-12-28 12:00:00,,20190600,121.421875,20190300,,20190600
2018-12-28 12:15:00,,20190600,121.421875,20190300,,20190600
2018-12-28 12:30:00,,20190600,121.390625,20190300,,20190600
2018-12-28 12:45:00,,20190600,121.40625,20190300,,20190600
2018-12-28 13:00:00,,20190600,121.40625,20190300,,20190600
2018-12-28 13:15:00,121.53125,20190600,121.421875,20190300,121.53125,20190600
2018-12-28 13:30:00,,20190600,121.46875,20190300,,20190600
2018-12-28 13:45:00,,20190600,121.421875,20190300,,20190600
2018-12-28 14:00:00,,20190600,121.4375,20190300,,20190600
2018-12-28 14:15:00,,20190600,121.40625,20190300,,20190600
2018-12-28 14:30:00,,20190600,121.4375,20190300,,20190600
2018-12-28 14:45:00,,20190600,121.515625,20190300,,20190600
2018-12-28 15:00:00,121.6875,20190600,121.5625,20190300,121.6875,20190600
2018-12-28 15:15:00,,20190600,121.59375,20190300,,20190600
2018-12-28 15:30:00,,20190600,121.609375,20190300,,20190600
2018-12-28 15:45:00,,20190600,121.578125,20190300,,20190600
2018-12-28 16:00:00,,20190600,121.578125,20190300,,20190600
2018-12-28 16:15:00,,20190600,121.578125,20190300,,20190600
2018-12-28 16:30:00,,20190600,121.59375,20190300,,20190600
2018-12-28 16:45:00,,20190600,121.609375,20190300,,20190600
2018-12-28 17:00:00,121.703125,20190600,121.609375,20190300,121.703125,20190600
2018-12-28 17:15:00,121.75,20190600,121.671875,20190300,121.75,20190600
2018-12-28 17:30:00,121.765625,20190600,121.640625,20190300,121.765625,20190600
2018-12-28 17:45:00,,20190600,121.703125,20190300,,20190600
2018-12-28 18:00:00,,20190600,121.671875,20190300,,20190600
2018-12-28 18:15:00,,20190600,121.703125,20190300,,20190600
2018-12-28 18:30:00,121.765625,20190600,121.640625,20190300,121.765625,20190600
2018-12-28 18:45:00,121.765625,20190600,121.640625,20190300,121.765625,20190600
2018-12-28 19:00:00,,20190600,121.609375,20190300,,20190600
2018-12-28 19:15:00,121.75,20190600,121.640625,20190300,121.75,20190600
2018-12-28 19:30:00,,20190600,121.609375,20190300,,20190600
2018-12-28 19:45:00,,20190600,121.625,20190300,,20190600
2018-12-28 20:00:00,121.828125,20190600,121.6875,20190300,121.828125,20190600
2018-12-28 20:15:00,121.875,20190600,121.765625,20190300,121.875,20190600
2018-12-28 20:30:00,121.90625,20190600,121.796875,20190300,121.90625,20190600
2018-12-28 20:45:00,,20190600,121.78125,20190300,,20190600
2018-12-28 21:00:00,,20190600,121.796875,20190300,,20190600
2018-12-28 21:15:00,121.890625,20190600,121.765625,20190300,121.890625,20190600
2018-12-28 21:30:00,,20190600,121.765625,20190300,,20190600
2018-12-28 21:45:00,121.859375,20190600,121.734375,20190300,121.859375,20190600
2018-12-28 23:00:00,121.765625,20190600,121.3125,20190300,121.765625,20190600
2018-12-30 23:00:00,,20190600,121.59375,20190300,,20190600
2018-12-30 23:15:00,,20190600,121.609375,20190300,,20190600
2018-12-30 23:30:00,,20190600,121.59375,20190300,,20190600
2018-12-30 23:45:00,,20190600,121.625,20190300,,20190600
2018-12-31 00:00:00,,20190600,121.609375,20190300,,20190600
2018-12-31 00:15:00,,20190600,121.625,20190300,,20190600
2018-12-31 00:30:00,,20190600,121.59375,20190300,,20190600
2018-12-31 00:45:00,,20190600,121.640625,20190300,,20190600
2018-12-31 01:00:00,,20190600,121.640625,20190300,,20190600
2018-12-31 01:15:00,,20190600,121.640625,20190300,,20190600
2018-12-31 01:30:00,,20190600,121.640625,20190300,,20190600
2018-12-31 01:45:00,,20190600,121.65625,20190300,,20190600
2018-12-31 02:00:00,,20190600,121.640625,20190300,,20190600
2018-12-31 02:15:00,,20190600,121.671875,20190300,,20190600
2018-12-31 02:30:00,,20190600,121.65625,20190300,,20190600
2018-12-31 02:45:00,,20190600,121.6875,20190300,,20190600
2018-12-31 03:00:00,,20190600,121.671875,20190300,,20190600
2018-12-31 03:15:00,,20190600,121.703125,20190300,,20190600
2018-12-31 03:30:00,,20190600,121.703125,20190300,,20190600
2018-12-31 03:45:00,,20190600,121.703125,20190300,,20190600
2018-12-31 04:00:00,,20190600,121.703125,20190300,,20190600
2018-12-31 04:15:00,,20190600,121.703125,20190300,,20190600
2018-12-31 04:30:00,,20190600,121.703125,20190300,,20190600
2018-12-31 04:45:00,,20190600,121.703125,20190300,,20190600
2018-12-31 05:15:00,,20190600,121.703125,20190300,,20190600
2018-12-31 05:30:00,,20190600,121.703125,20190300,,20190600
2018-12-31 05:45:00,,20190600,121.703125,20190300,,20190600
2018-12-31 06:15:00,,20190600,121.6875,20190300,,20190600
2018-12-31 06:30:00,,20190600,121.671875,20190300,,20190600
2018-12-31 06:45:00,,20190600,121.671875,20190300,,20190600
2018-12-31 07:00:00,,20190600,121.671875,20190300,,20190600
2018-12-31 07:15:00,,20190600,121.703125,20190300,,20190600
2018-12-31 07:30:00,,20190600,121.734375,20190300,,20190600
2018-12-31 07:45:00,,20190600,121.734375,20190300,,20190600
2018-12-31 08:00:00,,20190600,121.75,20190300,,20190600
2018-12-31 08:15:00,,20190600,121.75,20190300,,20190600
2018-12-31 08:30:00,,20190600,121.765625,20190300,,20190600
2018-12-31 08:45:00,,20190600,121.78125,20190300,,20190600
2018-12-31 09:00:00,,20190600,121.75,20190300,,20190600
2018-12-31 09:15:00,,20190600,121.703125,20190300,,20190600
2018-12-31 09:30:00,,20190600,121.671875,20190300,,20190600
2018-12-31 09:45:00,,20190600,121.671875,20190300,,20190600
2018-12-31 10:00:00,,20190600,121.65625,20190300,,20190600
2018-12-31 10:15:00,,20190600,121.6875,20190300,,20190600
2018-12-31 10:30:00,,20190600,121.6875,20190300,,20190600
2018-12-31 10:45:00,,20190600,121.671875,20190300,,20190600
2018-12-31 11:00:00,,20190600,121.65625,20190300,,20190600
2018-12-31 11:15:00,,20190600,121.65625,20190300,,20190600
2018-12-31 11:30:00,,20190600,121.65625,20190300,,20190600
2018-12-31 11:45:00,,20190600,121.671875,20190300,,20190600
2018-12-31 12:00:00,,20190600,121.671875,20190300,,20190600
2018-12-31 12:15:00,,20190600,121.671875,20190300,,20190600
2018-12-31 12:30:00,,20190600,121.671875,20190300,,20190600
2018-12-31 12:45:00,,20190600,121.65625,20190300,,20190600
2018-12-31 13:00:00,,20190600,121.65625,20190300,,20190600
2018-12-31 13:15:00,,20190600,121.578125,20190300,,20190600
2018-12-31 13:30:00,,20190600,121.578125,20190300,,20190600
2018-12-31 13:45:00,,20190600,121.609375,20190300,,20190600
2018-12-31 14:00:00,,20190600,121.640625,20190300,,20190600
2018-12-31 14:15:00,,20190600,121.640625,20190300,,20190600
2018-12-31 14:30:00,,20190600,121.65625,20190300,,20190600
2018-12-31 14:45:00,,20190600,121.71875,20190300,,20190600
2018-12-31 15:00:00,,20190600,121.71875,20190300,,20190600
2018-12-31 15:15:00,,20190600,121.71875,20190300,,20190600
2018-12-31 15:30:00,,20190600,121.71875,20190300,,20190600
2018-12-31 15:45:00,,20190600,121.765625,20190300,,20190600
2018-12-31 16:00:00,,20190600,121.8125,20190300,,20190600
2018-12-31 16:15:00,,20190600,121.828125,20190300,,20190600
2018-12-31 16:30:00,,20190600,121.859375,20190300,,20190600
2018-12-31 16:45:00,,20190600,121.859375,20190300,,20190600
2018-12-31 17:00:00,122.0,20190600,121.859375,20190300,122.0,20190600
2018-12-31 17:15:00,,20190600,121.859375,20190300,,20190600
2018-12-31 17:30:00,122.0625,20190600,121.921875,20190300,122.0625,20190600
2018-12-31 17:45:00,122.15625,20190600,121.984375,20190300,122.15625,20190600
2018-12-31 18:00:00,122.171875,20190600,122.0,20190300,122.171875,20190600
2018-12-31 18:15:00,,20190600,121.953125,20190300,,20190600
2018-12-31 18:30:00,,20190600,122.03125,20190300,,20190600
2018-12-31 18:45:00,122.15625,20190600,122.0,20190300,122.15625,20190600
2018-12-31 19:00:00,,20190600,122.03125,20190300,,20190600
2018-12-31 19:15:00,,20190600,122.078125,20190300,,20190600
2018-12-31 19:30:00,,20190600,122.0625,20190300,,20190600
2018-12-31 19:45:00,,20190600,122.078125,20190300,,20190600
2018-12-31 20:00:00,122.25,20190600,122.09375,20190300,122.25,20190600
2018-12-31 20:15:00,,20190600,122.0625,20190300,,20190600
2018-12-31 20:30:00,122.203125,20190600,122.03125,20190300,122.203125,20190600
2018-12-31 20:45:00,,20190600,122.046875,20190300,,20190600
2018-12-31 21:00:00,,20190600,122.015625,20190300,,20190600
2018-12-31 21:15:00,,20190600,121.984375,20190300,,20190600
2018-12-31 21:30:00,,20190600,121.921875,20190300,,20190600
2018-12-31 21:45:00,,20190600,121.890625,20190300,,20190600
2018-12-31 23:00:00,122.15625,20190600,121.703125,20190300,122.15625,20190600
2019-01-01 23:00:00,,20190600,121.890625,20190300,,20190600
2019-01-01 23:15:00,,20190600,121.859375,20190300,,20190600
2019-01-01 23:30:00,,20190600,121.859375,20190300,,20190600
2019-01-01 23:45:00,,20190600,121.875,20190300,,20190600
2019-01-02 00:00:00,,20190600,121.875,20190300,,20190600
2019-01-02 00:15:00,,20190600,121.875,20190300,,20190600
2019-01-02 00:30:00,,20190600,121.875,20190300,,20190600
2019-01-02 00:45:00,,20190600,121.890625,20190300,,20190600
2019-01-02 01:00:00,,20190600,121.875,20190300,,20190600
2019-01-02 01:15:00,,20190600,121.875,20190300,,20190600
2019-01-02 01:30:00,,20190600,121.890625,20190300,,20190600
2019-01-02 01:45:00,,20190600,121.953125,20190300,,20190600
2019-01-02 02:00:00,,20190600,121.96875,20190300,,20190600
2019-01-02 02:15:00,,20190600,122.03125,20190300,,20190600
2019-01-02 02:30:00,,20190600,122.015625,20190300,,20190600
2019-01-02 02:45:00,,20190600,122.0,20190300,,20190600
2019-01-02 03:00:00,,20190600,122.03125,20190300,,20190600
2019-01-02 03:15:00,,20190600,122.0625,20190300,,20190600
2019-01-02 03:30:00,,20190600,122.046875,20190300,,20190600
2019-01-02 03:45:00,,20190600,122.03125,20190300,,20190600
2019-01-02 04:00:00,,20190600,122.09375,20190300,,20190600
2019-01-02 04:15:00,,20190600,122.09375,20190300,,20190600
2019-01-02 04:30:00,,20190600,122.078125,20190300,,20190600
2019-01-02 04:45:00,,20190600,122.046875,20190300,,20190600
2019-01-02 05:15:00,,20190600,122.03125,20190300,,20190600
2019-01-02 05:30:00,,20190600,122.046875,20190300,,20190600
2019-01-02 05:45:00,,20190600,122.0625,20190300,,20190600
2019-01-02 06:15:00,,20190600,122.078125,20190300,,20190600
2019-01-02 06:30:00,,20190600,122.046875,20190300,,20190600
2019-01-02 06:45:00,,20190600,122.0,20190300,,20190600
2019-01-02 07:00:00,,20190600,121.953125,20190300,,20190600
2019-01-02 07:15:00,,20190600,121.9375,20190300,,20190600
2019-01-02 07:30:00,,20190600,121.96875,20190300,,20190600
2019-01-02 07:45:00,,20190600,121.953125,20190300,,20190600
2019-01-02 08:00:00,,20190600,122.078125,20190300,,20190600
2019-01-02 08:15:00,,20190600,122.125,20190300,,20190600
2019-01-02 08:30:00,,20190600,122.203125,20190300,,20190600
2019-01-02 08:45:00,,20190600,122.171875,20190300,,20190600
2019-01-02 09:00:00,,20190600,122.15625,20190300,,20190600
2019-01-02 09:15:00,,20190600,122.171875,20190300,,20190600
2019-01-02 09:30:00,,20190600,122.203125,20190300,,20190600
2019-01-02 09:45:00,,20190600,122.21875,20190300,,20190600
2019-01-02 10:00:00,,20190600,122.1875,20190300,,20190600
2019-01-02 10:15:00,,20190600,122.203125,20190300,,20190600
2019-01-02 10:30:00,,20190600,122.203125,20190300,,20190600
2019-01-02 10:45:00,,20190600,122.25,20190300,,20190600
2019-01-02 11:00:00,,20190600,122.25,20190300,,20190600
2019-01-02 11:15:00,,20190600,122.25,20190300,,20190600
2019-01-02 11:30:00,,20190600,122.3125,20190300,,20190600
2019-01-02 11:45:00,,20190600,122.328125,20190300,,20190600
2019-01-02 12:00:00,,20190600,122.234375,20190300,,20190600
2019-01-02 12:15:00,,20190600,122.25,20190300,,20190600
2019-01-02 12:30:00,,20190600,122.25,20190300,,20190600
2019-01-02 12:45:00,,20190600,122.296875,20190300,,20190600
2019-01-02 13:00:00,,20190600,122.3125,20190300,,20190600
2019-01-02 13:15:00,,20190600,122.296875,20190300,,20190600
2019-01-02 13:30:00,,20190600,122.265625,20190300,,20190600
2019-01-02 13:45:00,122.453125,20190600,122.3125,20190300,122.453125,20190600
2019-01-02 14:00:00,,20190600,122.25,20190300,,20190600
2019-01-02 14:15:00,,20190600,122.203125,20190300,,20190600
2019-01-02 14:30:00,,20190600,122.234375,20190300,,20190600
2019-01-02 14:45:00,,20190600,122.1875,20190300,,20190600
2019-01-02 15:00:00,,20190600,122.15625,20190300,,20190600
2019-01-02 15:15:00,,20190600,122.171875,20190300,,20190600
2019-01-02 15:30:00,,20190600,122.15625,20190300,,20190600
2019-01-02 15:45:00,,20190600,122.125,20190300,,20190600
2019-01-02 16:00:00,,20190600,122.125,20190300,,20190600
2019-01-02 16:15:00,,20190600,122.125,20190300,,20190600
2019-01-02 16:30:00,,20190600,122.125,20190300,,20190600
2019-01-02 16:45:00,,20190600,122.1875,20190300,,20190600
2019-01-02 17:00:00,,20190600,122.15625,20190300,,20190600
2019-01-02 17:15:00,,20190600,122.203125,20190300,,20190600
2019-01-02 17:30:00,,20190600,122.171875,20190300,,20190600
2019-01-02 17:45:00,,20190600,122.15625,20190300,,20190600
2019-01-02 18:00:00,,20190600,122.125,20190300,,20190600
2019-01-02 18:15:00,,20190600,122.140625,20190300,,20190600
2019-01-02 18:30:00,,20190600,122.171875,20190300,,20190600
2019-01-02 18:45:00,,20190600,122.125,20190300,,20190600
2019-01-02 19:00:00,,20190600,122.140625,20190300,,20190600
2019-01-02 19:15:00,122.296875,20190600,122.15625,20190300,122.296875,20190600
2019-01-02 19:30:00,,20190600,122.15625,20190300,,20190600
2019-01-02 19:45:00,122.328125,20190600,122.203125,20190300,122.328125,20190600
2019-01-02 20:00:00,,20190600,122.234375,20190300,,20190600
2019-01-02 20:15:00,122.4375,20190600,122.265625,20190300,122.4375,20190600
2019-01-02 20:30:00,,20190600,122.296875,20190300,,20190600
2019-01-02 20:45:00,,20190600,122.28125,20190300,,20190600
2019-01-02 21:00:00,122.484375,20190600,122.28125,20190300,122.484375,20190600
2019-01-02 21:15:00,,20190600,122.28125,20190300,,20190600
2019-01-02 21:30:00,122.625,20190600,122.421875,20190300,122.625,20190600
2019-01-02 21:45:00,122.734375,20190600,122.5,20190300,122.734375,20190600
2019-01-02 23:00:00,122.875,20190600,122.0625,20190300,122.875,20190600
2019-01-02 23:15:00,,20190600,122.609375,20190300,,20190600
2019-01-02 23:30:00,,20190600,122.671875,20190300,,20190600
2019-01-02 23:45:00,,20190600,122.703125,20190300,,20190600
2019-01-03 00:00:00,,20190600,122.625,20190300,,20190600
2019-01-03 00:15:00,122.84375,20190600,122.59375,20190300,122.84375,20190600
2019-01-03 00:30:00,,20190600,122.578125,20190300,,20190600
2019-01-03 00:45:00,,20190600,122.546875,20190300,,20190600
2019-01-03 01:00:00,,20190600,122.53125,20190300,,20190600
2019-01-03 01:15:00,,20190600,122.578125,20190300,,20190600
2019-01-03 01:30:00,,20190600,122.546875,20190300,,20190600
2019-01-03 01:45:00,122.65625,20190600,122.5,20190300,122.65625,20190600
2019-01-03 02:00:00,,20190600,122.46875,20190300,,20190600
2019-01-03 02:15:00,,20190600,122.484375,20190300,,20190600
2019-01-03 02:30:00,,20190600,122.453125,20190300,,20190600
2019-01-03 02:45:00,,20190600,122.453125,20190300,,20190600
2019-01-03 03:00:00,,20190600,122.484375,20190300,,20190600
2019-01-03 03:15:00,,20190600,122.453125,20190300,,20190600
2019-01-03 03:30:00,,20190600,122.453125,20190300,,20190600
2019-01-03 03:45:00,,20190600,122.46875,20190300,,20190600
2019-01-03 04:00:00,,20190600,122.5,20190300,,20190600
2019-01-03 04:15:00,,20190600,122.5,20190300,,20190600
2019-01-03 04:30:00,122.65625,20190600,122.46875,20190300,122.65625,20190600
2019-01-03 04:45:00,,20190600,122.5,20190300,,20190600
2019-01-03 05:15:00,,20190600,122.546875,20190300,,20190600
2019-01-03 05:30:00,,20190600,122.546875,20190300,,20190600
2019-01-03 05:45:00,,20190600,122.546875,20190300,,20190600
2019-01-03 06:15:00,,20190600,122.5625,20190300,,20190600
2019-01-03 06:30:00,122.796875,20190600,122.59375,20190300,122.796875,20190600
2019-01-03 06:45:00,,20190600,122.5625,20190300,,20190600
2019-01-03 07:00:00,,20190600,122.5,20190300,,20190600
2019-01-03 07:15:00,122.625,20190600,122.46875,20190300,122.625,20190600
2019-01-03 07:30:00,,20190600,122.484375,20190300,,20190600
2019-01-03 07:45:00,,20190600,122.515625,20190300,,20190600
2019-01-03 08:00:00,,20190600,122.46875,20190300,,20190600
2019-01-03 08:15:00,,20190600,122.4375,20190300,,20190600
2019-01-03 08:30:00,,20190600,122.4375,20190300,,20190600
2019-01-03 08:45:00,,20190600,122.4375,20190300,,20190600
2019-01-03 09:00:00,,20190600,122.40625,20190300,,20190600
2019-01-03 09:15:00,,20190600,122.390625,20190300,,20190600
2019-01-03 09:30:00,,20190600,122.390625,20190300,,20190600
2019-01-03 09:45:00,,20190600,122.390625,20190300,,20190600
2019-01-03 10:00:00,,20190600,122.40625,20190300,,20190600
2019-01-03 10:15:00,,20190600,122.40625,20190300,,20190600
2019-01-03 10:30:00,,20190600,122.359375,20190300,,20190600
2019-01-03 10:45:00,,20190600,122.390625,20190300,,20190600
2019-01-03 11:00:00,,20190600,122.375,20190300,,20190600
2019-01-03 11:15:00,,20190600,122.375,20190300,,20190600
2019-01-03 11:30:00,,20190600,122.375,20190300,,20190600
2019-01-03 11:45:00,,20190600,122.375,20190300,,20190600
2019-01-03 12:00:00,,20190600,122.34375,20190300,,20190600
2019-01-03 12:15:00,122.546875,20190600,122.390625,20190300,122.546875,20190600
2019-01-03 12:30:00,,20190600,122.34375,20190300,,20190600
2019-01-03 12:45:00,,20190600,122.34375,20190300,,20190600
2019-01-03 13:00:00,,20190600,122.34375,20190300,,20190600
2019-01-03 13:15:00,,20190600,122.28125,20190300,,20190600
2019-01-03 13:30:00,,20190600,122.34375,20190300,,20190600
2019-01-03 13:45:00,,20190600,122.34375,20190300,,20190600
2019-01-03 14:00:00,,20190600,122.375,20190300,,20190600
2019-01-03 14:15:00,,20190600,122.34375,20190300,,20190600
2019-01-03 14:30:00,122.515625,20190600,122.375,20190300,122.515625,20190600
2019-01-03 14:45:00,,20190600,122.421875,20190300,,20190600
2019-01-03 15:00:00,,20190600,122.65625,20190300,,20190600
2019-01-03 15:15:00,,20190600,122.71875,20190300,,20190600
2019-01-03 15:30:00,123.0,20190600,122.9375,20190300,123.0,20190600
2019-01-03 15:45:00,123.265625,20190600,122.984375,20190300,123.265625,20190600
2019-01-03 16:00:00,123.15625,20190600,122.921875,20190300,123.15625,20190600
2019-01-03 16:15:00,123.15625,20190600,122.984375,20190300,123.15625,20190600
2019-01-03 16:30:00,123.25,20190600,122.859375,20190300,123.25,20190600
2019-01-03 16:45:00,,20190600,122.90625,20190300,,20190600
2019-01-03 17:00:00,,20190600,122.90625,20190300,,20190600
2019-01-03 17:15:00,,20190600,122.921875,20190300,,20190600
2019-01-03 17:30:00,,20190600,122.875,20190300,,20190600
2019-01-03 17:45:00,,20190600,122.875,20190300,,20190600
2019-01-03 18:00:00,,20190600,122.875,20190300,,20190600
2019-01-03 18:15:00,,20190600,122.921875,20190300,,20190600
2019-01-03 18:30:00,,20190600,122.921875,20190300,,20190600
2019-01-03 18:45:00,,20190600,122.984375,20190300,,20190600
2019-01-03 19:00:00,123.203125,20190600,122.96875,20190300,123.203125,20190600
2019-01-03 19:15:00,,20190600,122.96875,20190300,,20190600
2019-01-03 19:30:00,,20190600,123.03125,20190300,,20190600
2019-01-03 19:45:00,123.375,20190600,123.171875,20190300,123.375,20190600
2019-01-03 20:00:00,123.546875,20190600,123.21875,20190300,123.546875,20190600
2019-01-03 20:15:00,,20190600,123.125,20190300,,20190600
2019-01-03 20:30:00,123.328125,20190600,123.09375,20190300,123.328125,20190600
2019-01-03 20:45:00,,20190600,123.140625,20190300,,20190600
2019-01-03 21:00:00,123.375,20190600,123.09375,20190300,123.375,20190600
2019-01-03 21:15:00,123.515625,20190600,123.203125,20190300,123.515625,20190600
2019-01-03 21:30:00,123.421875,20190600,123.203125,20190300,123.421875,20190600
2019-01-03 21:45:00,123.390625,20190600,123.15625,20190300,123.390625,20190600
2019-01-03 23:00:00,123.5,20190600,122.5625,20190300,123.5,20190600
2019-01-03 23:15:00,,20190600,123.078125,20190300,,20190600
2019-01-03 23:30:00,,20190600,123.046875,20190300,,20190600
2019-01-03 23:45:00,,20190600,123.078125,20190300,,20190600
2019-01-04 00:00:00,,20190600,123.140625,20190300,,20190600
2019-01-04 00:15:00,,20190600,123.09375,20190300,,20190600
2019-01-04 00:30:00,,20190600,123.09375,20190300,,20190600
2019-01-04 00:45:00,,20190600,123.140625,20190300,,20190600
2019-01-04 01:00:00,,20190600,123.15625,20190300,,20190600
2019-01-04 01:15:00,,20190600,123.203125,20190300,,20190600
2019-01-04 01:30:00,,20190600,123.171875,20190300,,20190600
2019-01-04 01:45:00,,20190600,123.09375,20190300,,20190600
2019-01-04 02:00:00,,20190600,123.0625,20190300,,20190600
2019-01-04 02:15:00,,20190600,122.984375,20190300,,20190600
2019-01-04 02:30:00,,20190600,122.953125,20190300,,20190600
2019-01-04 02:45:00,123.1875,20190600,122.890625,20190300,123.1875,20190600
2019-01-04 03:00:00,,20190600,122.921875,20190300,,20190600
2019-01-04 03:15:00,,20190600,122.890625,20190300,,20190600
2019-01-04 03:30:00,,20190600,122.875,20190300,,20190600
2019-01-04 03:45:00,,20190600,122.890625,20190300,,20190600
2019-01-04 04:00:00,,20190600,122.90625,20190300,,20190600
2019-01-04 04:15:00,,20190600,122.90625,20190300,,20190600
2019-01-04 04:30:00,,20190600,122.921875,20190300,,20190600
2019-01-04 04:45:00,,20190600,122.921875,20190300,,20190600
2019-01-04 05:15:00,,20190600,122.90625,20190300,,20190600
2019-01-04 05:30:00,,20190600,122.890625,20190300,,20190600
2019-01-04 05:45:00,,20190600,122.875,20190300,,20190600
2019-01-04 06:15:00,,20190600,122.90625,20190300,,20190600
2019-01-04 06:30:00,,20190600,122.90625,20190300,,20190600
2019-01-04 06:45:00,,20190600,122.90625,20190300,,20190600
2019-01-04 07:00:00,123.125,20190600,122.90625,20190300,123.125,20190600
2019-01-04 07:15:00,,20190600,122.953125,20190300,,20190600
2019-01-04 07:30:00,,20190600,122.96875,20190300,,20190600
2019-01-04 07:45:00,,20190600,122.890625,20190300,,20190600
2019-01-04 08:00:00,,20190600,122.875,20190300,,20190600
2019-01-04 08:15:00,,20190600,122.84375,20190300,,20190600
2019-01-04 08:30:00,123.125,20190600,122.8125,20190300,123.125,20190600
2019-01-04 08:45:00,,20190600,122.796875,20190300,,20190600
2019-01-04 09:00:00,,20190600,122.796875,20190300,,20190600
2019-01-04 09:15:00,,20190600,122.734375,20190300,,20190600
2019-01-04 09:30:00,,20190600,122.734375,20190300,,20190600
2019-01-04 09:45:00,123.046875,20190600,122.703125,20190300,123.046875,20190600
2019-01-04 10:00:00,,20190600,122.703125,20190300,,20190600
2019-01-04 10:15:00,,20190600,122.734375,20190300,,20190600
2019-01-04 10:30:00,,20190600,122.71875,20190300,,20190600
2019-01-04 10:45:00,,20190600,122.734375,20190300,,20190600
2019-01-04 11:00:00,,20190600,122.6875,20190300,,20190600
2019-01-04 11:15:00,,20190600,122.734375,20190300,,20190600
2019-01-04 11:30:00,,20190600,122.703125,20190300,,20190600
2019-01-04 11:45:00,,20190600,122.71875,20190300,,20190600
2019-01-04 12:00:00,,20190600,122.71875,20190300,,20190600
2019-01-04 12:15:00,,20190600,122.703125,20190300,,20190600
2019-01-04 12:30:00,,20190600,122.71875,20190300,,20190600
2019-01-04 12:45:00,122.96875,20190600,122.703125,20190300,122.96875,20190600
2019-01-04 13:00:00,,20190600,122.765625,20190300,,20190600
2019-01-04 13:15:00,,20190600,122.765625,20190300,,20190600
2019-01-04 13:30:00,122.84375,20190600,122.53125,20190300,122.84375,20190600
2019-01-04 13:45:00,,20190600,122.578125,20190300,,20190600
2019-01-04 14:00:00,122.796875,20190600,122.5,20190300,122.796875,20190600
2019-01-04 14:15:00,,20190600,122.40625,20190300,,20190600
2019-01-04 14:30:00,,20190600,122.421875,20190300,,20190600
2019-01-04 14:45:00,,20190600,122.359375,20190300,,20190600
2019-01-04 15:00:00,,20190600,122.46875,20190300,,20190600
2019-01-04 15:15:00,,20190600,122.265625,20190300,,20190600
2019-01-04 15:30:00,,20190600,122.34375,20190300,,20190600
2019-01-04 15:45:00,,20190600,122.25,20190300,,20190600
2019-01-04 16:00:00,,20190600,122.25,20190300,,20190600
2019-01-04 16:15:00,122.578125,20190600,122.375,20190300,122.578125,20190600
2019-01-04 16:30:00,,20190600,122.375,20190300,,20190600
2019-01-04 16:45:00,,20190600,122.359375,20190300,,20190600
2019-01-04 17:00:00,,20190600,122.34375,20190300,,20190600
2019-01-04 17:15:00,,20190600,122.296875,20190300,,20190600
2019-01-04 17:30:00,,20190600,122.21875,20190300,,20190600
2019-01-04 17:45:00,,20190600,122.21875,20190300,,20190600
2019-01-04 18:00:00,,20190600,122.1875,20190300,,20190600
2019-01-04 18:15:00,,20190600,122.234375,20190300,,20190600
2019-01-04 18:30:00,,20190600,122.3125,20190300,,20190600
2019-01-04 18:45:00,,20190600,122.265625,20190300,,20190600
2019-01-04 19:00:00,,20190600,122.296875,20190300,,20190600
2019-01-04 19:15:00,,20190600,122.3125,20190300,,20190600
2019-01-04 19:30:00,122.53125,20190600,122.265625,20190300,122.53125,20190600
2019-01-04 19:45:00,,20190600,122.3125,20190300,,20190600
2019-01-04 20:00:00,,20190600,122.265625,20190300,,20190600
2019-01-04 20:15:00,,20190600,122.25,20190300,,20190600
2019-01-04 20:30:00,,20190600,122.234375,20190300,,20190600
2019-01-04 20:45:00,,20190600,122.265625,20190300,,20190600
2019-01-04 21:00:00,,20190600,122.25,20190300,,20190600
2019-01-04 21:15:00,,20190600,122.234375,20190300,,20190600
2019-01-04 21:30:00,122.484375,20190600,122.203125,20190300,122.484375,20190600
2019-01-04 21:45:00,122.421875,20190600,122.1875,20190300,122.421875,20190600
2019-01-04 23:00:00,122.5625,20190600,122.890625,20190300,122.5625,20190600
2019-01-06 23:00:00,,20190600,122.1875,20190300,,20190600
2019-01-06 23:15:00,122.46875,20190600,122.203125,20190300,122.46875,20190600
2019-01-06 23:30:00,,20190600,122.203125,20190300,,20190600
2019-01-06 23:45:00,,20190600,122.203125,20190300,,20190600
2019-01-07 00:00:00,,20190600,122.15625,20190300,,20190600
2019-01-07 00:15:00,,20190600,122.109375,20190300,,20190600
2019-01-07 00:30:00,,20190600,122.140625,20190300,,20190600
2019-01-07 00:45:00,,20190600,122.15625,20190300,,20190600
2019-01-07 01:00:00,,20190600,122.21875,20190300,,20190600
2019-01-07 01:15:00,,20190600,122.1875,20190300,,20190600
2019-01-07 01:30:00,,20190600,122.203125,20190300,,20190600
2019-01-07 01:45:00,,20190600,122.203125,20190300,,20190600
2019-01-07 02:00:00,,20190600,122.21875,20190300,,20190600
2019-01-07 02:15:00,,20190600,122.234375,20190300,,20190600
2019-01-07 02:30:00,,20190600,122.21875,20190300,,20190600
2019-01-07 02:45:00,,20190600,122.203125,20190300,,20190600
2019-01-07 03:00:00,,20190600,122.203125,20190300,,20190600
2019-01-07 03:15:00,,20190600,122.21875,20190300,,20190600
2019-01-07 03:30:00,,20190600,122.203125,20190300,,20190600
2019-01-07 03:45:00,,20190600,122.203125,20190300,,20190600
2019-01-07 04:00:00,,20190600,122.21875,20190300,,20190600
2019-01-07 04:15:00,,20190600,122.21875,20190300,,20190600
2019-01-07 04:30:00,,20190600,122.203125,20190300,,20190600
2019-01-07 04:45:00,,20190600,122.1875,20190300,,20190600
2019-01-07 05:15:00,,20190600,122.203125,20190300,,20190600
2019-01-07 05:30:00,,20190600,122.21875,20190300,,20190600
2019-01-07 05:45:00,,20190600,122.25,20190300,,20190600
2019-01-07 06:15:00,122.515625,20190600,122.234375,20190300,122.515625,20190600
2019-01-07 06:30:00,,20190600,122.234375,20190300,,20190600
2019-01-07 06:45:00,,20190600,122.234375,20190300,,20190600
2019-01-07 07:00:00,,20190600,122.25,20190300,,20190600
2019-01-07 07:15:00,,20190600,122.265625,20190300,,20190600
2019-01-07 07:30:00,,20190600,122.265625,20190300,,20190600
2019-01-07 07:45:00,,20190600,122.25,20190300,,20190600
2019-01-07 08:00:00,,20190600,122.296875,20190300,,20190600
2019-01-07 08:15:00,,20190600,122.3125,20190300,,20190600
2019-01-07 08:30:00,,20190600,122.28125,20190300,,20190600
2019-01-07 08:45:00,,20190600,122.34375,20190300,,20190600
2019-01-07 09:00:00,,20190600,122.296875,20190300,,20190600
2019-01-07 09:15:00,,20190600,122.375,20190300,,20190600
2019-01-07 09:30:00,122.65625,20190600,122.40625,20190300,122.65625,20190600
2019-01-07 09:45:00,,20190600,122.390625,20190300,,20190600
2019-01-07 10:00:00,122.734375,20190600,122.359375,20190300,122.734375,20190600
2019-01-07 10:15:00,122.6875,20190600,122.296875,20190300,122.6875,20190600
2019-01-07 10:30:00,,20190600,122.3125,20190300,,20190600
2019-01-07 10:45:00,,20190600,122.3125,20190300,,20190600
2019-01-07 11:00:00,122.71875,20190600,122.328125,20190300,122.71875,20190600
2019-01-07 11:15:00,,20190600,122.34375,20190300,,20190600
2019-01-07 11:30:00,,20190600,122.359375,20190300,,20190600
2019-01-07 11:45:00,,20190600,122.3125,20190300,,20190600
2019-01-07 12:00:00,,20190600,122.34375,20190300,,20190600
2019-01-07 12:15:00,,20190600,122.375,20190300,,20190600
2019-01-07 12:30:00,,20190600,122.421875,20190300,,20190600
2019-01-07 12:45:00,,20190600,122.453125,20190300,,20190600
2019-01-07 13:00:00,,20190600,122.453125,20190300,,20190600
2019-01-07 13:15:00,122.75,20190600,122.40625,20190300,122.75,20190600
2019-01-07 13:30:00,,20190600,122.421875,20190300,,20190600
2019-01-07 13:45:00,122.703125,20190600,122.421875,20190300,122.703125,20190600
2019-01-07 14:00:00,,20190600,122.359375,20190300,,20190600
2019-01-07 14:15:00,122.65625,20190600,122.390625,20190300,122.65625,20190600
2019-01-07 14:30:00,,20190600,122.375,20190300,,20190600
2019-01-07 14:45:00,,20190600,122.4375,20190300,,20190600
2019-01-07 15:00:00,,20190600,122.28125,20190300,,20190600
2019-01-07 15:15:00,,20190600,122.234375,20190300,,20190600
2019-01-07 15:30:00,,20190600,122.21875,20190300,,20190600
2019-01-07 15:45:00,,20190600,122.25,20190300,,20190600
2019-01-07 16:00:00,,20190600,122.203125,20190300,,20190600
2019-01-07 16:15:00,,20190600,122.15625,20190300,,20190600
2019-01-07 16:30:00,122.421875,20190600,122.09375,20190300,122.421875,20190600
2019-01-07 16:45:00,122.3125,20190600,122.0625,20190300,122.3125,20190600
2019-01-07 17:00:00,122.34375,20190600,122.0625,20190300,122.34375,20190600
2019-01-07 17:15:00,,20190600,122.0625,20190300,,20190600
2019-01-07 17:30:00,,20190600,122.109375,20190300,,20190600
2019-01-07 17:45:00,,20190600,122.09375,20190300,,20190600
2019-01-07 18:00:00,,20190600,122.0625,20190300,,20190600
2019-01-07 18:15:00,,20190600,122.03125,20190300,,20190600
2019-01-07 18:30:00,,20190600,122.046875,20190300,,20190600
2019-01-07 18:45:00,122.390625,20190600,122.09375,20190300,122.390625,20190600
2019-01-07 19:00:00,122.359375,20190600,122.078125,20190300,122.359375,20190600
2019-01-07 19:15:00,,20190600,122.09375,20190300,,20190600
2019-01-07 19:30:00,,20190600,122.09375,20190300,,20190600
2019-01-07 19:45:00,,20190600,122.0625,20190300,,20190600
2019-01-07 20:00:00,,20190600,121.984375,20190300,,20190600
2019-01-07 20:15:00,,20190600,121.9375,20190300,,20190600
2019-01-07 20:30:00,,20190600,121.953125,20190300,,20190600
2019-01-07 20:45:00,122.21875,20190600,121.953125,20190300,122.21875,20190600
2019-01-07 21:00:00,,20190600,121.984375,20190300,,20190600
2019-01-07 21:15:00,,20190600,121.953125,20190300,,20190600
2019-01-07 21:30:00,,20190600,121.9375,20190300,,20190600
2019-01-07 21:45:00,122.234375,20190600,121.9375,20190300,122.234375,20190600
2019-01-07 23:00:00,122.21875,20190600,122.25,20190300,122.21875,20190600
2019-01-07 23:15:00,,20190600,121.96875,20190300,,20190600
2019-01-07 23:30:00,,20190600,121.984375,20190300,,20190600
2019-01-07 23:45:00,,20190600,121.984375,20190300,,20190600
2019-01-08 00:00:00,,20190600,121.9375,20190300,,20190600
2019-01-08 00:15:00,,20190600,121.953125,20190300,,20190600
2019-01-08 00:30:00,,20190600,121.96875,20190300,,20190600
2019-01-08 00:45:00,,20190600,121.953125,20190300,,20190600
2019-01-08 01:00:00,,20190600,122.015625,20190300,,20190600
2019-01-08 01:15:00,,20190600,121.984375,20190300,,20190600
2019-01-08 01:30:00,,20190600,122.0,20190300,,20190600
2019-01-08 01:45:00,,20190600,122.015625,20190300,,20190600
2019-01-08 02:00:00,,20190600,122.0,20190300,,20190600
2019-01-08 02:15:00,,20190600,122.0,20190300,,20190600
2019-01-08 02:30:00,,20190600,121.921875,20190300,,20190600
2019-01-08 02:45:00,,20190600,121.953125,20190300,,20190600
2019-01-08 03:00:00,122.265625,20190600,121.953125,20190300,122.265625,20190600
2019-01-08 03:15:00,,20190600,121.984375,20190300,,20190600
2019-01-08 03:30:00,,20190600,121.984375,20190300,,20190600
2019-01-08 03:45:00,,20190600,121.96875,20190300,,20190600
2019-01-08 04:00:00,,20190600,121.984375,20190300,,20190600
2019-01-08 04:15:00,,20190600,121.984375,20190300,,20190600
2019-01-08 04:30:00,,20190600,122.0,20190300,,20190600
2019-01-08 04:45:00,,20190600,121.96875,20190300,,20190600
2019-01-08 05:15:00,,20190600,122.015625,20190300,,20190600
2019-01-08 05:30:00,,20190600,122.03125,20190300,,20190600
2019-01-08 05:45:00,,20190600,122.015625,20190300,,20190600
2019-01-08 06:15:00,,20190600,122.03125,20190300,,20190600
2019-01-08 06:30:00,,20190600,122.03125,20190300,,20190600
2019-01-08 06:45:00,,20190600,122.015625,20190300,,20190600
2019-01-08 07:00:00,,20190600,122.0,20190300,,20190600
2019-01-08 07:15:00,,20190600,121.9375,20190300,,20190600
2019-01-08 07:30:00,,20190600,121.9375,20190300,,20190600
2019-01-08 07:45:00,,20190600,121.96875,20190300,,20190600
2019-01-08 08:00:00,,20190600,121.9375,20190300,,20190600
2019-01-08 08:15:00,,20190600,121.9375,20190300,,20190600
2019-01-08 08:30:00,,20190600,121.921875,20190300,,20190600
2019-01-08 08:45:00,,20190600,121.890625,20190300,,20190600
2019-01-08 09:00:00,,20190600,121.90625,20190300,,20190600
2019-01-08 09:15:00,,20190600,121.875,20190300,,20190600
2019-01-08 09:30:00,,20190600,121.890625,20190300,,20190600
2019-01-08 09:45:00,,20190600,121.921875,20190300,,20190600
2019-01-08 10:00:00,,20190600,121.921875,20190300,,20190600
2019-01-08 10:15:00,,20190600,121.953125,20190300,,20190600
2019-01-08 10:30:00,,20190600,121.890625,20190300,,20190600
2019-01-08 10:45:00,,20190600,121.953125,20190300,,20190600
2019-01-08 11:00:00,,20190600,121.9375,20190300,,20190600
2019-01-08 11:15:00,,20190600,121.9375,20190300,,20190600
2019-01-08 11:30:00,,20190600,121.90625,20190300,,20190600
2019-01-08 11:45:00,,20190600,121.890625,20190300,,20190600
2019-01-08 12:00:00,,20190600,121.90625,20190300,,20190600
2019-01-08 12:15:00,,20190600,121.90625,20190300,,20190600
2019-01-08 12:30:00,,20190600,121.9375,20190300,,20190600
2019-01-08 12:45:00,,20190600,121.90625,20190300,,20190600
2019-01-08 13:00:00,,20190600,121.90625,20190300,,20190600
2019-01-08 13:15:00,,20190600,121.859375,20190300,,20190600
2019-01-08 13:30:00,,20190600,121.875,20190300,,20190600
2019-01-08 13:45:00,,20190600,121.84375,20190300,,20190600
2019-01-08 14:00:00,,20190600,121.84375,20190300,,20190600
2019-01-08 14:15:00,,20190600,121.8125,20190300,,20190600
2019-01-08 14:30:00,,20190600,121.765625,20190300,,20190600
2019-01-08 14:45:00,122.03125,20190600,121.828125,20190300,122.03125,20190600
2019-01-08 15:00:00,,20190600,121.859375,20190300,,20190600
2019-01-08 15:15:00,,20190600,121.875,20190300,,20190600
2019-01-08 15:30:00,,20190600,121.90625,20190300,,20190600
2019-01-08 15:45:00,,20190600,121.90625,20190300,,20190600
2019-01-08 16:00:00,,20190600,121.90625,20190300,,20190600
2019-01-08 16:15:00,,20190600,121.84375,20190300,,20190600
2019-01-08 16:30:00,,20190600,121.890625,20190300,,20190600
2019-01-08 16:45:00,,20190600,121.828125,20190300,,20190600
2019-01-08 17:00:00,,20190600,121.828125,20190300,,20190600
2019-01-08 17:15:00,,20190600,121.828125,20190300,,20190600
2019-01-08 17:30:00,,20190600,121.828125,20190300,,20190600
2019-01-08 17:45:00,,20190600,121.796875,20190300,,20190600
2019-01-08 18:00:00,,20190600,121.78125,20190300,,20190600
2019-01-08 18:15:00,,20190600,121.796875,20190300,,20190600
2019-01-08 18:30:00,,20190600,121.828125,20190300,,20190600
2019-01-08 18:45:00,,20190600,121.765625,20190300,,20190600
2019-01-08 19:00:00,,20190600,121.796875,20190300,,20190600
2019-01-08 19:15:00,,20190600,121.796875,20190300,,20190600
2019-01-08 19:30:00,,20190600,121.75,20190300,,20190600
2019-01-08 19:45:00,122.0,20190600,121.75,20190300,122.0,20190600
2019-01-08 20:00:00,,20190600,121.65625,20190300,,20190600
2019-01-08 20:15:00,,20190600,121.671875,20190300,,20190600
2019-01-08 20:30:00,,20190600,121.6875,20190300,,20190600
2019-01-08 20:45:00,,20190600,121.65625,20190300,,20190600
2019-01-08 21:00:00,,20190600,121.640625,20190300,,20190600
2019-01-08 21:15:00,,20190600,121.640625,20190300,,20190600
2019-01-08 21:30:00,,20190600,121.640625,20190300,,20190600
2019-01-08 21:45:00,,20190600,121.640625,20190300,,20190600
2019-01-08 23:00:00,122.0,20190600,122.03125,20190300,122.0,20190600
2019-01-08 23:15:00,,20190600,121.65625,20190300,,20190600
2019-01-08 23:30:00,,20190600,121.671875,20190300,,20190600
2019-01-08 23:45:00,,20190600,121.609375,20190300,,20190600
2019-01-09 00:00:00,,20190600,121.625,20190300,,20190600
2019-01-09 00:15:00,,20190600,121.640625,20190300,,20190600
2019-01-09 00:30:00,,20190600,121.671875,20190300,,20190600
2019-01-09 00:45:00,,20190600,121.6875,20190300,,20190600
2019-01-09 01:00:00,,20190600,121.6875,20190300,,20190600
2019-01-09 01:15:00,,20190600,121.640625,20190300,,20190600
2019-01-09 01:30:00,,20190600,121.625,20190300,,20190600
2019-01-09 01:45:00,,20190600,121.59375,20190300,,20190600
2019-01-09 02:00:00,,20190600,121.59375,20190300,,20190600
2019-01-09 02:15:00,,20190600,121.625,20190300,,20190600
2019-01-09 02:30:00,,20190600,121.640625,20190300,,20190600
2019-01-09 02:45:00,,20190600,121.671875,20190300,,20190600
2019-01-09 03:00:00,,20190600,121.703125,20190300,,20190600
2019-01-09 03:15:00,,20190600,121.6875,20190300,,20190600
2019-01-09 03:30:00,,20190600,121.671875,20190300,,20190600
2019-01-09 03:45:00,,20190600,121.65625,20190300,,20190600
2019-01-09 04:00:00,,20190600,121.671875,20190300,,20190600
2019-01-09 04:15:00,,20190600,121.671875,20190300,,20190600
2019-01-09 04:30:00,,20190600,121.671875,20190300,,20190600
2019-01-09 04:45:00,,20190600,121.6875,20190300,,20190600
2019-01-09 05:15:00,,20190600,121.6875,20190300,,20190600
2019-01-09 05:30:00,,20190600,121.6875,20190300,,20190600
2019-01-09 05:45:00,,20190600,121.71875,20190300,,20190600
2019-01-09 06:15:00,,20190600,121.71875,20190300,,20190600
2019-01-09 06:30:00,,20190600,121.71875,20190300,,20190600
2019-01-09 06:45:00,,20190600,121.734375,20190300,,20190600
2019-01-09 07:00:00,,20190600,121.65625,20190300,,20190600
2019-01-09 07:15:00,,20190600,121.640625,20190300,,20190600
2019-01-09 07:30:00,,20190600,121.6875,20190300,,20190600
2019-01-09 07:45:00,,20190600,121.671875,20190300,,20190600
2019-01-09 08:00:00,,20190600,121.671875,20190300,,20190600
2019-01-09 08:15:00,,20190600,121.6875,20190300,,20190600
2019-01-09 08:30:00,,20190600,121.671875,20190300,,20190600
2019-01-09 08:45:00,,20190600,121.671875,20190300,,20190600
2019-01-09 09:00:00,,20190600,121.59375,20190300,,20190600
2019-01-09 09:15:00,,20190600,121.578125,20190300,,20190600
2019-01-09 09:30:00,,20190600,121.546875,20190300,,20190600
2019-01-09 09:45:00,,20190600,121.5625,20190300,,20190600
2019-01-09 10:00:00,,20190600,121.578125,20190300,,20190600
2019-01-09 10:15:00,,20190600,121.578125,20190300,,20190600
2019-01-09 10:30:00,,20190600,121.578125,20190300,,20190600
2019-01-09 10:45:00,,20190600,121.59375,20190300,,20190600
2019-01-09 11:00:00,,20190600,121.609375,20190300,,20190600
2019-01-09 11:15:00,,20190600,121.59375,20190300,,20190600
2019-01-09 11:30:00,,20190600,121.59375,20190300,,20190600
2019-01-09 11:45:00,121.796875,20190600,121.53125,20190300,121.796875,20190600
2019-01-09 12:00:00,,20190600,121.578125,20190300,,20190600
2019-01-09 12:15:00,,20190600,121.578125,20190300,,20190600
2019-01-09 12:30:00,,20190600,121.59375,20190300,,20190600
2019-01-09 12:45:00,,20190600,121.59375,20190300,,20190600
2019-01-09 13:00:00,,20190600,121.53125,20190300,,20190600
2019-01-09 13:15:00,,20190600,121.53125,20190300,,20190600
2019-01-09 13:30:00,,20190600,121.578125,20190300,,20190600
2019-01-09 13:45:00,,20190600,121.578125,20190300,,20190600
2019-01-09 14:00:00,,20190600,121.625,20190300,,20190600
2019-01-09 14:15:00,,20190600,121.65625,20190300,,20190600
2019-01-09 14:30:00,,20190600,121.65625,20190300,,20190600
2019-01-09 14:45:00,121.90625,20190600,121.640625,20190300,121.90625,20190600
2019-01-09 15:00:00,,20190600,121.671875,20190300,,20190600
2019-01-09 15:15:00,121.96875,20190600,121.71875,20190300,121.96875,20190600
2019-01-09 15:30:00,122.0625,20190600,121.8125,20190300,122.0625,20190600
2019-01-09 15:45:00,122.03125,20190600,121.765625,20190300,122.03125,20190600
2019-01-09 16:00:00,121.9375,20190600,121.671875,20190300,121.9375,20190600
2019-01-09 16:15:00,121.9375,20190600,121.6875,20190300,121.9375,20190600
2019-01-09 16:30:00,121.9375,20190600,121.6875,20190300,121.9375,20190600
2019-01-09 16:45:00,121.90625,20190600,121.625,20190300,121.90625,20190600
2019-01-09 17:00:00,121.859375,20190600,121.65625,20190300,121.859375,20190600
2019-01-09 17:15:00,121.890625,20190600,121.65625,20190300,121.890625,20190600
2019-01-09 17:30:00,,20190600,121.65625,20190300,,20190600
2019-01-09 17:45:00,121.890625,20190600,121.65625,20190300,121.890625,20190600
2019-01-09 18:00:00,,20190600,121.703125,20190300,,20190600
2019-01-09 18:15:00,122.0,20190600,121.75,20190300,122.0,20190600
2019-01-09 18:30:00,,20190600,121.75,20190300,,20190600
2019-01-09 18:45:00,122.015625,20190600,121.75,20190300,122.015625,20190600
2019-01-09 19:00:00,122.015625,20190600,121.734375,20190300,122.015625,20190600
2019-01-09 19:15:00,122.09375,20190600,121.8125,20190300,122.09375,20190600
2019-01-09 19:30:00,122.015625,20190600,121.71875,20190300,122.015625,20190600
2019-01-09 19:45:00,121.9375,20190600,121.703125,20190300,121.9375,20190600
2019-01-09 20:00:00,121.90625,20190600,121.65625,20190300,121.90625,20190600
2019-01-09 20:15:00,,20190600,121.640625,20190300,,20190600
2019-01-09 20:30:00,,20190600,121.71875,20190300,,20190600
2019-01-09 20:45:00,121.984375,20190600,121.734375,20190300,121.984375,20190600
2019-01-09 21:00:00,122.0,20190600,121.8125,20190300,122.0,20190600
2019-01-09 21:15:00,122.046875,20190600,121.78125,20190300,122.046875,20190600
2019-01-09 21:30:00,,20190600,121.796875,20190300,,20190600
2019-01-09 21:45:00,122.03125,20190600,121.796875,20190300,122.03125,20190600
2019-01-09 23:00:00,122.0,20190600,121.734375,20190300,122.0,20190600
2019-01-09 23:15:00,,20190600,121.796875,20190300,,20190600
2019-01-09 23:30:00,,20190600,121.796875,20190300,,20190600
2019-01-09 23:45:00,,20190600,121.796875,20190300,,20190600
2019-01-10 00:00:00,,20190600,121.84375,20190300,,20190600
2019-01-10 00:15:00,,20190600,121.921875,20190300,,20190600
2019-01-10 00:30:00,,20190600,121.890625,20190300,,20190600
2019-01-10 00:45:00,,20190600,121.953125,20190300,,20190600
2019-01-10 01:00:00,,20190600,122.015625,20190300,,20190600
2019-01-10 01:15:00,,20190600,122.015625,20190300,,20190600
2019-01-10 01:30:00,,20190600,122.03125,20190300,,20190600
2019-01-10 01:45:00,,20190600,121.984375,20190300,,20190600
2019-01-10 02:00:00,,20190600,122.03125,20190300,,20190600
2019-01-10 02:15:00,,20190600,122.015625,20190300,,20190600
2019-01-10 02:30:00,,20190600,121.96875,20190300,,20190600
2019-01-10 02:45:00,,20190600,121.953125,20190300,,20190600
2019-01-10 03:00:00,,20190600,121.953125,20190300,,20190600
2019-01-10 03:15:00,,20190600,121.953125,20190300,,20190600
2019-01-10 03:30:00,,20190600,121.953125,20190300,,20190600
2019-01-10 03:45:00,,20190600,121.953125,20190300,,20190600
2019-01-10 04:00:00,,20190600,121.9375,20190300,,20190600
2019-01-10 04:15:00,,20190600,121.9375,20190300,,20190600
2019-01-10 04:30:00,,20190600,121.921875,20190300,,20190600
2019-01-10 04:45:00,,20190600,121.890625,20190300,,20190600
2019-01-10 05:15:00,,20190600,121.921875,20190300,,20190600
2019-01-10 05:30:00,,20190600,121.921875,20190300,,20190600
2019-01-10 05:45:00,,20190600,121.9375,20190300,,20190600
2019-01-10 06:15:00,,20190600,121.921875,20190300,,20190600
2019-01-10 06:30:00,122.25,20190600,122.0,20190300,122.25,20190600
2019-01-10 06:45:00,,20190600,122.015625,20190300,,20190600
2019-01-10 07:00:00,,20190600,122.015625,20190300,,20190600
2019-01-10 07:15:00,,20190600,121.984375,20190300,,20190600
2019-01-10 07:30:00,,20190600,121.984375,20190300,,20190600
2019-01-10 07:45:00,,20190600,122.046875,20190300,,20190600
2019-01-10 08:00:00,,20190600,122.03125,20190300,,20190600
2019-01-10 08:15:00,,20190600,121.984375,20190300,,20190600
2019-01-10 08:30:00,,20190600,121.984375,20190300,,20190600
2019-01-10 08:45:00,,20190600,121.953125,20190300,,20190600
2019-01-10 09:00:00,,20190600,121.953125,20190300,,20190600
2019-01-10 09:15:00,,20190600,121.953125,20190300,,20190600
2019-01-10 09:30:00,,20190600,121.953125,20190300,,20190600
2019-01-10 09:45:00,,20190600,121.921875,20190300,,20190600
2019-01-10 10:00:00,,20190600,121.890625,20190300,,20190600
2019-01-10 10:15:00,,20190600,121.890625,20190300,,20190600
2019-01-10 10:30:00,,20190600,121.90625,20190300,,20190600
2019-01-10 10:45:00,,20190600,121.9375,20190300,,20190600
2019-01-10 11:00:00,,20190600,121.921875,20190300,,20190600
2019-01-10 11:15:00,,20190600,121.921875,20190300,,20190600
2019-01-10 11:30:00,,20190600,121.953125,20190300,,20190600
2019-01-10 11:45:00,122.21875,20190600,121.953125,20190300,122.21875,20190600
2019-01-10 12:00:00,,20190600,121.9375,20190300,,20190600
2019-01-10 12:15:00,,20190600,121.890625,20190300,,20190600
2019-01-10 12:30:00,,20190600,121.90625,20190300,,20190600
2019-01-10 12:45:00,,20190600,121.9375,20190300,,20190600
2019-01-10 13:00:00,,20190600,121.890625,20190300,,20190600
2019-01-10 13:15:00,,20190600,121.859375,20190300,,20190600
2019-01-10 13:30:00,,20190600,121.875,20190300,,20190600
2019-01-10 13:45:00,122.078125,20190600,121.84375,20190300,122.078125,20190600
2019-01-10 14:00:00,,20190600,121.875,20190300,,20190600
2019-01-10 14:15:00,,20190600,121.875,20190300,,20190600
2019-01-10 14:30:00,,20190600,121.90625,20190300,,20190600
2019-01-10 14:45:00,122.203125,20190600,121.90625,20190300,122.203125,20190600
2019-01-10 15:00:00,,20190600,121.84375,20190300,,20190600
2019-01-10 15:15:00,122.046875,20190600,121.8125,20190300,122.046875,20190600
2019-01-10 15:30:00,122.078125,20190600,121.828125,20190300,122.078125,20190600
2019-01-10 15:45:00,,20190600,121.796875,20190300,,20190600
2019-01-10 16:00:00,122.03125,20190600,121.75,20190300,122.03125,20190600
2019-01-10 16:15:00,,20190600,121.796875,20190300,,20190600
2019-01-10 16:30:00,,20190600,121.796875,20190300,,20190600
2019-01-10 16:45:00,,20190600,121.78125,20190300,,20190600
2019-01-10 17:00:00,122.078125,20190600,121.828125,20190300,122.078125,20190600
2019-01-10 17:15:00,,20190600,121.8125,20190300,,20190600
2019-01-10 17:30:00,,20190600,121.8125,20190300,,20190600
2019-01-10 17:45:00,122.015625,20190600,121.765625,20190300,122.015625,20190600
2019-01-10 18:00:00,122.0,20190600,121.765625,20190300,122.0,20190600
2019-01-10 18:15:00,,20190600,121.765625,20190300,,20190600
2019-01-10 18:30:00,,20190600,121.828125,20190300,,20190600
2019-01-10 18:45:00,,20190600,121.75,20190300,,20190600
2019-01-10 19:00:00,,20190600,121.703125,20190300,,20190600
2019-01-10 19:15:00,,20190600,121.71875,20190300,,20190600
2019-01-10 19:30:00,121.984375,20190600,121.6875,20190300,121.984375,20190600
2019-01-10 19:45:00,,20190600,121.703125,20190300,,20190600
2019-01-10 20:00:00,,20190600,121.6875,20190300,,20190600
2019-01-10 20:15:00,121.9375,20190600,121.671875,20190300,121.9375,20190600
2019-01-10 20:30:00,121.921875,20190600,121.671875,20190300,121.921875,20190600
2019-01-10 20:45:00,121.9375,20190600,121.671875,20190300,121.9375,20190600
2019-01-10 21:00:00,121.96875,20190600,121.71875,20190300,121.96875,20190600
2019-01-10 21:15:00,121.921875,20190600,121.65625,20190300,121.921875,20190600
2019-01-10 21:30:00,,20190600,121.59375,20190300,,20190600
2019-01-10 21:45:00,121.828125,20190600,121.609375,20190300,121.828125,20190600
2019-01-10 23:00:00,121.9375,20190600,121.9375,20190300,121.9375,20190600
2019-01-10 23:15:00,,20190600,121.671875,20190300,,20190600
2019-01-10 23:30:00,,20190600,121.703125,20190300,,20190600
2019-01-10 23:45:00,,20190600,121.734375,20190300,,20190600
2019-01-11 00:00:00,,20190600,121.703125,20190300,,20190600
2019-01-11 00:15:00,,20190600,121.6875,20190300,,20190600
2019-01-11 00:30:00,,20190600,121.703125,20190300,,20190600
2019-01-11 00:45:00,,20190600,121.703125,20190300,,20190600
2019-01-11 01:00:00,,20190600,121.6875,20190300,,20190600
2019-01-11 01:15:00,,20190600,121.703125,20190300,,20190600
2019-01-11 01:30:00,,20190600,121.6875,20190300,,20190600
2019-01-11 01:45:00,,20190600,121.71875,20190300,,20190600
2019-01-11 02:00:00,,20190600,121.703125,20190300,,20190600
2019-01-11 02:15:00,122.015625,20190600,121.765625,20190300,122.015625,20190600
2019-01-11 02:30:00,121.96875,20190600,121.734375,20190300,121.96875,20190600
2019-01-11 02:45:00,,20190600,121.71875,20190300,,20190600
2019-01-11 03:00:00,,20190600,121.734375,20190300,,20190600
2019-01-11 03:15:00,,20190600,121.75,20190300,,20190600
2019-01-11 03:30:00,,20190600,121.765625,20190300,,20190600
2019-01-11 03:45:00,,20190600,121.765625,20190300,,20190600
2019-01-11 04:00:00,,20190600,121.765625,20190300,,20190600
2019-01-11 04:15:00,,20190600,121.75,20190300,,20190600
2019-01-11 04:30:00,122.0,20190600,121.75,20190300,122.0,20190600
2019-01-11 04:45:00,122.0,20190600,121.75,20190300,122.0,20190600
2019-01-11 05:15:00,,20190600,121.78125,20190300,,20190600
2019-01-11 05:30:00,,20190600,121.796875,20190300,,20190600
2019-01-11 05:45:00,,20190600,121.78125,20190300,,20190600
2019-01-11 06:15:00,,20190600,121.765625,20190300,,20190600
2019-01-11 06:30:00,,20190600,121.75,20190300,,20190600
2019-01-11 06:45:00,122.0,20190600,121.75,20190300,122.0,20190600
2019-01-11 07:00:00,,20190600,121.71875,20190300,,20190600
2019-01-11 07:15:00,,20190600,121.71875,20190300,,20190600
2019-01-11 07:30:00,,20190600,121.765625,20190300,,20190600
2019-01-11 07:45:00,122.046875,20190600,121.796875,20190300,122.046875,20190600
2019-01-11 08:00:00,,20190600,121.84375,20190300,,20190600
2019-01-11 08:15:00,122.046875,20190600,121.84375,20190300,122.046875,20190600
2019-01-11 08:30:00,,20190600,121.875,20190300,,20190600
2019-01-11 08:45:00,,20190600,121.90625,20190300,,20190600
2019-01-11 09:00:00,,20190600,121.921875,20190300,,20190600
2019-01-11 09:15:00,,20190600,121.921875,20190300,,20190600
2019-01-11 09:30:00,,20190600,121.90625,20190300,,20190600
2019-01-11 09:45:00,,20190600,121.875,20190300,,20190600
2019-01-11 10:00:00,,20190600,121.890625,20190300,,20190600
2019-01-11 10:15:00,,20190600,121.890625,20190300,,20190600
2019-01-11 10:30:00,,20190600,121.90625,20190300,,20190600
2019-01-11 10:45:00,122.140625,20190600,121.859375,20190300,122.140625,20190600
2019-01-11 11:00:00,122.140625,20190600,121.890625,20190300,122.140625,20190600
2019-01-11 11:15:00,122.140625,20190600,121.890625,20190300,122.140625,20190600
2019-01-11 11:30:00,,20190600,121.859375,20190300,,20190600
2019-01-11 11:45:00,122.078125,20190600,121.84375,20190300,122.078125,20190600
2019-01-11 12:00:00,122.078125,20190600,121.859375,20190300,122.078125,20190600
2019-01-11 12:15:00,122.109375,20190600,121.859375,20190300,122.109375,20190600
2019-01-11 12:30:00,,20190600,121.859375,20190300,,20190600
2019-01-11 12:45:00,,20190600,121.84375,20190300,,20190600
2019-01-11 13:00:00,,20190600,121.890625,20190300,,20190600
2019-01-11 13:15:00,,20190600,121.9375,20190300,,20190600
2019-01-11 13:30:00,,20190600,121.953125,20190300,,20190600
2019-01-11 13:45:00,,20190600,121.984375,20190300,,20190600
2019-01-11 14:00:00,,20190600,121.9375,20190300,,20190600
2019-01-11 14:15:00,122.203125,20190600,121.96875,20190300,122.203125,20190600
2019-01-11 14:30:00,,20190600,122.046875,20190300,,20190600
2019-01-11 14:45:00,,20190600,122.0625,20190300,,20190600
2019-01-11 15:00:00,,20190600,122.03125,20190300,,20190600
2019-01-11 15:15:00,122.328125,20190600,122.09375,20190300,122.328125,20190600
2019-01-11 15:30:00,,20190600,122.015625,20190300,,20190600
2019-01-11 15:45:00,,20190600,121.984375,20190300,,20190600
2019-01-11 16:00:00,,20190600,122.0,20190300,,20190600
2019-01-11 16:15:00,,20190600,121.984375,20190300,,20190600
2019-01-11 16:30:00,,20190600,121.953125,20190300,,20190600
2019-01-11 16:45:00,122.203125,20190600,121.9375,20190300,122.203125,20190600
2019-01-11 17:00:00,122.234375,20190600,121.96875,20190300,122.234375,20190600
2019-01-11 17:15:00,122.25,20190600,121.984375,20190300,122.25,20190600
2019-01-11 17:30:00,,20190600,121.96875,20190300,,20190600
2019-01-11 17:45:00,,20190600,122.0,20190300,,20190600
2019-01-11 18:00:00,,20190600,122.015625,20190300,,20190600
2019-01-11 18:15:00,122.265625,20190600,122.0,20190300,122.265625,20190600
2019-01-11 18:30:00,,20190600,121.953125,20190300,,20190600
2019-01-11 18:45:00,,20190600,121.953125,20190300,,20190600
2019-01-11 19:00:00,,20190600,121.9375,20190300,,20190600
2019-01-11 19:15:00,122.21875,20190600,121.953125,20190300,122.21875,20190600
2019-01-11 19:30:00,,20190600,121.921875,20190300,,20190600
2019-01-11 19:45:00,,20190600,121.953125,20190300,,20190600
2019-01-11 20:00:00,,20190600,121.90625,20190300,,20190600
2019-01-11 20:15:00,122.203125,20190600,121.921875,20190300,122.203125,20190600
2019-01-11 20:30:00,,20190600,121.9375,20190300,,20190600
2019-01-11 20:45:00,122.21875,20190600,121.953125,20190300,122.21875,20190600
2019-01-11 21:00:00,,20190600,121.953125,20190300,,20190600
2019-01-11 21:15:00,,20190600,121.953125,20190300,,20190600
2019-01-11 21:30:00,,20190600,121.9375,20190300,,20190600
2019-01-11 21:45:00,122.203125,20190600,121.921875,20190300,122.203125,20190600
2019-01-11 23:00:00,122.21875,20190600,121.75,20190300,122.21875,20190600
2019-01-13 23:00:00,,20190600,122.0,20190300,,20190600
2019-01-13 23:15:00,,20190600,122.015625,20190300,,20190600
2019-01-13 23:30:00,,20190600,122.015625,20190300,,20190600
2019-01-13 23:45:00,,20190600,122.03125,20190300,,20190600
2019-01-14 00:00:00,,20190600,122.015625,20190300,,20190600
2019-01-14 00:15:00,,20190600,122.015625,20190300,,20190600
2019-01-14 00:30:00,,20190600,122.046875,20190300,,20190600
2019-01-14 00:45:00,,20190600,122.03125,20190300,,20190600
2019-01-14 01:00:00,,20190600,122.03125,20190300,,20190600
2019-01-14 01:15:00,122.3125,20190600,122.0625,20190300,122.3125,20190600
2019-01-14 01:30:00,122.359375,20190600,122.140625,20190300,122.359375,20190600
2019-01-14 01:45:00,,20190600,122.171875,20190300,,20190600
2019-01-14 02:00:00,,20190600,122.140625,20190300,,20190600
2019-01-14 02:15:00,,20190600,122.15625,20190300,,20190600
2019-01-14 02:30:00,,20190600,122.171875,20190300,,20190600
2019-01-14 02:45:00,,20190600,122.171875,20190300,,20190600
2019-01-14 03:00:00,,20190600,122.234375,20190300,,20190600
2019-01-14 03:15:00,,20190600,122.21875,20190300,,20190600
2019-01-14 03:30:00,,20190600,122.203125,20190300,,20190600
2019-01-14 03:45:00,,20190600,122.203125,20190300,,20190600
2019-01-14 04:00:00,,20190600,122.21875,20190300,,20190600
2019-01-14 04:15:00,,20190600,122.21875,20190300,,20190600
2019-01-14 04:30:00,,20190600,122.203125,20190300,,20190600
2019-01-14 04:45:00,,20190600,122.203125,20190300,,20190600
2019-01-14 05:15:00,,20190600,122.1875,20190300,,20190600
2019-01-14 05:30:00,,20190600,122.203125,20190300,,20190600
2019-01-14 05:45:00,,20190600,122.203125,20190300,,20190600
2019-01-14 06:15:00,,20190600,122.171875,20190300,,20190600
2019-01-14 06:30:00,,20190600,122.1875,20190300,,20190600
2019-01-14 06:45:00,,20190600,122.203125,20190300,,20190600
2019-01-14 07:00:00,,20190600,122.15625,20190300,,20190600
2019-01-14 07:15:00,,20190600,122.140625,20190300,,20190600
2019-01-14 07:30:00,,20190600,122.1875,20190300,,20190600
2019-01-14 07:45:00,,20190600,122.203125,20190300,,20190600
2019-01-14 08:00:00,,20190600,122.203125,20190300,,20190600
2019-01-14 08:15:00,,20190600,122.15625,20190300,,20190600
2019-01-14 08:30:00,,20190600,122.140625,20190300,,20190600
2019-01-14 08:45:00,,20190600,122.15625,20190300,,20190600
2019-01-14 09:00:00,,20190600,122.15625,20190300,,20190600
2019-01-14 09:15:00,,20190600,122.15625,20190300,,20190600
2019-01-14 09:30:00,,20190600,122.203125,20190300,,20190600
2019-01-14 09:45:00,122.46875,20190600,122.234375,20190300,122.46875,20190600
2019-01-14 10:00:00,,20190600,122.234375,20190300,,20190600
2019-01-14 10:15:00,,20190600,122.234375,20190300,,20190600
2019-01-14 10:30:00,,20190600,122.25,20190300,,20190600
2019-01-14 10:45:00,,20190600,122.234375,20190300,,20190600
2019-01-14 11:00:00,122.53125,20190600,122.28125,20190300,122.53125,20190600
2019-01-14 11:15:00,,20190600,122.25,20190300,,20190600
2019-01-14 11:30:00,122.515625,20190600,122.234375,20190300,122.515625,20190600
2019-01-14 11:45:00,122.515625,20190600,122.1875,20190300,122.515625,20190600
2019-01-14 12:00:00,,20190600,122.1875,20190300,,20190600
2019-01-14 12:15:00,,20190600,122.140625,20190300,,20190600
2019-01-14 12:30:00,,20190600,122.140625,20190300,,20190600
2019-01-14 12:45:00,,20190600,122.1875,20190300,,20190600
2019-01-14 13:00:00,,20190600,122.21875,20190300,,20190600
2019-01-14 13:15:00,122.453125,20190600,122.140625,20190300,122.453125,20190600
2019-01-14 13:30:00,,20190600,122.046875,20190300,,20190600
2019-01-14 13:45:00,122.296875,20190600,122.015625,20190300,122.296875,20190600
2019-01-14 14:00:00,,20190600,122.03125,20190300,,20190600
2019-01-14 14:15:00,122.296875,20190600,122.0625,20190300,122.296875,20190600
2019-01-14 14:30:00,122.34375,20190600,122.09375,20190300,122.34375,20190600
2019-01-14 14:45:00,,20190600,122.078125,20190300,,20190600
2019-01-14 15:00:00,122.328125,20190600,122.03125,20190300,122.328125,20190600
2019-01-14 15:15:00,,20190600,122.015625,20190300,,20190600
2019-01-14 15:30:00,,20190600,122.0,20190300,,20190600
2019-01-14 15:45:00,122.1875,20190600,121.953125,20190300,122.1875,20190600
2019-01-14 16:00:00,122.25,20190600,121.96875,20190300,122.25,20190600
2019-01-14 16:15:00,122.25,20190600,121.90625,20190300,122.25,20190600
2019-01-14 16:30:00,122.171875,20190600,121.890625,20190300,122.171875,20190600
2019-01-14 16:45:00,,20190600,121.921875,20190300,,20190600
2019-01-14 17:00:00,,20190600,121.9375,20190300,,20190600
2019-01-14 17:15:00,,20190600,121.921875,20190300,,20190600
2019-01-14 17:30:00,,20190600,121.9375,20190300,,20190600
2019-01-14 17:45:00,,20190600,121.953125,20190300,,20190600
2019-01-14 18:00:00,,20190600,121.9375,20190300,,20190600
2019-01-14 18:15:00,,20190600,121.9375,20190300,,20190600
2019-01-14 18:30:00,,20190600,121.90625,20190300,,20190600
2019-01-14 18:45:00,,20190600,121.921875,20190300,,20190600
2019-01-14 19:00:00,,20190600,121.953125,20190300,,20190600
2019-01-14 19:15:00,,20190600,121.9375,20190300,,20190600
2019-01-14 19:30:00,,20190600,121.921875,20190300,,20190600
2019-01-14 19:45:00,,20190600,121.921875,20190300,,20190600
2019-01-14 20:00:00,,20190600,121.90625,20190300,,20190600
2019-01-14 20:15:00,,20190600,121.890625,20190300,,20190600
2019-01-14 20:30:00,,20190600,121.9375,20190300,,20190600
2019-01-14 20:45:00,122.203125,20190600,121.953125,20190300,122.203125,20190600
2019-01-14 21:00:00,122.21875,20190600,121.9375,20190300,122.21875,20190600
2019-01-14 21:15:00,,20190600,121.9375,20190300,,20190600
2019-01-14 21:30:00,,20190600,121.921875,20190300,,20190600
2019-01-14 21:45:00,122.1875,20190600,121.9375,20190300,122.1875,20190600
2019-01-14 23:00:00,122.171875,20190600,122.171875,20190300,122.171875,20190600
2019-01-14 23:15:00,,20190600,121.9375,20190300,,20190600
2019-01-14 23:30:00,,20190600,121.96875,20190300,,20190600
2019-01-14 23:45:00,,20190600,121.96875,20190300,,20190600
2019-01-15 00:00:00,,20190600,121.921875,20190300,,20190600
2019-01-15 00:15:00,,20190600,121.9375,20190300,,20190600
2019-01-15 00:30:00,,20190600,121.921875,20190300,,20190600
2019-01-15 00:45:00,,20190600,121.96875,20190300,,20190600
2019-01-15 01:00:00,,20190600,121.875,20190300,,20190600
2019-01-15 01:15:00,,20190600,121.90625,20190300,,20190600
2019-01-15 01:30:00,122.171875,20190600,121.859375,20190300,122.171875,20190600
2019-01-15 01:45:00,,20190600,121.90625,20190300,,20190600
2019-01-15 02:00:00,,20190600,121.875,20190300,,20190600
2019-01-15 02:15:00,,20190600,121.875,20190300,,20190600
2019-01-15 02:30:00,,20190600,121.875,20190300,,20190600
2019-01-15 02:45:00,,20190600,121.890625,20190300,,20190600
2019-01-15 03:00:00,,20190600,121.859375,20190300,,20190600
2019-01-15 03:15:00,122.109375,20190600,121.84375,20190300,122.109375,20190600
2019-01-15 03:30:00,,20190600,121.84375,20190300,,20190600
2019-01-15 03:45:00,,20190600,121.84375,20190300,,20190600
2019-01-15 04:00:00,,20190600,121.84375,20190300,,20190600
2019-01-15 04:15:00,,20190600,121.84375,20190300,,20190600
2019-01-15 04:30:00,,20190600,121.859375,20190300,,20190600
2019-01-15 04:45:00,,20190600,121.859375,20190300,,20190600
2019-01-15 05:15:00,,20190600,121.84375,20190300,,20190600
2019-01-15 05:30:00,,20190600,121.828125,20190300,,20190600
2019-01-15 05:45:00,,20190600,121.84375,20190300,,20190600
2019-01-15 06:15:00,,20190600,121.8125,20190300,,20190600
2019-01-15 06:30:00,,20190600,121.828125,20190300,,20190600
2019-01-15 06:45:00,,20190600,121.828125,20190300,,20190600
2019-01-15 07:00:00,,20190600,121.84375,20190300,,20190600
2019-01-15 07:15:00,,20190600,121.859375,20190300,,20190600
2019-01-15 07:30:00,122.15625,20190600,121.890625,20190300,122.15625,20190600
2019-01-15 07:45:00,,20190600,121.890625,20190300,,20190600
2019-01-15 08:00:00,,20190600,121.875,20190300,,20190600
2019-01-15 08:15:00,,20190600,121.90625,20190300,,20190600
2019-01-15 08:30:00,,20190600,121.953125,20190300,,20190600
2019-01-15 08:45:00,,20190600,121.96875,20190300,,20190600
2019-01-15 09:00:00,122.296875,20190600,122.03125,20190300,122.296875,20190600
2019-01-15 09:15:00,122.296875,20190600,122.03125,20190300,122.296875,20190600
2019-01-15 09:30:00,122.3125,20190600,122.0625,20190300,122.3125,20190600
2019-01-15 09:45:00,,20190600,122.0625,20190300,,20190600
2019-01-15 10:00:00,,20190600,122.0625,20190300,,20190600
2019-01-15 10:15:00,,20190600,122.0625,20190300,,20190600
2019-01-15 10:30:00,,20190600,122.0625,20190300,,20190600
2019-01-15 10:45:00,,20190600,122.046875,20190300,,20190600
2019-01-15 11:00:00,,20190600,122.03125,20190300,,20190600
2019-01-15 11:15:00,,20190600,122.015625,20190300,,20190600
2019-01-15 11:30:00,122.296875,20190600,121.984375,20190300,122.296875,20190600
2019-01-15 11:45:00,122.3125,20190600,122.046875,20190300,122.3125,20190600
2019-01-15 12:00:00,,20190600,122.09375,20190300,,20190600
2019-01-15 12:15:00,,20190600,122.0625,20190300,,20190600
2019-01-15 12:30:00,,20190600,122.078125,20190300,,20190600
2019-01-15 12:45:00,,20190600,122.046875,20190300,,20190600
2019-01-15 13:00:00,,20190600,122.015625,20190300,,20190600
2019-01-15 13:15:00,122.28125,20190600,121.953125,20190300,122.28125,20190600
2019-01-15 13:30:00,122.359375,20190600,122.09375,20190300,122.359375,20190600
2019-01-15 13:45:00,,20190600,122.1875,20190300,,20190600
2019-01-15 14:00:00,122.40625,20190600,122.109375,20190300,122.40625,20190600
2019-01-15 14:15:00,,20190600,122.140625,20190300,,20190600
2019-01-15 14:30:00,,20190600,122.0625,20190300,,20190600
2019-01-15 14:45:00,,20190600,122.03125,20190300,,20190600
2019-01-15 15:00:00,,20190600,121.984375,20190300,,20190600
2019-01-15 15:15:00,122.234375,20190600,121.96875,20190300,122.234375,20190600
2019-01-15 15:30:00,122.21875,20190600,121.90625,20190300,122.21875,20190600
2019-01-15 15:45:00,,20190600,121.890625,20190300,,20190600
2019-01-15 16:00:00,122.203125,20190600,121.921875,20190300,122.203125,20190600
2019-01-15 16:15:00,,20190600,121.90625,20190300,,20190600
2019-01-15 16:30:00,122.171875,20190600,121.84375,20190300,122.171875,20190600
2019-01-15 16:45:00,122.09375,20190600,121.828125,20190300,122.09375,20190600
2019-01-15 17:00:00,122.0625,20190600,121.828125,20190300,122.0625,20190600
2019-01-15 17:15:00,122.09375,20190600,121.828125,20190300,122.09375,20190600
2019-01-15 17:30:00,,20190600,121.84375,20190300,,20190600
2019-01-15 17:45:00,122.125,20190600,121.859375,20190300,122.125,20190600
2019-01-15 18:00:00,,20190600,121.8125,20190300,,20190600
2019-01-15 18:15:00,,20190600,121.84375,20190300,,20190600
2019-01-15 18:30:00,122.125,20190600,121.859375,20190300,122.125,20190600
2019-01-15 18:45:00,122.109375,20190600,121.828125,20190300,122.109375,20190600
2019-01-15 19:00:00,122.140625,20190600,121.875,20190300,122.140625,20190600
2019-01-15 19:15:00,122.21875,20190600,121.984375,20190300,122.21875,20190600
2019-01-15 19:30:00,122.1875,20190600,121.90625,20190300,122.1875,20190600
2019-01-15 19:45:00,122.171875,20190600,121.921875,20190300,122.171875,20190600
2019-01-15 20:00:00,,20190600,121.890625,20190300,,20190600
2019-01-15 20:15:00,,20190600,121.859375,20190300,,20190600
2019-01-15 20:30:00,,20190600,121.828125,20190300,,20190600
2019-01-15 20:45:00,,20190600,121.828125,20190300,,20190600
2019-01-15 21:00:00,,20190600,121.84375,20190300,,20190600
2019-01-15 21:15:00,122.125,20190600,121.859375,20190300,122.125,20190600
2019-01-15 21:30:00,,20190600,121.8125,20190300,,20190600
2019-01-15 21:45:00,122.125,20190600,121.84375,20190300,122.125,20190600
2019-01-15 23:00:00,122.09375,20190600,121.828125,20190300,122.09375,20190600
2019-01-15 23:15:00,,20190600,121.84375,20190300,,20190600
2019-01-15 23:30:00,,20190600,121.84375,20190300,,20190600
2019-01-15 23:45:00,,20190600,121.84375,20190300,,20190600
2019-01-16 00:00:00,,20190600,121.859375,20190300,,20190600
2019-01-16 00:15:00,122.15625,20190600,121.890625,20190300,122.15625,20190600
2019-01-16 00:30:00,,20190600,121.859375,20190300,,20190600
2019-01-16 00:45:00,,20190600,121.859375,20190300,,20190600
2019-01-16 01:00:00,,20190600,121.859375,20190300,,20190600
2019-01-16 01:15:00,,20190600,121.90625,20190300,,20190600
2019-01-16 01:30:00,,20190600,121.90625,20190300,,20190600
2019-01-16 01:45:00,,20190600,121.890625,20190300,,20190600
2019-01-16 02:00:00,,20190600,121.90625,20190300,,20190600
2019-01-16 02:15:00,,20190600,121.875,20190300,,20190600
2019-01-16 02:30:00,,20190600,121.875,20190300,,20190600
2019-01-16 02:45:00,122.140625,20190600,121.875,20190300,122.140625,20190600
2019-01-16 03:00:00,,20190600,121.859375,20190300,,20190600
2019-01-16 03:15:00,,20190600,121.859375,20190300,,20190600
2019-01-16 03:30:00,,20190600,121.859375,20190300,,20190600
2019-01-16 03:45:00,,20190600,121.859375,20190300,,20190600
2019-01-16 04:00:00,,20190600,121.859375,20190300,,20190600
2019-01-16 04:15:00,,20190600,121.875,20190300,,20190600
2019-01-16 04:30:00,,20190600,121.890625,20190300,,20190600
2019-01-16 04:45:00,,20190600,121.875,20190300,,20190600
2019-01-16 05:15:00,,20190600,121.875,20190300,,20190600
2019-01-16 05:30:00,,20190600,121.890625,20190300,,20190600
2019-01-16 05:45:00,,20190600,121.875,20190300,,20190600
2019-01-16 06:15:00,,20190600,121.890625,20190300,,20190600
2019-01-16 06:30:00,,20190600,121.875,20190300,,20190600
2019-01-16 06:45:00,,20190600,121.859375,20190300,,20190600
2019-01-16 07:00:00,,20190600,121.859375,20190300,,20190600
2019-01-16 07:15:00,,20190600,121.796875,20190300,,20190600
2019-01-16 07:30:00,,20190600,121.8125,20190300,,20190600
2019-01-16 07:45:00,,20190600,121.78125,20190300,,20190600
2019-01-16 08:00:00,,20190600,121.765625,20190300,,20190600
2019-01-16 08:15:00,,20190600,121.765625,20190300,,20190600
2019-01-16 08:30:00,,20190600,121.796875,20190300,,20190600
2019-01-16 08:45:00,,20190600,121.796875,20190300,,20190600
2019-01-16 09:00:00,122.0,20190600,121.734375,20190300,122.0,20190600
2019-01-16 09:15:00,,20190600,121.734375,20190300,,20190600
2019-01-16 09:30:00,122.0,20190600,121.71875,20190300,122.0,20190600
2019-01-16 09:45:00,,20190600,121.703125,20190300,,20190600
2019-01-16 10:00:00,,20190600,121.71875,20190300,,20190600
2019-01-16 10:15:00,,20190600,121.6875,20190300,,20190600
2019-01-16 10:30:00,,20190600,121.671875,20190300,,20190600
2019-01-16 10:45:00,121.921875,20190600,121.625,20190300,121.921875,20190600
2019-01-16 11:00:00,121.9375,20190600,121.65625,20190300,121.9375,20190600
2019-01-16 11:15:00,,20190600,121.671875,20190300,,20190600
2019-01-16 11:30:00,,20190600,121.671875,20190300,,20190600
2019-01-16 11:45:00,,20190600,121.640625,20190300,,20190600
2019-01-16 12:00:00,,20190600,121.703125,20190300,,20190600
2019-01-16 12:15:00,,20190600,121.671875,20190300,,20190600
2019-01-16 12:30:00,,20190600,121.6875,20190300,,20190600
2019-01-16 12:45:00,,20190600,121.65625,20190300,,20190600
2019-01-16 13:00:00,121.921875,20190600,121.703125,20190300,121.921875,20190600
2019-01-16 13:15:00,,20190600,121.703125,20190300,,20190600
2019-01-16 13:30:00,,20190600,121.765625,20190300,,20190600
2019-01-16 13:45:00,,20190600,121.75,20190300,,20190600
2019-01-16 14:00:00,,20190600,121.734375,20190300,,20190600
2019-01-16 14:15:00,,20190600,121.71875,20190300,,20190600
2019-01-16 14:30:00,121.921875,20190600,121.65625,20190300,121.921875,20190600
2019-01-16 14:45:00,121.90625,20190600,121.65625,20190300,121.90625,20190600
2019-01-16 15:00:00,121.90625,20190600,121.640625,20190300,121.90625,20190600
2019-01-16 15:15:00,121.90625,20190600,121.671875,20190300,121.90625,20190600
2019-01-16 15:30:00,121.984375,20190600,121.71875,20190300,121.984375,20190600
2019-01-16 15:45:00,121.984375,20190600,121.703125,20190300,121.984375,20190600
2019-01-16 16:00:00,122.015625,20190600,121.75,20190300,122.015625,20190600
2019-01-16 16:15:00,122.0,20190600,121.703125,20190300,122.0,20190600
2019-01-16 16:30:00,,20190600,121.703125,20190300,,20190600
2019-01-16 16:45:00,,20190600,121.71875,20190300,,20190600
2019-01-16 17:00:00,,20190600,121.703125,20190300,,20190600
2019-01-16 17:15:00,,20190600,121.71875,20190300,,20190600
2019-01-16 17:30:00,,20190600,121.734375,20190300,,20190600
2019-01-16 17:45:00,122.015625,20190600,121.734375,20190300,122.015625,20190600
2019-01-16 18:00:00,122.015625,20190600,121.765625,20190300,122.015625,20190600
2019-01-16 18:15:00,122.03125,20190600,121.765625,20190300,122.03125,20190600
2019-01-16 18:30:00,122.03125,20190600,121.78125,20190300,122.03125,20190600
2019-01-16 18:45:00,122.0625,20190600,121.796875,20190300,122.0625,20190600
2019-01-16 19:00:00,,20190600,121.796875,20190300,,20190600
2019-01-16 19:15:00,121.96875,20190600,121.6875,20190300,121.96875,20190600
2019-01-16 19:30:00,,20190600,121.703125,20190300,,20190600
2019-01-16 19:45:00,121.96875,20190600,121.71875,20190300,121.96875,20190600
2019-01-16 20:00:00,,20190600,121.75,20190300,,20190600
2019-01-16 20:15:00,,20190600,121.734375,20190300,,20190600
2019-01-16 20:30:00,121.984375,20190600,121.75,20190300,121.984375,20190600
2019-01-16 20:45:00,,20190600,121.734375,20190300,,20190600
2019-01-16 21:00:00,,20190600,121.765625,20190300,,20190600
2019-01-16 21:15:00,,20190600,121.734375,20190300,,20190600
2019-01-16 21:30:00,,20190600,121.734375,20190300,,20190600
2019-01-16 21:45:00,122.015625,20190600,121.75,20190300,122.015625,20190600
2019-01-16 23:00:00,122.0,20190600,121.875,20190300,122.0,20190600
2019-01-16 23:15:00,,20190600,121.765625,20190300,,20190600
2019-01-16 23:30:00,,20190600,121.78125,20190300,,20190600
2019-01-16 23:45:00,,20190600,121.796875,20190300,,20190600
2019-01-17 00:00:00,122.078125,20190600,121.8125,20190300,122.078125,20190600
2019-01-17 00:15:00,,20190600,121.796875,20190300,,20190600
2019-01-17 00:30:00,,20190600,121.796875,20190300,,20190600
2019-01-17 00:45:00,,20190600,121.796875,20190300,,20190600
2019-01-17 01:00:00,,20190600,121.796875,20190300,,20190600
2019-01-17 01:15:00,122.078125,20190600,121.8125,20190300,122.078125,20190600
2019-01-17 01:30:00,,20190600,121.859375,20190300,,20190600
2019-01-17 01:45:00,,20190600,121.84375,20190300,,20190600
2019-01-17 02:00:00,,20190600,121.890625,20190300,,20190600
2019-01-17 02:15:00,,20190600,121.875,20190300,,20190600
2019-01-17 02:30:00,,20190600,121.890625,20190300,,20190600
2019-01-17 02:45:00,,20190600,121.859375,20190300,,20190600
2019-01-17 03:00:00,,20190600,121.859375,20190300,,20190600
2019-01-17 03:15:00,,20190600,121.828125,20190300,,20190600
2019-01-17 03:30:00,122.109375,20190600,121.84375,20190300,122.109375,20190600
2019-01-17 03:45:00,,20190600,121.828125,20190300,,20190600
2019-01-17 04:00:00,,20190600,121.84375,20190300,,20190600
2019-01-17 04:15:00,,20190600,121.84375,20190300,,20190600
2019-01-17 04:30:00,,20190600,121.828125,20190300,,20190600
2019-01-17 04:45:00,,20190600,121.828125,20190300,,20190600
2019-01-17 05:15:00,,20190600,121.84375,20190300,,20190600
2019-01-17 05:30:00,,20190600,121.84375,20190300,,20190600
2019-01-17 05:45:00,,20190600,121.859375,20190300,,20190600
2019-01-17 06:15:00,,20190600,121.859375,20190300,,20190600
2019-01-17 06:30:00,,20190600,121.859375,20190300,,20190600
2019-01-17 06:45:00,,20190600,121.84375,20190300,,20190600
2019-01-17 07:00:00,,20190600,121.828125,20190300,,20190600
2019-01-17 07:15:00,122.15625,20190600,121.890625,20190300,122.15625,20190600
2019-01-17 07:30:00,,20190600,121.921875,20190300,,20190600
2019-01-17 07:45:00,,20190600,121.9375,20190300,,20190600
2019-01-17 08:00:00,,20190600,121.921875,20190300,,20190600
2019-01-17 08:15:00,,20190600,121.921875,20190300,,20190600
2019-01-17 08:30:00,,20190600,121.875,20190300,,20190600
2019-01-17 08:45:00,,20190600,121.859375,20190300,,20190600
2019-01-17 09:00:00,,20190600,121.859375,20190300,,20190600
2019-01-17 09:15:00,,20190600,121.828125,20190300,,20190600
2019-01-17 09:30:00,,20190600,121.875,20190300,,20190600
2019-01-17 09:45:00,,20190600,121.828125,20190300,,20190600
2019-01-17 10:00:00,,20190600,121.8125,20190300,,20190600
2019-01-17 10:15:00,,20190600,121.796875,20190300,,20190600
2019-01-17 10:30:00,,20190600,121.8125,20190300,,20190600
2019-01-17 10:45:00,,20190600,121.796875,20190300,,20190600
2019-01-17 11:00:00,,20190600,121.828125,20190300,,20190600
2019-01-17 11:15:00,,20190600,121.84375,20190300,,20190600
2019-01-17 11:30:00,,20190600,121.828125,20190300,,20190600
2019-01-17 11:45:00,,20190600,121.8125,20190300,,20190600
2019-01-17 12:00:00,122.078125,20190600,121.796875,20190300,122.078125,20190600
2019-01-17 12:15:00,122.109375,20190600,121.84375,20190300,122.109375,20190600
2019-01-17 12:30:00,,20190600,121.828125,20190300,,20190600
2019-01-17 12:45:00,,20190600,121.84375,20190300,,20190600
2019-01-17 13:00:00,122.109375,20190600,121.84375,20190300,122.109375,20190600
2019-01-17 13:15:00,,20190600,121.875,20190300,,20190600
2019-01-17 13:30:00,121.984375,20190600,121.734375,20190300,121.984375,20190600
2019-01-17 13:45:00,,20190600,121.6875,20190300,,20190600
2019-01-17 14:00:00,121.96875,20190600,121.6875,20190300,121.96875,20190600
2019-01-17 14:15:00,121.9375,20190600,121.6875,20190300,121.9375,20190600
2019-01-17 14:30:00,121.921875,20190600,121.65625,20190300,121.921875,20190600
2019-01-17 14:45:00,,20190600,121.640625,20190300,,20190600
2019-01-17 15:00:00,121.90625,20190600,121.625,20190300,121.90625,20190600
2019-01-17 15:15:00,121.90625,20190600,121.609375,20190300,121.90625,20190600
2019-01-17 15:30:00,121.90625,20190600,121.625,20190300,121.90625,20190600
2019-01-17 15:45:00,121.90625,20190600,121.640625,20190300,121.90625,20190600
2019-01-17 16:00:00,121.875,20190600,121.59375,20190300,121.875,20190600
2019-01-17 16:15:00,121.890625,20190600,121.609375,20190300,121.890625,20190600
2019-01-17 16:30:00,,20190600,121.578125,20190300,,20190600
2019-01-17 16:45:00,,20190600,121.625,20190300,,20190600
2019-01-17 17:00:00,,20190600,121.609375,20190300,,20190600
2019-01-17 17:15:00,,20190600,121.609375,20190300,,20190600
2019-01-17 17:30:00,121.890625,20190600,121.640625,20190300,121.890625,20190600
2019-01-17 17:45:00,121.90625,20190600,121.640625,20190300,121.90625,20190600
2019-01-17 18:00:00,,20190600,121.65625,20190300,,20190600
2019-01-17 18:15:00,121.90625,20190600,121.65625,20190300,121.90625,20190600
2019-01-17 18:30:00,121.921875,20190600,121.671875,20190300,121.921875,20190600
2019-01-17 18:45:00,,20190600,121.671875,20190300,,20190600
2019-01-17 19:00:00,,20190600,121.65625,20190300,,20190600
2019-01-17 19:15:00,121.953125,20190600,121.703125,20190300,121.953125,20190600
2019-01-17 19:30:00,121.75,20190600,121.5,20190300,121.75,20190600
2019-01-17 19:45:00,121.796875,20190600,121.515625,20190300,121.796875,20190600
2019-01-17 20:00:00,,20190600,121.53125,20190300,,20190600
2019-01-17 20:15:00,121.75,20190600,121.484375,20190300,121.75,20190600
2019-01-17 20:30:00,121.75,20190600,121.5,20190300,121.75,20190600
2019-01-17 20:45:00,121.765625,20190600,121.515625,20190300,121.765625,20190600
2019-01-17 21:00:00,121.78125,20190600,121.515625,20190300,121.78125,20190600
2019-01-17 21:15:00,,20190600,121.515625,20190300,,20190600
2019-01-17 21:30:00,,20190600,121.484375,20190300,,20190600
2019-01-17 21:45:00,121.765625,20190600,121.5,20190300,121.765625,20190600
2019-01-17 23:00:00,121.78125,20190600,121.84375,20190300,121.78125,20190600
2019-01-17 23:15:00,,20190600,121.53125,20190300,,20190600
2019-01-17 23:30:00,,20190600,121.53125,20190300,,20190600
2019-01-17 23:45:00,,20190600,121.53125,20190300,,20190600
2019-01-18 00:00:00,,20190600,121.53125,20190300,,20190600
2019-01-18 00:15:00,,20190600,121.46875,20190300,,20190600
2019-01-18 00:30:00,,20190600,121.5,20190300,,20190600
2019-01-18 00:45:00,,20190600,121.5,20190300,,20190600
2019-01-18 01:00:00,,20190600,121.484375,20190300,,20190600
2019-01-18 01:15:00,,20190600,121.484375,20190300,,20190600
2019-01-18 01:30:00,121.703125,20190600,121.421875,20190300,121.703125,20190600
2019-01-18 01:45:00,121.703125,20190600,121.46875,20190300,121.703125,20190600
2019-01-18 02:00:00,121.703125,20190600,121.453125,20190300,121.703125,20190600
2019-01-18 02:15:00,121.71875,20190600,121.46875,20190300,121.71875,20190600
2019-01-18 02:30:00,,20190600,121.484375,20190300,,20190600
2019-01-18 02:45:00,,20190600,121.5,20190300,,20190600
2019-01-18 03:00:00,,20190600,121.5,20190300,,20190600
2019-01-18 03:15:00,,20190600,121.5,20190300,,20190600
2019-01-18 03:30:00,,20190600,121.5,20190300,,20190600
2019-01-18 03:45:00,,20190600,121.5,20190300,,20190600
2019-01-18 04:00:00,,20190600,121.515625,20190300,,20190600
2019-01-18 04:15:00,,20190600,121.5,20190300,,20190600
2019-01-18 04:30:00,,20190600,121.515625,20190300,,20190600
2019-01-18 04:45:00,,20190600,121.53125,20190300,,20190600
2019-01-18 05:15:00,121.796875,20190600,121.53125,20190300,121.796875,20190600
2019-01-18 05:30:00,,20190600,121.515625,20190300,,20190600
2019-01-18 05:45:00,,20190600,121.515625,20190300,,20190600
2019-01-18 06:15:00,,20190600,121.515625,20190300,,20190600
2019-01-18 06:30:00,121.78125,20190600,121.53125,20190300,121.78125,20190600
2019-01-18 06:45:00,,20190600,121.5,20190300,,20190600
2019-01-18 07:00:00,,20190600,121.4375,20190300,,20190600
2019-01-18 07:15:00,121.71875,20190600,121.421875,20190300,121.71875,20190600
2019-01-18 07:30:00,121.671875,20190600,121.4375,20190300,121.671875,20190600
2019-01-18 07:45:00,,20190600,121.453125,20190300,,20190600
2019-01-18 08:00:00,121.71875,20190600,121.4375,20190300,121.71875,20190600
2019-01-18 08:15:00,,20190600,121.40625,20190300,,20190600
2019-01-18 08:30:00,,20190600,121.390625,20190300,,20190600
2019-01-18 08:45:00,,20190600,121.34375,20190300,,20190600
2019-01-18 09:00:00,,20190600,121.328125,20190300,,20190600
2019-01-18 09:15:00,121.5625,20190600,121.3125,20190300,121.5625,20190600
2019-01-18 09:30:00,121.578125,20190600,121.34375,20190300,121.578125,20190600
2019-01-18 09:45:00,121.578125,20190600,121.34375,20190300,121.578125,20190600
2019-01-18 10:00:00,,20190600,121.359375,20190300,,20190600
2019-01-18 10:15:00,,20190600,121.375,20190300,,20190600
2019-01-18 10:30:00,121.625,20190600,121.359375,20190300,121.625,20190600
2019-01-18 10:45:00,121.640625,20190600,121.359375,20190300,121.640625,20190600
2019-01-18 11:00:00,,20190600,121.328125,20190300,,20190600
2019-01-18 11:15:00,,20190600,121.328125,20190300,,20190600
2019-01-18 11:30:00,,20190600,121.34375,20190300,,20190600
2019-01-18 11:45:00,121.59375,20190600,121.3125,20190300,121.59375,20190600
2019-01-18 12:00:00,,20190600,121.3125,20190300,,20190600
2019-01-18 12:15:00,121.578125,20190600,121.359375,20190300,121.578125,20190600
2019-01-18 12:30:00,,20190600,121.34375,20190300,,20190600
2019-01-18 12:45:00,,20190600,121.375,20190300,,20190600
2019-01-18 13:00:00,,20190600,121.375,20190300,,20190600
2019-01-18 13:15:00,121.65625,20190600,121.40625,20190300,121.65625,20190600
2019-01-18 13:30:00,,20190600,121.421875,20190300,,20190600
2019-01-18 13:45:00,121.640625,20190600,121.375,20190300,121.640625,20190600
2019-01-18 14:00:00,121.59375,20190600,121.34375,20190300,121.59375,20190600
2019-01-18 14:15:00,,20190600,121.3125,20190300,,20190600
2019-01-18 14:30:00,121.625,20190600,121.390625,20190300,121.625,20190600
2019-01-18 14:45:00,121.640625,20190600,121.390625,20190300,121.640625,20190600
2019-01-18 15:00:00,121.6875,20190600,121.40625,20190300,121.6875,20190600
2019-01-18 15:15:00,121.546875,20190600,121.328125,20190300,121.546875,20190600
2019-01-18 15:30:00,121.53125,20190600,121.265625,20190300,121.53125,20190600
2019-01-18 15:45:00,121.421875,20190600,121.15625,20190300,121.421875,20190600
2019-01-18 16:00:00,121.40625,20190600,121.171875,20190300,121.40625,20190600
2019-01-18 16:15:00,,20190600,121.140625,20190300,,20190600
2019-01-18 16:30:00,,20190600,121.171875,20190300,,20190600
2019-01-18 16:45:00,121.375,20190600,121.125,20190300,121.375,20190600
2019-01-18 17:00:00,,20190600,121.078125,20190300,,20190600
2019-01-18 17:15:00,121.3125,20190600,121.109375,20190300,121.3125,20190600
2019-01-18 17:30:00,121.359375,20190600,121.109375,20190300,121.359375,20190600
2019-01-18 17:45:00,,20190600,121.125,20190300,,20190600
2019-01-18 18:00:00,,20190600,121.15625,20190300,,20190600
2019-01-18 18:15:00,121.421875,20190600,121.1875,20190300,121.421875,20190600
2019-01-18 18:30:00,121.421875,20190600,121.171875,20190300,121.421875,20190600
2019-01-18 18:45:00,,20190600,121.140625,20190300,,20190600
2019-01-18 19:00:00,121.359375,20190600,121.1875,20190300,121.359375,20190600
2019-01-18 19:15:00,121.4375,20190600,121.203125,20190300,121.4375,20190600
2019-01-18 19:30:00,,20190600,121.234375,20190300,,20190600
2019-01-18 19:45:00,,20190600,121.171875,20190300,,20190600
2019-01-18 20:00:00,,20190600,121.15625,20190300,,20190600
2019-01-18 20:15:00,,20190600,121.171875,20190300,,20190600
2019-01-18 20:30:00,,20190600,121.15625,20190300,,20190600
2019-01-18 20:45:00,,20190600,121.15625,20190300,,20190600
2019-01-18 21:00:00,,20190600,121.125,20190300,,20190600
2019-01-18 21:15:00,,20190600,121.125,20190300,,20190600
2019-01-18 21:30:00,,20190600,121.140625,20190300,,20190600
2019-01-18 21:45:00,121.34375,20190600,121.140625,20190300,121.34375,20190600
2019-01-18 23:00:00,121.4375,20190600,121.515625,20190300,121.4375,20190600
2019-01-20 23:00:00,,20190600,121.171875,20190300,,20190600
2019-01-20 23:15:00,121.40625,20190600,121.171875,20190300,121.40625,20190600
2019-01-20 23:30:00,,20190600,121.1875,20190300,,20190600
2019-01-20 23:45:00,,20190600,121.1875,20190300,,20190600
2019-01-21 00:00:00,,20190600,121.203125,20190300,,20190600
2019-01-21 00:15:00,,20190600,121.203125,20190300,,20190600
2019-01-21 00:30:00,,20190600,121.203125,20190300,,20190600
2019-01-21 00:45:00,,20190600,121.21875,20190300,,20190600
2019-01-21 01:00:00,,20190600,121.28125,20190300,,20190600
2019-01-21 01:15:00,,20190600,121.28125,20190300,,20190600
2019-01-21 01:30:00,,20190600,121.265625,20190300,,20190600
2019-01-21 01:45:00,,20190600,121.28125,20190300,,20190600
2019-01-21 02:00:00,,20190600,121.203125,20190300,,20190600
2019-01-21 02:15:00,,20190600,121.21875,20190300,,20190600
2019-01-21 02:30:00,,20190600,121.1875,20190300,,20190600
2019-01-21 02:45:00,,20190600,121.1875,20190300,,20190600
2019-01-21 03:00:00,,20190600,121.21875,20190300,,20190600
2019-01-21 03:15:00,,20190600,121.21875,20190300,,20190600
2019-01-21 03:30:00,,20190600,121.21875,20190300,,20190600
2019-01-21 03:45:00,,20190600,121.21875,20190300,,20190600
2019-01-21 04:00:00,,20190600,121.25,20190300,,20190600
2019-01-21 04:15:00,,20190600,121.25,20190300,,20190600
2019-01-21 04:30:00,,20190600,121.25,20190300,,20190600
2019-01-21 04:45:00,,20190600,121.265625,20190300,,20190600
2019-01-21 05:15:00,,20190600,121.28125,20190300,,20190600
2019-01-21 05:30:00,,20190600,121.265625,20190300,,20190600
2019-01-21 05:45:00,,20190600,121.28125,20190300,,20190600
2019-01-21 06:15:00,,20190600,121.296875,20190300,,20190600
2019-01-21 06:30:00,,20190600,121.3125,20190300,,20190600
2019-01-21 06:45:00,,20190600,121.265625,20190300,,20190600
2019-01-21 07:00:00,,20190600,121.265625,20190300,,20190600
2019-01-21 07:15:00,,20190600,121.234375,20190300,,20190600
2019-01-21 07:30:00,,20190600,121.265625,20190300,,20190600
2019-01-21 07:45:00,,20190600,121.265625,20190300,,20190600
2019-01-21 08:00:00,,20190600,121.28125,20190300,,20190600
2019-01-21 08:15:00,,20190600,121.265625,20190300,,20190600
2019-01-21 08:30:00,,20190600,121.28125,20190300,,20190600
2019-01-21 08:45:00,,20190600,121.296875,20190300,,20190600
2019-01-21 09:00:00,,20190600,121.296875,20190300,,20190600
2019-01-21 09:15:00,,20190600,121.296875,20190300,,20190600
2019-01-21 09:30:00,,20190600,121.28125,20190300,,20190600
2019-01-21 09:45:00,,20190600,121.296875,20190300,,20190600
2019-01-21 10:00:00,,20190600,121.296875,20190300,,20190600
2019-01-21 10:15:00,,20190600,121.28125,20190300,,20190600
2019-01-21 10:30:00,,20190600,121.265625,20190300,,20190600
2019-01-21 10:45:00,,20190600,121.28125,20190300,,20190600
2019-01-21 11:00:00,,20190600,121.265625,20190300,,20190600
2019-01-21 11:15:00,,20190600,121.265625,20190300,,20190600
2019-01-21 11:30:00,,20190600,121.28125,20190300,,20190600
2019-01-21 11:45:00,,20190600,121.265625,20190300,,20190600
2019-01-21 12:00:00,,20190600,121.28125,20190300,,20190600
2019-01-21 12:15:00,,20190600,121.265625,20190300,,20190600
2019-01-21 12:30:00,,20190600,121.265625,20190300,,20190600
2019-01-21 12:45:00,,20190600,121.28125,20190300,,20190600
2019-01-21 13:00:00,,20190600,121.28125,20190300,,20190600
2019-01-21 13:15:00,,20190600,121.28125,20190300,,20190600
2019-01-21 13:30:00,,20190600,121.28125,20190300,,20190600
2019-01-21 13:45:00,,20190600,121.28125,20190300,,20190600
2019-01-21 14:00:00,,20190600,121.265625,20190300,,20190600
2019-01-21 14:15:00,,20190600,121.265625,20190300,,20190600
2019-01-21 14:30:00,,20190600,121.265625,20190300,,20190600
2019-01-21 14:45:00,,20190600,121.265625,20190300,,20190600
2019-01-21 15:00:00,,20190600,121.265625,20190300,,20190600
2019-01-21 15:15:00,,20190600,121.28125,20190300,,20190600
2019-01-21 15:30:00,,20190600,121.28125,20190300,,20190600
2019-01-21 15:45:00,,20190600,121.28125,20190300,,20190600
2019-01-21 16:00:00,,20190600,121.25,20190300,,20190600
2019-01-21 16:15:00,,20190600,121.21875,20190300,,20190600
2019-01-21 16:30:00,,20190600,121.234375,20190300,,20190600
2019-01-21 16:45:00,,20190600,121.25,20190300,,20190600
2019-01-21 17:00:00,,20190600,121.265625,20190300,,20190600
2019-01-21 17:15:00,,20190600,121.265625,20190300,,20190600
2019-01-21 17:30:00,,20190600,121.265625,20190300,,20190600
2019-01-21 17:45:00,,20190600,121.28125,20190300,,20190600
2019-01-21 23:00:00,,20190600,121.28125,20190300,,20190600
2019-01-21 23:15:00,,20190600,121.25,20190300,,20190600
2019-01-21 23:30:00,,20190600,121.25,20190300,,20190600
2019-01-21 23:45:00,,20190600,121.265625,20190300,,20190600
2019-01-22 00:00:00,,20190600,121.265625,20190300,,20190600
2019-01-22 00:15:00,,20190600,121.28125,20190300,,20190600
2019-01-22 00:30:00,,20190600,121.265625,20190300,,20190600
2019-01-22 00:45:00,,20190600,121.265625,20190300,,20190600
2019-01-22 01:00:00,,20190600,121.28125,20190300,,20190600
2019-01-22 01:15:00,,20190600,121.28125,20190300,,20190600
2019-01-22 01:30:00,,20190600,121.28125,20190300,,20190600
2019-01-22 01:45:00,121.515625,20190600,121.28125,20190300,121.515625,20190600
2019-01-22 02:00:00,,20190600,121.28125,20190300,,20190600
2019-01-22 02:15:00,,20190600,121.28125,20190300,,20190600
2019-01-22 02:30:00,,20190600,121.28125,20190300,,20190600
2019-01-22 02:45:00,,20190600,121.28125,20190300,,20190600
2019-01-22 03:00:00,,20190600,121.296875,20190300,,20190600
2019-01-22 03:15:00,,20190600,121.296875,20190300,,20190600
2019-01-22 03:30:00,,20190600,121.34375,20190300,,20190600
2019-01-22 03:45:00,,20190600,121.359375,20190300,,20190600
2019-01-22 04:00:00,,20190600,121.375,20190300,,20190600
2019-01-22 04:15:00,,20190600,121.359375,20190300,,20190600
2019-01-22 04:30:00,,20190600,121.34375,20190300,,20190600
2019-01-22 04:45:00,,20190600,121.359375,20190300,,20190600
2019-01-22 05:15:00,121.625,20190600,121.375,20190300,121.625,20190600
2019-01-22 05:30:00,,20190600,121.390625,20190300,,20190600
2019-01-22 05:45:00,,20190600,121.375,20190300,,20190600
2019-01-22 06:15:00,,20190600,121.375,20190300,,20190600
2019-01-22 06:30:00,,20190600,121.390625,20190300,,20190600
2019-01-22 06:45:00,,20190600,121.375,20190300,,20190600
2019-01-22 07:00:00,,20190600,121.4375,20190300,,20190600
2019-01-22 07:15:00,,20190600,121.40625,20190300,,20190600
2019-01-22 07:30:00,,20190600,121.421875,20190300,,20190600
2019-01-22 07:45:00,,20190600,121.421875,20190300,,20190600
2019-01-22 08:00:00,,20190600,121.421875,20190300,,20190600
2019-01-22 08:15:00,,20190600,121.421875,20190300,,20190600
2019-01-22 08:30:00,,20190600,121.390625,20190300,,20190600
2019-01-22 08:45:00,,20190600,121.40625,20190300,,20190600
2019-01-22 09:00:00,,20190600,121.375,20190300,,20190600
2019-01-22 09:15:00,,20190600,121.359375,20190300,,20190600
2019-01-22 09:30:00,,20190600,121.34375,20190300,,20190600
2019-01-22 09:45:00,,20190600,121.34375,20190300,,20190600
2019-01-22 10:00:00,,20190600,121.3125,20190300,,20190600
2019-01-22 10:15:00,,20190600,121.359375,20190300,,20190600
2019-01-22 10:30:00,121.59375,20190600,121.359375,20190300,121.59375,20190600
2019-01-22 10:45:00,,20190600,121.328125,20190300,,20190600
2019-01-22 11:00:00,,20190600,121.34375,20190300,,20190600
2019-01-22 11:15:00,,20190600,121.359375,20190300,,20190600
2019-01-22 11:30:00,,20190600,121.390625,20190300,,20190600
2019-01-22 11:45:00,,20190600,121.328125,20190300,,20190600
2019-01-22 12:00:00,,20190600,121.328125,20190300,,20190600
2019-01-22 12:15:00,,20190600,121.3125,20190300,,20190600
2019-01-22 12:30:00,,20190600,121.34375,20190300,,20190600
2019-01-22 12:45:00,,20190600,121.375,20190300,,20190600
2019-01-22 13:00:00,121.625,20190600,121.359375,20190300,121.625,20190600
2019-01-22 13:15:00,,20190600,121.375,20190300,,20190600
2019-01-22 13:30:00,,20190600,121.421875,20190300,,20190600
2019-01-22 13:45:00,,20190600,121.421875,20190300,,20190600
2019-01-22 14:00:00,121.734375,20190600,121.453125,20190300,121.734375,20190600
2019-01-22 14:15:00,,20190600,121.421875,20190300,,20190600
2019-01-22 14:30:00,,20190600,121.4375,20190300,,20190600
2019-01-22 14:45:00,,20190600,121.4375,20190300,,20190600
2019-01-22 15:00:00,,20190600,121.453125,20190300,,20190600
2019-01-22 15:15:00,,20190600,121.390625,20190300,,20190600
2019-01-22 15:30:00,121.640625,20190600,121.390625,20190300,121.640625,20190600
2019-01-22 15:45:00,121.625,20190600,121.421875,20190300,121.625,20190600
2019-01-22 16:00:00,,20190600,121.421875,20190300,,20190600
2019-01-22 16:15:00,,20190600,121.40625,20190300,,20190600
2019-01-22 16:30:00,,20190600,121.4375,20190300,,20190600
2019-01-22 16:45:00,,20190600,121.453125,20190300,,20190600
2019-01-22 17:00:00,,20190600,121.46875,20190300,,20190600
2019-01-22 17:15:00,,20190600,121.46875,20190300,,20190600
2019-01-22 17:30:00,,20190600,121.46875,20190300,,20190600
2019-01-22 17:45:00,,20190600,121.5,20190300,,20190600
2019-01-22 18:00:00,121.828125,20190600,121.59375,20190300,121.828125,20190600
2019-01-22 18:15:00,121.828125,20190600,121.578125,20190300,121.828125,20190600
2019-01-22 18:30:00,,20190600,121.578125,20190300,,20190600
2019-01-22 18:45:00,121.828125,20190600,121.5625,20190300,121.828125,20190600
2019-01-22 19:00:00,,20190600,121.59375,20190300,,20190600
2019-01-22 19:15:00,121.8125,20190600,121.578125,20190300,121.8125,20190600
2019-01-22 19:30:00,,20190600,121.578125,20190300,,20190600
2019-01-22 19:45:00,,20190600,121.578125,20190300,,20190600
2019-01-22 20:00:00,121.796875,20190600,121.53125,20190300,121.796875,20190600
2019-01-22 20:15:00,,20190600,121.53125,20190300,,20190600
2019-01-22 20:30:00,,20190600,121.484375,20190300,,20190600
2019-01-22 20:45:00,121.71875,20190600,121.46875,20190300,121.71875,20190600
2019-01-22 21:00:00,,20190600,121.46875,20190300,,20190600
2019-01-22 21:15:00,,20190600,121.5,20190300,,20190600
2019-01-22 21:30:00,,20190600,121.5,20190300,,20190600
2019-01-22 21:45:00,121.6875,20190600,121.484375,20190300,121.6875,20190600
2019-01-22 23:00:00,121.71875,20190600,121.375,20190300,121.71875,20190600
2019-01-22 23:15:00,,20190600,121.5,20190300,,20190600
2019-01-22 23:30:00,,20190600,121.5,20190300,,20190600
2019-01-22 23:45:00,,20190600,121.5,20190300,,20190600
2019-01-23 00:00:00,,20190600,121.46875,20190300,,20190600
2019-01-23 00:15:00,,20190600,121.453125,20190300,,20190600
2019-01-23 00:30:00,,20190600,121.453125,20190300,,20190600
2019-01-23 00:45:00,,20190600,121.46875,20190300,,20190600
2019-01-23 01:00:00,,20190600,121.484375,20190300,,20190600
2019-01-23 01:15:00,,20190600,121.46875,20190300,,20190600
2019-01-23 01:30:00,,20190600,121.421875,20190300,,20190600
2019-01-23 01:45:00,,20190600,121.421875,20190300,,20190600
2019-01-23 02:00:00,,20190600,121.453125,20190300,,20190600
2019-01-23 02:15:00,,20190600,121.40625,20190300,,20190600
2019-01-23 02:30:00,,20190600,121.421875,20190300,,20190600
2019-01-23 02:45:00,,20190600,121.421875,20190300,,20190600
2019-01-23 03:00:00,,20190600,121.421875,20190300,,20190600
2019-01-23 03:15:00,,20190600,121.4375,20190300,,20190600
2019-01-23 03:30:00,,20190600,121.421875,20190300,,20190600
2019-01-23 03:45:00,,20190600,121.421875,20190300,,20190600
2019-01-23 04:00:00,,20190600,121.421875,20190300,,20190600
2019-01-23 04:15:00,,20190600,121.421875,20190300,,20190600
2019-01-23 04:30:00,,20190600,121.421875,20190300,,20190600
2019-01-23 04:45:00,,20190600,121.421875,20190300,,20190600
2019-01-23 05:15:00,,20190600,121.453125,20190300,,20190600
2019-01-23 05:30:00,,20190600,121.484375,20190300,,20190600
2019-01-23 05:45:00,,20190600,121.484375,20190300,,20190600
2019-01-23 06:15:00,,20190600,121.453125,20190300,,20190600
2019-01-23 06:30:00,,20190600,121.4375,20190300,,20190600
2019-01-23 06:45:00,,20190600,121.46875,20190300,,20190600
2019-01-23 07:00:00,,20190600,121.453125,20190300,,20190600
2019-01-23 07:15:00,,20190600,121.515625,20190300,,20190600
2019-01-23 07:30:00,,20190600,121.5,20190300,,20190600
2019-01-23 07:45:00,,20190600,121.5,20190300,,20190600
2019-01-23 08:00:00,,20190600,121.546875,20190300,,20190600
2019-01-23 08:15:00,,20190600,121.484375,20190300,,20190600
2019-01-23 08:30:00,,20190600,121.453125,20190300,,20190600
2019-01-23 08:45:00,,20190600,121.46875,20190300,,20190600
2019-01-23 09:00:00,,20190600,121.40625,20190300,,20190600
2019-01-23 09:15:00,121.65625,20190600,121.40625,20190300,121.65625,20190600
2019-01-23 09:30:00,121.65625,20190600,121.359375,20190300,121.65625,20190600
2019-01-23 09:45:00,,20190600,121.359375,20190300,,20190600
2019-01-23 10:00:00,,20190600,121.375,20190300,,20190600
2019-01-23 10:15:00,,20190600,121.34375,20190300,,20190600
2019-01-23 10:30:00,,20190600,121.359375,20190300,,20190600
2019-01-23 10:45:00,121.59375,20190600,121.34375,20190300,121.59375,20190600
2019-01-23 11:00:00,,20190600,121.34375,20190300,,20190600
2019-01-23 11:15:00,121.59375,20190600,121.34375,20190300,121.59375,20190600
2019-01-23 11:30:00,,20190600,121.328125,20190300,,20190600
2019-01-23 11:45:00,,20190600,121.328125,20190300,,20190600
2019-01-23 12:00:00,,20190600,121.3125,20190300,,20190600
2019-01-23 12:15:00,,20190600,121.296875,20190300,,20190600
2019-01-23 12:30:00,,20190600,121.296875,20190300,,20190600
2019-01-23 12:45:00,,20190600,121.3125,20190300,,20190600
2019-01-23 13:00:00,,20190600,121.28125,20190300,,20190600
2019-01-23 13:15:00,,20190600,121.265625,20190300,,20190600
2019-01-23 13:30:00,,20190600,121.28125,20190300,,20190600
2019-01-23 13:45:00,,20190600,121.25,20190300,,20190600
2019-01-23 14:00:00,,20190600,121.25,20190300,,20190600
2019-01-23 14:15:00,,20190600,121.296875,20190300,,20190600
2019-01-23 14:30:00,121.5,20190600,121.3125,20190300,121.5,20190600
2019-01-23 14:45:00,,20190600,121.3125,20190300,,20190600
2019-01-23 15:00:00,121.53125,20190600,121.328125,20190300,121.53125,20190600
2019-01-23 15:15:00,121.546875,20190600,121.375,20190300,121.546875,20190600
2019-01-23 15:30:00,121.609375,20190600,121.390625,20190300,121.609375,20190600
2019-01-23 15:45:00,121.65625,20190600,121.40625,20190300,121.65625,20190600
2019-01-23 16:00:00,,20190600,121.359375,20190300,,20190600
2019-01-23 16:15:00,121.703125,20190600,121.46875,20190300,121.703125,20190600
2019-01-23 16:30:00,121.671875,20190600,121.453125,20190300,121.671875,20190600
2019-01-23 16:45:00,121.765625,20190600,121.515625,20190300,121.765625,20190600
2019-01-23 17:00:00,121.75,20190600,121.484375,20190300,121.75,20190600
2019-01-23 17:15:00,121.765625,20190600,121.453125,20190300,121.765625,20190600
2019-01-23 17:30:00,121.6875,20190600,121.4375,20190300,121.6875,20190600
2019-01-23 17:45:00,,20190600,121.421875,20190300,,20190600
2019-01-23 18:00:00,,20190600,121.4375,20190300,,20190600
2019-01-23 18:15:00,,20190600,121.390625,20190300,,20190600
2019-01-23 18:30:00,,20190600,121.375,20190300,,20190600
2019-01-23 18:45:00,,20190600,121.390625,20190300,,20190600
2019-01-23 19:00:00,,20190600,121.375,20190300,,20190600
2019-01-23 19:15:00,,20190600,121.375,20190300,,20190600
2019-01-23 19:30:00,,20190600,121.421875,20190300,,20190600
2019-01-23 19:45:00,,20190600,121.375,20190300,,20190600
2019-01-23 20:00:00,,20190600,121.40625,20190300,,20190600
2019-01-23 20:15:00,,20190600,121.40625,20190300,,20190600
2019-01-23 20:30:00,,20190600,121.40625,20190300,,20190600
2019-01-23 20:45:00,,20190600,121.421875,20190300,,20190600
2019-01-23 21:00:00,,20190600,121.4375,20190300,,20190600
2019-01-23 21:15:00,,20190600,121.5,20190300,,20190600
2019-01-23 21:30:00,,20190600,121.4375,20190300,,20190600
2019-01-23 21:45:00,121.734375,20190600,121.484375,20190300,121.734375,20190600
2019-01-23 23:00:00,121.6875,20190600,121.46875,20190300,121.6875,20190600
2019-01-23 23:15:00,,20190600,121.484375,20190300,,20190600
2019-01-23 23:30:00,,20190600,121.46875,20190300,,20190600
2019-01-23 23:45:00,,20190600,121.484375,20190300,,20190600
2019-01-24 00:00:00,121.71875,20190600,121.484375,20190300,121.71875,20190600
2019-01-24 00:15:00,,20190600,121.484375,20190300,,20190600
2019-01-24 00:30:00,,20190600,121.4375,20190300,,20190600
2019-01-24 00:45:00,,20190600,121.453125,20190300,,20190600
2019-01-24 01:00:00,,20190600,121.4375,20190300,,20190600
2019-01-24 01:15:00,,20190600,121.4375,20190300,,20190600
2019-01-24 01:30:00,,20190600,121.453125,20190300,,20190600
2019-01-24 01:45:00,,20190600,121.484375,20190300,,20190600
2019-01-24 02:00:00,,20190600,121.484375,20190300,,20190600
2019-01-24 02:15:00,,20190600,121.46875,20190300,,20190600
2019-01-24 02:30:00,,20190600,121.484375,20190300,,20190600
2019-01-24 02:45:00,,20190600,121.46875,20190300,,20190600
2019-01-24 03:00:00,,20190600,121.453125,20190300,,20190600
2019-01-24 03:15:00,,20190600,121.484375,20190300,,20190600
2019-01-24 03:30:00,,20190600,121.46875,20190300,,20190600
2019-01-24 03:45:00,,20190600,121.484375,20190300,,20190600
2019-01-24 04:00:00,,20190600,121.484375,20190300,,20190600
2019-01-24 04:15:00,,20190600,121.484375,20190300,,20190600
2019-01-24 04:30:00,,20190600,121.46875,20190300,,20190600
2019-01-24 04:45:00,,20190600,121.46875,20190300,,20190600
2019-01-24 05:15:00,,20190600,121.484375,20190300,,20190600
2019-01-24 05:30:00,,20190600,121.484375,20190300,,20190600
2019-01-24 05:45:00,,20190600,121.46875,20190300,,20190600
2019-01-24 06:15:00,,20190600,121.453125,20190300,,20190600
2019-01-24 06:30:00,,20190600,121.453125,20190300,,20190600
2019-01-24 06:45:00,,20190600,121.453125,20190300,,20190600
2019-01-24 07:00:00,121.734375,20190600,121.484375,20190300,121.734375,20190600
2019-01-24 07:15:00,,20190600,121.515625,20190300,,20190600
2019-01-24 07:30:00,,20190600,121.53125,20190300,,20190600
2019-01-24 07:45:00,,20190600,121.5,20190300,,20190600
2019-01-24 08:00:00,,20190600,121.515625,20190300,,20190600
2019-01-24 08:15:00,,20190600,121.546875,20190300,,20190600
2019-01-24 08:30:00,,20190600,121.546875,20190300,,20190600
2019-01-24 08:45:00,,20190600,121.53125,20190300,,20190600
2019-01-24 09:00:00,,20190600,121.53125,20190300,,20190600
2019-01-24 09:15:00,,20190600,121.53125,20190300,,20190600
2019-01-24 09:30:00,,20190600,121.546875,20190300,,20190600
2019-01-24 09:45:00,,20190600,121.515625,20190300,,20190600
2019-01-24 10:00:00,,20190600,121.5625,20190300,,20190600
2019-01-24 10:15:00,,20190600,121.546875,20190300,,20190600
2019-01-24 10:30:00,,20190600,121.5625,20190300,,20190600
2019-01-24 10:45:00,,20190600,121.5625,20190300,,20190600
2019-01-24 11:00:00,121.78125,20190600,121.546875,20190300,121.78125,20190600
2019-01-24 11:15:00,,20190600,121.59375,20190300,,20190600
2019-01-24 11:30:00,,20190600,121.578125,20190300,,20190600
2019-01-24 11:45:00,121.84375,20190600,121.625,20190300,121.84375,20190600
2019-01-24 12:00:00,,20190600,121.65625,20190300,,20190600
2019-01-24 12:15:00,,20190600,121.640625,20190300,,20190600
2019-01-24 12:30:00,,20190600,121.640625,20190300,,20190600
2019-01-24 12:45:00,,20190600,121.640625,20190300,,20190600
2019-01-24 13:00:00,121.96875,20190600,121.71875,20190300,121.96875,20190600
2019-01-24 13:15:00,121.96875,20190600,121.71875,20190300,121.96875,20190600
2019-01-24 13:30:00,121.984375,20190600,121.734375,20190300,121.984375,20190600
2019-01-24 13:45:00,,20190600,121.75,20190300,,20190600
2019-01-24 14:00:00,121.953125,20190600,121.65625,20190300,121.953125,20190600
2019-01-24 14:15:00,,20190600,121.71875,20190300,,20190600
2019-01-24 14:30:00,,20190600,121.765625,20190300,,20190600
2019-01-24 14:45:00,,20190600,121.734375,20190300,,20190600
2019-01-24 15:00:00,,20190600,121.671875,20190300,,20190600
2019-01-24 15:15:00,,20190600,121.640625,20190300,,20190600
2019-01-24 15:30:00,121.9375,20190600,121.65625,20190300,121.9375,20190600
2019-01-24 15:45:00,121.984375,20190600,121.703125,20190300,121.984375,20190600
2019-01-24 16:00:00,122.0625,20190600,121.78125,20190300,122.0625,20190600
2019-01-24 16:15:00,122.015625,20190600,121.734375,20190300,122.015625,20190600
2019-01-24 16:30:00,122.03125,20190600,121.734375,20190300,122.03125,20190600
2019-01-24 16:45:00,,20190600,121.734375,20190300,,20190600
2019-01-24 17:00:00,122.0,20190600,121.734375,20190300,122.0,20190600
2019-01-24 17:15:00,,20190600,121.78125,20190300,,20190600
2019-01-24 17:30:00,,20190600,121.78125,20190300,,20190600
2019-01-24 17:45:00,122.0625,20190600,121.828125,20190300,122.0625,20190600
2019-01-24 18:00:00,,20190600,121.828125,20190300,,20190600
2019-01-24 18:15:00,122.078125,20190600,121.796875,20190300,122.078125,20190600
2019-01-24 18:30:00,122.0625,20190600,121.796875,20190300,122.0625,20190600
2019-01-24 18:45:00,,20190600,121.765625,20190300,,20190600
2019-01-24 19:00:00,,20190600,121.765625,20190300,,20190600
2019-01-24 19:15:00,,20190600,121.75,20190300,,20190600
2019-01-24 19:30:00,,20190600,121.734375,20190300,,20190600
2019-01-24 19:45:00,,20190600,121.765625,20190300,,20190600
2019-01-24 20:00:00,,20190600,121.6875,20190300,,20190600
2019-01-24 20:15:00,,20190600,121.6875,20190300,,20190600
2019-01-24 20:30:00,,20190600,121.71875,20190300,,20190600
2019-01-24 20:45:00,,20190600,121.71875,20190300,,20190600
2019-01-24 21:00:00,,20190600,121.734375,20190300,,20190600
2019-01-24 21:15:00,,20190600,121.734375,20190300,,20190600
2019-01-24 21:30:00,,20190600,121.734375,20190300,,20190600
2019-01-24 21:45:00,121.984375,20190600,121.703125,20190300,121.984375,20190600
2019-01-24 23:00:00,122.03125,20190600,121.453125,20190300,122.03125,20190600
2019-01-24 23:15:00,,20190600,121.765625,20190300,,20190600
2019-01-24 23:30:00,,20190600,121.75,20190300,,20190600
2019-01-24 23:45:00,,20190600,121.6875,20190300,,20190600
2019-01-25 00:00:00,,20190600,121.671875,20190300,,20190600
2019-01-25 00:15:00,,20190600,121.703125,20190300,,20190600
2019-01-25 00:30:00,,20190600,121.703125,20190300,,20190600
2019-01-25 00:45:00,,20190600,121.71875,20190300,,20190600
2019-01-25 01:00:00,,20190600,121.703125,20190300,,20190600
2019-01-25 01:15:00,,20190600,121.703125,20190300,,20190600
2019-01-25 01:30:00,,20190600,121.671875,20190300,,20190600
2019-01-25 01:45:00,,20190600,121.671875,20190300,,20190600
2019-01-25 02:00:00,,20190600,121.65625,20190300,,20190600
2019-01-25 02:15:00,,20190600,121.640625,20190300,,20190600
2019-01-25 02:30:00,,20190600,121.65625,20190300,,20190600
2019-01-25 02:45:00,,20190600,121.65625,20190300,,20190600
2019-01-25 03:00:00,,20190600,121.640625,20190300,,20190600
2019-01-25 03:15:00,,20190600,121.640625,20190300,,20190600
2019-01-25 03:30:00,,20190600,121.625,20190300,,20190600
2019-01-25 03:45:00,,20190600,121.609375,20190300,,20190600
2019-01-25 04:00:00,,20190600,121.625,20190300,,20190600
2019-01-25 04:15:00,,20190600,121.625,20190300,,20190600
2019-01-25 04:30:00,,20190600,121.625,20190300,,20190600
2019-01-25 04:45:00,,20190600,121.640625,20190300,,20190600
2019-01-25 05:15:00,,20190600,121.625,20190300,,20190600
2019-01-25 05:30:00,,20190600,121.625,20190300,,20190600
2019-01-25 05:45:00,,20190600,121.625,20190300,,20190600
2019-01-25 06:15:00,,20190600,121.578125,20190300,,20190600
2019-01-25 06:30:00,,20190600,121.59375,20190300,,20190600
2019-01-25 06:45:00,,20190600,121.578125,20190300,,20190600
2019-01-25 07:00:00,,20190600,121.578125,20190300,,20190600
2019-01-25 07:15:00,,20190600,121.5625,20190300,,20190600
2019-01-25 07:30:00,,20190600,121.609375,20190300,,20190600
2019-01-25 07:45:00,,20190600,121.609375,20190300,,20190600
2019-01-25 08:00:00,,20190600,121.65625,20190300,,20190600
2019-01-25 08:15:00,121.890625,20190600,121.59375,20190300,121.890625,20190600
2019-01-25 08:30:00,,20190600,121.59375,20190300,,20190600
2019-01-25 08:45:00,,20190600,121.578125,20190300,,20190600
2019-01-25 09:00:00,,20190600,121.59375,20190300,,20190600
2019-01-25 09:15:00,121.890625,20190600,121.609375,20190300,121.890625,20190600
2019-01-25 09:30:00,,20190600,121.625,20190300,,20190600
2019-01-25 09:45:00,,20190600,121.671875,20190300,,20190600
2019-01-25 10:00:00,,20190600,121.6875,20190300,,20190600
2019-01-25 10:15:00,,20190600,121.65625,20190300,,20190600
2019-01-25 10:30:00,,20190600,121.640625,20190300,,20190600
2019-01-25 10:45:00,,20190600,121.65625,20190300,,20190600
2019-01-25 11:00:00,,20190600,121.640625,20190300,,20190600
2019-01-25 11:15:00,,20190600,121.65625,20190300,,20190600
2019-01-25 11:30:00,121.921875,20190600,121.625,20190300,121.921875,20190600
2019-01-25 11:45:00,121.875,20190600,121.609375,20190300,121.875,20190600
2019-01-25 12:00:00,,20190600,121.625,20190300,,20190600
2019-01-25 12:15:00,,20190600,121.625,20190300,,20190600
2019-01-25 12:30:00,,20190600,121.578125,20190300,,20190600
2019-01-25 12:45:00,,20190600,121.578125,20190300,,20190600
2019-01-25 13:00:00,,20190600,121.53125,20190300,,20190600
2019-01-25 13:15:00,,20190600,121.515625,20190300,,20190600
2019-01-25 13:30:00,,20190600,121.53125,20190300,,20190600
2019-01-25 13:45:00,,20190600,121.5,20190300,,20190600
2019-01-25 14:00:00,,20190600,121.515625,20190300,,20190600
2019-01-25 14:15:00,121.796875,20190600,121.515625,20190300,121.796875,20190600
2019-01-25 14:30:00,,20190600,121.5625,20190300,,20190600
2019-01-25 14:45:00,121.84375,20190600,121.5625,20190300,121.84375,20190600
2019-01-25 15:00:00,121.75,20190600,121.46875,20190300,121.75,20190600
2019-01-25 15:15:00,121.734375,20190600,121.453125,20190300,121.734375,20190600
2019-01-25 15:30:00,121.65625,20190600,121.390625,20190300,121.65625,20190600
2019-01-25 15:45:00,,20190600,121.40625,20190300,,20190600
2019-01-25 16:00:00,,20190600,121.46875,20190300,,20190600
2019-01-25 16:15:00,121.734375,20190600,121.46875,20190300,121.734375,20190600
2019-01-25 16:30:00,,20190600,121.484375,20190300,,20190600
2019-01-25 16:45:00,121.765625,20190600,121.484375,20190300,121.765625,20190600
2019-01-25 17:00:00,121.734375,20190600,121.484375,20190300,121.734375,20190600
2019-01-25 17:15:00,121.6875,20190600,121.375,20190300,121.6875,20190600
2019-01-25 17:30:00,121.640625,20190600,121.359375,20190300,121.640625,20190600
2019-01-25 17:45:00,121.625,20190600,121.359375,20190300,121.625,20190600
2019-01-25 18:00:00,121.671875,20190600,121.40625,20190300,121.671875,20190600
2019-01-25 18:15:00,121.640625,20190600,121.375,20190300,121.640625,20190600
2019-01-25 18:30:00,121.640625,20190600,121.40625,20190300,121.640625,20190600
2019-01-25 18:45:00,121.671875,20190600,121.390625,20190300,121.671875,20190600
2019-01-25 19:00:00,,20190600,121.40625,20190300,,20190600
2019-01-25 19:15:00,121.6875,20190600,121.4375,20190300,121.6875,20190600
2019-01-25 19:30:00,,20190600,121.40625,20190300,,20190600
2019-01-25 19:45:00,121.671875,20190600,121.421875,20190300,121.671875,20190600
2019-01-25 20:00:00,121.640625,20190600,121.359375,20190300,121.640625,20190600
2019-01-25 20:15:00,121.65625,20190600,121.40625,20190300,121.65625,20190600
2019-01-25 20:30:00,,20190600,121.4375,20190300,,20190600
2019-01-25 20:45:00,,20190600,121.4375,20190300,,20190600
2019-01-25 21:00:00,,20190600,121.40625,20190300,,20190600
2019-01-25 21:15:00,,20190600,121.390625,20190300,,20190600
2019-01-25 21:30:00,,20190600,121.359375,20190300,,20190600
2019-01-25 21:45:00,121.5625,20190600,121.3125,20190300,121.5625,20190600
2019-01-25 23:00:00,121.65625,20190600,121.59375,20190300,121.65625,20190600
2019-01-27 23:00:00,121.59375,20190600,121.34375,20190300,121.59375,20190600
2019-01-27 23:15:00,,20190600,121.375,20190300,,20190600
2019-01-27 23:30:00,,20190600,121.375,20190300,,20190600
2019-01-27 23:45:00,,20190600,121.359375,20190300,,20190600
2019-01-28 00:00:00,,20190600,121.390625,20190300,,20190600
2019-01-28 00:15:00,,20190600,121.40625,20190300,,20190600
2019-01-28 00:30:00,121.6875,20190600,121.4375,20190300,121.6875,20190600
2019-01-28 00:45:00,,20190600,121.421875,20190300,,20190600
2019-01-28 01:00:00,,20190600,121.4375,20190300,,20190600
2019-01-28 01:15:00,,20190600,121.40625,20190300,,20190600
2019-01-28 01:30:00,,20190600,121.390625,20190300,,20190600
2019-01-28 01:45:00,,20190600,121.375,20190300,,20190600
2019-01-28 02:00:00,,20190600,121.375,20190300,,20190600
2019-01-28 02:15:00,,20190600,121.40625,20190300,,20190600
2019-01-28 02:30:00,,20190600,121.421875,20190300,,20190600
2019-01-28 02:45:00,,20190600,121.4375,20190300,,20190600
2019-01-28 03:00:00,,20190600,121.421875,20190300,,20190600
2019-01-28 03:15:00,,20190600,121.40625,20190300,,20190600
2019-01-28 03:30:00,,20190600,121.421875,20190300,,20190600
2019-01-28 03:45:00,,20190600,121.4375,20190300,,20190600
2019-01-28 04:00:00,,20190600,121.421875,20190300,,20190600
2019-01-28 04:15:00,,20190600,121.421875,20190300,,20190600
2019-01-28 04:30:00,,20190600,121.421875,20190300,,20190600
2019-01-28 04:45:00,,20190600,121.4375,20190300,,20190600
2019-01-28 05:15:00,,20190600,121.4375,20190300,,20190600
2019-01-28 05:30:00,,20190600,121.46875,20190300,,20190600
2019-01-28 05:45:00,,20190600,121.46875,20190300,,20190600
2019-01-28 06:15:00,,20190600,121.46875,20190300,,20190600
2019-01-28 06:30:00,,20190600,121.46875,20190300,,20190600
2019-01-28 06:45:00,,20190600,121.46875,20190300,,20190600
2019-01-28 07:00:00,,20190600,121.4375,20190300,,20190600
2019-01-28 07:15:00,,20190600,121.421875,20190300,,20190600
2019-01-28 07:30:00,,20190600,121.390625,20190300,,20190600
2019-01-28 07:45:00,121.640625,20190600,121.375,20190300,121.640625,20190600
2019-01-28 08:00:00,121.625,20190600,121.390625,20190300,121.625,20190600
2019-01-28 08:15:00,,20190600,121.4375,20190300,,20190600
2019-01-28 08:30:00,,20190600,121.4375,20190300,,20190600
2019-01-28 08:45:00,,20190600,121.421875,20190300,,20190600
2019-01-28 09:00:00,,20190600,121.4375,20190300,,20190600
2019-01-28 09:15:00,121.65625,20190600,121.40625,20190300,121.65625,20190600
2019-01-28 09:30:00,,20190600,121.40625,20190300,,20190600
2019-01-28 09:45:00,,20190600,121.390625,20190300,,20190600
2019-01-28 10:00:00,,20190600,121.390625,20190300,,20190600
2019-01-28 10:15:00,,20190600,121.390625,20190300,,20190600
2019-01-28 10:30:00,,20190600,121.375,20190300,,20190600
2019-01-28 10:45:00,121.625,20190600,121.359375,20190300,121.625,20190600
2019-01-28 11:00:00,,20190600,121.34375,20190300,,20190600
2019-01-28 11:15:00,,20190600,121.34375,20190300,,20190600
2019-01-28 11:30:00,,20190600,121.34375,20190300,,20190600
2019-01-28 11:45:00,,20190600,121.34375,20190300,,20190600
2019-01-28 12:00:00,,20190600,121.3125,20190300,,20190600
2019-01-28 12:15:00,,20190600,121.28125,20190300,,20190600
2019-01-28 12:30:00,,20190600,121.3125,20190300,,20190600
2019-01-28 12:45:00,,20190600,121.3125,20190300,,20190600
2019-01-28 13:00:00,,20190600,121.3125,20190300,,20190600
2019-01-28 13:15:00,121.5625,20190600,121.34375,20190300,121.5625,20190600
2019-01-28 13:30:00,,20190600,121.359375,20190300,,20190600
2019-01-28 13:45:00,,20190600,121.34375,20190300,,20190600
2019-01-28 14:00:00,,20190600,121.40625,20190300,,20190600
2019-01-28 14:15:00,,20190600,121.40625,20190300,,20190600
2019-01-28 14:30:00,,20190600,121.4375,20190300,,20190600
2019-01-28 14:45:00,,20190600,121.5,20190300,,20190600
2019-01-28 15:00:00,,20190600,121.5,20190300,,20190600
2019-01-28 15:15:00,121.734375,20190600,121.484375,20190300,121.734375,20190600
2019-01-28 15:30:00,,20190600,121.4375,20190300,,20190600
2019-01-28 15:45:00,,20190600,121.46875,20190300,,20190600
2019-01-28 16:00:00,,20190600,121.46875,20190300,,20190600
2019-01-28 16:15:00,,20190600,121.453125,20190300,,20190600
2019-01-28 16:30:00,121.8125,20190600,121.5625,20190300,121.8125,20190600
2019-01-28 16:45:00,121.828125,20190600,121.5625,20190300,121.828125,20190600
2019-01-28 17:00:00,121.8125,20190600,121.53125,20190300,121.8125,20190600
2019-01-28 17:15:00,,20190600,121.53125,20190300,,20190600
2019-01-28 17:30:00,,20190600,121.53125,20190300,,20190600
2019-01-28 17:45:00,121.765625,20190600,121.5,20190300,121.765625,20190600
2019-01-28 18:00:00,121.84375,20190600,121.578125,20190300,121.84375,20190600
2019-01-28 18:15:00,,20190600,121.59375,20190300,,20190600
2019-01-28 18:30:00,121.828125,20190600,121.546875,20190300,121.828125,20190600
2019-01-28 18:45:00,,20190600,121.53125,20190300,,20190600
2019-01-28 19:00:00,121.796875,20190600,121.515625,20190300,121.796875,20190600
2019-01-28 19:15:00,,20190600,121.5,20190300,,20190600
2019-01-28 19:30:00,,20190600,121.515625,20190300,,20190600
2019-01-28 19:45:00,,20190600,121.484375,20190300,,20190600
2019-01-28 20:00:00,121.75,20190600,121.484375,20190300,121.75,20190600
2019-01-28 20:15:00,121.765625,20190600,121.46875,20190300,121.765625,20190600
2019-01-28 20:30:00,,20190600,121.515625,20190300,,20190600
2019-01-28 20:45:00,,20190600,121.484375,20190300,,20190600
2019-01-28 21:00:00,,20190600,121.484375,20190300,,20190600
2019-01-28 21:15:00,121.765625,20190600,121.484375,20190300,121.765625,20190600
2019-01-28 21:30:00,,20190600,121.46875,20190300,,20190600
2019-01-28 21:45:00,121.75,20190600,121.46875,20190300,121.75,20190600
2019-01-28 23:00:00,121.765625,20190600,121.46875,20190300,121.765625,20190600
2019-01-28 23:15:00,121.75,20190600,121.484375,20190300,121.75,20190600
2019-01-28 23:30:00,,20190600,121.484375,20190300,,20190600
2019-01-28 23:45:00,,20190600,121.515625,20190300,,20190600
2019-01-29 00:00:00,,20190600,121.515625,20190300,,20190600
2019-01-29 00:15:00,,20190600,121.53125,20190300,,20190600
2019-01-29 00:30:00,,20190600,121.546875,20190300,,20190600
2019-01-29 00:45:00,,20190600,121.5625,20190300,,20190600
2019-01-29 01:00:00,,20190600,121.53125,20190300,,20190600
2019-01-29 01:15:00,,20190600,121.53125,20190300,,20190600
2019-01-29 01:30:00,,20190600,121.546875,20190300,,20190600
2019-01-29 01:45:00,,20190600,121.53125,20190300,,20190600
2019-01-29 02:00:00,,20190600,121.515625,20190300,,20190600
2019-01-29 02:15:00,,20190600,121.515625,20190300,,20190600
2019-01-29 02:30:00,,20190600,121.515625,20190300,,20190600
2019-01-29 02:45:00,,20190600,121.515625,20190300,,20190600
2019-01-29 03:00:00,,20190600,121.53125,20190300,,20190600
2019-01-29 03:15:00,,20190600,121.515625,20190300,,20190600
2019-01-29 03:30:00,,20190600,121.5,20190300,,20190600
2019-01-29 03:45:00,,20190600,121.5,20190300,,20190600
2019-01-29 04:00:00,,20190600,121.5,20190300,,20190600
2019-01-29 04:15:00,,20190600,121.484375,20190300,,20190600
2019-01-29 04:30:00,,20190600,121.484375,20190300,,20190600
2019-01-29 04:45:00,,20190600,121.5,20190300,,20190600
2019-01-29 05:15:00,,20190600,121.484375,20190300,,20190600
2019-01-29 05:30:00,,20190600,121.46875,20190300,,20190600
2019-01-29 05:45:00,,20190600,121.46875,20190300,,20190600
2019-01-29 06:15:00,121.75,20190600,121.5,20190300,121.75,20190600
2019-01-29 06:30:00,,20190600,121.5,20190300,,20190600
2019-01-29 06:45:00,,20190600,121.5,20190300,,20190600
2019-01-29 07:00:00,,20190600,121.53125,20190300,,20190600
2019-01-29 07:15:00,,20190600,121.5625,20190300,,20190600
2019-01-29 07:30:00,,20190600,121.5625,20190300,,20190600
2019-01-29 07:45:00,,20190600,121.578125,20190300,,20190600
2019-01-29 08:00:00,,20190600,121.578125,20190300,,20190600
2019-01-29 08:15:00,,20190600,121.59375,20190300,,20190600
2019-01-29 08:30:00,,20190600,121.515625,20190300,,20190600
2019-01-29 08:45:00,,20190600,121.5,20190300,,20190600
2019-01-29 09:00:00,,20190600,121.46875,20190300,,20190600
2019-01-29 09:15:00,,20190600,121.46875,20190300,,20190600
2019-01-29 09:30:00,,20190600,121.484375,20190300,,20190600
2019-01-29 09:45:00,,20190600,121.484375,20190300,,20190600
2019-01-29 10:00:00,,20190600,121.5,20190300,,20190600
2019-01-29 10:15:00,,20190600,121.53125,20190300,,20190600
2019-01-29 10:30:00,,20190600,121.515625,20190300,,20190600
2019-01-29 10:45:00,,20190600,121.515625,20190300,,20190600
2019-01-29 11:00:00,,20190600,121.53125,20190300,,20190600
2019-01-29 11:15:00,,20190600,121.53125,20190300,,20190600
2019-01-29 11:30:00,,20190600,121.53125,20190300,,20190600
2019-01-29 11:45:00,,20190600,121.546875,20190300,,20190600
2019-01-29 12:00:00,,20190600,121.5625,20190300,,20190600
2019-01-29 12:15:00,,20190600,121.5625,20190300,,20190600
2019-01-29 12:30:00,,20190600,121.546875,20190300,,20190600
2019-01-29 12:45:00,,20190600,121.546875,20190300,,20190600
2019-01-29 13:00:00,,20190600,121.546875,20190300,,20190600
2019-01-29 13:15:00,,20190600,121.53125,20190300,,20190600
2019-01-29 13:30:00,,20190600,121.515625,20190300,,20190600
2019-01-29 13:45:00,,20190600,121.53125,20190300,,20190600
2019-01-29 14:00:00,,20190600,121.546875,20190300,,20190600
2019-01-29 14:15:00,121.828125,20190600,121.59375,20190300,121.828125,20190600
2019-01-29 14:30:00,121.859375,20190600,121.640625,20190300,121.859375,20190600
2019-01-29 14:45:00,,20190600,121.59375,20190300,,20190600
2019-01-29 15:00:00,,20190600,121.65625,20190300,,20190600
2019-01-29 15:15:00,121.875,20190600,121.59375,20190300,121.875,20190600
2019-01-29 15:30:00,121.90625,20190600,121.640625,20190300,121.90625,20190600
2019-01-29 15:45:00,,20190600,121.703125,20190300,,20190600
2019-01-29 16:00:00,121.953125,20190600,121.703125,20190300,121.953125,20190600
2019-01-29 16:15:00,121.953125,20190600,121.703125,20190300,121.953125,20190600
2019-01-29 16:30:00,,20190600,121.6875,20190300,,20190600
2019-01-29 16:45:00,,20190600,121.671875,20190300,,20190600
2019-01-29 17:00:00,,20190600,121.65625,20190300,,20190600
2019-01-29 17:15:00,,20190600,121.6875,20190300,,20190600
2019-01-29 17:30:00,121.953125,20190600,121.6875,20190300,121.953125,20190600
2019-01-29 17:45:00,121.9375,20190600,121.71875,20190300,121.9375,20190600
2019-01-29 18:00:00,,20190600,121.75,20190300,,20190600
2019-01-29 18:15:00,,20190600,121.734375,20190300,,20190600
2019-01-29 18:30:00,122.0,20190600,121.71875,20190300,122.0,20190600
2019-01-29 18:45:00,121.984375,20190600,121.703125,20190300,121.984375,20190600
2019-01-29 19:00:00,122.0,20190600,121.734375,20190300,122.0,20190600
2019-01-29 19:15:00,122.03125,20190600,121.765625,20190300,122.03125,20190600
2019-01-29 19:30:00,122.046875,20190600,121.75,20190300,122.046875,20190600
2019-01-29 19:45:00,122.0625,20190600,121.78125,20190300,122.0625,20190600
2019-01-29 20:00:00,122.046875,20190600,121.765625,20190300,122.046875,20190600
2019-01-29 20:15:00,,20190600,121.75,20190300,,20190600
2019-01-29 20:30:00,,20190600,121.75,20190300,,20190600
2019-01-29 20:45:00,,20190600,121.78125,20190300,,20190600
2019-01-29 21:00:00,,20190600,121.78125,20190300,,20190600
2019-01-29 21:15:00,,20190600,121.78125,20190300,,20190600
2019-01-29 21:30:00,122.03125,20190600,121.78125,20190300,122.03125,20190600
2019-01-29 21:45:00,,20190600,121.765625,20190300,,20190600
2019-01-29 23:00:00,121.953125,20190600,121.46875,20190300,121.953125,20190600
2019-01-29 23:15:00,,20190600,121.71875,20190300,,20190600
2019-01-29 23:30:00,,20190600,121.71875,20190300,,20190600
2019-01-29 23:45:00,,20190600,121.71875,20190300,,20190600
2019-01-30 00:00:00,122.03125,20190600,121.734375,20190300,122.03125,20190600
2019-01-30 00:15:00,,20190600,121.734375,20190300,,20190600
2019-01-30 00:30:00,,20190600,121.71875,20190300,,20190600
2019-01-30 00:45:00,,20190600,121.6875,20190300,,20190600
2019-01-30 01:00:00,,20190600,121.6875,20190300,,20190600
2019-01-30 01:15:00,,20190600,121.71875,20190300,,20190600
2019-01-30 01:30:00,,20190600,121.703125,20190300,,20190600
2019-01-30 01:45:00,,20190600,121.671875,20190300,,20190600
2019-01-30 02:00:00,121.921875,20190600,121.671875,20190300,121.921875,20190600
2019-01-30 02:15:00,,20190600,121.671875,20190300,,20190600
2019-01-30 02:30:00,,20190600,121.671875,20190300,,20190600
2019-01-30 02:45:00,,20190600,121.703125,20190300,,20190600
2019-01-30 03:00:00,,20190600,121.671875,20190300,,20190600
2019-01-30 03:15:00,,20190600,121.6875,20190300,,20190600
2019-01-30 03:30:00,,20190600,121.671875,20190300,,20190600
2019-01-30 03:45:00,,20190600,121.671875,20190300,,20190600
2019-01-30 04:00:00,,20190600,121.6875,20190300,,20190600
2019-01-30 04:15:00,121.921875,20190600,121.671875,20190300,121.921875,20190600
2019-01-30 04:30:00,,20190600,121.671875,20190300,,20190600
2019-01-30 04:45:00,,20190600,121.671875,20190300,,20190600
2019-01-30 05:15:00,,20190600,121.703125,20190300,,20190600
2019-01-30 05:30:00,,20190600,121.71875,20190300,,20190600
2019-01-30 05:45:00,,20190600,121.734375,20190300,,20190600
2019-01-30 06:15:00,,20190600,121.703125,20190300,,20190600
2019-01-30 06:30:00,,20190600,121.6875,20190300,,20190600
2019-01-30 06:45:00,,20190600,121.703125,20190300,,20190600
2019-01-30 07:00:00,,20190600,121.703125,20190300,,20190600
2019-01-30 07:15:00,,20190600,121.734375,20190300,,20190600
2019-01-30 07:30:00,,20190600,121.734375,20190300,,20190600
2019-01-30 07:45:00,,20190600,121.703125,20190300,,20190600
2019-01-30 08:00:00,,20190600,121.703125,20190300,,20190600
2019-01-30 08:15:00,,20190600,121.65625,20190300,,20190600
2019-01-30 08:30:00,,20190600,121.671875,20190300,,20190600
2019-01-30 08:45:00,,20190600,121.671875,20190300,,20190600
2019-01-30 09:00:00,,20190600,121.671875,20190300,,20190600
2019-01-30 09:15:00,,20190600,121.671875,20190300,,20190600
2019-01-30 09:30:00,,20190600,121.671875,20190300,,20190600
2019-01-30 09:45:00,,20190600,121.6875,20190300,,20190600
2019-01-30 10:00:00,,20190600,121.6875,20190300,,20190600
2019-01-30 10:15:00,,20190600,121.65625,20190300,,20190600
2019-01-30 10:30:00,,20190600,121.65625,20190300,,20190600
2019-01-30 10:45:00,,20190600,121.671875,20190300,,20190600
2019-01-30 11:00:00,,20190600,121.671875,20190300,,20190600
2019-01-30 11:15:00,,20190600,121.6875,20190300,,20190600
2019-01-30 11:30:00,,20190600,121.6875,20190300,,20190600
2019-01-30 11:45:00,,20190600,121.6875,20190300,,20190600
2019-01-30 12:00:00,,20190600,121.65625,20190300,,20190600
2019-01-30 12:15:00,,20190600,121.671875,20190300,,20190600
2019-01-30 12:30:00,121.921875,20190600,121.65625,20190300,121.921875,20190600
2019-01-30 12:45:00,121.921875,20190600,121.6875,20190300,121.921875,20190600
2019-01-30 13:00:00,,20190600,121.671875,20190300,,20190600
2019-01-30 13:15:00,,20190600,121.609375,20190300,,20190600
2019-01-30 13:30:00,,20190600,121.625,20190300,,20190600
2019-01-30 13:45:00,,20190600,121.65625,20190300,,20190600
2019-01-30 14:00:00,121.90625,20190600,121.671875,20190300,121.90625,20190600
2019-01-30 14:15:00,,20190600,121.640625,20190300,,20190600
2019-01-30 14:30:00,121.890625,20190600,121.640625,20190300,121.890625,20190600
2019-01-30 14:45:00,,20190600,121.6875,20190300,,20190600
2019-01-30 15:00:00,,20190600,121.671875,20190300,,20190600
2019-01-30 15:15:00,,20190600,121.671875,20190300,,20190600
2019-01-30 15:30:00,,20190600,121.640625,20190300,,20190600
2019-01-30 15:45:00,,20190600,121.625,20190300,,20190600
2019-01-30 16:00:00,121.859375,20190600,121.609375,20190300,121.859375,20190600
2019-01-30 16:15:00,121.90625,20190600,121.640625,20190300,121.90625,20190600
2019-01-30 16:30:00,121.859375,20190600,121.609375,20190300,121.859375,20190600
2019-01-30 16:45:00,121.859375,20190600,121.578125,20190300,121.859375,20190600
2019-01-30 17:00:00,,20190600,121.578125,20190300,,20190600
2019-01-30 17:15:00,121.828125,20190600,121.609375,20190300,121.828125,20190600
2019-01-30 17:30:00,,20190600,121.640625,20190300,,20190600
2019-01-30 17:45:00,,20190600,121.640625,20190300,,20190600
2019-01-30 18:00:00,,20190600,121.609375,20190300,,20190600
2019-01-30 18:15:00,,20190600,121.609375,20190300,,20190600
2019-01-30 18:30:00,,20190600,121.625,20190300,,20190600
2019-01-30 18:45:00,121.921875,20190600,121.640625,20190300,121.921875,20190600
2019-01-30 19:00:00,122.09375,20190600,121.84375,20190300,122.09375,20190600
2019-01-30 19:15:00,122.0625,20190600,121.828125,20190300,122.0625,20190600
2019-01-30 19:30:00,122.25,20190600,121.984375,20190300,122.25,20190600
2019-01-30 19:45:00,122.234375,20190600,122.0,20190300,122.234375,20190600
2019-01-30 20:00:00,122.28125,20190600,121.96875,20190300,122.28125,20190600
2019-01-30 20:15:00,,20190600,122.03125,20190300,,20190600
2019-01-30 20:30:00,122.328125,20190600,122.109375,20190300,122.328125,20190600
2019-01-30 20:45:00,122.34375,20190600,122.0625,20190300,122.34375,20190600
2019-01-30 21:00:00,,20190600,122.03125,20190300,,20190600
2019-01-30 21:15:00,,20190600,122.09375,20190300,,20190600
2019-01-30 21:30:00,122.390625,20190600,122.125,20190300,122.390625,20190600
2019-01-30 21:45:00,122.40625,20190600,122.125,20190300,122.40625,20190600
2019-01-30 23:00:00,122.40625,20190600,121.71875,20190300,122.40625,20190600
2019-01-30 23:15:00,,20190600,122.15625,20190300,,20190600
2019-01-30 23:30:00,,20190600,122.15625,20190300,,20190600
2019-01-30 23:45:00,,20190600,122.09375,20190300,,20190600
2019-01-31 00:00:00,,20190600,122.109375,20190300,,20190600
2019-01-31 00:15:00,,20190600,122.078125,20190300,,20190600
2019-01-31 00:30:00,,20190600,122.109375,20190300,,20190600
2019-01-31 00:45:00,122.40625,20190600,122.125,20190300,122.40625,20190600
2019-01-31 01:00:00,,20190600,122.125,20190300,,20190600
2019-01-31 01:15:00,,20190600,122.140625,20190300,,20190600
2019-01-31 01:30:00,,20190600,122.109375,20190300,,20190600
2019-01-31 01:45:00,,20190600,122.109375,20190300,,20190600
2019-01-31 02:00:00,122.34375,20190600,122.109375,20190300,122.34375,20190600
2019-01-31 02:15:00,,20190600,122.09375,20190300,,20190600
2019-01-31 02:30:00,,20190600,122.09375,20190300,,20190600
2019-01-31 02:45:00,,20190600,122.078125,20190300,,20190600
2019-01-31 03:00:00,,20190600,122.09375,20190300,,20190600
2019-01-31 03:15:00,,20190600,122.09375,20190300,,20190600
2019-01-31 03:30:00,,20190600,122.078125,20190300,,20190600
2019-01-31 03:45:00,,20190600,122.078125,20190300,,20190600
2019-01-31 04:00:00,,20190600,122.078125,20190300,,20190600
2019-01-31 04:15:00,,20190600,122.078125,20190300,,20190600
2019-01-31 04:30:00,,20190600,122.09375,20190300,,20190600
2019-01-31 04:45:00,,20190600,122.078125,20190300,,20190600
2019-01-31 05:15:00,,20190600,122.078125,20190300,,20190600
2019-01-31 05:30:00,,20190600,122.0625,20190300,,20190600
2019-01-31 05:45:00,,20190600,122.078125,20190300,,20190600
2019-01-31 06:15:00,,20190600,122.09375,20190300,,20190600
2019-01-31 06:30:00,,20190600,122.109375,20190300,,20190600
2019-01-31 06:45:00,,20190600,122.109375,20190300,,20190600
2019-01-31 07:00:00,,20190600,122.140625,20190300,,20190600
2019-01-31 07:15:00,,20190600,122.203125,20190300,,20190600
2019-01-31 07:30:00,122.46875,20190600,122.171875,20190300,122.46875,20190600
2019-01-31 07:45:00,,20190600,122.171875,20190300,,20190600
2019-01-31 08:00:00,,20190600,122.171875,20190300,,20190600
2019-01-31 08:15:00,,20190600,122.1875,20190300,,20190600
2019-01-31 08:30:00,,20190600,122.15625,20190300,,20190600
2019-01-31 08:45:00,,20190600,122.171875,20190300,,20190600
2019-01-31 09:00:00,122.453125,20190600,122.1875,20190300,122.453125,20190600
2019-01-31 09:15:00,122.5,20190600,122.25,20190300,122.5,20190600
2019-01-31 09:30:00,122.53125,20190600,122.25,20190300,122.53125,20190600
2019-01-31 09:45:00,122.53125,20190600,122.265625,20190300,122.53125,20190600
2019-01-31 10:00:00,,20190600,122.265625,20190300,,20190600
2019-01-31 10:15:00,,20190600,122.25,20190300,,20190600
2019-01-31 10:30:00,,20190600,122.21875,20190300,,20190600
2019-01-31 10:45:00,,20190600,122.234375,20190300,,20190600
2019-01-31 11:00:00,,20190600,122.234375,20190300,,20190600
2019-01-31 11:15:00,,20190600,122.234375,20190300,,20190600
2019-01-31 11:30:00,,20190600,122.25,20190300,,20190600
2019-01-31 11:45:00,,20190600,122.21875,20190300,,20190600
2019-01-31 12:00:00,122.5,20190600,122.203125,20190300,122.5,20190600
2019-01-31 12:15:00,,20190600,122.203125,20190300,,20190600
2019-01-31 12:30:00,,20190600,122.203125,20190300,,20190600
2019-01-31 12:45:00,,20190600,122.15625,20190300,,20190600
2019-01-31 13:00:00,122.40625,20190600,122.15625,20190300,122.40625,20190600
2019-01-31 13:15:00,,20190600,122.140625,20190300,,20190600
2019-01-31 13:30:00,122.453125,20190600,122.203125,20190300,122.453125,20190600
2019-01-31 13:45:00,,20190600,122.234375,20190300,,20190600
2019-01-31 14:00:00,122.515625,20190600,122.265625,20190300,122.515625,20190600
2019-01-31 14:15:00,122.59375,20190600,122.3125,20190300,122.59375,20190600
2019-01-31 14:30:00,122.609375,20190600,122.328125,20190300,122.609375,20190600
2019-01-31 14:45:00,122.5625,20190600,122.296875,20190300,122.5625,20190600
2019-01-31 15:00:00,122.546875,20190600,122.34375,20190300,122.546875,20190600
2019-01-31 15:15:00,122.625,20190600,122.359375,20190300,122.625,20190600
2019-01-31 15:30:00,122.578125,20190600,122.3125,20190300,122.578125,20190600
2019-01-31 15:45:00,,20190600,122.328125,20190300,,20190600
2019-01-31 16:00:00,122.640625,20190600,122.359375,20190300,122.640625,20190600
2019-01-31 16:15:00,,20190600,122.328125,20190300,,20190600
2019-01-31 16:30:00,,20190600,122.375,20190300,,20190600
2019-01-31 16:45:00,122.671875,20190600,122.453125,20190300,122.671875,20190600
2019-01-31 17:00:00,122.671875,20190600,122.390625,20190300,122.671875,20190600
2019-01-31 17:15:00,,20190600,122.359375,20190300,,20190600
2019-01-31 17:30:00,122.671875,20190600,122.40625,20190300,122.671875,20190600
2019-01-31 17:45:00,122.703125,20190600,122.4375,20190300,122.703125,20190600
2019-01-31 18:00:00,122.71875,20190600,122.453125,20190300,122.71875,20190600
2019-01-31 18:15:00,,20190600,122.453125,20190300,,20190600
2019-01-31 18:30:00,122.75,20190600,122.453125,20190300,122.75,20190600
2019-01-31 18:45:00,122.75,20190600,122.46875,20190300,122.75,20190600
2019-01-31 19:00:00,,20190600,122.5,20190300,,20190600
2019-01-31 19:15:00,122.75,20190600,122.5,20190300,122.75,20190600
2019-01-31 19:30:00,,20190600,122.484375,20190300,,20190600
2019-01-31 19:45:00,122.765625,20190600,122.484375,20190300,122.765625,20190600
2019-01-31 20:00:00,122.84375,20190600,122.5625,20190300,122.84375,20190600
2019-01-31 20:15:00,122.875,20190600,122.53125,20190300,122.875,20190600
2019-01-31 20:30:00,122.828125,20190600,122.515625,20190300,122.828125,20190600
2019-01-31 20:45:00,122.765625,20190600,122.5,20190300,122.765625,20190600
2019-01-31 21:00:00,122.703125,20190600,122.421875,20190300,122.703125,20190600
2019-01-31 21:15:00,,20190600,122.453125,20190300,,20190600
2019-01-31 21:30:00,122.75,20190600,122.453125,20190300,122.75,20190600
2019-01-31 21:45:00,122.734375,20190600,122.453125,20190300,122.734375,20190600
2019-01-31 23:00:00,122.765625,20190600,122.078125,20190300,122.765625,20190600
2019-01-31 23:15:00,,20190600,122.40625,20190300,,20190600
2019-01-31 23:30:00,,20190600,122.421875,20190300,,20190600
2019-01-31 23:45:00,,20190600,122.390625,20190300,,20190600
2019-02-01 00:00:00,,20190600,122.375,20190300,,20190600
2019-02-01 00:15:00,,20190600,122.421875,20190300,,20190600
2019-02-01 00:30:00,,20190600,122.390625,20190300,,20190600
2019-02-01 00:45:00,,20190600,122.421875,20190300,,20190600
2019-02-01 01:00:00,,20190600,122.375,20190300,,20190600
2019-02-01 01:15:00,,20190600,122.40625,20190300,,20190600
2019-02-01 01:30:00,,20190600,122.40625,20190300,,20190600
2019-02-01 01:45:00,,20190600,122.40625,20190300,,20190600
2019-02-01 02:00:00,,20190600,122.421875,20190300,,20190600
2019-02-01 02:15:00,,20190600,122.390625,20190300,,20190600
2019-02-01 02:30:00,,20190600,122.390625,20190300,,20190600
2019-02-01 02:45:00,,20190600,122.421875,20190300,,20190600
2019-02-01 03:00:00,,20190600,122.421875,20190300,,20190600
2019-02-01 03:15:00,,20190600,122.421875,20190300,,20190600
2019-02-01 03:30:00,,20190600,122.453125,20190300,,20190600
2019-02-01 03:45:00,,20190600,122.5,20190300,,20190600
2019-02-01 04:00:00,,20190600,122.46875,20190300,,20190600
2019-02-01 04:15:00,,20190600,122.46875,20190300,,20190600
2019-02-01 04:30:00,,20190600,122.46875,20190300,,20190600
2019-02-01 04:45:00,,20190600,122.484375,20190300,,20190600
2019-02-01 05:15:00,,20190600,122.46875,20190300,,20190600
2019-02-01 05:30:00,122.75,20190600,122.484375,20190300,122.75,20190600
2019-02-01 05:45:00,,20190600,122.484375,20190300,,20190600
2019-02-01 06:15:00,,20190600,122.5,20190300,,20190600
2019-02-01 06:30:00,,20190600,122.484375,20190300,,20190600
2019-02-01 06:45:00,,20190600,122.46875,20190300,,20190600
2019-02-01 07:00:00,,20190600,122.453125,20190300,,20190600
2019-02-01 07:15:00,,20190600,122.453125,20190300,,20190600
2019-02-01 07:30:00,,20190600,122.453125,20190300,,20190600
2019-02-01 07:45:00,,20190600,122.46875,20190300,,20190600
2019-02-01 08:00:00,,20190600,122.5,20190300,,20190600
2019-02-01 08:15:00,,20190600,122.5,20190300,,20190600
2019-02-01 08:30:00,,20190600,122.453125,20190300,,20190600
2019-02-01 08:45:00,,20190600,122.46875,20190300,,20190600
2019-02-01 09:00:00,,20190600,122.484375,20190300,,20190600
2019-02-01 09:15:00,,20190600,122.46875,20190300,,20190600
2019-02-01 09:30:00,,20190600,122.46875,20190300,,20190600
2019-02-01 09:45:00,,20190600,122.484375,20190300,,20190600
2019-02-01 10:00:00,,20190600,122.46875,20190300,,20190600
2019-02-01 10:15:00,,20190600,122.46875,20190300,,20190600
2019-02-01 10:30:00,,20190600,122.484375,20190300,,20190600
2019-02-01 10:45:00,,20190600,122.515625,20190300,,20190600
2019-02-01 11:00:00,,20190600,122.5,20190300,,20190600
2019-02-01 11:15:00,,20190600,122.5,20190300,,20190600
2019-02-01 11:30:00,,20190600,122.5,20190300,,20190600
2019-02-01 11:45:00,,20190600,122.5,20190300,,20190600
2019-02-01 12:00:00,,20190600,122.46875,20190300,,20190600
2019-02-01 12:15:00,,20190600,122.46875,20190300,,20190600
2019-02-01 12:30:00,122.765625,20190600,122.453125,20190300,122.765625,20190600
2019-02-01 12:45:00,122.75,20190600,122.46875,20190300,122.75,20190600
2019-02-01 13:00:00,,20190600,122.484375,20190300,,20190600
2019-02-01 13:15:00,122.765625,20190600,122.453125,20190300,122.765625,20190600
2019-02-01 13:30:00,122.671875,20190600,122.40625,20190300,122.671875,20190600
2019-02-01 13:45:00,122.59375,20190600,122.328125,20190300,122.59375,20190600
2019-02-01 14:00:00,,20190600,122.3125,20190300,,20190600
2019-02-01 14:15:00,122.5625,20190600,122.28125,20190300,122.5625,20190600
2019-02-01 14:30:00,122.546875,20190600,122.28125,20190300,122.546875,20190600
2019-02-01 14:45:00,,20190600,122.234375,20190300,,20190600
2019-02-01 15:00:00,122.28125,20190600,122.09375,20190300,122.28125,20190600
2019-02-01 15:15:00,122.25,20190600,121.984375,20190300,122.25,20190600
2019-02-01 15:30:00,122.28125,20190600,122.015625,20190300,122.28125,20190600
2019-02-01 15:45:00,122.3125,20190600,122.0625,20190300,122.3125,20190600
2019-02-01 16:00:00,122.328125,20190600,122.015625,20190300,122.328125,20190600
2019-02-01 16:15:00,122.28125,20190600,121.984375,20190300,122.28125,20190600
2019-02-01 16:30:00,122.234375,20190600,121.9375,20190300,122.234375,20190600
2019-02-01 16:45:00,122.203125,20190600,121.9375,20190300,122.203125,20190600
2019-02-01 17:00:00,,20190600,121.96875,20190300,,20190600
2019-02-01 17:15:00,122.25,20190600,121.984375,20190300,122.25,20190600
2019-02-01 17:30:00,122.203125,20190600,121.921875,20190300,122.203125,20190600
2019-02-01 17:45:00,122.171875,20190600,121.90625,20190300,122.171875,20190600
2019-02-01 18:00:00,122.171875,20190600,121.890625,20190300,122.171875,20190600
2019-02-01 18:15:00,,20190600,121.890625,20190300,,20190600
2019-02-01 18:30:00,,20190600,121.90625,20190300,,20190600
2019-02-01 18:45:00,122.1875,20190600,121.90625,20190300,122.1875,20190600
2019-02-01 19:00:00,122.171875,20190600,121.890625,20190300,122.171875,20190600
2019-02-01 19:15:00,,20190600,121.921875,20190300,,20190600
2019-02-01 19:30:00,122.171875,20190600,121.9375,20190300,122.171875,20190600
2019-02-01 19:45:00,122.21875,20190600,121.953125,20190300,122.21875,20190600
2019-02-01 20:00:00,,20190600,121.953125,20190300,,20190600
2019-02-01 20:15:00,122.1875,20190600,121.9375,20190300,122.1875,20190600
2019-02-01 20:30:00,122.1875,20190600,121.9375,20190300,122.1875,20190600
2019-02-01 20:45:00,122.203125,20190600,121.90625,20190300,122.203125,20190600
2019-02-01 21:00:00,,20190600,121.953125,20190300,,20190600
2019-02-01 21:15:00,,20190600,121.96875,20190300,,20190600
2019-02-01 21:30:00,,20190600,121.984375,20190300,,20190600
2019-02-01 21:45:00,,20190600,121.984375,20190300,,20190600
2019-02-01 23:00:00,122.203125,20190600,122.5,20190300,122.203125,20190600
2019-02-03 23:00:00,122.265625,20190600,121.953125,20190300,122.265625,20190600
2019-02-03 23:15:00,122.171875,20190600,121.921875,20190300,122.171875,20190600
2019-02-03 23:30:00,,20190600,121.9375,20190300,,20190600
2019-02-03 23:45:00,,20190600,121.9375,20190300,,20190600
2019-02-04 00:00:00,,20190600,121.921875,20190300,,20190600
2019-02-04 00:15:00,,20190600,121.953125,20190300,,20190600
2019-02-04 00:30:00,,20190600,121.96875,20190300,,20190600
2019-02-04 00:45:00,,20190600,121.953125,20190300,,20190600
2019-02-04 01:00:00,,20190600,121.953125,20190300,,20190600
2019-02-04 01:15:00,,20190600,121.953125,20190300,,20190600
2019-02-04 01:30:00,,20190600,121.96875,20190300,,20190600
2019-02-04 01:45:00,,20190600,121.96875,20190300,,20190600
2019-02-04 02:00:00,,20190600,121.96875,20190300,,20190600
2019-02-04 02:15:00,,20190600,121.953125,20190300,,20190600
2019-02-04 02:30:00,,20190600,121.96875,20190300,,20190600
2019-02-04 02:45:00,,20190600,121.96875,20190300,,20190600
2019-02-04 03:00:00,,20190600,121.953125,20190300,,20190600
2019-02-04 03:15:00,,20190600,121.96875,20190300,,20190600
2019-02-04 03:30:00,,20190600,121.953125,20190300,,20190600
2019-02-04 03:45:00,,20190600,121.96875,20190300,,20190600
2019-02-04 04:00:00,,20190600,121.953125,20190300,,20190600
2019-02-04 04:15:00,,20190600,121.953125,20190300,,20190600
2019-02-04 04:30:00,,20190600,121.953125,20190300,,20190600
2019-02-04 04:45:00,,20190600,121.9375,20190300,,20190600
2019-02-04 05:15:00,,20190600,121.921875,20190300,,20190600
2019-02-04 05:30:00,,20190600,121.953125,20190300,,20190600
2019-02-04 05:45:00,,20190600,121.953125,20190300,,20190600
2019-02-04 06:15:00,,20190600,121.921875,20190300,,20190600
2019-02-04 06:30:00,,20190600,121.90625,20190300,,20190600
2019-02-04 06:45:00,,20190600,121.890625,20190300,,20190600
2019-02-04 07:00:00,,20190600,121.890625,20190300,,20190600
2019-02-04 07:15:00,,20190600,121.90625,20190300,,20190600
2019-02-04 07:30:00,,20190600,121.875,20190300,,20190600
2019-02-04 07:45:00,,20190600,121.875,20190300,,20190600
2019-02-04 08:00:00,,20190600,121.84375,20190300,,20190600
2019-02-04 08:15:00,122.078125,20190600,121.828125,20190300,122.078125,20190600
2019-02-04 08:30:00,,20190600,121.859375,20190300,,20190600
2019-02-04 08:45:00,,20190600,121.875,20190300,,20190600
2019-02-04 09:00:00,,20190600,121.859375,20190300,,20190600
2019-02-04 09:15:00,122.109375,20190600,121.84375,20190300,122.109375,20190600
2019-02-04 09:30:00,,20190600,121.859375,20190300,,20190600
2019-02-04 09:45:00,,20190600,121.859375,20190300,,20190600
2019-02-04 10:00:00,,20190600,121.859375,20190300,,20190600
2019-02-04 10:15:00,,20190600,121.859375,20190300,,20190600
2019-02-04 10:30:00,,20190600,121.875,20190300,,20190600
2019-02-04 10:45:00,122.109375,20190600,121.875,20190300,122.109375,20190600
2019-02-04 11:00:00,,20190600,121.890625,20190300,,20190600
2019-02-04 11:15:00,122.171875,20190600,121.890625,20190300,122.171875,20190600
2019-02-04 11:30:00,,20190600,121.90625,20190300,,20190600
2019-02-04 11:45:00,122.15625,20190600,121.90625,20190300,122.15625,20190600
2019-02-04 12:00:00,,20190600,121.875,20190300,,20190600
2019-02-04 12:15:00,,20190600,121.90625,20190300,,20190600
2019-02-04 12:30:00,,20190600,121.90625,20190300,,20190600
2019-02-04 12:45:00,,20190600,121.890625,20190300,,20190600
2019-02-04 13:00:00,,20190600,121.890625,20190300,,20190600
2019-02-04 13:15:00,,20190600,121.875,20190300,,20190600
2019-02-04 13:30:00,122.078125,20190600,121.796875,20190300,122.078125,20190600
2019-02-04 13:45:00,,20190600,121.765625,20190300,,20190600
2019-02-04 14:00:00,122.015625,20190600,121.78125,20190300,122.015625,20190600
2019-02-04 14:15:00,,20190600,121.75,20190300,,20190600
2019-02-04 14:30:00,122.0,20190600,121.734375,20190300,122.0,20190600
2019-02-04 14:45:00,,20190600,121.703125,20190300,,20190600
2019-02-04 15:00:00,,20190600,121.6875,20190300,,20190600
2019-02-04 15:15:00,121.9375,20190600,121.671875,20190300,121.9375,20190600
2019-02-04 15:30:00,121.921875,20190600,121.65625,20190300,121.921875,20190600
2019-02-04 15:45:00,121.921875,20190600,121.65625,20190300,121.921875,20190600
2019-02-04 16:00:00,121.953125,20190600,121.703125,20190300,121.953125,20190600
2019-02-04 16:15:00,,20190600,121.671875,20190300,,20190600
2019-02-04 16:30:00,121.9375,20190600,121.703125,20190300,121.9375,20190600
2019-02-04 16:45:00,121.9375,20190600,121.6875,20190300,121.9375,20190600
2019-02-04 17:00:00,121.9375,20190600,121.6875,20190300,121.9375,20190600
2019-02-04 17:15:00,,20190600,121.671875,20190300,,20190600
2019-02-04 17:30:00,,20190600,121.6875,20190300,,20190600
2019-02-04 17:45:00,,20190600,121.703125,20190300,,20190600
2019-02-04 18:00:00,121.953125,20190600,121.703125,20190300,121.953125,20190600
2019-02-04 18:15:00,121.984375,20190600,121.71875,20190300,121.984375,20190600
2019-02-04 18:30:00,122.0,20190600,121.71875,20190300,122.0,20190600
2019-02-04 18:45:00,121.96875,20190600,121.734375,20190300,121.96875,20190600
2019-02-04 19:00:00,121.984375,20190600,121.75,20190300,121.984375,20190600
2019-02-04 19:15:00,,20190600,121.71875,20190300,,20190600
2019-02-04 19:30:00,121.96875,20190600,121.734375,20190300,121.96875,20190600
2019-02-04 19:45:00,121.953125,20190600,121.703125,20190300,121.953125,20190600
2019-02-04 20:00:00,,20190600,121.703125,20190300,,20190600
2019-02-04 20:15:00,121.953125,20190600,121.6875,20190300,121.953125,20190600
2019-02-04 20:30:00,121.96875,20190600,121.703125,20190300,121.96875,20190600
2019-02-04 20:45:00,121.953125,20190600,121.6875,20190300,121.953125,20190600
2019-02-04 21:00:00,121.953125,20190600,121.6875,20190300,121.953125,20190600
2019-02-04 21:15:00,,20190600,121.671875,20190300,,20190600
2019-02-04 21:30:00,121.9375,20190600,121.6875,20190300,121.9375,20190600
2019-02-04 21:45:00,,20190600,121.703125,20190300,,20190600
2019-02-04 23:00:00,121.96875,20190600,121.953125,20190300,121.96875,20190600
2019-02-04 23:15:00,,20190600,121.734375,20190300,,20190600
2019-02-04 23:30:00,,20190600,121.75,20190300,,20190600
2019-02-04 23:45:00,,20190600,121.734375,20190300,,20190600
2019-02-05 00:00:00,,20190600,121.734375,20190300,,20190600
2019-02-05 00:15:00,,20190600,121.734375,20190300,,20190600
2019-02-05 00:30:00,,20190600,121.75,20190300,,20190600
2019-02-05 00:45:00,,20190600,121.78125,20190300,,20190600
2019-02-05 01:00:00,,20190600,121.765625,20190300,,20190600
2019-02-05 01:15:00,,20190600,121.75,20190300,,20190600
2019-02-05 01:30:00,,20190600,121.75,20190300,,20190600
2019-02-05 01:45:00,,20190600,121.75,20190300,,20190600
2019-02-05 02:00:00,,20190600,121.75,20190300,,20190600
2019-02-05 02:15:00,,20190600,121.75,20190300,,20190600
2019-02-05 02:30:00,,20190600,121.75,20190300,,20190600
2019-02-05 02:45:00,,20190600,121.734375,20190300,,20190600
2019-02-05 03:00:00,,20190600,121.75,20190300,,20190600
2019-02-05 03:15:00,,20190600,121.75,20190300,,20190600
2019-02-05 03:30:00,,20190600,121.75,20190300,,20190600
2019-02-05 03:45:00,,20190600,121.734375,20190300,,20190600
2019-02-05 04:00:00,,20190600,121.75,20190300,,20190600
2019-02-05 04:15:00,,20190600,121.734375,20190300,,20190600
2019-02-05 04:30:00,,20190600,121.734375,20190300,,20190600
2019-02-05 04:45:00,,20190600,121.75,20190300,,20190600
2019-02-05 05:15:00,122.03125,20190600,121.765625,20190300,122.03125,20190600
2019-02-05 05:30:00,,20190600,121.765625,20190300,,20190600
2019-02-05 05:45:00,,20190600,121.75,20190300,,20190600
2019-02-05 06:15:00,,20190600,121.75,20190300,,20190600
2019-02-05 06:30:00,,20190600,121.75,20190300,,20190600
2019-02-05 06:45:00,,20190600,121.75,20190300,,20190600
2019-02-05 07:00:00,,20190600,121.734375,20190300,,20190600
2019-02-05 07:15:00,,20190600,121.703125,20190300,,20190600
2019-02-05 07:30:00,121.96875,20190600,121.6875,20190300,121.96875,20190600
2019-02-05 07:45:00,,20190600,121.703125,20190300,,20190600
2019-02-05 08:00:00,,20190600,121.734375,20190300,,20190600
2019-02-05 08:15:00,,20190600,121.65625,20190300,,20190600
2019-02-05 08:30:00,,20190600,121.65625,20190300,,20190600
2019-02-05 08:45:00,,20190600,121.640625,20190300,,20190600
2019-02-05 09:00:00,,20190600,121.640625,20190300,,20190600
2019-02-05 09:15:00,,20190600,121.609375,20190300,,20190600
2019-02-05 09:30:00,,20190600,121.640625,20190300,,20190600
2019-02-05 09:45:00,,20190600,121.640625,20190300,,20190600
2019-02-05 10:00:00,,20190600,121.640625,20190300,,20190600
2019-02-05 10:15:00,,20190600,121.640625,20190300,,20190600
2019-02-05 10:30:00,,20190600,121.640625,20190300,,20190600
2019-02-05 10:45:00,,20190600,121.640625,20190300,,20190600
2019-02-05 11:00:00,,20190600,121.625,20190300,,20190600
2019-02-05 11:15:00,121.859375,20190600,121.625,20190300,121.859375,20190600
2019-02-05 11:30:00,,20190600,121.65625,20190300,,20190600
2019-02-05 11:45:00,,20190600,121.65625,20190300,,20190600
2019-02-05 12:00:00,,20190600,121.625,20190300,,20190600
2019-02-05 12:15:00,121.859375,20190600,121.609375,20190300,121.859375,20190600
2019-02-05 12:30:00,,20190600,121.640625,20190300,,20190600
2019-02-05 12:45:00,,20190600,121.625,20190300,,20190600
2019-02-05 13:00:00,,20190600,121.65625,20190300,,20190600
2019-02-05 13:15:00,,20190600,121.6875,20190300,,20190600
2019-02-05 13:30:00,,20190600,121.734375,20190300,,20190600
2019-02-05 13:45:00,,20190600,121.734375,20190300,,20190600
2019-02-05 14:00:00,122.03125,20190600,121.796875,20190300,122.03125,20190600
2019-02-05 14:15:00,,20190600,121.796875,20190300,,20190600
2019-02-05 14:30:00,122.0625,20190600,121.78125,20190300,122.0625,20190600
2019-02-05 14:45:00,122.09375,20190600,121.84375,20190300,122.09375,20190600
2019-02-05 15:00:00,122.09375,20190600,121.859375,20190300,122.09375,20190600
2019-02-05 15:15:00,122.15625,20190600,121.890625,20190300,122.15625,20190600
2019-02-05 15:30:00,122.140625,20190600,121.875,20190300,122.140625,20190600
2019-02-05 15:45:00,122.15625,20190600,121.90625,20190300,122.15625,20190600
2019-02-05 16:00:00,122.171875,20190600,121.90625,20190300,122.171875,20190600
2019-02-05 16:15:00,122.21875,20190600,121.953125,20190300,122.21875,20190600
2019-02-05 16:30:00,,20190600,121.90625,20190300,,20190600
2019-02-05 16:45:00,122.078125,20190600,121.8125,20190300,122.078125,20190600
2019-02-05 17:00:00,122.09375,20190600,121.828125,20190300,122.09375,20190600
2019-02-05 17:15:00,,20190600,121.859375,20190300,,20190600
2019-02-05 17:30:00,122.125,20190600,121.859375,20190300,122.125,20190600
2019-02-05 17:45:00,,20190600,121.84375,20190300,,20190600
2019-02-05 18:00:00,122.1875,20190600,121.90625,20190300,122.1875,20190600
2019-02-05 18:15:00,,20190600,121.890625,20190300,,20190600
2019-02-05 18:30:00,,20190600,121.875,20190300,,20190600
2019-02-05 18:45:00,,20190600,121.84375,20190300,,20190600
2019-02-05 19:00:00,,20190600,121.828125,20190300,,20190600
2019-02-05 19:15:00,,20190600,121.859375,20190300,,20190600
2019-02-05 19:30:00,122.125,20190600,121.875,20190300,122.125,20190600
2019-02-05 19:45:00,122.15625,20190600,121.875,20190300,122.15625,20190600
2019-02-05 20:00:00,122.109375,20190600,121.84375,20190300,122.109375,20190600
2019-02-05 20:15:00,122.09375,20190600,121.828125,20190300,122.09375,20190600
2019-02-05 20:30:00,,20190600,121.84375,20190300,,20190600
2019-02-05 20:45:00,122.125,20190600,121.859375,20190300,122.125,20190600
2019-02-05 21:00:00,,20190600,121.875,20190300,,20190600
2019-02-05 21:15:00,,20190600,121.859375,20190300,,20190600
2019-02-05 21:30:00,122.109375,20190600,121.84375,20190300,122.109375,20190600
2019-02-05 21:45:00,122.09375,20190600,121.875,20190300,122.09375,20190600
2019-02-05 23:00:00,122.125,20190600,121.765625,20190300,122.125,20190600
2019-02-05 23:15:00,,20190600,121.828125,20190300,,20190600
2019-02-05 23:30:00,,20190600,121.828125,20190300,,20190600
2019-02-05 23:45:00,,20190600,121.84375,20190300,,20190600
2019-02-06 00:00:00,,20190600,121.875,20190300,,20190600
2019-02-06 00:15:00,,20190600,121.875,20190300,,20190600
2019-02-06 00:30:00,,20190600,121.859375,20190300,,20190600
2019-02-06 00:45:00,,20190600,121.859375,20190300,,20190600
2019-02-06 01:00:00,,20190600,121.84375,20190300,,20190600
2019-02-06 01:15:00,,20190600,121.84375,20190300,,20190600
2019-02-06 01:30:00,,20190600,121.90625,20190300,,20190600
2019-02-06 01:45:00,,20190600,121.890625,20190300,,20190600
2019-02-06 02:00:00,,20190600,121.890625,20190300,,20190600
2019-02-06 02:15:00,,20190600,121.90625,20190300,,20190600
2019-02-06 02:30:00,,20190600,121.890625,20190300,,20190600
2019-02-06 02:45:00,,20190600,121.890625,20190300,,20190600
2019-02-06 03:00:00,,20190600,121.890625,20190300,,20190600
2019-02-06 03:15:00,,20190600,121.890625,20190300,,20190600
2019-02-06 03:30:00,,20190600,121.90625,20190300,,20190600
2019-02-06 03:45:00,,20190600,121.890625,20190300,,20190600
2019-02-06 04:00:00,,20190600,121.875,20190300,,20190600
2019-02-06 04:15:00,,20190600,121.875,20190300,,20190600
2019-02-06 04:30:00,,20190600,121.859375,20190300,,20190600
2019-02-06 04:45:00,,20190600,121.890625,20190300,,20190600
2019-02-06 05:15:00,,20190600,121.875,20190300,,20190600
2019-02-06 05:30:00,,20190600,121.890625,20190300,,20190600
2019-02-06 05:45:00,,20190600,121.890625,20190300,,20190600
2019-02-06 06:15:00,,20190600,121.921875,20190300,,20190600
2019-02-06 06:30:00,122.171875,20190600,121.921875,20190300,122.171875,20190600
2019-02-06 06:45:00,,20190600,121.90625,20190300,,20190600
2019-02-06 07:00:00,122.203125,20190600,122.015625,20190300,122.203125,20190600
2019-02-06 07:15:00,,20190600,122.03125,20190300,,20190600
2019-02-06 07:30:00,,20190600,122.015625,20190300,,20190600
2019-02-06 07:45:00,,20190600,122.078125,20190300,,20190600
2019-02-06 08:00:00,,20190600,122.015625,20190300,,20190600
2019-02-06 08:15:00,,20190600,122.03125,20190300,,20190600
2019-02-06 08:30:00,,20190600,122.078125,20190300,,20190600
2019-02-06 08:45:00,,20190600,122.046875,20190300,,20190600
2019-02-06 09:00:00,,20190600,122.03125,20190300,,20190600
2019-02-06 09:15:00,,20190600,122.0,20190300,,20190600
2019-02-06 09:30:00,,20190600,122.015625,20190300,,20190600
2019-02-06 09:45:00,,20190600,122.015625,20190300,,20190600
2019-02-06 10:00:00,,20190600,122.03125,20190300,,20190600
2019-02-06 10:15:00,,20190600,122.015625,20190300,,20190600
2019-02-06 10:30:00,,20190600,122.015625,20190300,,20190600
2019-02-06 10:45:00,,20190600,121.96875,20190300,,20190600
2019-02-06 11:00:00,,20190600,121.953125,20190300,,20190600
2019-02-06 11:15:00,,20190600,121.9375,20190300,,20190600
2019-02-06 11:30:00,,20190600,121.96875,20190300,,20190600
2019-02-06 11:45:00,,20190600,121.9375,20190300,,20190600
2019-02-06 12:00:00,,20190600,121.921875,20190300,,20190600
2019-02-06 12:15:00,122.1875,20190600,121.90625,20190300,122.1875,20190600
2019-02-06 12:30:00,122.171875,20190600,121.921875,20190300,122.171875,20190600
2019-02-06 12:45:00,,20190600,121.921875,20190300,,20190600
2019-02-06 13:00:00,122.203125,20190600,121.96875,20190300,122.203125,20190600
2019-02-06 13:15:00,,20190600,121.96875,20190300,,20190600
2019-02-06 13:30:00,,20190600,122.015625,20190300,,20190600
2019-02-06 13:45:00,,20190600,122.015625,20190300,,20190600
2019-02-06 14:00:00,122.328125,20190600,122.078125,20190300,122.328125,20190600
2019-02-06 14:15:00,122.359375,20190600,122.046875,20190300,122.359375,20190600
2019-02-06 14:30:00,122.328125,20190600,122.046875,20190300,122.328125,20190600
2019-02-06 14:45:00,122.296875,20190600,122.015625,20190300,122.296875,20190600
2019-02-06 15:00:00,122.328125,20190600,122.0625,20190300,122.328125,20190600
2019-02-06 15:15:00,122.34375,20190600,122.046875,20190300,122.34375,20190600
2019-02-06 15:30:00,,20190600,122.03125,20190300,,20190600
2019-02-06 15:45:00,122.265625,20190600,122.0,20190300,122.265625,20190600
2019-02-06 16:00:00,122.25,20190600,121.96875,20190300,122.25,20190600
2019-02-06 16:15:00,122.265625,20190600,121.984375,20190300,122.265625,20190600
2019-02-06 16:30:00,,20190600,121.96875,20190300,,20190600
2019-02-06 16:45:00,122.265625,20190600,121.984375,20190300,122.265625,20190600
2019-02-06 17:00:00,122.28125,20190600,122.0,20190300,122.28125,20190600
2019-02-06 17:15:00,122.296875,20190600,122.015625,20190300,122.296875,20190600
2019-02-06 17:30:00,122.28125,20190600,122.015625,20190300,122.28125,20190600
2019-02-06 17:45:00,122.3125,20190600,122.0625,20190300,122.3125,20190600
2019-02-06 18:00:00,122.25,20190600,121.921875,20190300,122.25,20190600
2019-02-06 18:15:00,,20190600,121.890625,20190300,,20190600
2019-02-06 18:30:00,,20190600,121.890625,20190300,,20190600
2019-02-06 18:45:00,,20190600,121.890625,20190300,,20190600
2019-02-06 19:00:00,122.1875,20190600,121.9375,20190300,122.1875,20190600
2019-02-06 19:15:00,122.203125,20190600,121.90625,20190300,122.203125,20190600
2019-02-06 19:30:00,122.21875,20190600,121.9375,20190300,122.21875,20190600
2019-02-06 19:45:00,122.171875,20190600,121.90625,20190300,122.171875,20190600
2019-02-06 20:00:00,,20190600,121.9375,20190300,,20190600
2019-02-06 20:15:00,,20190600,121.921875,20190300,,20190600
2019-02-06 20:30:00,,20190600,121.96875,20190300,,20190600
2019-02-06 20:45:00,122.25,20190600,121.96875,20190300,122.25,20190600
2019-02-06 21:00:00,122.21875,20190600,121.921875,20190300,122.21875,20190600
2019-02-06 21:15:00,,20190600,121.890625,20190300,,20190600
2019-02-06 21:30:00,,20190600,121.90625,20190300,,20190600
2019-02-06 21:45:00,122.1875,20190600,121.9375,20190300,122.1875,20190600
2019-02-06 23:00:00,122.21875,20190600,121.90625,20190300,122.21875,20190600
2019-02-06 23:15:00,,20190600,121.953125,20190300,,20190600
2019-02-06 23:30:00,,20190600,121.921875,20190300,,20190600
2019-02-06 23:45:00,,20190600,121.921875,20190300,,20190600
2019-02-07 00:00:00,,20190600,121.96875,20190300,,20190600
2019-02-07 00:15:00,,20190600,121.96875,20190300,,20190600
2019-02-07 00:30:00,,20190600,121.984375,20190300,,20190600
2019-02-07 00:45:00,,20190600,121.96875,20190300,,20190600
2019-02-07 01:00:00,122.28125,20190600,122.015625,20190300,122.28125,20190600
2019-02-07 01:15:00,,20190600,122.015625,20190300,,20190600
2019-02-07 01:30:00,,20190600,122.015625,20190300,,20190600
2019-02-07 01:45:00,122.28125,20190600,122.0,20190300,122.28125,20190600
2019-02-07 02:00:00,,20190600,122.0,20190300,,20190600
2019-02-07 02:15:00,,20190600,121.984375,20190300,,20190600
2019-02-07 02:30:00,,20190600,121.96875,20190300,,20190600
2019-02-07 02:45:00,,20190600,121.96875,20190300,,20190600
2019-02-07 03:00:00,,20190600,121.953125,20190300,,20190600
2019-02-07 03:15:00,,20190600,121.96875,20190300,,20190600
2019-02-07 03:30:00,,20190600,121.984375,20190300,,20190600
2019-02-07 03:45:00,,20190600,121.96875,20190300,,20190600
2019-02-07 04:00:00,,20190600,121.953125,20190300,,20190600
2019-02-07 04:15:00,,20190600,121.953125,20190300,,20190600
2019-02-07 04:30:00,,20190600,121.953125,20190300,,20190600
2019-02-07 04:45:00,,20190600,121.96875,20190300,,20190600
2019-02-07 05:15:00,,20190600,121.96875,20190300,,20190600
2019-02-07 05:30:00,,20190600,121.953125,20190300,,20190600
2019-02-07 05:45:00,,20190600,121.953125,20190300,,20190600
2019-02-07 06:15:00,,20190600,121.96875,20190300,,20190600
2019-02-07 06:30:00,,20190600,121.96875,20190300,,20190600
2019-02-07 06:45:00,,20190600,121.96875,20190300,,20190600
2019-02-07 07:00:00,,20190600,122.0,20190300,,20190600
2019-02-07 07:15:00,,20190600,122.03125,20190300,,20190600
2019-02-07 07:30:00,,20190600,122.0625,20190300,,20190600
2019-02-07 07:45:00,122.34375,20190600,122.03125,20190300,122.34375,20190600
2019-02-07 08:00:00,,20190600,122.03125,20190300,,20190600
2019-02-07 08:15:00,,20190600,122.03125,20190300,,20190600
2019-02-07 08:30:00,,20190600,122.046875,20190300,,20190600
2019-02-07 08:45:00,,20190600,122.0,20190300,,20190600
2019-02-07 09:00:00,,20190600,122.0,20190300,,20190600
2019-02-07 09:15:00,122.28125,20190600,122.0,20190300,122.28125,20190600
2019-02-07 09:30:00,,20190600,122.015625,20190300,,20190600
2019-02-07 09:45:00,,20190600,122.0,20190300,,20190600
2019-02-07 10:00:00,122.359375,20190600,122.109375,20190300,122.359375,20190600
2019-02-07 10:15:00,122.40625,20190600,122.125,20190300,122.40625,20190600
2019-02-07 10:30:00,122.375,20190600,122.109375,20190300,122.375,20190600
2019-02-07 10:45:00,122.40625,20190600,122.125,20190300,122.40625,20190600
2019-02-07 11:00:00,122.453125,20190600,122.171875,20190300,122.453125,20190600
2019-02-07 11:15:00,122.46875,20190600,122.171875,20190300,122.46875,20190600
2019-02-07 11:30:00,122.421875,20190600,122.140625,20190300,122.421875,20190600
2019-02-07 11:45:00,122.453125,20190600,122.15625,20190300,122.453125,20190600
2019-02-07 12:00:00,122.484375,20190600,122.203125,20190300,122.484375,20190600
2019-02-07 12:15:00,,20190600,122.1875,20190300,,20190600
2019-02-07 12:30:00,,20190600,122.21875,20190300,,20190600
2019-02-07 12:45:00,122.5,20190600,122.21875,20190300,122.5,20190600
2019-02-07 13:00:00,122.484375,20190600,122.21875,20190300,122.484375,20190600
2019-02-07 13:15:00,122.5,20190600,122.203125,20190300,122.5,20190600
2019-02-07 13:30:00,122.484375,20190600,122.203125,20190300,122.484375,20190600
2019-02-07 13:45:00,122.4375,20190600,122.140625,20190300,122.4375,20190600
2019-02-07 14:00:00,122.453125,20190600,122.171875,20190300,122.453125,20190600
2019-02-07 14:15:00,,20190600,122.203125,20190300,,20190600
2019-02-07 14:30:00,122.5,20190600,122.21875,20190300,122.5,20190600
2019-02-07 14:45:00,122.46875,20190600,122.171875,20190300,122.46875,20190600
2019-02-07 15:00:00,122.4375,20190600,122.15625,20190300,122.4375,20190600
2019-02-07 15:15:00,122.421875,20190600,122.15625,20190300,122.421875,20190600
2019-02-07 15:30:00,122.40625,20190600,122.15625,20190300,122.40625,20190600
2019-02-07 15:45:00,122.46875,20190600,122.21875,20190300,122.46875,20190600
2019-02-07 16:00:00,122.5,20190600,122.21875,20190300,122.5,20190600
2019-02-07 16:15:00,122.46875,20190600,122.171875,20190300,122.46875,20190600
2019-02-07 16:30:00,122.5,20190600,122.1875,20190300,122.5,20190600
2019-02-07 16:45:00,122.484375,20190600,122.203125,20190300,122.484375,20190600
2019-02-07 17:00:00,,20190600,122.1875,20190300,,20190600
2019-02-07 17:15:00,122.453125,20190600,122.15625,20190300,122.453125,20190600
2019-02-07 17:30:00,122.421875,20190600,122.140625,20190300,122.421875,20190600
2019-02-07 17:45:00,122.453125,20190600,122.140625,20190300,122.453125,20190600
2019-02-07 18:00:00,122.46875,20190600,122.1875,20190300,122.46875,20190600
2019-02-07 18:15:00,122.5,20190600,122.1875,20190300,122.5,20190600
2019-02-07 18:30:00,122.515625,20190600,122.234375,20190300,122.515625,20190600
2019-02-07 18:45:00,122.515625,20190600,122.234375,20190300,122.515625,20190600
2019-02-07 19:00:00,122.546875,20190600,122.25,20190300,122.546875,20190600
2019-02-07 19:15:00,122.53125,20190600,122.234375,20190300,122.53125,20190600
2019-02-07 19:30:00,122.5,20190600,122.203125,20190300,122.5,20190600
2019-02-07 19:45:00,122.5625,20190600,122.28125,20190300,122.5625,20190600
2019-02-07 20:00:00,122.578125,20190600,122.265625,20190300,122.578125,20190600
2019-02-07 20:15:00,122.5625,20190600,122.28125,20190300,122.5625,20190600
2019-02-07 20:30:00,122.53125,20190600,122.25,20190300,122.53125,20190600
2019-02-07 20:45:00,122.546875,20190600,122.234375,20190300,122.546875,20190600
2019-02-07 21:00:00,122.515625,20190600,122.203125,20190300,122.515625,20190600
2019-02-07 21:15:00,,20190600,122.21875,20190300,,20190600
2019-02-07 21:30:00,,20190600,122.234375,20190300,,20190600
2019-02-07 21:45:00,122.484375,20190600,122.21875,20190300,122.484375,20190600
2019-02-07 23:00:00,122.515625,20190600,121.953125,20190300,122.515625,20190600
2019-02-07 23:15:00,122.5,20190600,122.203125,20190300,122.5,20190600
2019-02-07 23:30:00,122.46875,20190600,122.21875,20190300,122.46875,20190600
2019-02-07 23:45:00,122.515625,20190600,122.234375,20190300,122.515625,20190600
2019-02-08 00:00:00,,20190600,122.21875,20190300,,20190600
2019-02-08 00:15:00,,20190600,122.1875,20190300,,20190600
2019-02-08 00:30:00,,20190600,122.234375,20190300,,20190600
2019-02-08 00:45:00,,20190600,122.234375,20190300,,20190600
2019-02-08 01:00:00,,20190600,122.234375,20190300,,20190600
2019-02-08 01:15:00,,20190600,122.25,20190300,,20190600
2019-02-08 01:30:00,,20190600,122.265625,20190300,,20190600
2019-02-08 01:45:00,,20190600,122.265625,20190300,,20190600
2019-02-08 02:00:00,122.5625,20190600,122.28125,20190300,122.5625,20190600
2019-02-08 02:15:00,,20190600,122.28125,20190300,,20190600
2019-02-08 02:30:00,,20190600,122.265625,20190300,,20190600
2019-02-08 02:45:00,122.578125,20190600,122.28125,20190300,122.578125,20190600
2019-02-08 03:00:00,,20190600,122.296875,20190300,,20190600
2019-02-08 03:15:00,122.578125,20190600,122.3125,20190300,122.578125,20190600
2019-02-08 03:30:00,,20190600,122.3125,20190300,,20190600
2019-02-08 03:45:00,122.625,20190600,122.34375,20190300,122.625,20190600
2019-02-08 04:00:00,122.609375,20190600,122.296875,20190300,122.609375,20190600
2019-02-08 04:15:00,,20190600,122.296875,20190300,,20190600
2019-02-08 04:30:00,,20190600,122.3125,20190300,,20190600
2019-02-08 04:45:00,,20190600,122.296875,20190300,,20190600
2019-02-08 05:15:00,122.59375,20190600,122.28125,20190300,122.59375,20190600
2019-02-08 05:30:00,,20190600,122.296875,20190300,,20190600
2019-02-08 05:45:00,,20190600,122.28125,20190300,,20190600
2019-02-08 06:15:00,,20190600,122.28125,20190300,,20190600
2019-02-08 06:30:00,122.5625,20190600,122.28125,20190300,122.5625,20190600
2019-02-08 06:45:00,,20190600,122.296875,20190300,,20190600
2019-02-08 07:00:00,,20190600,122.234375,20190300,,20190600
2019-02-08 07:15:00,,20190600,122.25,20190300,,20190600
2019-02-08 07:30:00,,20190600,122.3125,20190300,,20190600
2019-02-08 07:45:00,,20190600,122.265625,20190300,,20190600
2019-02-08 08:00:00,,20190600,122.265625,20190300,,20190600
2019-02-08 08:15:00,122.5625,20190600,122.265625,20190300,122.5625,20190600
2019-02-08 08:30:00,,20190600,122.265625,20190300,,20190600
2019-02-08 08:45:00,,20190600,122.296875,20190300,,20190600
2019-02-08 09:00:00,,20190600,122.234375,20190300,,20190600
2019-02-08 09:15:00,,20190600,122.28125,20190300,,20190600
2019-02-08 09:30:00,,20190600,122.265625,20190300,,20190600
2019-02-08 09:45:00,122.578125,20190600,122.296875,20190300,122.578125,20190600
2019-02-08 10:00:00,,20190600,122.3125,20190300,,20190600
2019-02-08 10:15:00,,20190600,122.28125,20190300,,20190600
2019-02-08 10:30:00,122.59375,20190600,122.3125,20190300,122.59375,20190600
2019-02-08 10:45:00,122.578125,20190600,122.296875,20190300,122.578125,20190600
2019-02-08 11:00:00,,20190600,122.28125,20190300,,20190600
2019-02-08 11:15:00,,20190600,122.28125,20190300,,20190600
2019-02-08 11:30:00,,20190600,122.28125,20190300,,20190600
2019-02-08 11:45:00,122.59375,20190600,122.3125,20190300,122.59375,20190600
2019-02-08 12:00:00,122.625,20190600,122.328125,20190300,122.625,20190600
2019-02-08 12:15:00,122.625,20190600,122.328125,20190300,122.625,20190600
2019-02-08 12:30:00,122.640625,20190600,122.375,20190300,122.640625,20190600
2019-02-08 12:45:00,122.640625,20190600,122.359375,20190300,122.640625,20190600
2019-02-08 13:00:00,122.65625,20190600,122.359375,20190300,122.65625,20190600
2019-02-08 13:15:00,122.609375,20190600,122.3125,20190300,122.609375,20190600
2019-02-08 13:30:00,122.578125,20190600,122.265625,20190300,122.578125,20190600
2019-02-08 13:45:00,,20190600,122.3125,20190300,,20190600
2019-02-08 14:00:00,122.65625,20190600,122.375,20190300,122.65625,20190600
2019-02-08 14:15:00,122.65625,20190600,122.375,20190300,122.65625,20190600
2019-02-08 14:30:00,122.65625,20190600,122.359375,20190300,122.65625,20190600
2019-02-08 14:45:00,122.703125,20190600,122.40625,20190300,122.703125,20190600
2019-02-08 15:00:00,122.71875,20190600,122.4375,20190300,122.71875,20190600
2019-02-08 15:15:00,122.6875,20190600,122.390625,20190300,122.6875,20190600
2019-02-08 15:30:00,122.6875,20190600,122.40625,20190300,122.6875,20190600
2019-02-08 15:45:00,122.71875,20190600,122.421875,20190300,122.71875,20190600
2019-02-08 16:00:00,122.734375,20190600,122.390625,20190300,122.734375,20190600
2019-02-08 16:15:00,122.734375,20190600,122.4375,20190300,122.734375,20190600
2019-02-08 16:30:00,122.734375,20190600,122.453125,20190300,122.734375,20190600
2019-02-08 16:45:00,122.671875,20190600,122.375,20190300,122.671875,20190600
2019-02-08 17:00:00,122.6875,20190600,122.390625,20190300,122.6875,20190600
2019-02-08 17:15:00,,20190600,122.390625,20190300,,20190600
2019-02-08 17:30:00,122.671875,20190600,122.390625,20190300,122.671875,20190600
2019-02-08 17:45:00,122.6875,20190600,122.40625,20190300,122.6875,20190600
2019-02-08 18:00:00,122.6875,20190600,122.359375,20190300,122.6875,20190600
2019-02-08 18:15:00,122.671875,20190600,122.375,20190300,122.671875,20190600
2019-02-08 18:30:00,122.671875,20190600,122.359375,20190300,122.671875,20190600
2019-02-08 18:45:00,122.65625,20190600,122.375,20190300,122.65625,20190600
2019-02-08 19:00:00,122.6875,20190600,122.390625,20190300,122.6875,20190600
2019-02-08 19:15:00,122.65625,20190600,122.359375,20190300,122.65625,20190600
2019-02-08 19:30:00,,20190600,122.375,20190300,,20190600
2019-02-08 19:45:00,,20190600,122.359375,20190300,,20190600
2019-02-08 20:00:00,122.671875,20190600,122.359375,20190300,122.671875,20190600
2019-02-08 20:15:00,122.671875,20190600,122.375,20190300,122.671875,20190600
2019-02-08 20:30:00,122.65625,20190600,122.359375,20190300,122.65625,20190600
2019-02-08 20:45:00,122.625,20190600,122.3125,20190300,122.625,20190600
2019-02-08 21:00:00,,20190600,122.328125,20190300,,20190600
2019-02-08 21:15:00,,20190600,122.375,20190300,,20190600
2019-02-08 21:30:00,,20190600,122.359375,20190300,,20190600
2019-02-08 21:45:00,122.609375,20190600,122.328125,20190300,122.609375,20190600
2019-02-08 23:00:00,122.625,20190600,122.28125,20190300,122.625,20190600
2019-02-10 23:00:00,122.609375,20190600,122.34375,20190300,122.609375,20190600
2019-02-10 23:15:00,,20190600,122.328125,20190300,,20190600
2019-02-10 23:30:00,,20190600,122.328125,20190300,,20190600
2019-02-10 23:45:00,122.625,20190600,122.34375,20190300,122.625,20190600
2019-02-11 00:00:00,,20190600,122.359375,20190300,,20190600
2019-02-11 00:15:00,122.640625,20190600,122.359375,20190300,122.640625,20190600
2019-02-11 00:30:00,,20190600,122.359375,20190300,,20190600
2019-02-11 00:45:00,,20190600,122.359375,20190300,,20190600
2019-02-11 01:00:00,,20190600,122.359375,20190300,,20190600
2019-02-11 01:15:00,,20190600,122.375,20190300,,20190600
2019-02-11 01:30:00,,20190600,122.375,20190300,,20190600
2019-02-11 01:45:00,,20190600,122.375,20190300,,20190600
2019-02-11 02:00:00,,20190600,122.375,20190300,,20190600
2019-02-11 02:15:00,122.65625,20190600,122.359375,20190300,122.65625,20190600
2019-02-11 02:30:00,,20190600,122.359375,20190300,,20190600
2019-02-11 02:45:00,,20190600,122.34375,20190300,,20190600
2019-02-11 03:00:00,,20190600,122.34375,20190300,,20190600
2019-02-11 03:15:00,,20190600,122.34375,20190300,,20190600
2019-02-11 03:30:00,,20190600,122.359375,20190300,,20190600
2019-02-11 03:45:00,,20190600,122.375,20190300,,20190600
2019-02-11 04:00:00,,20190600,122.359375,20190300,,20190600
2019-02-11 04:15:00,,20190600,122.359375,20190300,,20190600
2019-02-11 04:30:00,,20190600,122.359375,20190300,,20190600
2019-02-11 04:45:00,,20190600,122.359375,20190300,,20190600
2019-02-11 05:15:00,,20190600,122.375,20190300,,20190600
2019-02-11 05:30:00,,20190600,122.40625,20190300,,20190600
2019-02-11 05:45:00,,20190600,122.390625,20190300,,20190600
2019-02-11 06:15:00,,20190600,122.390625,20190300,,20190600
2019-02-11 06:30:00,122.671875,20190600,122.359375,20190300,122.671875,20190600
2019-02-11 06:45:00,122.65625,20190600,122.34375,20190300,122.65625,20190600
2019-02-11 07:00:00,,20190600,122.34375,20190300,,20190600
2019-02-11 07:15:00,,20190600,122.328125,20190300,,20190600
2019-02-11 07:30:00,,20190600,122.3125,20190300,,20190600
2019-02-11 07:45:00,122.578125,20190600,122.296875,20190300,122.578125,20190600
2019-02-11 08:00:00,122.59375,20190600,122.3125,20190300,122.59375,20190600
2019-02-11 08:15:00,,20190600,122.28125,20190300,,20190600
2019-02-11 08:30:00,,20190600,122.28125,20190300,,20190600
2019-02-11 08:45:00,122.5625,20190600,122.25,20190300,122.5625,20190600
2019-02-11 09:00:00,122.46875,20190600,122.234375,20190300,122.46875,20190600
2019-02-11 09:15:00,122.515625,20190600,122.234375,20190300,122.515625,20190600
2019-02-11 09:30:00,,20190600,122.25,20190300,,20190600
2019-02-11 09:45:00,122.53125,20190600,122.25,20190300,122.53125,20190600
2019-02-11 10:00:00,,20190600,122.25,20190300,,20190600
2019-02-11 10:15:00,122.53125,20190600,122.234375,20190300,122.53125,20190600
2019-02-11 10:30:00,,20190600,122.265625,20190300,,20190600
2019-02-11 10:45:00,,20190600,122.28125,20190300,,20190600
2019-02-11 11:00:00,122.5625,20190600,122.296875,20190300,122.5625,20190600
2019-02-11 11:15:00,,20190600,122.25,20190300,,20190600
2019-02-11 11:30:00,,20190600,122.265625,20190300,,20190600
2019-02-11 11:45:00,,20190600,122.265625,20190300,,20190600
2019-02-11 12:00:00,,20190600,122.25,20190300,,20190600
2019-02-11 12:15:00,,20190600,122.234375,20190300,,20190600
2019-02-11 12:30:00,122.53125,20190600,122.234375,20190300,122.53125,20190600
2019-02-11 12:45:00,,20190600,122.234375,20190300,,20190600
2019-02-11 13:00:00,,20190600,122.25,20190300,,20190600
2019-02-11 13:15:00,122.515625,20190600,122.234375,20190300,122.515625,20190600
2019-02-11 13:30:00,122.421875,20190600,122.140625,20190300,122.421875,20190600
2019-02-11 13:45:00,122.40625,20190600,122.15625,20190300,122.40625,20190600
2019-02-11 14:00:00,122.375,20190600,122.109375,20190300,122.375,20190600
2019-02-11 14:15:00,122.4375,20190600,122.140625,20190300,122.4375,20190600
2019-02-11 14:30:00,122.453125,20190600,122.1875,20190300,122.453125,20190600
2019-02-11 14:45:00,122.46875,20190600,122.1875,20190300,122.46875,20190600
2019-02-11 15:00:00,122.453125,20190600,122.171875,20190300,122.453125,20190600
2019-02-11 15:15:00,122.5,20190600,122.21875,20190300,122.5,20190600
2019-02-11 15:30:00,122.5,20190600,122.203125,20190300,122.5,20190600
2019-02-11 15:45:00,122.46875,20190600,122.1875,20190300,122.46875,20190600
2019-02-11 16:00:00,122.5,20190600,122.234375,20190300,122.5,20190600
2019-02-11 16:15:00,122.46875,20190600,122.203125,20190300,122.46875,20190600
2019-02-11 16:30:00,122.46875,20190600,122.1875,20190300,122.46875,20190600
2019-02-11 16:45:00,122.453125,20190600,122.15625,20190300,122.453125,20190600
2019-02-11 17:00:00,122.40625,20190600,122.125,20190300,122.40625,20190600
2019-02-11 17:15:00,122.375,20190600,122.109375,20190300,122.375,20190600
2019-02-11 17:30:00,,20190600,122.109375,20190300,,20190600
2019-02-11 17:45:00,122.359375,20190600,122.09375,20190300,122.359375,20190600
2019-02-11 18:00:00,122.359375,20190600,122.09375,20190300,122.359375,20190600
2019-02-11 18:15:00,122.40625,20190600,122.140625,20190300,122.40625,20190600
2019-02-11 18:30:00,122.421875,20190600,122.140625,20190300,122.421875,20190600
2019-02-11 18:45:00,122.390625,20190600,122.125,20190300,122.390625,20190600
2019-02-11 19:00:00,122.40625,20190600,122.125,20190300,122.40625,20190600
2019-02-11 19:15:00,122.421875,20190600,122.140625,20190300,122.421875,20190600
2019-02-11 19:30:00,122.421875,20190600,122.109375,20190300,122.421875,20190600
2019-02-11 19:45:00,,20190600,122.125,20190300,,20190600
2019-02-11 20:00:00,122.453125,20190600,122.171875,20190300,122.453125,20190600
2019-02-11 20:15:00,122.453125,20190600,122.171875,20190300,122.453125,20190600
2019-02-11 20:30:00,122.453125,20190600,122.15625,20190300,122.453125,20190600
2019-02-11 20:45:00,122.4375,20190600,122.140625,20190300,122.4375,20190600
2019-02-11 21:00:00,122.4375,20190600,122.15625,20190300,122.4375,20190600
2019-02-11 21:15:00,122.453125,20190600,122.15625,20190300,122.453125,20190600
2019-02-11 21:30:00,122.453125,20190600,122.171875,20190300,122.453125,20190600
2019-02-11 21:45:00,122.453125,20190600,122.171875,20190300,122.453125,20190600
2019-02-11 23:00:00,122.453125,20190600,122.375,20190300,122.453125,20190600
2019-02-11 23:15:00,,20190600,122.1875,20190300,,20190600
2019-02-11 23:30:00,,20190600,122.1875,20190300,,20190600
2019-02-11 23:45:00,,20190600,122.171875,20190300,,20190600
2019-02-12 00:00:00,,20190600,122.171875,20190300,,20190600
2019-02-12 00:15:00,122.46875,20190600,122.171875,20190300,122.46875,20190600
2019-02-12 00:30:00,122.4375,20190600,122.140625,20190300,122.4375,20190600
2019-02-12 00:45:00,,20190600,122.15625,20190300,,20190600
2019-02-12 01:00:00,122.4375,20190600,122.15625,20190300,122.4375,20190600
2019-02-12 01:15:00,122.4375,20190600,122.109375,20190300,122.4375,20190600
2019-02-12 01:30:00,122.34375,20190600,122.046875,20190300,122.34375,20190600
2019-02-12 01:45:00,,20190600,122.015625,20190300,,20190600
2019-02-12 02:00:00,122.28125,20190600,122.0,20190300,122.28125,20190600
2019-02-12 02:15:00,122.3125,20190600,122.015625,20190300,122.3125,20190600
2019-02-12 02:30:00,122.265625,20190600,121.984375,20190300,122.265625,20190600
2019-02-12 02:45:00,122.265625,20190600,121.984375,20190300,122.265625,20190600
2019-02-12 03:00:00,122.28125,20190600,122.0,20190300,122.28125,20190600
2019-02-12 03:15:00,122.265625,20190600,121.984375,20190300,122.265625,20190600
2019-02-12 03:30:00,,20190600,121.96875,20190300,,20190600
2019-02-12 03:45:00,122.234375,20190600,121.953125,20190300,122.234375,20190600
2019-02-12 04:00:00,,20190600,121.96875,20190300,,20190600
2019-02-12 04:15:00,122.234375,20190600,121.953125,20190300,122.234375,20190600
2019-02-12 04:30:00,,20190600,121.953125,20190300,,20190600
2019-02-12 04:45:00,,20190600,121.953125,20190300,,20190600
2019-02-12 05:15:00,,20190600,121.96875,20190300,,20190600
2019-02-12 05:30:00,,20190600,121.96875,20190300,,20190600
2019-02-12 05:45:00,,20190600,121.96875,20190300,,20190600
2019-02-12 06:15:00,122.234375,20190600,121.96875,20190300,122.234375,20190600
2019-02-12 06:30:00,122.265625,20190600,121.96875,20190300,122.265625,20190600
2019-02-12 06:45:00,,20190600,122.0,20190300,,20190600
2019-02-12 07:00:00,122.28125,20190600,122.015625,20190300,122.28125,20190600
2019-02-12 07:15:00,122.296875,20190600,122.0,20190300,122.296875,20190600
2019-02-12 07:30:00,122.265625,20190600,121.96875,20190300,122.265625,20190600
2019-02-12 07:45:00,122.265625,20190600,121.953125,20190300,122.265625,20190600
2019-02-12 08:00:00,122.265625,20190600,122.0,20190300,122.265625,20190600
2019-02-12 08:15:00,122.34375,20190600,122.046875,20190300,122.34375,20190600
2019-02-12 08:30:00,122.296875,20190600,122.015625,20190300,122.296875,20190600
2019-02-12 08:45:00,,20190600,122.0,20190300,,20190600
2019-02-12 09:00:00,,20190600,121.96875,20190300,,20190600
2019-02-12 09:15:00,122.234375,20190600,121.953125,20190300,122.234375,20190600
2019-02-12 09:30:00,122.25,20190600,121.9375,20190300,122.25,20190600
2019-02-12 09:45:00,,20190600,121.96875,20190300,,20190600
2019-02-12 10:00:00,,20190600,121.9375,20190300,,20190600
2019-02-12 10:15:00,,20190600,121.9375,20190300,,20190600
2019-02-12 10:30:00,,20190600,121.984375,20190300,,20190600
2019-02-12 10:45:00,122.25,20190600,121.96875,20190300,122.25,20190600
2019-02-12 11:00:00,122.265625,20190600,121.984375,20190300,122.265625,20190600
2019-02-12 11:15:00,122.25,20190600,121.953125,20190300,122.25,20190600
2019-02-12 11:30:00,,20190600,121.96875,20190300,,20190600
2019-02-12 11:45:00,,20190600,121.953125,20190300,,20190600
2019-02-12 12:00:00,122.203125,20190600,121.921875,20190300,122.203125,20190600
2019-02-12 12:15:00,122.203125,20190600,121.90625,20190300,122.203125,20190600
2019-02-12 12:30:00,122.203125,20190600,121.921875,20190300,122.203125,20190600
2019-02-12 12:45:00,122.21875,20190600,121.921875,20190300,122.21875,20190600
2019-02-12 13:00:00,122.21875,20190600,121.9375,20190300,122.21875,20190600
2019-02-12 13:15:00,122.21875,20190600,121.953125,20190300,122.21875,20190600
2019-02-12 13:30:00,122.25,20190600,121.96875,20190300,122.25,20190600
2019-02-12 13:45:00,,20190600,121.984375,20190300,,20190600
2019-02-12 14:00:00,122.3125,20190600,122.03125,20190300,122.3125,20190600
2019-02-12 14:15:00,122.359375,20190600,122.078125,20190300,122.359375,20190600
2019-02-12 14:30:00,122.34375,20190600,122.046875,20190300,122.34375,20190600
2019-02-12 14:45:00,122.28125,20190600,122.015625,20190300,122.28125,20190600
2019-02-12 15:00:00,122.28125,20190600,121.96875,20190300,122.28125,20190600
2019-02-12 15:15:00,122.265625,20190600,122.0,20190300,122.265625,20190600
2019-02-12 15:30:00,122.265625,20190600,121.984375,20190300,122.265625,20190600
2019-02-12 15:45:00,122.21875,20190600,121.9375,20190300,122.21875,20190600
2019-02-12 16:00:00,122.25,20190600,121.9375,20190300,122.25,20190600
2019-02-12 16:15:00,,20190600,121.9375,20190300,,20190600
2019-02-12 16:30:00,122.234375,20190600,121.953125,20190300,122.234375,20190600
2019-02-12 16:45:00,122.203125,20190600,121.921875,20190300,122.203125,20190600
2019-02-12 17:00:00,122.203125,20190600,121.9375,20190300,122.203125,20190600
2019-02-12 17:15:00,122.234375,20190600,121.9375,20190300,122.234375,20190600
2019-02-12 17:30:00,,20190600,121.953125,20190300,,20190600
2019-02-12 17:45:00,122.234375,20190600,121.953125,20190300,122.234375,20190600
2019-02-12 18:00:00,122.234375,20190600,121.953125,20190300,122.234375,20190600
2019-02-12 18:15:00,,20190600,121.96875,20190300,,20190600
2019-02-12 18:30:00,122.21875,20190600,121.9375,20190300,122.21875,20190600
2019-02-12 18:45:00,,20190600,121.953125,20190300,,20190600
2019-02-12 19:00:00,122.25,20190600,121.96875,20190300,122.25,20190600
2019-02-12 19:15:00,122.234375,20190600,121.96875,20190300,122.234375,20190600
2019-02-12 19:30:00,122.25,20190600,121.953125,20190300,122.25,20190600
2019-02-12 19:45:00,,20190600,121.953125,20190300,,20190600
2019-02-12 20:00:00,122.21875,20190600,121.953125,20190300,122.21875,20190600
2019-02-12 20:15:00,122.234375,20190600,121.96875,20190300,122.234375,20190600
2019-02-12 20:30:00,122.265625,20190600,121.984375,20190300,122.265625,20190600
2019-02-12 20:45:00,122.265625,20190600,121.984375,20190300,122.265625,20190600
2019-02-12 21:00:00,122.25,20190600,121.96875,20190300,122.25,20190600
2019-02-12 21:15:00,,20190600,121.984375,20190300,,20190600
2019-02-12 21:30:00,122.25,20190600,121.9375,20190300,122.25,20190600
2019-02-12 21:45:00,122.234375,20190600,121.921875,20190300,122.234375,20190600
2019-02-12 23:00:00,122.234375,20190600,121.953125,20190300,122.234375,20190600
2019-02-12 23:15:00,,20190600,121.953125,20190300,,20190600
2019-02-12 23:30:00,,20190600,121.921875,20190300,,20190600
2019-02-12 23:45:00,122.140625,20190600,121.875,20190300,122.140625,20190600
2019-02-13 00:00:00,,20190600,121.875,20190300,,20190600
2019-02-13 00:15:00,122.15625,20190600,121.890625,20190300,122.15625,20190600
2019-02-13 00:30:00,122.140625,20190600,121.875,20190300,122.140625,20190600
2019-02-13 00:45:00,122.125,20190600,121.859375,20190300,122.125,20190600
2019-02-13 01:00:00,122.125,20190600,121.84375,20190300,122.125,20190600
2019-02-13 01:15:00,,20190600,121.875,20190300,,20190600
2019-02-13 01:30:00,,20190600,121.875,20190300,,20190600
2019-02-13 01:45:00,,20190600,121.84375,20190300,,20190600
2019-02-13 02:00:00,,20190600,121.875,20190300,,20190600
2019-02-13 02:15:00,122.140625,20190600,121.859375,20190300,122.140625,20190600
2019-02-13 02:30:00,122.125,20190600,121.84375,20190300,122.125,20190600
2019-02-13 02:45:00,,20190600,121.875,20190300,,20190600
2019-02-13 03:00:00,,20190600,121.875,20190300,,20190600
2019-02-13 03:15:00,,20190600,121.890625,20190300,,20190600
2019-02-13 03:30:00,,20190600,121.875,20190300,,20190600
2019-02-13 03:45:00,,20190600,121.875,20190300,,20190600
2019-02-13 04:00:00,,20190600,121.875,20190300,,20190600
2019-02-13 04:15:00,,20190600,121.890625,20190300,,20190600
2019-02-13 04:30:00,,20190600,121.890625,20190300,,20190600
2019-02-13 04:45:00,122.140625,20190600,121.875,20190300,122.140625,20190600
2019-02-13 05:15:00,,20190600,121.875,20190300,,20190600
2019-02-13 05:30:00,,20190600,121.875,20190300,,20190600
2019-02-13 05:45:00,,20190600,121.890625,20190300,,20190600
2019-02-13 06:15:00,,20190600,121.890625,20190300,,20190600
2019-02-13 06:30:00,122.140625,20190600,121.875,20190300,122.140625,20190600
2019-02-13 06:45:00,,20190600,121.859375,20190300,,20190600
2019-02-13 07:00:00,122.125,20190600,121.84375,20190300,122.125,20190600
2019-02-13 07:15:00,122.15625,20190600,121.890625,20190300,122.15625,20190600
2019-02-13 07:30:00,122.15625,20190600,121.890625,20190300,122.15625,20190600
2019-02-13 07:45:00,,20190600,121.890625,20190300,,20190600
2019-02-13 08:00:00,122.1875,20190600,121.921875,20190300,122.1875,20190600
2019-02-13 08:15:00,122.203125,20190600,121.921875,20190300,122.203125,20190600
2019-02-13 08:30:00,,20190600,121.921875,20190300,,20190600
2019-02-13 08:45:00,122.1875,20190600,121.9375,20190300,122.1875,20190600
2019-02-13 09:00:00,,20190600,121.953125,20190300,,20190600
2019-02-13 09:15:00,122.21875,20190600,121.9375,20190300,122.21875,20190600
2019-02-13 09:30:00,122.234375,20190600,121.96875,20190300,122.234375,20190600
2019-02-13 09:45:00,122.25,20190600,121.953125,20190300,122.25,20190600
2019-02-13 10:00:00,,20190600,121.984375,20190300,,20190600
2019-02-13 10:15:00,122.25,20190600,121.953125,20190300,122.25,20190600
2019-02-13 10:30:00,,20190600,121.96875,20190300,,20190600
2019-02-13 10:45:00,,20190600,121.96875,20190300,,20190600
2019-02-13 11:00:00,,20190600,121.96875,20190300,,20190600
2019-02-13 11:15:00,,20190600,121.953125,20190300,,20190600
2019-02-13 11:30:00,,20190600,121.9375,20190300,,20190600
2019-02-13 11:45:00,,20190600,121.9375,20190300,,20190600
2019-02-13 12:00:00,,20190600,121.953125,20190300,,20190600
2019-02-13 12:15:00,,20190600,121.9375,20190300,,20190600
2019-02-13 12:30:00,122.234375,20190600,121.953125,20190300,122.234375,20190600
2019-02-13 12:45:00,122.21875,20190600,121.953125,20190300,122.21875,20190600
2019-02-13 13:00:00,122.171875,20190600,121.90625,20190300,122.171875,20190600
2019-02-13 13:15:00,122.171875,20190600,121.890625,20190300,122.171875,20190600
2019-02-13 13:30:00,122.0,20190600,121.734375,20190300,122.0,20190600
2019-02-13 13:45:00,121.96875,20190600,121.703125,20190300,121.96875,20190600
2019-02-13 14:00:00,122.015625,20190600,121.734375,20190300,122.015625,20190600
2019-02-13 14:15:00,122.015625,20190600,121.71875,20190300,122.015625,20190600
2019-02-13 14:30:00,121.953125,20190600,121.671875,20190300,121.953125,20190600
2019-02-13 14:45:00,121.953125,20190600,121.703125,20190300,121.953125,20190600
2019-02-13 15:00:00,122.015625,20190600,121.734375,20190300,122.015625,20190600
2019-02-13 15:15:00,122.015625,20190600,121.734375,20190300,122.015625,20190600
2019-02-13 15:30:00,122.03125,20190600,121.734375,20190300,122.03125,20190600
2019-02-13 15:45:00,122.015625,20190600,121.765625,20190300,122.015625,20190600
2019-02-13 16:00:00,122.03125,20190600,121.78125,20190300,122.03125,20190600
2019-02-13 16:15:00,122.09375,20190600,121.828125,20190300,122.09375,20190600
2019-02-13 16:30:00,122.109375,20190600,121.828125,20190300,122.109375,20190600
2019-02-13 16:45:00,122.09375,20190600,121.828125,20190300,122.09375,20190600
2019-02-13 17:00:00,122.078125,20190600,121.8125,20190300,122.078125,20190600
2019-02-13 17:15:00,122.078125,20190600,121.78125,20190300,122.078125,20190600
2019-02-13 17:30:00,122.0625,20190600,121.78125,20190300,122.0625,20190600
2019-02-13 17:45:00,122.0625,20190600,121.796875,20190300,122.0625,20190600
2019-02-13 18:00:00,122.046875,20190600,121.78125,20190300,122.046875,20190600
2019-02-13 18:15:00,,20190600,121.75,20190300,,20190600
2019-02-13 18:30:00,122.03125,20190600,121.765625,20190300,122.03125,20190600
2019-02-13 18:45:00,122.03125,20190600,121.765625,20190300,122.03125,20190600
2019-02-13 19:00:00,122.015625,20190600,121.75,20190300,122.015625,20190600
2019-02-13 19:15:00,122.0,20190600,121.734375,20190300,122.0,20190600
2019-02-13 19:30:00,122.015625,20190600,121.734375,20190300,122.015625,20190600
2019-02-13 19:45:00,122.015625,20190600,121.734375,20190300,122.015625,20190600
2019-02-13 20:00:00,122.0,20190600,121.71875,20190300,122.0,20190600
2019-02-13 20:15:00,122.0,20190600,121.71875,20190300,122.0,20190600
2019-02-13 20:30:00,122.0,20190600,121.71875,20190300,122.0,20190600
2019-02-13 20:45:00,122.0,20190600,121.734375,20190300,122.0,20190600
2019-02-13 21:00:00,122.015625,20190600,121.75,20190300,122.015625,20190600
2019-02-13 21:15:00,122.0,20190600,121.71875,20190300,122.0,20190600
2019-02-13 21:30:00,122.0,20190600,121.734375,20190300,122.0,20190600
2019-02-13 21:45:00,122.046875,20190600,121.765625,20190300,122.046875,20190600
2019-02-13 23:00:00,122.15625,20190600,121.890625,20190300,122.15625,20190600
2019-02-13 23:15:00,,20190600,121.796875,20190300,,20190600
2019-02-13 23:30:00,122.078125,20190600,121.8125,20190300,122.078125,20190600
2019-02-13 23:45:00,122.078125,20190600,121.8125,20190300,122.078125,20190600
2019-02-14 00:00:00,122.09375,20190600,121.8125,20190300,122.09375,20190600
2019-02-14 00:15:00,122.046875,20190600,121.78125,20190300,122.046875,20190600
2019-02-14 00:30:00,,20190600,121.765625,20190300,,20190600
2019-02-14 00:45:00,,20190600,121.78125,20190300,,20190600
2019-02-14 01:00:00,122.078125,20190600,121.796875,20190300,122.078125,20190600
2019-02-14 01:15:00,122.0625,20190600,121.8125,20190300,122.0625,20190600
2019-02-14 01:30:00,122.078125,20190600,121.796875,20190300,122.078125,20190600
2019-02-14 01:45:00,,20190600,121.796875,20190300,,20190600
2019-02-14 02:00:00,,20190600,121.8125,20190300,,20190600
2019-02-14 02:15:00,122.0625,20190600,121.796875,20190300,122.0625,20190600
2019-02-14 02:30:00,,20190600,121.8125,20190300,,20190600
2019-02-14 02:45:00,,20190600,121.796875,20190300,,20190600
2019-02-14 03:00:00,122.0625,20190600,121.8125,20190300,122.0625,20190600
2019-02-14 03:15:00,,20190600,121.796875,20190300,,20190600
2019-02-14 03:30:00,122.0625,20190600,121.796875,20190300,122.0625,20190600
2019-02-14 03:45:00,122.046875,20190600,121.71875,20190300,122.046875,20190600
2019-02-14 04:00:00,121.984375,20190600,121.71875,20190300,121.984375,20190600
2019-02-14 04:15:00,122.0,20190600,121.734375,20190300,122.0,20190600
2019-02-14 04:30:00,122.0,20190600,121.734375,20190300,122.0,20190600
2019-02-14 04:45:00,,20190600,121.71875,20190300,,20190600
2019-02-14 05:15:00,,20190600,121.734375,20190300,,20190600
2019-02-14 05:30:00,122.0,20190600,121.71875,20190300,122.0,20190600
2019-02-14 05:45:00,,20190600,121.71875,20190300,,20190600
2019-02-14 06:15:00,122.015625,20190600,121.75,20190300,122.015625,20190600
2019-02-14 06:30:00,122.03125,20190600,121.765625,20190300,122.03125,20190600
2019-02-14 06:45:00,122.03125,20190600,121.75,20190300,122.03125,20190600
2019-02-14 07:00:00,122.0,20190600,121.71875,20190300,122.0,20190600
2019-02-14 07:15:00,122.03125,20190600,121.75,20190300,122.03125,20190600
2019-02-14 07:30:00,122.078125,20190600,121.78125,20190300,122.078125,20190600
2019-02-14 07:45:00,122.078125,20190600,121.78125,20190300,122.078125,20190600
2019-02-14 08:00:00,122.046875,20190600,121.78125,20190300,122.046875,20190600
2019-02-14 08:15:00,122.09375,20190600,121.8125,20190300,122.09375,20190600
2019-02-14 08:30:00,122.09375,20190600,121.828125,20190300,122.09375,20190600
2019-02-14 08:45:00,122.078125,20190600,121.796875,20190300,122.078125,20190600
2019-02-14 09:00:00,122.109375,20190600,121.84375,20190300,122.109375,20190600
2019-02-14 09:15:00,122.109375,20190600,121.84375,20190300,122.109375,20190600
2019-02-14 09:30:00,122.125,20190600,121.859375,20190300,122.125,20190600
2019-02-14 09:45:00,122.125,20190600,121.828125,20190300,122.125,20190600
2019-02-14 10:00:00,,20190600,121.8125,20190300,,20190600
2019-02-14 10:15:00,122.109375,20190600,121.859375,20190300,122.109375,20190600
2019-02-14 10:30:00,122.125,20190600,121.859375,20190300,122.125,20190600
2019-02-14 10:45:00,122.109375,20190600,121.84375,20190300,122.109375,20190600
2019-02-14 11:00:00,,20190600,121.8125,20190300,,20190600
2019-02-14 11:15:00,122.078125,20190600,121.8125,20190300,122.078125,20190600
2019-02-14 11:30:00,,20190600,121.8125,20190300,,20190600
2019-02-14 11:45:00,122.09375,20190600,121.828125,20190300,122.09375,20190600
2019-02-14 12:00:00,122.125,20190600,121.84375,20190300,122.125,20190600
2019-02-14 12:15:00,122.171875,20190600,121.875,20190300,122.171875,20190600
2019-02-14 12:30:00,122.1875,20190600,121.90625,20190300,122.1875,20190600
2019-02-14 12:45:00,122.15625,20190600,121.890625,20190300,122.15625,20190600
2019-02-14 13:00:00,122.203125,20190600,121.90625,20190300,122.203125,20190600
2019-02-14 13:15:00,122.21875,20190600,121.953125,20190300,122.21875,20190600
2019-02-14 13:30:00,122.5,20190600,122.234375,20190300,122.5,20190600
2019-02-14 13:45:00,122.5625,20190600,122.25,20190300,122.5625,20190600
2019-02-14 14:00:00,122.515625,20190600,122.21875,20190300,122.515625,20190600
2019-02-14 14:15:00,122.546875,20190600,122.265625,20190300,122.546875,20190600
2019-02-14 14:30:00,122.578125,20190600,122.28125,20190300,122.578125,20190600
2019-02-14 14:45:00,122.5625,20190600,122.265625,20190300,122.5625,20190600
2019-02-14 15:00:00,122.484375,20190600,122.203125,20190300,122.484375,20190600
2019-02-14 15:15:00,122.484375,20190600,122.171875,20190300,122.484375,20190600
2019-02-14 15:30:00,122.453125,20190600,122.15625,20190300,122.453125,20190600
2019-02-14 15:45:00,122.4375,20190600,122.171875,20190300,122.4375,20190600
2019-02-14 16:00:00,122.46875,20190600,122.171875,20190300,122.46875,20190600
2019-02-14 16:15:00,122.4375,20190600,122.125,20190300,122.4375,20190600
2019-02-14 16:30:00,122.421875,20190600,122.109375,20190300,122.421875,20190600
2019-02-14 16:45:00,122.421875,20190600,122.125,20190300,122.421875,20190600
2019-02-14 17:00:00,122.40625,20190600,122.09375,20190300,122.40625,20190600
2019-02-14 17:15:00,122.390625,20190600,122.09375,20190300,122.390625,20190600
2019-02-14 17:30:00,122.421875,20190600,122.140625,20190300,122.421875,20190600
2019-02-14 17:45:00,122.46875,20190600,122.15625,20190300,122.46875,20190600
2019-02-14 18:00:00,122.453125,20190600,122.15625,20190300,122.453125,20190600
2019-02-14 18:15:00,122.4375,20190600,122.140625,20190300,122.4375,20190600
2019-02-14 18:30:00,122.4375,20190600,122.125,20190300,122.4375,20190600
2019-02-14 18:45:00,122.421875,20190600,122.125,20190300,122.421875,20190600
2019-02-14 19:00:00,122.4375,20190600,122.15625,20190300,122.4375,20190600
2019-02-14 19:15:00,122.4375,20190600,122.15625,20190300,122.4375,20190600
2019-02-14 19:30:00,122.46875,20190600,122.15625,20190300,122.46875,20190600
2019-02-14 19:45:00,122.46875,20190600,122.15625,20190300,122.46875,20190600
2019-02-14 20:00:00,122.4375,20190600,122.140625,20190300,122.4375,20190600
2019-02-14 20:15:00,122.4375,20190600,122.140625,20190300,122.4375,20190600
2019-02-14 20:30:00,122.4375,20190600,122.125,20190300,122.4375,20190600
2019-02-14 20:45:00,122.453125,20190600,122.171875,20190300,122.453125,20190600
2019-02-14 21:00:00,122.484375,20190600,122.1875,20190300,122.484375,20190600
2019-02-14 21:15:00,122.46875,20190600,122.171875,20190300,122.46875,20190600
2019-02-14 21:30:00,122.484375,20190600,122.171875,20190300,122.484375,20190600
2019-02-14 21:45:00,122.453125,20190600,122.15625,20190300,122.453125,20190600
2019-02-14 23:00:00,122.0,20190600,121.71875,20190300,122.0,20190600
2019-02-14 23:15:00,,20190600,122.15625,20190300,,20190600
2019-02-14 23:30:00,,20190600,122.15625,20190300,,20190600
2019-02-14 23:45:00,122.4375,20190600,122.140625,20190300,122.4375,20190600
2019-02-15 00:00:00,122.484375,20190600,122.1875,20190300,122.484375,20190600
2019-02-15 00:15:00,122.484375,20190600,122.1875,20190300,122.484375,20190600
2019-02-15 00:30:00,122.515625,20190600,122.203125,20190300,122.515625,20190600
2019-02-15 00:45:00,,20190600,122.171875,20190300,,20190600
2019-02-15 01:00:00,,20190600,122.15625,20190300,,20190600
2019-02-15 01:15:00,122.484375,20190600,122.171875,20190300,122.484375,20190600
2019-02-15 01:30:00,122.5,20190600,122.171875,20190300,122.5,20190600
2019-02-15 01:45:00,122.453125,20190600,122.15625,20190300,122.453125,20190600
2019-02-15 02:00:00,,20190600,122.171875,20190300,,20190600
2019-02-15 02:15:00,122.46875,20190600,122.171875,20190300,122.46875,20190600
2019-02-15 02:30:00,,20190600,122.203125,20190300,,20190600
2019-02-15 02:45:00,122.484375,20190600,122.1875,20190300,122.484375,20190600
2019-02-15 03:00:00,,20190600,122.1875,20190300,,20190600
2019-02-15 03:15:00,,20190600,122.15625,20190300,,20190600
2019-02-15 03:30:00,122.484375,20190600,122.1875,20190300,122.484375,20190600
2019-02-15 03:45:00,,20190600,122.203125,20190300,,20190600
2019-02-15 04:00:00,,20190600,122.15625,20190300,,20190600
2019-02-15 04:15:00,122.46875,20190600,122.15625,20190300,122.46875,20190600
2019-02-15 04:30:00,122.453125,20190600,122.171875,20190300,122.453125,20190600
2019-02-15 04:45:00,,20190600,122.171875,20190300,,20190600
2019-02-15 05:15:00,,20190600,122.1875,20190300,,20190600
2019-02-15 05:30:00,122.46875,20190600,122.15625,20190300,122.46875,20190600
2019-02-15 05:45:00,122.484375,20190600,122.171875,20190300,122.484375,20190600
2019-02-15 06:15:00,122.5,20190600,122.1875,20190300,122.5,20190600
2019-02-15 06:30:00,122.484375,20190600,122.203125,20190300,122.484375,20190600
2019-02-15 06:45:00,122.484375,20190600,122.171875,20190300,122.484375,20190600
2019-02-15 07:00:00,122.46875,20190600,122.171875,20190300,122.46875,20190600
2019-02-15 07:15:00,122.484375,20190600,122.171875,20190300,122.484375,20190600
2019-02-15 07:30:00,122.546875,20190600,122.234375,20190300,122.546875,20190600
2019-02-15 07:45:00,122.53125,20190600,122.21875,20190300,122.53125,20190600
2019-02-15 08:00:00,122.515625,20190600,122.21875,20190300,122.515625,20190600
2019-02-15 08:15:00,122.53125,20190600,122.234375,20190300,122.53125,20190600
2019-02-15 08:30:00,122.546875,20190600,122.21875,20190300,122.546875,20190600
2019-02-15 08:45:00,122.515625,20190600,122.203125,20190300,122.515625,20190600
2019-02-15 09:00:00,122.5,20190600,122.21875,20190300,122.5,20190600
2019-02-15 09:15:00,122.5,20190600,122.203125,20190300,122.5,20190600
2019-02-15 09:30:00,122.484375,20190600,122.171875,20190300,122.484375,20190600
2019-02-15 09:45:00,122.46875,20190600,122.15625,20190300,122.46875,20190600
2019-02-15 10:00:00,122.5,20190600,122.1875,20190300,122.5,20190600
2019-02-15 10:15:00,122.5,20190600,122.1875,20190300,122.5,20190600
2019-02-15 10:30:00,122.484375,20190600,122.171875,20190300,122.484375,20190600
2019-02-15 10:45:00,122.46875,20190600,122.15625,20190300,122.46875,20190600
2019-02-15 11:00:00,122.4375,20190600,122.140625,20190300,122.4375,20190600
2019-02-15 11:15:00,122.4375,20190600,122.140625,20190300,122.4375,20190600
2019-02-15 11:30:00,122.4375,20190600,122.15625,20190300,122.4375,20190600
2019-02-15 11:45:00,122.4375,20190600,122.15625,20190300,122.4375,20190600
2019-02-15 12:00:00,122.4375,20190600,122.125,20190300,122.4375,20190600
2019-02-15 12:15:00,122.421875,20190600,122.125,20190300,122.421875,20190600
2019-02-15 12:30:00,122.375,20190600,122.09375,20190300,122.375,20190600
2019-02-15 12:45:00,122.390625,20190600,122.09375,20190300,122.390625,20190600
2019-02-15 13:00:00,122.390625,20190600,122.09375,20190300,122.390625,20190600
2019-02-15 13:15:00,122.3125,20190600,122.015625,20190300,122.3125,20190600
2019-02-15 13:30:00,122.21875,20190600,121.9375,20190300,122.21875,20190600
2019-02-15 13:45:00,122.234375,20190600,121.953125,20190300,122.234375,20190600
2019-02-15 14:00:00,122.265625,20190600,121.984375,20190300,122.265625,20190600
2019-02-15 14:15:00,122.296875,20190600,121.984375,20190300,122.296875,20190600
2019-02-15 14:30:00,122.296875,20190600,122.015625,20190300,122.296875,20190600
2019-02-15 14:45:00,122.359375,20190600,122.078125,20190300,122.359375,20190600
2019-02-15 15:00:00,122.359375,20190600,122.078125,20190300,122.359375,20190600
2019-02-15 15:15:00,122.34375,20190600,122.046875,20190300,122.34375,20190600
2019-02-15 15:30:00,122.328125,20190600,122.046875,20190300,122.328125,20190600
2019-02-15 15:45:00,122.328125,20190600,122.0625,20190300,122.328125,20190600
2019-02-15 16:00:00,122.34375,20190600,122.0625,20190300,122.34375,20190600
2019-02-15 16:15:00,122.34375,20190600,122.0625,20190300,122.34375,20190600
2019-02-15 16:30:00,122.359375,20190600,122.0625,20190300,122.359375,20190600
2019-02-15 16:45:00,122.328125,20190600,122.03125,20190300,122.328125,20190600
2019-02-15 17:00:00,122.34375,20190600,122.046875,20190300,122.34375,20190600
2019-02-15 17:15:00,122.328125,20190600,122.03125,20190300,122.328125,20190600
2019-02-15 17:30:00,122.34375,20190600,122.046875,20190300,122.34375,20190600
2019-02-15 17:45:00,122.34375,20190600,122.046875,20190300,122.34375,20190600
2019-02-15 18:00:00,122.359375,20190600,122.078125,20190300,122.359375,20190600
2019-02-15 18:15:00,122.34375,20190600,122.0625,20190300,122.34375,20190600
2019-02-15 18:30:00,122.359375,20190600,122.078125,20190300,122.359375,20190600
2019-02-15 18:45:00,122.359375,20190600,122.0625,20190300,122.359375,20190600
2019-02-15 19:00:00,122.34375,20190600,122.03125,20190300,122.34375,20190600
2019-02-15 19:15:00,122.328125,20190600,122.03125,20190300,122.328125,20190600
2019-02-15 19:30:00,122.328125,20190600,122.046875,20190300,122.328125,20190600
2019-02-15 19:45:00,122.34375,20190600,122.0625,20190300,122.34375,20190600
2019-02-15 20:00:00,122.359375,20190600,122.0625,20190300,122.359375,20190600
2019-02-15 20:15:00,122.34375,20190600,122.046875,20190300,122.34375,20190600
2019-02-15 20:30:00,,20190600,122.046875,20190300,,20190600
2019-02-15 20:45:00,122.328125,20190600,122.046875,20190300,122.328125,20190600
2019-02-15 21:00:00,122.34375,20190600,122.046875,20190300,122.34375,20190600
2019-02-15 21:15:00,122.34375,20190600,122.046875,20190300,122.34375,20190600
2019-02-15 21:30:00,122.34375,20190600,122.046875,20190300,122.34375,20190600
2019-02-15 21:45:00,122.359375,20190600,122.046875,20190300,122.359375,20190600
2019-02-15 23:00:00,122.34375,20190600,122.171875,20190300,122.34375,20190600
2019-02-17 23:00:00,122.328125,20190600,122.03125,20190300,122.328125,20190600
2019-02-17 23:15:00,122.328125,20190600,122.03125,20190300,122.328125,20190600
2019-02-17 23:30:00,122.3125,20190600,122.03125,20190300,122.3125,20190600
2019-02-17 23:45:00,122.296875,20190600,122.0,20190300,122.296875,20190600
2019-02-18 00:00:00,122.3125,20190600,122.03125,20190300,122.3125,20190600
2019-02-18 00:15:00,,20190600,122.046875,20190300,,20190600
2019-02-18 00:30:00,122.34375,20190600,122.046875,20190300,122.34375,20190600
2019-02-18 00:45:00,,20190600,122.03125,20190300,,20190600
2019-02-18 01:00:00,122.328125,20190600,122.03125,20190300,122.328125,20190600
2019-02-18 01:15:00,122.34375,20190600,122.046875,20190300,122.34375,20190600
2019-02-18 01:30:00,,20190600,122.046875,20190300,,20190600
2019-02-18 01:45:00,,20190600,122.046875,20190300,,20190600
2019-02-18 02:00:00,122.34375,20190600,122.046875,20190300,122.34375,20190600
2019-02-18 02:15:00,,20190600,122.03125,20190300,,20190600
2019-02-18 02:30:00,,20190600,122.03125,20190300,,20190600
2019-02-18 02:45:00,,20190600,122.046875,20190300,,20190600
2019-02-18 03:00:00,,20190600,122.046875,20190300,,20190600
2019-02-18 03:15:00,,20190600,122.046875,20190300,,20190600
2019-02-18 03:30:00,,20190600,122.046875,20190300,,20190600
2019-02-18 03:45:00,,20190600,122.03125,20190300,,20190600
2019-02-18 04:00:00,122.34375,20190600,122.046875,20190300,122.34375,20190600
2019-02-18 04:15:00,,20190600,122.046875,20190300,,20190600
2019-02-18 04:30:00,,20190600,122.046875,20190300,,20190600
2019-02-18 04:45:00,,20190600,122.0625,20190300,,20190600
2019-02-18 05:15:00,,20190600,122.046875,20190300,,20190600
2019-02-18 05:30:00,,20190600,122.046875,20190300,,20190600
2019-02-18 05:45:00,122.328125,20190600,122.03125,20190300,122.328125,20190600
2019-02-18 06:15:00,,20190600,122.03125,20190300,,20190600
2019-02-18 06:30:00,,20190600,122.03125,20190300,,20190600
2019-02-18 06:45:00,122.3125,20190600,122.0,20190300,122.3125,20190600
2019-02-18 07:00:00,122.296875,20190600,121.984375,20190300,122.296875,20190600
2019-02-18 07:15:00,122.296875,20190600,122.0,20190300,122.296875,20190600
2019-02-18 07:30:00,122.296875,20190600,122.015625,20190300,122.296875,20190600
2019-02-18 07:45:00,122.296875,20190600,122.0,20190300,122.296875,20190600
2019-02-18 08:00:00,122.296875,20190600,122.015625,20190300,122.296875,20190600
2019-02-18 08:15:00,122.296875,20190600,122.0,20190300,122.296875,20190600
2019-02-18 08:30:00,122.28125,20190600,121.984375,20190300,122.28125,20190600
2019-02-18 08:45:00,122.28125,20190600,121.984375,20190300,122.28125,20190600
2019-02-18 09:00:00,122.28125,20190600,121.984375,20190300,122.28125,20190600
2019-02-18 09:15:00,122.28125,20190600,121.984375,20190300,122.28125,20190600
2019-02-18 09:30:00,122.296875,20190600,121.984375,20190300,122.296875,20190600
2019-02-18 09:45:00,122.296875,20190600,122.0,20190300,122.296875,20190600
2019-02-18 10:00:00,122.296875,20190600,122.0,20190300,122.296875,20190600
2019-02-18 10:15:00,122.28125,20190600,121.984375,20190300,122.28125,20190600
2019-02-18 10:30:00,122.28125,20190600,121.984375,20190300,122.28125,20190600
2019-02-18 10:45:00,122.265625,20190600,121.953125,20190300,122.265625,20190600
2019-02-18 11:00:00,122.25,20190600,121.953125,20190300,122.25,20190600
2019-02-18 11:15:00,122.25,20190600,121.953125,20190300,122.25,20190600
2019-02-18 11:30:00,122.25,20190600,121.953125,20190300,122.25,20190600
2019-02-18 11:45:00,122.25,20190600,121.953125,20190300,122.25,20190600
2019-02-18 12:00:00,122.25,20190600,121.953125,20190300,122.25,20190600
2019-02-18 12:15:00,122.25,20190600,121.953125,20190300,122.25,20190600
2019-02-18 12:30:00,122.265625,20190600,121.953125,20190300,122.265625,20190600
2019-02-18 12:45:00,122.25,20190600,121.9375,20190300,122.25,20190600
2019-02-18 13:00:00,122.25,20190600,121.953125,20190300,122.25,20190600
2019-02-18 13:15:00,122.234375,20190600,121.9375,20190300,122.234375,20190600
2019-02-18 13:30:00,122.25,20190600,121.953125,20190300,122.25,20190600
2019-02-18 13:45:00,122.265625,20190600,121.953125,20190300,122.265625,20190600
2019-02-18 14:00:00,122.265625,20190600,121.953125,20190300,122.265625,20190600
2019-02-18 14:15:00,122.265625,20190600,121.96875,20190300,122.265625,20190600
2019-02-18 14:30:00,122.28125,20190600,121.984375,20190300,122.28125,20190600
2019-02-18 14:45:00,122.28125,20190600,121.96875,20190300,122.28125,20190600
2019-02-18 15:00:00,122.265625,20190600,121.953125,20190300,122.265625,20190600
2019-02-18 15:15:00,122.265625,20190600,121.984375,20190300,122.265625,20190600
2019-02-18 15:30:00,,20190600,121.96875,20190300,,20190600
2019-02-18 15:45:00,122.265625,20190600,121.96875,20190300,122.265625,20190600
2019-02-18 16:00:00,122.25,20190600,121.96875,20190300,122.25,20190600
2019-02-18 16:15:00,122.265625,20190600,121.96875,20190300,122.265625,20190600
2019-02-18 16:30:00,,20190600,121.96875,20190300,,20190600
2019-02-18 16:45:00,122.25,20190600,121.953125,20190300,122.25,20190600
2019-02-18 17:00:00,122.265625,20190600,121.96875,20190300,122.265625,20190600
2019-02-18 17:15:00,,20190600,121.96875,20190300,,20190600
2019-02-18 17:30:00,122.265625,20190600,121.96875,20190300,122.265625,20190600
2019-02-18 17:45:00,122.28125,20190600,121.984375,20190300,122.28125,20190600
2019-02-18 23:00:00,122.296875,20190600,122.03125,20190300,122.296875,20190600
2019-02-18 23:15:00,,20190600,122.015625,20190300,,20190600
2019-02-18 23:30:00,122.296875,20190600,121.984375,20190300,122.296875,20190600
2019-02-18 23:45:00,122.296875,20190600,121.984375,20190300,122.296875,20190600
2019-02-19 00:00:00,122.28125,20190600,121.984375,20190300,122.28125,20190600
2019-02-19 00:15:00,122.296875,20190600,122.0,20190300,122.296875,20190600
2019-02-19 00:30:00,122.3125,20190600,122.015625,20190300,122.3125,20190600
2019-02-19 00:45:00,122.3125,20190600,122.0,20190300,122.3125,20190600
2019-02-19 01:00:00,122.296875,20190600,122.0,20190300,122.296875,20190600
2019-02-19 01:15:00,122.296875,20190600,122.0,20190300,122.296875,20190600
2019-02-19 01:30:00,122.296875,20190600,122.015625,20190300,122.296875,20190600
2019-02-19 01:45:00,122.296875,20190600,122.0,20190300,122.296875,20190600
2019-02-19 02:00:00,122.296875,20190600,122.015625,20190300,122.296875,20190600
2019-02-19 02:15:00,,20190600,122.0,20190300,,20190600
2019-02-19 02:30:00,,20190600,122.015625,20190300,,20190600
2019-02-19 02:45:00,,20190600,122.0,20190300,,20190600
2019-02-19 03:00:00,,20190600,121.96875,20190300,,20190600
2019-02-19 03:15:00,122.28125,20190600,121.984375,20190300,122.28125,20190600
2019-02-19 03:30:00,122.28125,20190600,121.984375,20190300,122.28125,20190600
2019-02-19 03:45:00,122.3125,20190600,122.015625,20190300,122.3125,20190600
2019-02-19 04:00:00,122.296875,20190600,122.015625,20190300,122.296875,20190600
2019-02-19 04:15:00,122.28125,20190600,121.984375,20190300,122.28125,20190600
2019-02-19 04:30:00,122.296875,20190600,122.0,20190300,122.296875,20190600
2019-02-19 04:45:00,122.28125,20190600,121.984375,20190300,122.28125,20190600
2019-02-19 05:15:00,,20190600,122.015625,20190300,,20190600
2019-02-19 05:30:00,122.328125,20190600,122.03125,20190300,122.328125,20190600
2019-02-19 05:45:00,,20190600,122.03125,20190300,,20190600
2019-02-19 06:15:00,122.3125,20190600,122.015625,20190300,122.3125,20190600
2019-02-19 06:30:00,122.3125,20190600,122.015625,20190300,122.3125,20190600
2019-02-19 06:45:00,122.296875,20190600,122.0,20190300,122.296875,20190600
2019-02-19 07:00:00,122.3125,20190600,122.015625,20190300,122.3125,20190600
2019-02-19 07:15:00,122.28125,20190600,122.0,20190300,122.28125,20190600
2019-02-19 07:30:00,122.3125,20190600,122.03125,20190300,122.3125,20190600
2019-02-19 07:45:00,122.3125,20190600,122.03125,20190300,122.3125,20190600
2019-02-19 08:00:00,122.328125,20190600,122.03125,20190300,122.328125,20190600
2019-02-19 08:15:00,122.3125,20190600,122.03125,20190300,122.3125,20190600
2019-02-19 08:30:00,122.328125,20190600,122.03125,20190300,122.328125,20190600
2019-02-19 08:45:00,122.3125,20190600,122.015625,20190300,122.3125,20190600
2019-02-19 09:00:00,122.40625,20190600,122.125,20190300,122.40625,20190600
2019-02-19 09:15:00,122.421875,20190600,122.125,20190300,122.421875,20190600
2019-02-19 09:30:00,122.390625,20190600,122.09375,20190300,122.390625,20190600
2019-02-19 09:45:00,122.390625,20190600,122.09375,20190300,122.390625,20190600
2019-02-19 10:00:00,122.40625,20190600,122.109375,20190300,122.40625,20190600
2019-02-19 10:15:00,122.40625,20190600,122.125,20190300,122.40625,20190600
2019-02-19 10:30:00,122.375,20190600,122.078125,20190300,122.375,20190600
2019-02-19 10:45:00,122.359375,20190600,122.0625,20190300,122.359375,20190600
2019-02-19 11:00:00,122.359375,20190600,122.046875,20190300,122.359375,20190600
2019-02-19 11:15:00,122.390625,20190600,122.109375,20190300,122.390625,20190600
2019-02-19 11:30:00,122.375,20190600,122.078125,20190300,122.375,20190600
2019-02-19 11:45:00,122.34375,20190600,122.0625,20190300,122.34375,20190600
2019-02-19 12:00:00,122.375,20190600,122.09375,20190300,122.375,20190600
2019-02-19 12:15:00,122.375,20190600,122.078125,20190300,122.375,20190600
2019-02-19 12:30:00,122.375,20190600,122.09375,20190300,122.375,20190600
2019-02-19 12:45:00,122.359375,20190600,122.0625,20190300,122.359375,20190600
2019-02-19 13:00:00,122.34375,20190600,122.046875,20190300,122.34375,20190600
2019-02-19 13:15:00,122.359375,20190600,122.078125,20190300,122.359375,20190600
2019-02-19 13:30:00,122.4375,20190600,122.125,20190300,122.4375,20190600
2019-02-19 13:45:00,122.484375,20190600,122.1875,20190300,122.484375,20190600
2019-02-19 14:00:00,122.546875,20190600,122.234375,20190300,122.546875,20190600
2019-02-19 14:15:00,122.546875,20190600,122.25,20190300,122.546875,20190600
2019-02-19 14:30:00,122.5,20190600,122.1875,20190300,122.5,20190600
2019-02-19 14:45:00,122.453125,20190600,122.15625,20190300,122.453125,20190600
2019-02-19 15:00:00,122.453125,20190600,122.15625,20190300,122.453125,20190600
2019-02-19 15:15:00,122.5,20190600,122.21875,20190300,122.5,20190600
2019-02-19 15:30:00,122.578125,20190600,122.265625,20190300,122.578125,20190600
2019-02-19 15:45:00,122.59375,20190600,122.296875,20190300,122.59375,20190600
2019-02-19 16:00:00,122.578125,20190600,122.265625,20190300,122.578125,20190600
2019-02-19 16:15:00,122.609375,20190600,122.3125,20190300,122.609375,20190600
2019-02-19 16:30:00,122.546875,20190600,122.25,20190300,122.546875,20190600
2019-02-19 16:45:00,122.53125,20190600,122.21875,20190300,122.53125,20190600
2019-02-19 17:00:00,122.546875,20190600,122.25,20190300,122.546875,20190600
2019-02-19 17:15:00,122.546875,20190600,122.25,20190300,122.546875,20190600
2019-02-19 17:30:00,122.5625,20190600,122.265625,20190300,122.5625,20190600
2019-02-19 17:45:00,122.5625,20190600,122.265625,20190300,122.5625,20190600
2019-02-19 18:00:00,122.53125,20190600,122.21875,20190300,122.53125,20190600
2019-02-19 18:15:00,122.53125,20190600,122.234375,20190300,122.53125,20190600
2019-02-19 18:30:00,122.53125,20190600,122.234375,20190300,122.53125,20190600
2019-02-19 18:45:00,122.53125,20190600,122.25,20190300,122.53125,20190600
2019-02-19 19:00:00,122.515625,20190600,122.234375,20190300,122.515625,20190600
2019-02-19 19:15:00,122.515625,20190600,122.21875,20190300,122.515625,20190600
2019-02-19 19:30:00,122.5,20190600,122.203125,20190300,122.5,20190600
2019-02-19 19:45:00,122.53125,20190600,122.21875,20190300,122.53125,20190600
2019-02-19 20:00:00,122.5,20190600,122.203125,20190300,122.5,20190600
2019-02-19 20:15:00,122.484375,20190600,122.171875,20190300,122.484375,20190600
2019-02-19 20:30:00,122.484375,20190600,122.1875,20190300,122.484375,20190600
2019-02-19 20:45:00,122.5625,20190600,122.25,20190300,122.5625,20190600
2019-02-19 21:00:00,122.578125,20190600,122.265625,20190300,122.578125,20190600
2019-02-19 21:15:00,122.5625,20190600,122.28125,20190300,122.5625,20190600
2019-02-19 21:30:00,122.59375,20190600,122.296875,20190300,122.59375,20190600
2019-02-19 21:45:00,122.609375,20190600,122.296875,20190300,122.609375,20190600
2019-02-19 23:00:00,122.328125,20190600,122.03125,20190300,122.328125,20190600
2019-02-19 23:15:00,122.5625,20190600,122.265625,20190300,122.5625,20190600
2019-02-19 23:30:00,122.578125,20190600,122.265625,20190300,122.578125,20190600
2019-02-19 23:45:00,122.578125,20190600,122.265625,20190300,122.578125,20190600
2019-02-20 00:00:00,,20190600,122.25,20190300,,20190600
2019-02-20 00:15:00,122.546875,20190600,122.234375,20190300,122.546875,20190600
2019-02-20 00:30:00,122.546875,20190600,122.25,20190300,122.546875,20190600
2019-02-20 00:45:00,122.53125,20190600,122.234375,20190300,122.53125,20190600
2019-02-20 01:00:00,122.546875,20190600,122.25,20190300,122.546875,20190600
2019-02-20 01:15:00,122.53125,20190600,122.234375,20190300,122.53125,20190600
2019-02-20 01:30:00,122.53125,20190600,122.234375,20190300,122.53125,20190600
2019-02-20 01:45:00,122.53125,20190600,122.234375,20190300,122.53125,20190600
2019-02-20 02:00:00,122.53125,20190600,122.234375,20190300,122.53125,20190600
2019-02-20 02:15:00,122.53125,20190600,122.234375,20190300,122.53125,20190600
2019-02-20 02:30:00,122.546875,20190600,122.25,20190300,122.546875,20190600
2019-02-20 02:45:00,122.53125,20190600,122.234375,20190300,122.53125,20190600
2019-02-20 03:00:00,,20190600,122.234375,20190300,,20190600
2019-02-20 03:15:00,122.546875,20190600,122.25,20190300,122.546875,20190600
2019-02-20 03:30:00,122.5625,20190600,122.265625,20190300,122.5625,20190600
2019-02-20 03:45:00,,20190600,122.25,20190300,,20190600
2019-02-20 04:00:00,122.5625,20190600,122.25,20190300,122.5625,20190600
2019-02-20 04:15:00,122.546875,20190600,122.265625,20190300,122.546875,20190600
2019-02-20 04:30:00,122.546875,20190600,122.234375,20190300,122.546875,20190600
2019-02-20 04:45:00,,20190600,122.234375,20190300,,20190600
2019-02-20 05:15:00,122.546875,20190600,122.234375,20190300,122.546875,20190600
2019-02-20 05:30:00,,20190600,122.234375,20190300,,20190600
2019-02-20 05:45:00,,20190600,122.234375,20190300,,20190600
2019-02-20 06:15:00,122.53125,20190600,122.234375,20190300,122.53125,20190600
2019-02-20 06:30:00,122.546875,20190600,122.234375,20190300,122.546875,20190600
2019-02-20 06:45:00,122.53125,20190600,122.21875,20190300,122.53125,20190600
2019-02-20 07:00:00,122.515625,20190600,122.21875,20190300,122.515625,20190600
2019-02-20 07:15:00,122.53125,20190600,122.25,20190300,122.53125,20190600
2019-02-20 07:30:00,122.546875,20190600,122.25,20190300,122.546875,20190600
2019-02-20 07:45:00,122.546875,20190600,122.25,20190300,122.546875,20190600
2019-02-20 08:00:00,122.546875,20190600,122.25,20190300,122.546875,20190600
2019-02-20 08:15:00,122.5625,20190600,122.265625,20190300,122.5625,20190600
2019-02-20 08:30:00,122.546875,20190600,122.234375,20190300,122.546875,20190600
2019-02-20 08:45:00,122.5625,20190600,122.25,20190300,122.5625,20190600
2019-02-20 09:00:00,122.5625,20190600,122.25,20190300,122.5625,20190600
2019-02-20 09:15:00,122.578125,20190600,122.265625,20190300,122.578125,20190600
2019-02-20 09:30:00,122.609375,20190600,122.296875,20190300,122.609375,20190600
2019-02-20 09:45:00,122.625,20190600,122.328125,20190300,122.625,20190600
2019-02-20 10:00:00,122.640625,20190600,122.328125,20190300,122.640625,20190600
2019-02-20 10:15:00,122.65625,20190600,122.359375,20190300,122.65625,20190600
2019-02-20 10:30:00,122.65625,20190600,122.328125,20190300,122.65625,20190600
2019-02-20 10:45:00,122.640625,20190600,122.3125,20190300,122.640625,20190600
2019-02-20 11:00:00,122.625,20190600,122.328125,20190300,122.625,20190600
2019-02-20 11:15:00,122.609375,20190600,122.296875,20190300,122.609375,20190600
2019-02-20 11:30:00,122.625,20190600,122.328125,20190300,122.625,20190600
2019-02-20 11:45:00,122.609375,20190600,122.296875,20190300,122.609375,20190600
2019-02-20 12:00:00,122.609375,20190600,122.3125,20190300,122.609375,20190600
2019-02-20 12:15:00,122.59375,20190600,122.296875,20190300,122.59375,20190600
2019-02-20 12:30:00,122.59375,20190600,122.296875,20190300,122.59375,20190600
2019-02-20 12:45:00,122.609375,20190600,122.296875,20190300,122.609375,20190600
2019-02-20 13:00:00,122.609375,20190600,122.3125,20190300,122.609375,20190600
2019-02-20 13:15:00,122.609375,20190600,122.296875,20190300,122.609375,20190600
2019-02-20 13:30:00,122.578125,20190600,122.28125,20190300,122.578125,20190600
2019-02-20 13:45:00,122.546875,20190600,122.265625,20190300,122.546875,20190600
2019-02-20 14:00:00,122.546875,20190600,122.234375,20190300,122.546875,20190600
2019-02-20 14:15:00,122.546875,20190600,122.25,20190300,122.546875,20190600
2019-02-20 14:30:00,122.515625,20190600,122.21875,20190300,122.515625,20190600
2019-02-20 14:45:00,122.5,20190600,122.21875,20190300,122.5,20190600
2019-02-20 15:00:00,122.546875,20190600,122.25,20190300,122.546875,20190600
2019-02-20 15:15:00,122.46875,20190600,122.171875,20190300,122.46875,20190600
2019-02-20 15:30:00,122.46875,20190600,122.15625,20190300,122.46875,20190600
2019-02-20 15:45:00,122.5,20190600,122.171875,20190300,122.5,20190600
2019-02-20 16:00:00,122.5,20190600,122.1875,20190300,122.5,20190600
2019-02-20 16:15:00,122.515625,20190600,122.21875,20190300,122.515625,20190600
2019-02-20 16:30:00,122.484375,20190600,122.1875,20190300,122.484375,20190600
2019-02-20 16:45:00,122.5,20190600,122.203125,20190300,122.5,20190600
2019-02-20 17:00:00,122.546875,20190600,122.234375,20190300,122.546875,20190600
2019-02-20 17:15:00,122.578125,20190600,122.25,20190300,122.578125,20190600
2019-02-20 17:30:00,122.5625,20190600,122.25,20190300,122.5625,20190600
2019-02-20 17:45:00,122.59375,20190600,122.28125,20190300,122.59375,20190600
2019-02-20 18:00:00,122.59375,20190600,122.28125,20190300,122.59375,20190600
2019-02-20 18:15:00,122.59375,20190600,122.28125,20190300,122.59375,20190600
2019-02-20 18:30:00,122.578125,20190600,122.265625,20190300,122.578125,20190600
2019-02-20 18:45:00,122.625,20190600,122.3125,20190300,122.625,20190600
2019-02-20 19:00:00,122.484375,20190600,122.15625,20190300,122.484375,20190600
2019-02-20 19:15:00,122.484375,20190600,122.15625,20190300,122.484375,20190600
2019-02-20 19:30:00,122.484375,20190600,122.171875,20190300,122.484375,20190600
2019-02-20 19:45:00,122.484375,20190600,122.171875,20190300,122.484375,20190600
2019-02-20 20:00:00,122.5,20190600,122.1875,20190300,122.5,20190600
2019-02-20 20:15:00,122.484375,20190600,122.171875,20190300,122.484375,20190600
2019-02-20 20:30:00,122.46875,20190600,122.15625,20190300,122.46875,20190600
2019-02-20 20:45:00,122.515625,20190600,122.1875,20190300,122.515625,20190600
2019-02-20 21:00:00,122.546875,20190600,122.21875,20190300,122.546875,20190600
2019-02-20 21:15:00,122.515625,20190600,122.203125,20190300,122.515625,20190600
2019-02-20 21:30:00,122.5,20190600,122.203125,20190300,122.5,20190600
2019-02-20 21:45:00,122.515625,20190600,122.21875,20190300,122.515625,20190600
2019-02-20 23:00:00,122.53125,20190600,122.234375,20190300,122.53125,20190600
2019-02-20 23:15:00,122.53125,20190600,122.203125,20190300,122.53125,20190600
2019-02-20 23:30:00,,20190600,122.21875,20190300,,20190600
2019-02-20 23:45:00,122.546875,20190600,122.25,20190300,122.546875,20190600
2019-02-21 00:00:00,122.546875,20190600,122.234375,20190300,122.546875,20190600
2019-02-21 00:15:00,122.53125,20190600,122.234375,20190300,122.53125,20190600
2019-02-21 00:30:00,122.5,20190600,122.1875,20190300,122.5,20190600
2019-02-21 00:45:00,122.53125,20190600,122.21875,20190300,122.53125,20190600
2019-02-21 01:00:00,122.515625,20190600,122.203125,20190300,122.515625,20190600
2019-02-21 01:15:00,122.546875,20190600,122.25,20190300,122.546875,20190600
2019-02-21 01:30:00,122.53125,20190600,122.21875,20190300,122.53125,20190600
2019-02-21 01:45:00,122.53125,20190600,122.234375,20190300,122.53125,20190600
2019-02-21 02:00:00,122.53125,20190600,122.21875,20190300,122.53125,20190600
2019-02-21 02:15:00,122.53125,20190600,122.21875,20190300,122.53125,20190600
2019-02-21 02:30:00,122.53125,20190600,122.21875,20190300,122.53125,20190600
2019-02-21 02:45:00,122.390625,20190600,122.078125,20190300,122.390625,20190600
2019-02-21 03:00:00,122.390625,20190600,122.078125,20190300,122.390625,20190600
2019-02-21 03:15:00,122.375,20190600,122.078125,20190300,122.375,20190600
2019-02-21 03:30:00,122.34375,20190600,122.03125,20190300,122.34375,20190600
2019-02-21 03:45:00,122.3125,20190600,122.015625,20190300,122.3125,20190600
2019-02-21 04:00:00,122.328125,20190600,122.03125,20190300,122.328125,20190600
2019-02-21 04:15:00,122.34375,20190600,122.046875,20190300,122.34375,20190600
2019-02-21 04:30:00,122.34375,20190600,122.046875,20190300,122.34375,20190600
2019-02-21 04:45:00,122.34375,20190600,122.046875,20190300,122.34375,20190600
2019-02-21 05:15:00,122.359375,20190600,122.0625,20190300,122.359375,20190600
2019-02-21 05:30:00,122.34375,20190600,122.046875,20190300,122.34375,20190600
2019-02-21 05:45:00,122.359375,20190600,122.0625,20190300,122.359375,20190600
2019-02-21 06:15:00,122.390625,20190600,122.078125,20190300,122.390625,20190600
2019-02-21 06:30:00,122.390625,20190600,122.09375,20190300,122.390625,20190600
2019-02-21 06:45:00,122.375,20190600,122.078125,20190300,122.375,20190600
2019-02-21 07:00:00,122.390625,20190600,122.078125,20190300,122.390625,20190600
2019-02-21 07:15:00,122.359375,20190600,122.03125,20190300,122.359375,20190600
2019-02-21 07:30:00,122.359375,20190600,122.046875,20190300,122.359375,20190600
2019-02-21 07:45:00,122.390625,20190600,122.09375,20190300,122.390625,20190600
2019-02-21 08:00:00,122.390625,20190600,122.09375,20190300,122.390625,20190600
2019-02-21 08:15:00,122.359375,20190600,122.046875,20190300,122.359375,20190600
2019-02-21 08:30:00,122.375,20190600,122.0625,20190300,122.375,20190600
2019-02-21 08:45:00,122.359375,20190600,122.046875,20190300,122.359375,20190600
2019-02-21 09:00:00,122.390625,20190600,122.078125,20190300,122.390625,20190600
2019-02-21 09:15:00,122.390625,20190600,122.078125,20190300,122.390625,20190600
2019-02-21 09:30:00,122.390625,20190600,122.078125,20190300,122.390625,20190600
2019-02-21 09:45:00,122.390625,20190600,122.078125,20190300,122.390625,20190600
2019-02-21 10:00:00,122.390625,20190600,122.078125,20190300,122.390625,20190600
2019-02-21 10:15:00,122.390625,20190600,122.078125,20190300,122.390625,20190600
2019-02-21 10:30:00,122.390625,20190600,122.078125,20190300,122.390625,20190600
2019-02-21 10:45:00,122.390625,20190600,122.078125,20190300,122.390625,20190600
2019-02-21 11:00:00,122.359375,20190600,122.0625,20190300,122.359375,20190600
2019-02-21 11:15:00,122.359375,20190600,122.046875,20190300,122.359375,20190600
2019-02-21 11:30:00,122.34375,20190600,122.046875,20190300,122.34375,20190600
2019-02-21 11:45:00,122.3125,20190600,122.0,20190300,122.3125,20190600
2019-02-21 12:00:00,122.28125,20190600,121.984375,20190300,122.28125,20190600
2019-02-21 12:15:00,122.3125,20190600,122.015625,20190300,122.3125,20190600
2019-02-21 12:30:00,122.328125,20190600,122.015625,20190300,122.328125,20190600
2019-02-21 12:45:00,122.3125,20190600,121.984375,20190300,122.3125,20190600
2019-02-21 13:00:00,122.296875,20190600,121.984375,20190300,122.296875,20190600
2019-02-21 13:15:00,122.25,20190600,121.9375,20190300,122.25,20190600
2019-02-21 13:30:00,122.3125,20190600,121.984375,20190300,122.3125,20190600
2019-02-21 13:45:00,122.234375,20190600,121.921875,20190300,122.234375,20190600
2019-02-21 14:00:00,122.25,20190600,121.9375,20190300,122.25,20190600
2019-02-21 14:15:00,122.203125,20190600,121.890625,20190300,122.203125,20190600
2019-02-21 14:30:00,122.21875,20190600,121.890625,20190300,122.21875,20190600
2019-02-21 14:45:00,122.171875,20190600,121.859375,20190300,122.171875,20190600
2019-02-21 15:00:00,122.21875,20190600,121.890625,20190300,122.21875,20190600
2019-02-21 15:15:00,122.234375,20190600,121.90625,20190300,122.234375,20190600
2019-02-21 15:30:00,122.15625,20190600,121.84375,20190300,122.15625,20190600
2019-02-21 15:45:00,122.109375,20190600,121.8125,20190300,122.109375,20190600
2019-02-21 16:00:00,122.125,20190600,121.828125,20190300,122.125,20190600
2019-02-21 16:15:00,122.125,20190600,121.8125,20190300,122.125,20190600
2019-02-21 16:30:00,122.15625,20190600,121.859375,20190300,122.15625,20190600
2019-02-21 16:45:00,122.15625,20190600,121.859375,20190300,122.15625,20190600
2019-02-21 17:00:00,122.125,20190600,121.828125,20190300,122.125,20190600
2019-02-21 17:15:00,122.125,20190600,121.828125,20190300,122.125,20190600
2019-02-21 17:30:00,122.109375,20190600,121.8125,20190300,122.109375,20190600
2019-02-21 17:45:00,122.125,20190600,121.828125,20190300,122.125,20190600
2019-02-21 18:00:00,122.140625,20190600,121.84375,20190300,122.140625,20190600
2019-02-21 18:15:00,122.171875,20190600,121.875,20190300,122.171875,20190600
2019-02-21 18:30:00,122.171875,20190600,121.875,20190300,122.171875,20190600
2019-02-21 18:45:00,122.15625,20190600,121.875,20190300,122.15625,20190600
2019-02-21 19:00:00,122.15625,20190600,121.859375,20190300,122.15625,20190600
2019-02-21 19:15:00,122.203125,20190600,121.90625,20190300,122.203125,20190600
2019-02-21 19:30:00,122.1875,20190600,121.890625,20190300,122.1875,20190600
2019-02-21 19:45:00,122.203125,20190600,121.90625,20190300,122.203125,20190600
2019-02-21 20:00:00,122.1875,20190600,121.875,20190300,122.1875,20190600
2019-02-21 20:15:00,122.1875,20190600,121.875,20190300,122.1875,20190600
2019-02-21 20:30:00,122.203125,20190600,121.875,20190300,122.203125,20190600
2019-02-21 20:45:00,122.203125,20190600,121.875,20190300,122.203125,20190600
2019-02-21 21:00:00,122.203125,20190600,121.890625,20190300,122.203125,20190600
2019-02-21 21:15:00,122.171875,20190600,121.859375,20190300,122.171875,20190600
2019-02-21 21:30:00,122.140625,20190600,121.84375,20190300,122.140625,20190600
2019-02-21 21:45:00,122.140625,20190600,121.84375,20190300,122.140625,20190600
2019-02-21 23:00:00,122.390625,20190600,122.078125,20190300,122.390625,20190600
2019-02-21 23:15:00,122.1875,20190600,121.875,20190300,122.1875,20190600
2019-02-21 23:30:00,122.1875,20190600,121.890625,20190300,122.1875,20190600
2019-02-21 23:45:00,122.1875,20190600,121.890625,20190300,122.1875,20190600
2019-02-22 00:00:00,122.203125,20190600,121.90625,20190300,122.203125,20190600
2019-02-22 00:15:00,122.21875,20190600,121.890625,20190300,122.21875,20190600
2019-02-22 00:30:00,,20190900,122.1875,20190600,,20190900
2019-02-22 00:45:00,,20190900,122.1875,20190600,,20190900
2019-02-22 01:00:00,,20190900,122.1875,20190600,,20190900
2019-02-22 01:15:00,,20190900,122.203125,20190600,,20190900
2019-02-22 01:30:00,,20190900,122.234375,20190600,,20190900
2019-02-22 01:45:00,,20190900,122.234375,20190600,,20190900
2019-02-22 02:00:00,,20190900,122.21875,20190600,,20190900
2019-02-22 02:15:00,,20190900,122.203125,20190600,,20190900
2019-02-22 02:30:00,,20190900,122.1875,20190600,,20190900
2019-02-22 02:45:00,,20190900,122.203125,20190600,,20190900
2019-02-22 03:00:00,,20190900,122.203125,20190600,,20190900
2019-02-22 03:15:00,,20190900,122.203125,20190600,,20190900
2019-02-22 03:30:00,,20190900,122.21875,20190600,,20190900
2019-02-22 03:45:00,,20190900,122.203125,20190600,,20190900
2019-02-22 04:00:00,,20190900,122.203125,20190600,,20190900
2019-02-22 04:15:00,,20190900,122.203125,20190600,,20190900
2019-02-22 04:45:00,,20190900,122.21875,20190600,,20190900
2019-02-22 05:15:00,,20190900,122.21875,20190600,,20190900
2019-02-22 05:30:00,,20190900,122.203125,20190600,,20190900
2019-02-22 05:45:00,,20190900,122.21875,20190600,,20190900
2019-02-22 06:15:00,,20190900,122.203125,20190600,,20190900
2019-02-22 06:30:00,,20190900,122.203125,20190600,,20190900
2019-02-22 06:45:00,,20190900,122.21875,20190600,,20190900
2019-02-22 07:00:00,,20190900,122.203125,20190600,,20190900
2019-02-22 07:15:00,,20190900,122.21875,20190600,,20190900
2019-02-22 07:30:00,,20190900,122.234375,20190600,,20190900
2019-02-22 07:45:00,,20190900,122.21875,20190600,,20190900
2019-02-22 08:00:00,,20190900,122.21875,20190600,,20190900
2019-02-22 08:15:00,,20190900,122.21875,20190600,,20190900
2019-02-22 08:30:00,,20190900,122.21875,20190600,,20190900
2019-02-22 08:45:00,,20190900,122.21875,20190600,,20190900
2019-02-22 09:00:00,,20190900,122.203125,20190600,,20190900
2019-02-22 09:15:00,,20190900,122.21875,20190600,,20190900
2019-02-22 09:30:00,,20190900,122.203125,20190600,,20190900
2019-02-22 09:45:00,,20190900,122.203125,20190600,,20190900
2019-02-22 10:00:00,,20190900,122.203125,20190600,,20190900
2019-02-22 10:15:00,,20190900,122.1875,20190600,,20190900
2019-02-22 10:30:00,,20190900,122.171875,20190600,,20190900
2019-02-22 10:45:00,,20190900,122.1875,20190600,,20190900
2019-02-22 11:00:00,,20190900,122.1875,20190600,,20190900
2019-02-22 11:15:00,,20190900,122.203125,20190600,,20190900
2019-02-22 11:30:00,,20190900,122.203125,20190600,,20190900
2019-02-22 11:45:00,,20190900,122.203125,20190600,,20190900
2019-02-22 12:00:00,,20190900,122.21875,20190600,,20190900
2019-02-22 12:15:00,,20190900,122.25,20190600,,20190900
2019-02-22 12:30:00,,20190900,122.21875,20190600,,20190900
2019-02-22 12:45:00,,20190900,122.234375,20190600,,20190900
2019-02-22 13:00:00,,20190900,122.21875,20190600,,20190900
2019-02-22 13:15:00,,20190900,122.34375,20190600,,20190900
2019-02-22 13:30:00,,20190900,122.375,20190600,,20190900
2019-02-22 13:45:00,,20190900,122.390625,20190600,,20190900
2019-02-22 14:00:00,,20190900,122.34375,20190600,,20190900
2019-02-22 14:15:00,,20190900,122.359375,20190600,,20190900
2019-02-22 14:30:00,,20190900,122.390625,20190600,,20190900
2019-02-22 14:45:00,,20190900,122.421875,20190600,,20190900
2019-02-22 15:00:00,,20190900,122.4375,20190600,,20190900
2019-02-22 15:15:00,,20190900,122.421875,20190600,,20190900
2019-02-22 15:30:00,,20190900,122.421875,20190600,,20190900
2019-02-22 15:45:00,,20190900,122.421875,20190600,,20190900
2019-02-22 16:00:00,,20190900,122.421875,20190600,,20190900
2019-02-22 16:15:00,,20190900,122.40625,20190600,,20190900
2019-02-22 16:30:00,,20190900,122.4375,20190600,,20190900
2019-02-22 16:45:00,,20190900,122.46875,20190600,,20190900
2019-02-22 17:00:00,,20190900,122.484375,20190600,,20190900
2019-02-22 17:15:00,,20190900,122.53125,20190600,,20190900
2019-02-22 17:30:00,,20190900,122.578125,20190600,,20190900
2019-02-22 17:45:00,,20190900,122.609375,20190600,,20190900
2019-02-22 18:00:00,,20190900,122.5625,20190600,,20190900
2019-02-22 18:15:00,,20190900,122.515625,20190600,,20190900
2019-02-22 18:30:00,,20190900,122.5,20190600,,20190900
2019-02-22 18:45:00,,20190900,122.5,20190600,,20190900
2019-02-22 19:00:00,,20190900,122.53125,20190600,,20190900
2019-02-22 19:15:00,,20190900,122.5625,20190600,,20190900
2019-02-22 19:30:00,,20190900,122.53125,20190600,,20190900
2019-02-22 19:45:00,,20190900,122.484375,20190600,,20190900
2019-02-22 20:00:00,,20190900,122.484375,20190600,,20190900
2019-02-22 20:15:00,,20190900,122.46875,20190600,,20190900
2019-02-22 20:30:00,,20190900,122.484375,20190600,,20190900
2019-02-22 20:45:00,,20190900,122.453125,20190600,,20190900
2019-02-22 21:00:00,,20190900,122.46875,20190600,,20190900
2019-02-22 21:15:00,,20190900,122.46875,20190600,,20190900
2019-02-22 21:30:00,,20190900,122.46875,20190600,,20190900
2019-02-22 21:45:00,,20190900,122.4375,20190600,,20190900
2019-02-22 23:00:00,,20190900,122.21875,20190600,,20190900
2019-02-24 23:00:00,,20190900,122.375,20190600,,20190900
2019-02-24 23:15:00,,20190900,122.375,20190600,,20190900
2019-02-24 23:30:00,,20190900,122.375,20190600,,20190900
2019-02-24 23:45:00,,20190900,122.375,20190600,,20190900
2019-02-25 00:00:00,,20190900,122.375,20190600,,20190900
2019-02-25 00:15:00,,20190900,122.375,20190600,,20190900
2019-02-25 00:30:00,,20190900,122.375,20190600,,20190900
2019-02-25 00:45:00,,20190900,122.390625,20190600,,20190900
2019-02-25 01:00:00,,20190900,122.390625,20190600,,20190900
2019-02-25 01:15:00,,20190900,122.390625,20190600,,20190900
2019-02-25 01:30:00,,20190900,122.375,20190600,,20190900
2019-02-25 01:45:00,,20190900,122.40625,20190600,,20190900
2019-02-25 02:00:00,,20190900,122.390625,20190600,,20190900
2019-02-25 02:15:00,,20190900,122.390625,20190600,,20190900
2019-02-25 02:30:00,,20190900,122.4375,20190600,,20190900
2019-02-25 02:45:00,,20190900,122.4375,20190600,,20190900
2019-02-25 03:00:00,,20190900,122.4375,20190600,,20190900
2019-02-25 03:15:00,,20190900,122.4375,20190600,,20190900
2019-02-25 03:30:00,,20190900,122.4375,20190600,,20190900
2019-02-25 03:45:00,,20190900,122.4375,20190600,,20190900
2019-02-25 04:00:00,,20190900,122.4375,20190600,,20190900
2019-02-25 04:15:00,,20190900,122.4375,20190600,,20190900
2019-02-25 04:30:00,,20190900,122.4375,20190600,,20190900
2019-02-25 04:45:00,,20190900,122.421875,20190600,,20190900
2019-02-25 05:15:00,,20190900,122.421875,20190600,,20190900
2019-02-25 05:30:00,,20190900,122.421875,20190600,,20190900
2019-02-25 05:45:00,,20190900,122.421875,20190600,,20190900
2019-02-25 06:15:00,,20190900,122.40625,20190600,,20190900
2019-02-25 06:30:00,,20190900,122.40625,20190600,,20190900
2019-02-25 06:45:00,,20190900,122.390625,20190600,,20190900
2019-02-25 07:00:00,,20190900,122.328125,20190600,,20190900
2019-02-25 07:15:00,,20190900,122.359375,20190600,,20190900
2019-02-25 07:30:00,,20190900,122.34375,20190600,,20190900
2019-02-25 07:45:00,,20190900,122.375,20190600,,20190900
2019-02-25 08:00:00,,20190900,122.359375,20190600,,20190900
2019-02-25 08:15:00,,20190900,122.34375,20190600,,20190900
2019-02-25 08:30:00,,20190900,122.34375,20190600,,20190900
2019-02-25 08:45:00,,20190900,122.3125,20190600,,20190900
2019-02-25 09:00:00,,20190900,122.3125,20190600,,20190900
2019-02-25 09:15:00,,20190900,122.3125,20190600,,20190900
2019-02-25 09:30:00,,20190900,122.3125,20190600,,20190900
2019-02-25 09:45:00,,20190900,122.328125,20190600,,20190900
2019-02-25 10:00:00,,20190900,122.34375,20190600,,20190900
2019-02-25 10:15:00,,20190900,122.34375,20190600,,20190900
2019-02-25 10:30:00,,20190900,122.328125,20190600,,20190900
2019-02-25 10:45:00,,20190900,122.328125,20190600,,20190900
2019-02-25 11:00:00,,20190900,122.3125,20190600,,20190900
2019-02-25 11:15:00,,20190900,122.28125,20190600,,20190900
2019-02-25 11:30:00,,20190900,122.265625,20190600,,20190900
2019-02-25 11:45:00,,20190900,122.28125,20190600,,20190900
2019-02-25 12:00:00,,20190900,122.3125,20190600,,20190900
2019-02-25 12:15:00,,20190900,122.296875,20190600,,20190900
2019-02-25 12:30:00,,20190900,122.296875,20190600,,20190900
2019-02-25 12:45:00,,20190900,122.296875,20190600,,20190900
2019-02-25 13:00:00,,20190900,122.28125,20190600,,20190900
2019-02-25 13:15:00,,20190900,122.265625,20190600,,20190900
2019-02-25 13:30:00,,20190900,122.3125,20190600,,20190900
2019-02-25 13:45:00,,20190900,122.296875,20190600,,20190900
2019-02-25 14:00:00,,20190900,122.3125,20190600,,20190900
2019-02-25 14:15:00,,20190900,122.328125,20190600,,20190900
2019-02-25 14:30:00,,20190900,122.3125,20190600,,20190900
2019-02-25 14:45:00,,20190900,122.34375,20190600,,20190900
2019-02-25 15:00:00,,20190900,122.34375,20190600,,20190900
2019-02-25 15:15:00,,20190900,122.375,20190600,,20190900
2019-02-25 15:30:00,,20190900,122.375,20190600,,20190900
2019-02-25 15:45:00,,20190900,122.3125,20190600,,20190900
2019-02-25 16:00:00,,20190900,122.3125,20190600,,20190900
2019-02-25 16:15:00,,20190900,122.328125,20190600,,20190900
2019-02-25 16:30:00,,20190900,122.28125,20190600,,20190900
2019-02-25 16:45:00,,20190900,122.28125,20190600,,20190900
2019-02-25 17:00:00,,20190900,122.296875,20190600,,20190900
2019-02-25 17:15:00,,20190900,122.296875,20190600,,20190900
2019-02-25 17:30:00,,20190900,122.28125,20190600,,20190900
2019-02-25 17:45:00,,20190900,122.28125,20190600,,20190900
2019-02-25 18:00:00,,20190900,122.328125,20190600,,20190900
2019-02-25 18:15:00,,20190900,122.34375,20190600,,20190900
2019-02-25 18:30:00,,20190900,122.3125,20190600,,20190900
2019-02-25 18:45:00,,20190900,122.328125,20190600,,20190900
2019-02-25 19:00:00,,20190900,122.375,20190600,,20190900
2019-02-25 19:15:00,,20190900,122.390625,20190600,,20190900
2019-02-25 19:30:00,,20190900,122.34375,20190600,,20190900
2019-02-25 19:45:00,,20190900,122.34375,20190600,,20190900
2019-02-25 20:00:00,,20190900,122.375,20190600,,20190900
2019-02-25 20:15:00,,20190900,122.375,20190600,,20190900
2019-02-25 20:30:00,,20190900,122.359375,20190600,,20190900
2019-02-25 20:45:00,,20190900,122.359375,20190600,,20190900
2019-02-25 21:00:00,,20190900,122.375,20190600,,20190900
2019-02-25 21:15:00,,20190900,122.390625,20190600,,20190900
2019-02-25 21:30:00,,20190900,122.375,20190600,,20190900
2019-02-25 21:45:00,,20190900,122.40625,20190600,,20190900
2019-02-25 23:00:00,,20190900,122.421875,20190600,,20190900
2019-02-25 23:15:00,,20190900,122.453125,20190600,,20190900
2019-02-25 23:30:00,,20190900,122.453125,20190600,,20190900
2019-02-25 23:45:00,,20190900,122.453125,20190600,,20190900
2019-02-26 00:00:00,,20190900,122.4375,20190600,,20190900
2019-02-26 00:15:00,,20190900,122.4375,20190600,,20190900
2019-02-26 00:30:00,,20190900,122.4375,20190600,,20190900
2019-02-26 00:45:00,,20190900,122.453125,20190600,,20190900
2019-02-26 01:00:00,,20190900,122.453125,20190600,,20190900
2019-02-26 01:15:00,,20190900,122.484375,20190600,,20190900
2019-02-26 01:30:00,,20190900,122.515625,20190600,,20190900
2019-02-26 01:45:00,,20190900,122.515625,20190600,,20190900
2019-02-26 02:00:00,,20190900,122.515625,20190600,,20190900
2019-02-26 02:15:00,,20190900,122.53125,20190600,,20190900
2019-02-26 02:30:00,,20190900,122.53125,20190600,,20190900
2019-02-26 02:45:00,,20190900,122.515625,20190600,,20190900
2019-02-26 03:00:00,,20190900,122.515625,20190600,,20190900
2019-02-26 03:15:00,,20190900,122.515625,20190600,,20190900
2019-02-26 03:30:00,,20190900,122.53125,20190600,,20190900
2019-02-26 03:45:00,,20190900,122.53125,20190600,,20190900
2019-02-26 04:00:00,,20190900,122.546875,20190600,,20190900
2019-02-26 04:15:00,,20190900,122.53125,20190600,,20190900
2019-02-26 04:30:00,,20190900,122.53125,20190600,,20190900
2019-02-26 04:45:00,,20190900,122.546875,20190600,,20190900
2019-02-26 05:15:00,,20190900,122.515625,20190600,,20190900
2019-02-26 05:30:00,,20190900,122.5,20190600,,20190900
2019-02-26 05:45:00,,20190900,122.515625,20190600,,20190900
2019-02-26 06:15:00,,20190900,122.515625,20190600,,20190900
2019-02-26 06:30:00,,20190900,122.5,20190600,,20190900
2019-02-26 06:45:00,,20190900,122.5,20190600,,20190900
2019-02-26 07:00:00,,20190900,122.53125,20190600,,20190900
2019-02-26 07:15:00,,20190900,122.546875,20190600,,20190900
2019-02-26 07:30:00,,20190900,122.515625,20190600,,20190900
2019-02-26 07:45:00,,20190900,122.5,20190600,,20190900
2019-02-26 08:00:00,,20190900,122.5,20190600,,20190900
2019-02-26 08:15:00,,20190900,122.5,20190600,,20190900
2019-02-26 08:30:00,,20190900,122.46875,20190600,,20190900
2019-02-26 08:45:00,,20190900,122.46875,20190600,,20190900
2019-02-26 09:00:00,,20190900,122.453125,20190600,,20190900
2019-02-26 09:15:00,,20190900,122.484375,20190600,,20190900
2019-02-26 09:30:00,,20190900,122.484375,20190600,,20190900
2019-02-26 09:45:00,,20190900,122.453125,20190600,,20190900
2019-02-26 10:00:00,,20190900,122.4375,20190600,,20190900
2019-02-26 10:15:00,,20190900,122.453125,20190600,,20190900
2019-02-26 10:30:00,,20190900,122.40625,20190600,,20190900
2019-02-26 10:45:00,,20190900,122.421875,20190600,,20190900
2019-02-26 11:00:00,,20190900,122.4375,20190600,,20190900
2019-02-26 11:15:00,,20190900,122.453125,20190600,,20190900
2019-02-26 11:30:00,,20190900,122.4375,20190600,,20190900
2019-02-26 11:45:00,,20190900,122.4375,20190600,,20190900
2019-02-26 12:00:00,,20190900,122.484375,20190600,,20190900
2019-02-26 12:15:00,,20190900,122.46875,20190600,,20190900
2019-02-26 12:30:00,,20190900,122.484375,20190600,,20190900
2019-02-26 12:45:00,,20190900,122.484375,20190600,,20190900
2019-02-26 13:00:00,,20190900,122.515625,20190600,,20190900
2019-02-26 13:15:00,,20190900,122.515625,20190600,,20190900
2019-02-26 13:30:00,,20190900,122.609375,20190600,,20190900
2019-02-26 13:45:00,,20190900,122.671875,20190600,,20190900
2019-02-26 14:00:00,,20190900,122.625,20190600,,20190900
2019-02-26 14:15:00,,20190900,122.65625,20190600,,20190900
2019-02-26 14:30:00,,20190900,122.671875,20190600,,20190900
2019-02-26 14:45:00,,20190900,122.609375,20190600,,20190900
2019-02-26 15:00:00,,20190900,122.5625,20190600,,20190900
2019-02-26 15:15:00,,20190900,122.515625,20190600,,20190900
2019-02-26 15:30:00,,20190900,122.515625,20190600,,20190900
2019-02-26 15:45:00,,20190900,122.546875,20190600,,20190900
2019-02-26 16:00:00,,20190900,122.53125,20190600,,20190900
2019-02-26 16:15:00,,20190900,122.59375,20190600,,20190900
2019-02-26 16:30:00,,20190900,122.578125,20190600,,20190900
2019-02-26 16:45:00,,20190900,122.546875,20190600,,20190900
2019-02-26 17:00:00,,20190900,122.53125,20190600,,20190900
2019-02-26 17:15:00,,20190900,122.546875,20190600,,20190900
2019-02-26 17:30:00,,20190900,122.578125,20190600,,20190900
2019-02-26 17:45:00,,20190900,122.59375,20190600,,20190900
2019-02-26 18:00:00,,20190900,122.640625,20190600,,20190900
2019-02-26 18:15:00,,20190900,122.671875,20190600,,20190900
2019-02-26 18:30:00,,20190900,122.671875,20190600,,20190900
2019-02-26 18:45:00,,20190900,122.65625,20190600,,20190900
2019-02-26 19:00:00,,20190900,122.671875,20190600,,20190900
2019-02-26 19:15:00,,20190900,122.6875,20190600,,20190900
2019-02-26 19:30:00,,20190900,122.671875,20190600,,20190900
2019-02-26 19:45:00,,20190900,122.671875,20190600,,20190900
2019-02-26 20:00:00,,20190900,122.640625,20190600,,20190900
2019-02-26 20:15:00,,20190900,122.625,20190600,,20190900
2019-02-26 20:30:00,,20190900,122.640625,20190600,,20190900
2019-02-26 20:45:00,,20190900,122.609375,20190600,,20190900
2019-02-26 21:00:00,,20190900,122.625,20190600,,20190900
2019-02-26 21:15:00,,20190900,122.609375,20190600,,20190900
2019-02-26 21:30:00,,20190900,122.625,20190600,,20190900
2019-02-26 21:45:00,,20190900,122.625,20190600,,20190900
2019-02-26 23:00:00,,20190900,122.515625,20190600,,20190900
2019-02-26 23:15:00,,20190900,122.640625,20190600,,20190900
2019-02-26 23:30:00,,20190900,122.65625,20190600,,20190900
2019-02-26 23:45:00,,20190900,122.65625,20190600,,20190900
2019-02-27 00:00:00,,20190900,122.65625,20190600,,20190900
2019-02-27 00:15:00,,20190900,122.671875,20190600,,20190900
2019-02-27 00:30:00,,20190900,122.671875,20190600,,20190900
2019-02-27 03:45:00,,20190900,122.609375,20190600,,20190900
2019-02-27 04:00:00,,20190900,122.625,20190600,,20190900
2019-02-27 04:15:00,,20190900,122.609375,20190600,,20190900
2019-02-27 04:30:00,,20190900,122.609375,20190600,,20190900
2019-02-27 04:45:00,,20190900,122.625,20190600,,20190900
2019-02-27 05:15:00,,20190900,122.609375,20190600,,20190900
2019-02-27 05:30:00,,20190900,122.609375,20190600,,20190900
2019-02-27 05:45:00,,20190900,122.625,20190600,,20190900
2019-02-27 06:15:00,,20190900,122.625,20190600,,20190900
2019-02-27 06:30:00,,20190900,122.6875,20190600,,20190900
2019-02-27 06:45:00,,20190900,122.65625,20190600,,20190900
2019-02-27 07:00:00,,20190900,122.671875,20190600,,20190900
2019-02-27 07:15:00,,20190900,122.6875,20190600,,20190900
2019-02-27 07:30:00,,20190900,122.6875,20190600,,20190900
2019-02-27 07:45:00,,20190900,122.671875,20190600,,20190900
2019-02-27 08:00:00,,20190900,122.671875,20190600,,20190900
2019-02-27 08:15:00,,20190900,122.625,20190600,,20190900
2019-02-27 08:30:00,,20190900,122.609375,20190600,,20190900
2019-02-27 08:45:00,,20190900,122.625,20190600,,20190900
2019-02-27 09:00:00,,20190900,122.625,20190600,,20190900
2019-02-27 09:15:00,,20190900,122.625,20190600,,20190900
2019-02-27 09:30:00,,20190900,122.640625,20190600,,20190900
2019-02-27 09:45:00,,20190900,122.640625,20190600,,20190900
2019-02-27 10:00:00,,20190900,122.65625,20190600,,20190900
2019-02-27 10:15:00,,20190900,122.65625,20190600,,20190900
2019-02-27 10:30:00,,20190900,122.6875,20190600,,20190900
2019-02-27 10:45:00,,20190900,122.671875,20190600,,20190900
2019-02-27 11:00:00,,20190900,122.6875,20190600,,20190900
2019-02-27 11:15:00,,20190900,122.6875,20190600,,20190900
2019-02-27 11:30:00,,20190900,122.6875,20190600,,20190900
2019-02-27 11:45:00,,20190900,122.6875,20190600,,20190900
2019-02-27 12:00:00,,20190900,122.671875,20190600,,20190900
2019-02-27 12:15:00,,20190900,122.65625,20190600,,20190900
2019-02-27 12:30:00,,20190900,122.65625,20190600,,20190900
2019-02-27 12:45:00,,20190900,122.65625,20190600,,20190900
2019-02-27 13:00:00,,20190900,122.6875,20190600,,20190900
2019-02-27 13:15:00,,20190900,122.609375,20190600,,20190900
2019-02-27 13:30:00,,20190900,122.578125,20190600,,20190900
2019-02-27 13:45:00,,20190900,122.5,20190600,,20190900
2019-02-27 14:00:00,,20190900,122.46875,20190600,,20190900
2019-02-27 14:15:00,,20190900,122.4375,20190600,,20190900
2019-02-27 14:30:00,,20190900,122.359375,20190600,,20190900
2019-02-27 14:45:00,,20190900,122.34375,20190600,,20190900
2019-02-27 15:00:00,,20190900,122.34375,20190600,,20190900
2019-02-27 15:15:00,,20190900,122.3125,20190600,,20190900
2019-02-27 15:30:00,,20190900,122.25,20190600,,20190900
2019-02-27 15:45:00,,20190900,122.25,20190600,,20190900
2019-02-27 16:00:00,,20190900,122.234375,20190600,,20190900
2019-02-27 16:15:00,,20190900,122.25,20190600,,20190900
2019-02-27 16:30:00,,20190900,122.296875,20190600,,20190900
2019-02-27 16:45:00,,20190900,122.296875,20190600,,20190900
2019-02-27 17:00:00,,20190900,122.3125,20190600,,20190900
2019-02-27 17:15:00,,20190900,122.28125,20190600,,20190900
2019-02-27 17:30:00,,20190900,122.28125,20190600,,20190900
2019-02-27 17:45:00,,20190900,122.28125,20190600,,20190900
2019-02-27 18:00:00,,20190900,122.296875,20190600,,20190900
2019-02-27 18:15:00,,20190900,122.28125,20190600,,20190900
2019-02-27 18:30:00,,20190900,122.296875,20190600,,20190900
2019-02-27 18:45:00,,20190900,122.28125,20190600,,20190900
2019-02-27 19:00:00,,20190900,122.265625,20190600,,20190900
2019-02-27 19:15:00,,20190900,122.234375,20190600,,20190900
2019-02-27 19:30:00,,20190900,122.1875,20190600,,20190900
2019-02-27 19:45:00,,20190900,122.21875,20190600,,20190900
2019-02-27 20:00:00,,20190900,122.1875,20190600,,20190900
2019-02-27 20:15:00,,20190900,122.21875,20190600,,20190900
2019-02-27 20:30:00,,20190900,122.234375,20190600,,20190900
2019-02-27 20:45:00,,20190900,122.265625,20190600,,20190900
2019-02-27 21:00:00,,20190900,122.25,20190600,,20190900
2019-02-27 21:15:00,,20190900,122.265625,20190600,,20190900
2019-02-27 21:30:00,,20190900,122.28125,20190600,,20190900
2019-02-27 21:45:00,,20190900,122.28125,20190600,,20190900
2019-02-27 23:00:00,,20190900,122.609375,20190600,,20190900
2019-02-27 23:15:00,,20190900,122.3125,20190600,,20190900
2019-02-27 23:30:00,,20190900,122.34375,20190600,,20190900
2019-02-27 23:45:00,,20190900,122.328125,20190600,,20190900
2019-02-28 00:00:00,,20190900,122.34375,20190600,,20190900
2019-02-28 00:15:00,,20190900,122.34375,20190600,,20190900
2019-02-28 00:30:00,,20190900,122.34375,20190600,,20190900
2019-02-28 00:45:00,,20190900,122.359375,20190600,,20190900
2019-02-28 01:00:00,,20190900,122.375,20190600,,20190900
2019-02-28 01:15:00,,20190900,122.359375,20190600,,20190900
2019-02-28 01:30:00,,20190900,122.359375,20190600,,20190900
2019-02-28 01:45:00,,20190900,122.359375,20190600,,20190900
2019-02-28 02:00:00,,20190900,122.359375,20190600,,20190900
2019-02-28 02:15:00,,20190900,122.359375,20190600,,20190900
2019-02-28 02:30:00,,20190900,122.359375,20190600,,20190900
2019-02-28 02:45:00,,20190900,122.375,20190600,,20190900
2019-02-28 03:00:00,,20190900,122.359375,20190600,,20190900
2019-02-28 03:15:00,,20190900,122.359375,20190600,,20190900
2019-02-28 03:30:00,,20190900,122.359375,20190600,,20190900
2019-02-28 03:45:00,,20190900,122.40625,20190600,,20190900
2019-02-28 04:00:00,,20190900,122.375,20190600,,20190900
2019-02-28 04:15:00,,20190900,122.375,20190600,,20190900
2019-02-28 04:30:00,,20190900,122.375,20190600,,20190900
2019-02-28 04:45:00,,20190900,122.40625,20190600,,20190900
2019-02-28 05:15:00,,20190900,122.390625,20190600,,20190900
2019-02-28 05:30:00,,20190900,122.390625,20190600,,20190900
2019-02-28 05:45:00,,20190900,122.421875,20190600,,20190900
2019-02-28 06:15:00,,20190900,122.4375,20190600,,20190900
2019-02-28 06:30:00,,20190900,122.40625,20190600,,20190900
2019-02-28 06:45:00,,20190900,122.40625,20190600,,20190900
2019-02-28 07:00:00,,20190900,122.390625,20190600,,20190900
2019-02-28 07:15:00,,20190900,122.453125,20190600,,20190900
2019-02-28 07:30:00,,20190900,122.453125,20190600,,20190900
2019-02-28 07:45:00,,20190900,122.453125,20190600,,20190900
2019-02-28 08:00:00,,20190900,122.4375,20190600,,20190900
2019-02-28 08:15:00,,20190900,122.421875,20190600,,20190900
2019-02-28 08:30:00,,20190900,122.375,20190600,,20190900
2019-02-28 08:45:00,,20190900,122.375,20190600,,20190900
2019-02-28 09:00:00,,20190900,122.359375,20190600,,20190900
2019-02-28 09:15:00,,20190900,122.375,20190600,,20190900
2019-02-28 09:30:00,,20190900,122.375,20190600,,20190900
2019-02-28 09:45:00,,20190900,122.34375,20190600,,20190900
2019-02-28 10:00:00,,20190900,122.359375,20190600,,20190900
2019-02-28 10:15:00,,20190900,122.375,20190600,,20190900
2019-02-28 10:30:00,,20190900,122.359375,20190600,,20190900
2019-02-28 10:45:00,,20190900,122.375,20190600,,20190900
2019-02-28 11:00:00,,20190900,122.359375,20190600,,20190900
2019-02-28 11:15:00,,20190900,122.390625,20190600,,20190900
2019-02-28 11:30:00,,20190900,122.390625,20190600,,20190900
2019-02-28 11:45:00,,20190900,122.375,20190600,,20190900
2019-02-28 12:00:00,,20190900,122.4375,20190600,,20190900
2019-02-28 12:15:00,,20190900,122.390625,20190600,,20190900
2019-02-28 12:30:00,,20190900,122.40625,20190600,,20190900
2019-02-28 12:45:00,,20190900,122.40625,20190600,,20190900
2019-02-28 13:00:00,,20190900,122.4375,20190600,,20190900
2019-02-28 13:15:00,,20190900,122.40625,20190600,,20190900
2019-02-28 13:30:00,,20190900,122.140625,20190600,,20190900
2019-02-28 13:45:00,,20190900,122.078125,20190600,,20190900
2019-02-28 14:00:00,,20190900,122.109375,20190600,,20190900
2019-02-28 14:15:00,,20190900,122.140625,20190600,,20190900
2019-02-28 14:30:00,,20190900,122.0625,20190600,,20190900
2019-02-28 14:45:00,,20190900,121.984375,20190600,,20190900
2019-02-28 15:00:00,,20190900,122.03125,20190600,,20190900
2019-02-28 15:15:00,,20190900,121.96875,20190600,,20190900
2019-02-28 15:30:00,,20190900,121.96875,20190600,,20190900
2019-02-28 15:45:00,,20190900,121.953125,20190600,,20190900
2019-02-28 16:00:00,,20190900,121.984375,20190600,,20190900
2019-02-28 16:15:00,,20190900,121.921875,20190600,,20190900
2019-02-28 16:30:00,,20190900,121.921875,20190600,,20190900
2019-02-28 16:45:00,,20190900,121.953125,20190600,,20190900
2019-02-28 17:00:00,,20190900,121.96875,20190600,,20190900
2019-02-28 17:15:00,,20190900,121.984375,20190600,,20190900
2019-02-28 17:30:00,,20190900,121.96875,20190600,,20190900
2019-02-28 17:45:00,,20190900,122.0,20190600,,20190900
2019-02-28 18:00:00,,20190900,122.0,20190600,,20190900
2019-02-28 18:15:00,,20190900,122.0,20190600,,20190900
2019-02-28 18:30:00,,20190900,121.96875,20190600,,20190900
2019-02-28 18:45:00,,20190900,121.96875,20190600,,20190900
2019-02-28 19:00:00,,20190900,121.953125,20190600,,20190900
2019-02-28 19:15:00,,20190900,121.984375,20190600,,20190900
2019-02-28 19:30:00,,20190900,122.0,20190600,,20190900
2019-02-28 19:45:00,,20190900,122.015625,20190600,,20190900
2019-02-28 20:00:00,,20190900,121.90625,20190600,,20190900
2019-02-28 20:15:00,,20190900,121.890625,20190600,,20190900
2019-02-28 20:30:00,,20190900,121.921875,20190600,,20190900
2019-02-28 20:45:00,,20190900,121.953125,20190600,,20190900
2019-02-28 21:00:00,,20190900,121.921875,20190600,,20190900
2019-02-28 21:15:00,,20190900,121.921875,20190600,,20190900
2019-02-28 21:30:00,,20190900,121.953125,20190600,,20190900
2019-02-28 21:45:00,,20190900,121.953125,20190600,,20190900
2019-02-28 23:00:00,,20190900,122.40625,20190600,,20190900
2019-02-28 23:15:00,,20190900,121.96875,20190600,,20190900
2019-02-28 23:30:00,,20190900,121.96875,20190600,,20190900
2019-02-28 23:45:00,,20190900,121.953125,20190600,,20190900
2019-03-01 00:00:00,,20190900,121.90625,20190600,,20190900
2019-03-01 00:15:00,,20190900,121.9375,20190600,,20190900
2019-03-01 00:30:00,,20190900,121.953125,20190600,,20190900
2019-03-01 00:45:00,,20190900,121.953125,20190600,,20190900
2019-03-01 01:00:00,,20190900,121.984375,20190600,,20190900
2019-03-01 01:15:00,,20190900,121.96875,20190600,,20190900
2019-03-01 01:30:00,,20190900,121.96875,20190600,,20190900
2019-03-01 01:45:00,,20190900,121.921875,20190600,,20190900
2019-03-01 02:00:00,,20190900,121.921875,20190600,,20190900
2019-03-01 02:15:00,,20190900,121.921875,20190600,,20190900
2019-03-01 02:30:00,,20190900,121.9375,20190600,,20190900
2019-03-01 02:45:00,,20190900,121.921875,20190600,,20190900
2019-03-01 03:00:00,,20190900,121.90625,20190600,,20190900
2019-03-01 03:15:00,,20190900,121.921875,20190600,,20190900
2019-03-01 03:30:00,,20190900,121.9375,20190600,,20190900
2019-03-01 03:45:00,,20190900,121.921875,20190600,,20190900
2019-03-01 04:00:00,,20190900,121.953125,20190600,,20190900
2019-03-01 04:15:00,,20190900,121.953125,20190600,,20190900
2019-03-01 04:30:00,,20190900,121.9375,20190600,,20190900
2019-03-01 04:45:00,,20190900,121.9375,20190600,,20190900
2019-03-01 05:15:00,,20190900,121.921875,20190600,,20190900
2019-03-01 05:30:00,,20190900,121.9375,20190600,,20190900
2019-03-01 05:45:00,,20190900,121.9375,20190600,,20190900
2019-03-01 06:15:00,,20190900,121.9375,20190600,,20190900
2019-03-01 06:30:00,,20190900,121.921875,20190600,,20190900
2019-03-01 06:45:00,,20190900,121.921875,20190600,,20190900
2019-03-01 07:00:00,,20190900,121.90625,20190600,,20190900
2019-03-01 07:15:00,,20190900,121.875,20190600,,20190900
2019-03-01 07:30:00,,20190900,121.859375,20190600,,20190900
2019-03-01 07:45:00,,20190900,121.859375,20190600,,20190900
2019-03-01 08:00:00,,20190900,121.875,20190600,,20190900
2019-03-01 08:15:00,,20190900,121.890625,20190600,,20190900
2019-03-01 08:30:00,,20190900,121.890625,20190600,,20190900
2019-03-01 08:45:00,,20190900,121.859375,20190600,,20190900
2019-03-01 09:00:00,,20190900,121.828125,20190600,,20190900
2019-03-01 09:15:00,,20190900,121.78125,20190600,,20190900
2019-03-01 09:30:00,,20190900,121.796875,20190600,,20190900
2019-03-01 09:45:00,,20190900,121.796875,20190600,,20190900
2019-03-01 10:00:00,,20190900,121.78125,20190600,,20190900
2019-03-01 10:15:00,,20190900,121.796875,20190600,,20190900
2019-03-01 10:30:00,,20190900,121.8125,20190600,,20190900
2019-03-01 10:45:00,,20190900,121.8125,20190600,,20190900
2019-03-01 11:00:00,,20190900,121.828125,20190600,,20190900
2019-03-01 11:15:00,,20190900,121.8125,20190600,,20190900
2019-03-01 11:30:00,,20190900,121.8125,20190600,,20190900
2019-03-01 11:45:00,,20190900,121.8125,20190600,,20190900
2019-03-01 12:00:00,,20190900,121.796875,20190600,,20190900
2019-03-01 12:15:00,,20190900,121.796875,20190600,,20190900
2019-03-01 12:30:00,,20190900,121.78125,20190600,,20190900
2019-03-01 12:45:00,,20190900,121.75,20190600,,20190900
2019-03-01 13:00:00,,20190900,121.75,20190600,,20190900
2019-03-01 13:15:00,,20190900,121.75,20190600,,20190900
2019-03-01 13:30:00,,20190900,121.75,20190600,,20190900
2019-03-01 13:45:00,,20190900,121.765625,20190600,,20190900
2019-03-01 14:00:00,,20190900,121.71875,20190600,,20190900
2019-03-01 14:15:00,,20190900,121.71875,20190600,,20190900
2019-03-01 14:30:00,,20190900,121.703125,20190600,,20190900
2019-03-01 14:45:00,,20190900,121.65625,20190600,,20190900
2019-03-01 15:00:00,,20190900,121.765625,20190600,,20190900
2019-03-01 15:15:00,,20190900,121.8125,20190600,,20190900
2019-03-01 15:30:00,,20190900,121.75,20190600,,20190900
2019-03-01 15:45:00,,20190900,121.75,20190600,,20190900
2019-03-01 16:00:00,,20190900,121.75,20190600,,20190900
2019-03-01 16:15:00,,20190900,121.71875,20190600,,20190900
2019-03-01 16:30:00,,20190900,121.75,20190600,,20190900
2019-03-01 16:45:00,,20190900,121.78125,20190600,,20190900
2019-03-01 17:00:00,,20190900,121.75,20190600,,20190900
2019-03-01 17:15:00,,20190900,121.75,20190600,,20190900
2019-03-01 17:30:00,,20190900,121.75,20190600,,20190900
2019-03-01 17:45:00,,20190900,121.71875,20190600,,20190900
2019-03-01 18:00:00,,20190900,121.6875,20190600,,20190900
2019-03-01 18:15:00,,20190900,121.703125,20190600,,20190900
2019-03-01 18:30:00,,20190900,121.6875,20190600,,20190900
2019-03-01 18:45:00,,20190900,121.6875,20190600,,20190900
2019-03-01 19:00:00,,20190900,121.671875,20190600,,20190900
2019-03-01 19:15:00,,20190900,121.625,20190600,,20190900
2019-03-01 19:30:00,,20190900,121.640625,20190600,,20190900
2019-03-01 19:45:00,,20190900,121.625,20190600,,20190900
2019-03-01 20:00:00,,20190900,121.59375,20190600,,20190900
2019-03-01 20:15:00,,20190900,121.578125,20190600,,20190900
2019-03-01 20:30:00,,20190900,121.546875,20190600,,20190900
2019-03-01 20:45:00,,20190900,121.5625,20190600,,20190900
2019-03-01 21:00:00,,20190900,121.578125,20190600,,20190900
2019-03-01 21:15:00,,20190900,121.578125,20190600,,20190900
2019-03-01 21:30:00,,20190900,121.609375,20190600,,20190900
2019-03-01 21:45:00,,20190900,121.640625,20190600,,20190900
2019-03-01 23:00:00,,20190900,121.9375,20190600,,20190900
2019-03-03 23:00:00,,20190900,121.5,20190600,,20190900
2019-03-03 23:15:00,,20190900,121.515625,20190600,,20190900
2019-03-03 23:30:00,,20190900,121.515625,20190600,,20190900
2019-03-03 23:45:00,,20190900,121.53125,20190600,,20190900
2019-03-04 00:00:00,,20190900,121.5625,20190600,,20190900
2019-03-04 00:15:00,,20190900,121.546875,20190600,,20190900
2019-03-04 00:30:00,,20190900,121.578125,20190600,,20190900
2019-03-04 00:45:00,,20190900,121.59375,20190600,,20190900
2019-03-04 01:00:00,,20190900,121.578125,20190600,,20190900
2019-03-04 01:15:00,,20190900,121.609375,20190600,,20190900
2019-03-04 01:30:00,,20190900,121.5625,20190600,,20190900
2019-03-04 01:45:00,,20190900,121.578125,20190600,,20190900
2019-03-04 02:00:00,,20190900,121.578125,20190600,,20190900
2019-03-04 02:15:00,,20190900,121.578125,20190600,,20190900
2019-03-04 02:30:00,,20190900,121.578125,20190600,,20190900
2019-03-04 02:45:00,,20190900,121.5625,20190600,,20190900
2019-03-04 03:00:00,,20190900,121.53125,20190600,,20190900
2019-03-04 03:15:00,,20190900,121.5625,20190600,,20190900
2019-03-04 03:30:00,,20190900,121.5625,20190600,,20190900
2019-03-04 03:45:00,,20190900,121.5625,20190600,,20190900
2019-03-04 04:00:00,,20190900,121.53125,20190600,,20190900
2019-03-04 04:15:00,,20190900,121.546875,20190600,,20190900
2019-03-04 04:30:00,,20190900,121.5625,20190600,,20190900
2019-03-04 04:45:00,,20190900,121.5625,20190600,,20190900
2019-03-04 05:15:00,,20190900,121.546875,20190600,,20190900
2019-03-04 05:30:00,,20190900,121.578125,20190600,,20190900
2019-03-04 05:45:00,,20190900,121.578125,20190600,,20190900
2019-03-04 06:15:00,,20190900,121.578125,20190600,,20190900
2019-03-04 06:30:00,,20190900,121.59375,20190600,,20190900
2019-03-04 06:45:00,,20190900,121.578125,20190600,,20190900
2019-03-04 07:00:00,,20190900,121.578125,20190600,,20190900
2019-03-04 07:15:00,,20190900,121.59375,20190600,,20190900
2019-03-04 07:30:00,,20190900,121.609375,20190600,,20190900
2019-03-04 07:45:00,,20190900,121.609375,20190600,,20190900
2019-03-04 08:00:00,,20190900,121.625,20190600,,20190900
2019-03-04 08:15:00,,20190900,121.59375,20190600,,20190900
2019-03-04 08:30:00,,20190900,121.625,20190600,,20190900
2019-03-04 08:45:00,,20190900,121.65625,20190600,,20190900
2019-03-04 09:00:00,,20190900,121.640625,20190600,,20190900
2019-03-04 09:15:00,,20190900,121.640625,20190600,,20190900
2019-03-04 09:30:00,,20190900,121.640625,20190600,,20190900
2019-03-04 09:45:00,,20190900,121.640625,20190600,,20190900
2019-03-04 10:00:00,,20190900,121.65625,20190600,,20190900
2019-03-04 10:15:00,,20190900,121.65625,20190600,,20190900
2019-03-04 10:30:00,,20190900,121.671875,20190600,,20190900
2019-03-04 10:45:00,,20190900,121.65625,20190600,,20190900
2019-03-04 11:00:00,,20190900,121.6875,20190600,,20190900
2019-03-04 11:15:00,,20190900,121.671875,20190600,,20190900
2019-03-04 11:30:00,,20190900,121.671875,20190600,,20190900
2019-03-04 11:45:00,,20190900,121.671875,20190600,,20190900
2019-03-04 12:00:00,,20190900,121.703125,20190600,,20190900
2019-03-04 12:15:00,,20190900,121.6875,20190600,,20190900
2019-03-04 12:30:00,,20190900,121.671875,20190600,,20190900
2019-03-04 12:45:00,,20190900,121.625,20190600,,20190900
2019-03-04 13:00:00,,20190900,121.640625,20190600,,20190900
2019-03-04 13:15:00,,20190900,121.734375,20190600,,20190900
2019-03-04 13:30:00,,20190900,121.71875,20190600,,20190900
2019-03-04 13:45:00,,20190900,121.703125,20190600,,20190900
2019-03-04 14:00:00,,20190900,121.703125,20190600,,20190900
2019-03-04 14:15:00,,20190900,121.703125,20190600,,20190900
2019-03-04 14:30:00,,20190900,121.65625,20190600,,20190900
2019-03-04 14:45:00,,20190900,121.625,20190600,,20190900
2019-03-04 15:00:00,,20190900,121.65625,20190600,,20190900
2019-03-04 15:15:00,,20190900,121.65625,20190600,,20190900
2019-03-04 15:30:00,,20190900,121.65625,20190600,,20190900
2019-03-04 15:45:00,,20190900,121.734375,20190600,,20190900
2019-03-04 16:00:00,,20190900,121.78125,20190600,,20190900
2019-03-04 16:15:00,,20190900,121.8125,20190600,,20190900
2019-03-04 16:30:00,,20190900,121.84375,20190600,,20190900
2019-03-04 16:45:00,,20190900,121.828125,20190600,,20190900
2019-03-04 17:00:00,,20190900,121.859375,20190600,,20190900
2019-03-04 17:15:00,,20190900,121.84375,20190600,,20190900
2019-03-04 17:30:00,,20190900,121.859375,20190600,,20190900
2019-03-04 17:45:00,,20190900,121.859375,20190600,,20190900
2019-03-04 18:00:00,,20190900,121.859375,20190600,,20190900
2019-03-04 18:15:00,,20190900,121.828125,20190600,,20190900
2019-03-04 18:30:00,,20190900,121.828125,20190600,,20190900
2019-03-04 18:45:00,,20190900,121.84375,20190600,,20190900
2019-03-04 19:00:00,,20190900,121.84375,20190600,,20190900
2019-03-04 19:15:00,,20190900,121.828125,20190600,,20190900
2019-03-04 19:30:00,,20190900,121.859375,20190600,,20190900
2019-03-04 19:45:00,,20190900,121.875,20190600,,20190900
2019-03-04 20:00:00,,20190900,121.875,20190600,,20190900
2019-03-04 20:15:00,,20190900,121.875,20190600,,20190900
2019-03-04 20:30:00,,20190900,121.90625,20190600,,20190900
2019-03-04 20:45:00,,20190900,121.875,20190600,,20190900
2019-03-04 21:00:00,,20190900,121.859375,20190600,,20190900
2019-03-04 21:15:00,,20190900,121.859375,20190600,,20190900
2019-03-04 21:30:00,,20190900,121.875,20190600,,20190900
2019-03-04 21:45:00,,20190900,121.875,20190600,,20190900
2019-03-04 23:00:00,,20190900,121.578125,20190600,,20190900
2019-03-04 23:15:00,,20190900,121.875,20190600,,20190900
2019-03-04 23:30:00,,20190900,121.859375,20190600,,20190900
2019-03-04 23:45:00,,20190900,121.859375,20190600,,20190900
2019-03-05 00:00:00,,20190900,121.84375,20190600,,20190900
2019-03-05 00:15:00,,20190900,121.84375,20190600,,20190900
2019-03-05 00:30:00,,20190900,121.828125,20190600,,20190900
2019-03-05 00:45:00,,20190900,121.859375,20190600,,20190900
2019-03-05 01:00:00,,20190900,121.84375,20190600,,20190900
2019-03-05 01:15:00,,20190900,121.859375,20190600,,20190900
2019-03-05 01:30:00,,20190900,121.875,20190600,,20190900
2019-03-05 01:45:00,,20190900,121.890625,20190600,,20190900
2019-03-05 02:00:00,,20190900,121.875,20190600,,20190900
2019-03-05 02:15:00,,20190900,121.875,20190600,,20190900
2019-03-05 02:30:00,,20190900,121.875,20190600,,20190900
2019-03-05 02:45:00,,20190900,121.875,20190600,,20190900
2019-03-05 03:00:00,,20190900,121.875,20190600,,20190900
2019-03-05 03:15:00,,20190900,121.875,20190600,,20190900
2019-03-05 03:30:00,,20190900,121.875,20190600,,20190900
2019-03-05 03:45:00,,20190900,121.890625,20190600,,20190900
2019-03-05 04:00:00,,20190900,121.875,20190600,,20190900
2019-03-05 04:15:00,,20190900,121.875,20190600,,20190900
2019-03-05 04:30:00,,20190900,121.875,20190600,,20190900
2019-03-05 04:45:00,,20190900,121.875,20190600,,20190900
2019-03-05 05:15:00,,20190900,121.875,20190600,,20190900
2019-03-05 05:30:00,,20190900,121.875,20190600,,20190900
2019-03-05 05:45:00,,20190900,121.859375,20190600,,20190900
2019-03-05 06:15:00,,20190900,121.875,20190600,,20190900
2019-03-05 06:30:00,,20190900,121.875,20190600,,20190900
2019-03-05 06:45:00,,20190900,121.859375,20190600,,20190900
2019-03-05 07:00:00,,20190900,121.8125,20190600,,20190900
2019-03-05 07:15:00,,20190900,121.8125,20190600,,20190900
2019-03-05 07:30:00,,20190900,121.8125,20190600,,20190900
2019-03-05 07:45:00,,20190900,121.796875,20190600,,20190900
2019-03-05 08:00:00,,20190900,121.78125,20190600,,20190900
2019-03-05 08:15:00,,20190900,121.78125,20190600,,20190900
2019-03-05 08:30:00,,20190900,121.796875,20190600,,20190900
2019-03-05 08:45:00,,20190900,121.75,20190600,,20190900
2019-03-05 09:00:00,,20190900,121.75,20190600,,20190900
2019-03-05 09:15:00,,20190900,121.75,20190600,,20190900
2019-03-05 09:30:00,,20190900,121.75,20190600,,20190900
2019-03-05 09:45:00,,20190900,121.734375,20190600,,20190900
2019-03-05 10:00:00,,20190900,121.71875,20190600,,20190900
2019-03-05 10:15:00,,20190900,121.71875,20190600,,20190900
2019-03-05 10:30:00,,20190900,121.734375,20190600,,20190900
2019-03-05 10:45:00,,20190900,121.71875,20190600,,20190900
2019-03-05 11:00:00,,20190900,121.71875,20190600,,20190900
2019-03-05 11:15:00,,20190900,121.734375,20190600,,20190900
2019-03-05 11:30:00,,20190900,121.71875,20190600,,20190900
2019-03-05 11:45:00,,20190900,121.734375,20190600,,20190900
2019-03-05 12:00:00,,20190900,121.71875,20190600,,20190900
2019-03-05 12:15:00,,20190900,121.6875,20190600,,20190900
2019-03-05 12:30:00,,20190900,121.6875,20190600,,20190900
2019-03-05 12:45:00,,20190900,121.71875,20190600,,20190900
2019-03-05 13:00:00,,20190900,121.6875,20190600,,20190900
2019-03-05 13:15:00,,20190900,121.75,20190600,,20190900
2019-03-05 13:30:00,,20190900,121.703125,20190600,,20190900
2019-03-05 13:45:00,,20190900,121.6875,20190600,,20190900
2019-03-05 14:00:00,,20190900,121.71875,20190600,,20190900
2019-03-05 14:15:00,,20190900,121.703125,20190600,,20190900
2019-03-05 14:30:00,,20190900,121.71875,20190600,,20190900
2019-03-05 14:45:00,,20190900,121.78125,20190600,,20190900
2019-03-05 15:00:00,,20190900,121.65625,20190600,,20190900
2019-03-05 15:15:00,,20190900,121.71875,20190600,,20190900
2019-03-05 15:30:00,,20190900,121.734375,20190600,,20190900
2019-03-05 15:45:00,,20190900,121.734375,20190600,,20190900
2019-03-05 16:00:00,,20190900,121.6875,20190600,,20190900
2019-03-05 16:15:00,,20190900,121.71875,20190600,,20190900
2019-03-05 16:30:00,,20190900,121.703125,20190600,,20190900
2019-03-05 16:45:00,,20190900,121.703125,20190600,,20190900
2019-03-05 17:00:00,,20190900,121.703125,20190600,,20190900
2019-03-05 17:15:00,,20190900,121.75,20190600,,20190900
2019-03-05 17:30:00,,20190900,121.75,20190600,,20190900
2019-03-05 17:45:00,,20190900,121.765625,20190600,,20190900
2019-03-05 18:00:00,,20190900,121.765625,20190600,,20190900
2019-03-05 18:15:00,,20190900,121.78125,20190600,,20190900
2019-03-05 18:30:00,,20190900,121.828125,20190600,,20190900
2019-03-05 18:45:00,,20190900,121.828125,20190600,,20190900
2019-03-05 19:00:00,,20190900,121.828125,20190600,,20190900
2019-03-05 19:15:00,,20190900,121.84375,20190600,,20190900
2019-03-05 19:30:00,,20190900,121.859375,20190600,,20190900
2019-03-05 19:45:00,,20190900,121.890625,20190600,,20190900
2019-03-05 20:00:00,,20190900,121.890625,20190600,,20190900
2019-03-05 20:15:00,,20190900,121.890625,20190600,,20190900
2019-03-05 20:30:00,,20190900,121.859375,20190600,,20190900
2019-03-05 20:45:00,,20190900,121.90625,20190600,,20190900
2019-03-05 21:00:00,,20190900,121.875,20190600,,20190900
2019-03-05 21:15:00,,20190900,121.859375,20190600,,20190900
2019-03-05 21:30:00,,20190900,121.890625,20190600,,20190900
2019-03-05 21:45:00,,20190900,121.890625,20190600,,20190900
2019-03-05 23:00:00,,20190900,121.859375,20190600,,20190900
2019-03-05 23:15:00,,20190900,121.890625,20190600,,20190900
2019-03-05 23:30:00,,20190900,121.875,20190600,,20190900
2019-03-05 23:45:00,,20190900,121.890625,20190600,,20190900
2019-03-06 00:00:00,,20190900,121.90625,20190600,,20190900
2019-03-06 00:15:00,,20190900,121.90625,20190600,,20190900
2019-03-06 00:30:00,,20190900,121.90625,20190600,,20190900
2019-03-06 00:45:00,,20190900,121.9375,20190600,,20190900
2019-03-06 01:00:00,,20190900,121.9375,20190600,,20190900
2019-03-06 01:15:00,,20190900,121.9375,20190600,,20190900
2019-03-06 01:30:00,,20190900,121.9375,20190600,,20190900
2019-03-06 01:45:00,,20190900,121.921875,20190600,,20190900
2019-03-06 02:00:00,,20190900,121.921875,20190600,,20190900
2019-03-06 02:15:00,,20190900,121.921875,20190600,,20190900
2019-03-06 02:30:00,,20190900,121.9375,20190600,,20190900
2019-03-06 02:45:00,,20190900,121.96875,20190600,,20190900
2019-03-06 03:00:00,,20190900,121.96875,20190600,,20190900
2019-03-06 03:15:00,,20190900,121.96875,20190600,,20190900
2019-03-06 03:30:00,,20190900,121.96875,20190600,,20190900
2019-03-06 03:45:00,,20190900,122.0,20190600,,20190900
2019-03-06 04:00:00,,20190900,122.0,20190600,,20190900
2019-03-06 04:15:00,,20190900,122.0,20190600,,20190900
2019-03-06 04:30:00,,20190900,121.984375,20190600,,20190900
2019-03-06 04:45:00,,20190900,122.0,20190600,,20190900
2019-03-06 05:15:00,,20190900,122.015625,20190600,,20190900
2019-03-06 05:30:00,,20190900,121.984375,20190600,,20190900
2019-03-06 05:45:00,,20190900,122.0,20190600,,20190900
2019-03-06 06:15:00,,20190900,122.015625,20190600,,20190900
2019-03-06 06:30:00,,20190900,122.015625,20190600,,20190900
2019-03-06 06:45:00,,20190900,121.984375,20190600,,20190900
2019-03-06 07:00:00,,20190900,122.015625,20190600,,20190900
2019-03-06 07:15:00,,20190900,122.015625,20190600,,20190900
2019-03-06 07:30:00,,20190900,121.984375,20190600,,20190900
2019-03-06 07:45:00,,20190900,122.0,20190600,,20190900
2019-03-06 08:00:00,,20190900,121.984375,20190600,,20190900
2019-03-06 08:15:00,,20190900,121.984375,20190600,,20190900
2019-03-06 08:30:00,,20190900,121.984375,20190600,,20190900
2019-03-06 08:45:00,,20190900,121.96875,20190600,,20190900
2019-03-06 09:00:00,,20190900,121.96875,20190600,,20190900
2019-03-06 09:15:00,,20190900,121.9375,20190600,,20190900
2019-03-06 09:30:00,,20190900,121.953125,20190600,,20190900
2019-03-06 09:45:00,,20190900,121.953125,20190600,,20190900
2019-03-06 10:00:00,,20190900,121.921875,20190600,,20190900
2019-03-06 10:15:00,,20190900,121.921875,20190600,,20190900
2019-03-06 10:30:00,,20190900,121.9375,20190600,,20190900
2019-03-06 10:45:00,,20190900,121.90625,20190600,,20190900
2019-03-06 11:00:00,,20190900,121.921875,20190600,,20190900
2019-03-06 11:15:00,,20190900,121.921875,20190600,,20190900
2019-03-06 11:30:00,,20190900,121.90625,20190600,,20190900
2019-03-06 11:45:00,,20190900,121.90625,20190600,,20190900
2019-03-06 12:00:00,,20190900,121.9375,20190600,,20190900
2019-03-06 12:15:00,,20190900,121.984375,20190600,,20190900
2019-03-06 12:30:00,,20190900,122.0,20190600,,20190900
2019-03-06 12:45:00,,20190900,121.984375,20190600,,20190900
2019-03-06 13:00:00,,20190900,121.984375,20190600,,20190900
2019-03-06 13:15:00,,20190900,121.9375,20190600,,20190900
2019-03-06 13:30:00,,20190900,121.96875,20190600,,20190900
2019-03-06 13:45:00,,20190900,121.953125,20190600,,20190900
2019-03-06 14:00:00,,20190900,121.90625,20190600,,20190900
2019-03-06 14:15:00,,20190900,121.921875,20190600,,20190900
2019-03-06 14:30:00,,20190900,122.0,20190600,,20190900
2019-03-06 14:45:00,,20190900,122.0,20190600,,20190900
2019-03-06 15:00:00,,20190900,122.015625,20190600,,20190900
2019-03-06 15:15:00,,20190900,122.109375,20190600,,20190900
2019-03-06 15:30:00,,20190900,122.078125,20190600,,20190900
2019-03-06 15:45:00,,20190900,122.140625,20190600,,20190900
2019-03-06 16:00:00,,20190900,122.140625,20190600,,20190900
2019-03-06 16:15:00,,20190900,122.171875,20190600,,20190900
2019-03-06 16:30:00,,20190900,122.1875,20190600,,20190900
2019-03-06 16:45:00,,20190900,122.1875,20190600,,20190900
2019-03-06 17:00:00,,20190900,122.15625,20190600,,20190900
2019-03-06 17:15:00,,20190900,122.203125,20190600,,20190900
2019-03-06 17:30:00,,20190900,122.203125,20190600,,20190900
2019-03-06 17:45:00,,20190900,122.25,20190600,,20190900
2019-03-06 18:00:00,,20190900,122.1875,20190600,,20190900
2019-03-06 18:15:00,,20190900,122.171875,20190600,,20190900
2019-03-06 18:30:00,,20190900,122.15625,20190600,,20190900
2019-03-06 18:45:00,,20190900,122.15625,20190600,,20190900
2019-03-06 19:00:00,,20190900,122.140625,20190600,,20190900
2019-03-06 19:15:00,,20190900,122.125,20190600,,20190900
2019-03-06 19:30:00,,20190900,122.171875,20190600,,20190900
2019-03-06 19:45:00,,20190900,122.171875,20190600,,20190900
2019-03-06 20:00:00,,20190900,122.171875,20190600,,20190900
2019-03-06 20:15:00,,20190900,122.203125,20190600,,20190900
2019-03-06 20:30:00,,20190900,122.1875,20190600,,20190900
2019-03-06 20:45:00,,20190900,122.203125,20190600,,20190900
2019-03-06 21:00:00,,20190900,122.15625,20190600,,20190900
2019-03-06 21:15:00,,20190900,122.15625,20190600,,20190900
2019-03-06 21:30:00,,20190900,122.15625,20190600,,20190900
2019-03-06 21:45:00,,20190900,122.125,20190600,,20190900
2019-03-06 23:00:00,,20190900,122.015625,20190600,,20190900
2019-03-06 23:15:00,,20190900,122.171875,20190600,,20190900
2019-03-06 23:30:00,,20190900,122.171875,20190600,,20190900
2019-03-06 23:45:00,,20190900,122.1875,20190600,,20190900
2019-03-07 00:00:00,,20190900,122.171875,20190600,,20190900
2019-03-07 00:15:00,,20190900,122.1875,20190600,,20190900
2019-03-07 00:30:00,,20190900,122.1875,20190600,,20190900
2019-03-07 00:45:00,,20190900,122.203125,20190600,,20190900
2019-03-07 01:00:00,,20190900,122.203125,20190600,,20190900
2019-03-07 01:15:00,,20190900,122.203125,20190600,,20190900
2019-03-07 01:30:00,,20190900,122.203125,20190600,,20190900
2019-03-07 01:45:00,,20190900,122.203125,20190600,,20190900
2019-03-07 02:00:00,,20190900,122.1875,20190600,,20190900
2019-03-07 02:15:00,,20190900,122.203125,20190600,,20190900
2019-03-07 02:30:00,,20190900,122.1875,20190600,,20190900
2019-03-07 02:45:00,,20190900,122.203125,20190600,,20190900
2019-03-07 03:00:00,,20190900,122.1875,20190600,,20190900
2019-03-07 03:15:00,,20190900,122.1875,20190600,,20190900
2019-03-07 03:30:00,,20190900,122.1875,20190600,,20190900
2019-03-07 03:45:00,,20190900,122.171875,20190600,,20190900
2019-03-07 04:00:00,,20190900,122.171875,20190600,,20190900
2019-03-07 04:15:00,,20190900,122.171875,20190600,,20190900
2019-03-07 04:30:00,,20190900,122.1875,20190600,,20190900
2019-03-07 04:45:00,,20190900,122.171875,20190600,,20190900
2019-03-07 05:15:00,,20190900,122.1875,20190600,,20190900
2019-03-07 05:30:00,,20190900,122.171875,20190600,,20190900
2019-03-07 05:45:00,,20190900,122.171875,20190600,,20190900
2019-03-07 06:15:00,,20190900,122.171875,20190600,,20190900
2019-03-07 06:30:00,,20190900,122.15625,20190600,,20190900
2019-03-07 06:45:00,,20190900,122.171875,20190600,,20190900
2019-03-07 07:00:00,,20190900,122.203125,20190600,,20190900
2019-03-07 07:15:00,,20190900,122.21875,20190600,,20190900
2019-03-07 07:30:00,,20190900,122.21875,20190600,,20190900
2019-03-07 07:45:00,,20190900,122.1875,20190600,,20190900
2019-03-07 08:00:00,,20190900,122.171875,20190600,,20190900
2019-03-07 08:15:00,,20190900,122.21875,20190600,,20190900
2019-03-07 08:30:00,,20190900,122.203125,20190600,,20190900
2019-03-07 08:45:00,,20190900,122.21875,20190600,,20190900
2019-03-07 09:00:00,,20190900,122.203125,20190600,,20190900
2019-03-07 09:15:00,,20190900,122.1875,20190600,,20190900
2019-03-07 09:30:00,,20190900,122.1875,20190600,,20190900
2019-03-07 09:45:00,,20190900,122.203125,20190600,,20190900
2019-03-07 10:00:00,,20190900,122.1875,20190600,,20190900
2019-03-07 10:15:00,,20190900,122.203125,20190600,,20190900
2019-03-07 10:30:00,,20190900,122.234375,20190600,,20190900
2019-03-07 10:45:00,,20190900,122.21875,20190600,,20190900
2019-03-07 11:00:00,,20190900,122.21875,20190600,,20190900
2019-03-07 11:15:00,,20190900,122.21875,20190600,,20190900
2019-03-07 11:30:00,,20190900,122.25,20190600,,20190900
2019-03-07 11:45:00,,20190900,122.21875,20190600,,20190900
2019-03-07 12:00:00,,20190900,122.203125,20190600,,20190900
2019-03-07 12:15:00,,20190900,122.25,20190600,,20190900
2019-03-07 12:30:00,,20190900,122.25,20190600,,20190900
2019-03-07 12:45:00,,20190900,122.234375,20190600,,20190900
2019-03-07 13:00:00,,20190900,122.25,20190600,,20190900
2019-03-07 13:15:00,,20190900,122.296875,20190600,,20190900
2019-03-07 13:30:00,,20190900,122.390625,20190600,,20190900
2019-03-07 13:45:00,,20190900,122.390625,20190600,,20190900
2019-03-07 14:00:00,,20190900,122.4375,20190600,,20190900
2019-03-07 14:15:00,,20190900,122.421875,20190600,,20190900
2019-03-07 14:30:00,,20190900,122.46875,20190600,,20190900
2019-03-07 14:45:00,,20190900,122.5,20190600,,20190900
2019-03-07 15:00:00,,20190900,122.515625,20190600,,20190900
2019-03-07 15:15:00,,20190900,122.5625,20190600,,20190900
2019-03-07 15:30:00,,20190900,122.546875,20190600,,20190900
2019-03-07 15:45:00,,20190900,122.5625,20190600,,20190900
2019-03-07 16:00:00,,20190900,122.5625,20190600,,20190900
2019-03-07 16:15:00,,20190900,122.5,20190600,,20190900
2019-03-07 16:30:00,,20190900,122.515625,20190600,,20190900
2019-03-07 16:45:00,,20190900,122.546875,20190600,,20190900
2019-03-07 17:00:00,,20190900,122.578125,20190600,,20190900
2019-03-07 17:15:00,,20190900,122.59375,20190600,,20190900
2019-03-07 17:30:00,,20190900,122.59375,20190600,,20190900
2019-03-07 17:45:00,,20190900,122.578125,20190600,,20190900
2019-03-07 18:00:00,,20190900,122.5625,20190600,,20190900
2019-03-07 18:15:00,,20190900,122.578125,20190600,,20190900
2019-03-07 18:30:00,,20190900,122.578125,20190600,,20190900
2019-03-07 18:45:00,,20190900,122.609375,20190600,,20190900
2019-03-07 19:00:00,,20190900,122.65625,20190600,,20190900
2019-03-07 19:15:00,,20190900,122.609375,20190600,,20190900
2019-03-07 19:30:00,,20190900,122.640625,20190600,,20190900
2019-03-07 19:45:00,,20190900,122.65625,20190600,,20190900
2019-03-07 20:00:00,,20190900,122.640625,20190600,,20190900
2019-03-07 20:15:00,,20190900,122.625,20190600,,20190900
2019-03-07 20:30:00,,20190900,122.59375,20190600,,20190900
2019-03-07 20:45:00,,20190900,122.578125,20190600,,20190900
2019-03-07 21:00:00,,20190900,122.59375,20190600,,20190900
2019-03-07 21:15:00,,20190900,122.59375,20190600,,20190900
2019-03-07 21:30:00,,20190900,122.578125,20190600,,20190900
2019-03-07 21:45:00,,20190900,122.578125,20190600,,20190900
2019-03-07 23:00:00,,20190900,122.171875,20190600,,20190900
2019-03-07 23:15:00,,20190900,122.59375,20190600,,20190900
2019-03-07 23:30:00,,20190900,122.5625,20190600,,20190900
2019-03-07 23:45:00,,20190900,122.5625,20190600,,20190900
2019-03-08 00:00:00,,20190900,122.5625,20190600,,20190900
2019-03-08 00:15:00,,20190900,122.5625,20190600,,20190900
2019-03-08 00:30:00,,20190900,122.546875,20190600,,20190900
2019-03-08 00:45:00,,20190900,122.59375,20190600,,20190900
2019-03-08 01:00:00,,20190900,122.609375,20190600,,20190900
2019-03-08 01:15:00,,20190900,122.609375,20190600,,20190900
2019-03-08 01:30:00,,20190900,122.625,20190600,,20190900
2019-03-08 01:45:00,,20190900,122.59375,20190600,,20190900
2019-03-08 02:00:00,,20190900,122.59375,20190600,,20190900
2019-03-08 02:15:00,,20190900,122.578125,20190600,,20190900
2019-03-08 02:30:00,,20190900,122.5625,20190600,,20190900
2019-03-08 02:45:00,,20190900,122.578125,20190600,,20190900
2019-03-08 03:00:00,,20190900,122.59375,20190600,,20190900
2019-03-08 03:15:00,,20190900,122.625,20190600,,20190900
2019-03-08 03:30:00,,20190900,122.609375,20190600,,20190900
2019-03-08 03:45:00,,20190900,122.625,20190600,,20190900
2019-03-08 04:00:00,,20190900,122.609375,20190600,,20190900
2019-03-08 04:15:00,,20190900,122.609375,20190600,,20190900
2019-03-08 04:30:00,,20190900,122.625,20190600,,20190900
2019-03-08 04:45:00,,20190900,122.640625,20190600,,20190900
2019-03-08 05:15:00,,20190900,122.625,20190600,,20190900
2019-03-08 05:30:00,,20190900,122.65625,20190600,,20190900
2019-03-08 05:45:00,,20190900,122.65625,20190600,,20190900
2019-03-08 06:15:00,,20190900,122.671875,20190600,,20190900
2019-03-08 06:30:00,,20190900,122.671875,20190600,,20190900
2019-03-08 06:45:00,,20190900,122.6875,20190600,,20190900
2019-03-08 07:00:00,,20190900,122.734375,20190600,,20190900
2019-03-08 07:15:00,,20190900,122.71875,20190600,,20190900
2019-03-08 07:30:00,,20190900,122.75,20190600,,20190900
2019-03-08 07:45:00,,20190900,122.71875,20190600,,20190900
2019-03-08 08:00:00,,20190900,122.6875,20190600,,20190900
2019-03-08 08:15:00,,20190900,122.671875,20190600,,20190900
2019-03-08 08:30:00,,20190900,122.65625,20190600,,20190900
2019-03-08 08:45:00,,20190900,122.703125,20190600,,20190900
2019-03-08 09:00:00,,20190900,122.6875,20190600,,20190900
2019-03-08 09:15:00,,20190900,122.6875,20190600,,20190900
2019-03-08 09:30:00,,20190900,122.671875,20190600,,20190900
2019-03-08 09:45:00,,20190900,122.671875,20190600,,20190900
2019-03-08 10:00:00,,20190900,122.671875,20190600,,20190900
2019-03-08 10:15:00,,20190900,122.671875,20190600,,20190900
2019-03-08 10:30:00,,20190900,122.65625,20190600,,20190900
2019-03-08 10:45:00,,20190900,122.640625,20190600,,20190900
2019-03-08 11:00:00,,20190900,122.65625,20190600,,20190900
2019-03-08 11:15:00,,20190900,122.671875,20190600,,20190900
2019-03-08 11:30:00,,20190900,122.65625,20190600,,20190900
2019-03-08 11:45:00,,20190900,122.671875,20190600,,20190900
2019-03-08 12:00:00,,20190900,122.671875,20190600,,20190900
2019-03-08 12:15:00,,20190900,122.671875,20190600,,20190900
2019-03-08 12:30:00,,20190900,122.65625,20190600,,20190900
2019-03-08 12:45:00,,20190900,122.671875,20190600,,20190900
2019-03-08 13:00:00,,20190900,122.671875,20190600,,20190900
2019-03-08 13:15:00,,20190900,122.6875,20190600,,20190900
2019-03-08 13:30:00,,20190900,122.828125,20190600,,20190900
2019-03-08 13:45:00,,20190900,122.71875,20190600,,20190900
2019-03-08 14:00:00,,20190900,122.78125,20190600,,20190900
2019-03-08 14:15:00,,20190900,122.6875,20190600,,20190900
2019-03-08 14:30:00,,20190900,122.671875,20190600,,20190900
2019-03-08 14:45:00,,20190900,122.625,20190600,,20190900
2019-03-08 15:00:00,,20190900,122.6875,20190600,,20190900
2019-03-08 15:15:00,,20190900,122.65625,20190600,,20190900
2019-03-08 15:30:00,,20190900,122.640625,20190600,,20190900
2019-03-08 15:45:00,,20190900,122.671875,20190600,,20190900
2019-03-08 16:00:00,,20190900,122.65625,20190600,,20190900
2019-03-08 16:15:00,,20190900,122.65625,20190600,,20190900
2019-03-08 16:30:00,,20190900,122.65625,20190600,,20190900
2019-03-08 16:45:00,,20190900,122.71875,20190600,,20190900
2019-03-08 17:00:00,,20190900,122.71875,20190600,,20190900
2019-03-08 17:15:00,,20190900,122.75,20190600,,20190900
2019-03-08 17:30:00,,20190900,122.765625,20190600,,20190900
2019-03-08 17:45:00,,20190900,122.796875,20190600,,20190900
2019-03-08 18:00:00,,20190900,122.796875,20190600,,20190900
2019-03-08 18:15:00,,20190900,122.8125,20190600,,20190900
2019-03-08 18:30:00,,20190900,122.78125,20190600,,20190900
2019-03-08 18:45:00,,20190900,122.78125,20190600,,20190900
2019-03-08 19:00:00,,20190900,122.78125,20190600,,20190900
2019-03-08 19:15:00,,20190900,122.75,20190600,,20190900
2019-03-08 19:30:00,,20190900,122.75,20190600,,20190900
2019-03-08 19:45:00,,20190900,122.765625,20190600,,20190900
2019-03-08 20:00:00,,20190900,122.78125,20190600,,20190900
2019-03-08 20:15:00,,20190900,122.796875,20190600,,20190900
2019-03-08 20:30:00,,20190900,122.75,20190600,,20190900
2019-03-08 20:45:00,,20190900,122.734375,20190600,,20190900
2019-03-08 21:00:00,,20190900,122.703125,20190600,,20190900
2019-03-08 21:15:00,,20190900,122.71875,20190600,,20190900
2019-03-08 21:30:00,,20190900,122.6875,20190600,,20190900
2019-03-08 21:45:00,,20190900,122.703125,20190600,,20190900
2019-03-08 23:00:00,,20190900,122.65625,20190600,,20190900
2019-03-10 23:00:00,,20190900,122.75,20190600,,20190900
2019-03-10 23:15:00,,20190900,122.75,20190600,,20190900
2019-03-10 23:30:00,,20190900,122.765625,20190600,,20190900
2019-03-10 23:45:00,,20190900,122.765625,20190600,,20190900
2019-03-11 00:00:00,,20190900,122.734375,20190600,,20190900
2019-03-11 00:15:00,,20190900,122.71875,20190600,,20190900
2019-03-11 00:30:00,,20190900,122.71875,20190600,,20190900
2019-03-11 00:45:00,,20190900,122.71875,20190600,,20190900
2019-03-11 01:00:00,,20190900,122.71875,20190600,,20190900
2019-03-11 01:15:00,,20190900,122.71875,20190600,,20190900
2019-03-11 01:30:00,,20190900,122.75,20190600,,20190900
2019-03-11 01:45:00,,20190900,122.765625,20190600,,20190900
2019-03-11 02:00:00,,20190900,122.75,20190600,,20190900
2019-03-11 02:15:00,,20190900,122.671875,20190600,,20190900
2019-03-11 02:30:00,,20190900,122.671875,20190600,,20190900
2019-03-11 02:45:00,,20190900,122.671875,20190600,,20190900
2019-03-11 03:00:00,,20190900,122.65625,20190600,,20190900
2019-03-11 03:15:00,,20190900,122.671875,20190600,,20190900
2019-03-11 03:30:00,,20190900,122.6875,20190600,,20190900
2019-03-11 03:45:00,,20190900,122.6875,20190600,,20190900
2019-03-11 04:00:00,,20190900,122.65625,20190600,,20190900
2019-03-11 04:15:00,,20190900,122.65625,20190600,,20190900
2019-03-11 04:30:00,,20190900,122.65625,20190600,,20190900
2019-03-11 04:45:00,,20190900,122.65625,20190600,,20190900
2019-03-11 05:15:00,,20190900,122.625,20190600,,20190900
2019-03-11 05:30:00,,20190900,122.625,20190600,,20190900
2019-03-11 05:45:00,,20190900,122.625,20190600,,20190900
2019-03-11 06:15:00,,20190900,122.640625,20190600,,20190900
2019-03-11 06:30:00,,20190900,122.640625,20190600,,20190900
2019-03-11 06:45:00,,20190900,122.65625,20190600,,20190900
2019-03-11 07:00:00,,20190900,122.640625,20190600,,20190900
2019-03-11 07:15:00,,20190900,122.65625,20190600,,20190900
2019-03-11 07:30:00,,20190900,122.640625,20190600,,20190900
2019-03-11 07:45:00,,20190900,122.65625,20190600,,20190900
2019-03-11 08:00:00,,20190900,122.625,20190600,,20190900
2019-03-11 08:15:00,,20190900,122.65625,20190600,,20190900
2019-03-11 08:30:00,,20190900,122.625,20190600,,20190900
2019-03-11 08:45:00,,20190900,122.578125,20190600,,20190900
2019-03-11 09:00:00,,20190900,122.546875,20190600,,20190900
2019-03-11 09:15:00,,20190900,122.578125,20190600,,20190900
2019-03-11 09:30:00,,20190900,122.578125,20190600,,20190900
2019-03-11 09:45:00,,20190900,122.609375,20190600,,20190900
2019-03-11 10:00:00,,20190900,122.625,20190600,,20190900
2019-03-11 10:15:00,,20190900,122.625,20190600,,20190900
2019-03-11 10:30:00,,20190900,122.640625,20190600,,20190900
2019-03-11 10:45:00,,20190900,122.625,20190600,,20190900
2019-03-11 11:00:00,,20190900,122.625,20190600,,20190900
2019-03-11 11:15:00,,20190900,122.640625,20190600,,20190900
2019-03-11 11:30:00,,20190900,122.609375,20190600,,20190900
2019-03-11 11:45:00,,20190900,122.59375,20190600,,20190900
2019-03-11 12:00:00,,20190900,122.59375,20190600,,20190900
2019-03-11 12:15:00,,20190900,122.578125,20190600,,20190900
2019-03-11 12:30:00,,20190900,122.609375,20190600,,20190900
2019-03-11 12:45:00,,20190900,122.609375,20190600,,20190900
2019-03-11 13:00:00,,20190900,122.625,20190600,,20190900
2019-03-11 13:15:00,,20190900,122.671875,20190600,,20190900
2019-03-11 13:30:00,,20190900,122.59375,20190600,,20190900
2019-03-11 13:45:00,,20190900,122.65625,20190600,,20190900
2019-03-11 14:00:00,,20190900,122.703125,20190600,,20190900
2019-03-11 14:15:00,,20190900,122.734375,20190600,,20190900
2019-03-11 14:30:00,,20190900,122.703125,20190600,,20190900
2019-03-11 14:45:00,,20190900,122.6875,20190600,,20190900
2019-03-11 15:00:00,,20190900,122.734375,20190600,,20190900
2019-03-11 15:15:00,,20190900,122.671875,20190600,,20190900
2019-03-11 15:30:00,,20190900,122.6875,20190600,,20190900
2019-03-11 15:45:00,,20190900,122.671875,20190600,,20190900
2019-03-11 16:00:00,,20190900,122.65625,20190600,,20190900
2019-03-11 16:15:00,,20190900,122.671875,20190600,,20190900
2019-03-11 16:30:00,,20190900,122.65625,20190600,,20190900
2019-03-11 16:45:00,,20190900,122.640625,20190600,,20190900
2019-03-11 17:00:00,,20190900,122.625,20190600,,20190900
2019-03-11 17:15:00,,20190900,122.625,20190600,,20190900
2019-03-11 17:30:00,,20190900,122.609375,20190600,,20190900
2019-03-11 17:45:00,,20190900,122.59375,20190600,,20190900
2019-03-11 18:00:00,,20190900,122.59375,20190600,,20190900
2019-03-11 18:15:00,,20190900,122.609375,20190600,,20190900
2019-03-11 18:30:00,,20190900,122.609375,20190600,,20190900
2019-03-11 18:45:00,,20190900,122.625,20190600,,20190900
2019-03-11 19:00:00,,20190900,122.65625,20190600,,20190900
2019-03-11 19:15:00,,20190900,122.625,20190600,,20190900
2019-03-11 19:30:00,,20190900,122.640625,20190600,,20190900
2019-03-11 19:45:00,,20190900,122.640625,20190600,,20190900
2019-03-11 20:00:00,,20190900,122.625,20190600,,20190900
2019-03-11 20:15:00,,20190900,122.65625,20190600,,20190900
2019-03-11 20:30:00,,20190900,122.640625,20190600,,20190900
2019-03-11 20:45:00,,20190900,122.640625,20190600,,20190900
2019-03-11 21:00:00,,20190900,122.625,20190600,,20190900
2019-03-11 21:15:00,,20190900,122.625,20190600,,20190900
2019-03-11 21:30:00,,20190900,122.625,20190600,,20190900
2019-03-11 21:45:00,,20190900,122.640625,20190600,,20190900
2019-03-11 23:00:00,,20190900,122.640625,20190600,,20190900
2019-03-11 23:15:00,,20190900,122.5,20190600,,20190900
2019-03-11 23:30:00,,20190900,122.515625,20190600,,20190900
2019-03-11 23:45:00,,20190900,122.421875,20190600,,20190900
2019-03-12 00:00:00,,20190900,122.46875,20190600,,20190900
2019-03-12 00:15:00,,20190900,122.46875,20190600,,20190900
2019-03-12 00:30:00,,20190900,122.453125,20190600,,20190900
2019-03-12 00:45:00,,20190900,122.46875,20190600,,20190900
2019-03-12 01:00:00,,20190900,122.484375,20190600,,20190900
2019-03-12 01:15:00,,20190900,122.484375,20190600,,20190900
2019-03-12 01:30:00,,20190900,122.484375,20190600,,20190900
2019-03-12 01:45:00,,20190900,122.46875,20190600,,20190900
2019-03-12 02:00:00,,20190900,122.46875,20190600,,20190900
2019-03-12 02:15:00,,20190900,122.453125,20190600,,20190900
2019-03-12 02:30:00,,20190900,122.4375,20190600,,20190900
2019-03-12 02:45:00,,20190900,122.4375,20190600,,20190900
2019-03-12 03:00:00,,20190900,122.4375,20190600,,20190900
2019-03-12 03:15:00,,20190900,122.4375,20190600,,20190900
2019-03-12 03:30:00,,20190900,122.4375,20190600,,20190900
2019-03-12 03:45:00,,20190900,122.4375,20190600,,20190900
2019-03-12 04:00:00,,20190900,122.453125,20190600,,20190900
2019-03-12 04:15:00,,20190900,122.5,20190600,,20190900
2019-03-12 04:30:00,,20190900,122.46875,20190600,,20190900
2019-03-12 04:45:00,,20190900,122.46875,20190600,,20190900
2019-03-12 05:15:00,,20190900,122.46875,20190600,,20190900
2019-03-12 05:30:00,,20190900,122.46875,20190600,,20190900
2019-03-12 05:45:00,,20190900,122.484375,20190600,,20190900
2019-03-12 06:15:00,,20190900,122.484375,20190600,,20190900
2019-03-12 06:30:00,,20190900,122.46875,20190600,,20190900
2019-03-12 06:45:00,,20190900,122.484375,20190600,,20190900
2019-03-12 07:00:00,,20190900,122.484375,20190600,,20190900
2019-03-12 07:15:00,,20190900,122.5,20190600,,20190900
2019-03-12 07:30:00,,20190900,122.515625,20190600,,20190900
2019-03-12 07:45:00,,20190900,122.484375,20190600,,20190900
2019-03-12 08:00:00,,20190900,122.484375,20190600,,20190900
2019-03-12 08:15:00,,20190900,122.5,20190600,,20190900
2019-03-12 08:30:00,,20190900,122.453125,20190600,,20190900
2019-03-12 08:45:00,,20190900,122.421875,20190600,,20190900
2019-03-12 09:00:00,,20190900,122.453125,20190600,,20190900
2019-03-12 09:15:00,,20190900,122.46875,20190600,,20190900
2019-03-12 09:30:00,,20190900,122.453125,20190600,,20190900
2019-03-12 09:45:00,,20190900,122.421875,20190600,,20190900
2019-03-12 10:00:00,,20190900,122.390625,20190600,,20190900
2019-03-12 10:15:00,,20190900,122.390625,20190600,,20190900
2019-03-12 10:30:00,,20190900,122.453125,20190600,,20190900
2019-03-12 10:45:00,,20190900,122.453125,20190600,,20190900
2019-03-12 11:00:00,,20190900,122.453125,20190600,,20190900
2019-03-12 11:15:00,,20190900,122.5,20190600,,20190900
2019-03-12 11:30:00,,20190900,122.5,20190600,,20190900
2019-03-12 11:45:00,,20190900,122.515625,20190600,,20190900
2019-03-12 12:00:00,,20190900,122.59375,20190600,,20190900
2019-03-12 12:15:00,,20190900,122.609375,20190600,,20190900
2019-03-12 12:30:00,,20190900,122.59375,20190600,,20190900
2019-03-12 12:45:00,,20190900,122.578125,20190600,,20190900
2019-03-12 13:00:00,,20190900,122.578125,20190600,,20190900
2019-03-12 13:15:00,,20190900,122.53125,20190600,,20190900
2019-03-12 13:30:00,,20190900,122.6875,20190600,,20190900
2019-03-12 13:45:00,,20190900,122.71875,20190600,,20190900
2019-03-12 14:00:00,,20190900,122.75,20190600,,20190900
2019-03-12 14:15:00,,20190900,122.75,20190600,,20190900
2019-03-12 14:30:00,,20190900,122.734375,20190600,,20190900
2019-03-12 14:45:00,,20190900,122.734375,20190600,,20190900
2019-03-12 15:00:00,,20190900,122.765625,20190600,,20190900
2019-03-12 15:15:00,,20190900,122.71875,20190600,,20190900
2019-03-12 15:30:00,,20190900,122.71875,20190600,,20190900
2019-03-12 15:45:00,,20190900,122.734375,20190600,,20190900
2019-03-12 16:00:00,,20190900,122.734375,20190600,,20190900
2019-03-12 16:15:00,,20190900,122.765625,20190600,,20190900
2019-03-12 16:30:00,,20190900,122.734375,20190600,,20190900
2019-03-12 16:45:00,,20190900,122.71875,20190600,,20190900
2019-03-12 17:00:00,,20190900,122.734375,20190600,,20190900
2019-03-12 17:15:00,,20190900,122.765625,20190600,,20190900
2019-03-12 17:30:00,,20190900,122.765625,20190600,,20190900
2019-03-12 17:45:00,,20190900,122.796875,20190600,,20190900
2019-03-12 18:00:00,,20190900,122.90625,20190600,,20190900
2019-03-12 18:15:00,,20190900,122.859375,20190600,,20190900
2019-03-12 18:30:00,,20190900,122.859375,20190600,,20190900
2019-03-12 18:45:00,,20190900,122.875,20190600,,20190900
2019-03-12 19:00:00,,20190900,122.90625,20190600,,20190900
2019-03-12 19:15:00,,20190900,122.90625,20190600,,20190900
2019-03-12 19:30:00,,20190900,122.875,20190600,,20190900
2019-03-12 19:45:00,,20190900,122.859375,20190600,,20190900
2019-03-12 20:00:00,,20190900,122.921875,20190600,,20190900
2019-03-12 20:15:00,,20190900,122.875,20190600,,20190900
2019-03-12 20:30:00,,20190900,122.859375,20190600,,20190900
2019-03-12 20:45:00,,20190900,122.875,20190600,,20190900
2019-03-12 21:00:00,,20190900,122.9375,20190600,,20190900
2019-03-12 21:15:00,,20190900,122.921875,20190600,,20190900
2019-03-12 21:30:00,,20190900,122.921875,20190600,,20190900
2019-03-12 21:45:00,,20190900,122.875,20190600,,20190900
2019-03-12 23:00:00,,20190900,122.484375,20190600,,20190900
2019-03-12 23:15:00,,20190900,122.859375,20190600,,20190900
2019-03-12 23:30:00,,20190900,122.84375,20190600,,20190900
2019-03-12 23:45:00,,20190900,122.859375,20190600,,20190900
2019-03-13 00:00:00,,20190900,122.859375,20190600,,20190900
2019-03-13 00:15:00,,20190900,122.875,20190600,,20190900
2019-03-13 00:30:00,,20190900,122.890625,20190600,,20190900
2019-03-13 00:45:00,,20190900,122.859375,20190600,,20190900
2019-03-13 01:00:00,,20190900,122.84375,20190600,,20190900
2019-03-13 01:15:00,,20190900,122.84375,20190600,,20190900
2019-03-13 01:30:00,,20190900,122.84375,20190600,,20190900
2019-03-13 01:45:00,,20190900,122.828125,20190600,,20190900
2019-03-13 02:00:00,,20190900,122.828125,20190600,,20190900
2019-03-13 02:15:00,,20190900,122.828125,20190600,,20190900
2019-03-13 02:30:00,,20190900,122.796875,20190600,,20190900
2019-03-13 02:45:00,,20190900,122.8125,20190600,,20190900
2019-03-13 03:00:00,,20190900,122.828125,20190600,,20190900
2019-03-13 03:15:00,,20190900,122.828125,20190600,,20190900
2019-03-13 03:30:00,,20190900,122.84375,20190600,,20190900
2019-03-13 03:45:00,,20190900,122.828125,20190600,,20190900
2019-03-13 04:00:00,,20190900,122.84375,20190600,,20190900
2019-03-13 04:15:00,,20190900,122.84375,20190600,,20190900
2019-03-13 04:30:00,,20190900,122.828125,20190600,,20190900
2019-03-13 04:45:00,,20190900,122.828125,20190600,,20190900
2019-03-13 05:15:00,,20190900,122.78125,20190600,,20190900
2019-03-13 05:30:00,,20190900,122.796875,20190600,,20190900
2019-03-13 05:45:00,,20190900,122.796875,20190600,,20190900
2019-03-13 06:15:00,,20190900,122.8125,20190600,,20190900
2019-03-13 06:30:00,,20190900,122.796875,20190600,,20190900
2019-03-13 06:45:00,,20190900,122.796875,20190600,,20190900
2019-03-13 07:00:00,,20190900,122.8125,20190600,,20190900
2019-03-13 07:15:00,,20190900,122.8125,20190600,,20190900
2019-03-13 07:30:00,,20190900,122.828125,20190600,,20190900
2019-03-13 07:45:00,,20190900,122.828125,20190600,,20190900
2019-03-13 08:00:00,,20190900,122.8125,20190600,,20190900
2019-03-13 08:15:00,,20190900,122.828125,20190600,,20190900
2019-03-13 08:30:00,,20190900,122.796875,20190600,,20190900
2019-03-13 08:45:00,,20190900,122.796875,20190600,,20190900
2019-03-13 09:00:00,,20190900,122.75,20190600,,20190900
2019-03-13 09:15:00,,20190900,122.796875,20190600,,20190900
2019-03-13 09:30:00,,20190900,122.796875,20190600,,20190900
2019-03-13 09:45:00,,20190900,122.78125,20190600,,20190900
2019-03-13 10:00:00,,20190900,122.796875,20190600,,20190900
2019-03-13 10:15:00,,20190900,122.796875,20190600,,20190900
2019-03-13 10:30:00,,20190900,122.796875,20190600,,20190900
2019-03-13 10:45:00,,20190900,122.765625,20190600,,20190900
2019-03-13 11:00:00,,20190900,122.765625,20190600,,20190900
2019-03-13 11:15:00,,20190900,122.765625,20190600,,20190900
2019-03-13 11:30:00,,20190900,122.75,20190600,,20190900
2019-03-13 11:45:00,,20190900,122.75,20190600,,20190900
2019-03-13 12:00:00,,20190900,122.765625,20190600,,20190900
2019-03-13 12:15:00,,20190900,122.734375,20190600,,20190900
2019-03-13 12:30:00,,20190900,122.75,20190600,,20190900
2019-03-13 12:45:00,,20190900,122.734375,20190600,,20190900
2019-03-13 13:00:00,,20190900,122.71875,20190600,,20190900
2019-03-13 13:15:00,,20190900,122.765625,20190600,,20190900
2019-03-13 13:30:00,,20190900,122.703125,20190600,,20190900
2019-03-13 13:45:00,,20190900,122.734375,20190600,,20190900
2019-03-13 14:00:00,,20190900,122.734375,20190600,,20190900
2019-03-13 14:15:00,,20190900,122.78125,20190600,,20190900
2019-03-13 14:30:00,,20190900,122.796875,20190600,,20190900
2019-03-13 14:45:00,,20190900,122.796875,20190600,,20190900
2019-03-13 15:00:00,,20190900,122.796875,20190600,,20190900
2019-03-13 15:15:00,,20190900,122.8125,20190600,,20190900
2019-03-13 15:30:00,,20190900,122.8125,20190600,,20190900
2019-03-13 15:45:00,,20190900,122.796875,20190600,,20190900
2019-03-13 16:00:00,,20190900,122.78125,20190600,,20190900
2019-03-13 16:15:00,,20190900,122.765625,20190600,,20190900
2019-03-13 16:30:00,,20190900,122.765625,20190600,,20190900
2019-03-13 16:45:00,,20190900,122.765625,20190600,,20190900
2019-03-13 17:00:00,,20190900,122.78125,20190600,,20190900
2019-03-13 17:15:00,,20190900,122.78125,20190600,,20190900
2019-03-13 17:30:00,,20190900,122.8125,20190600,,20190900
2019-03-13 17:45:00,,20190900,122.8125,20190600,,20190900
2019-03-13 18:00:00,,20190900,122.828125,20190600,,20190900
2019-03-13 18:15:00,,20190900,122.8125,20190600,,20190900
2019-03-13 18:30:00,,20190900,122.828125,20190600,,20190900
2019-03-13 18:45:00,,20190900,122.8125,20190600,,20190900
2019-03-13 19:00:00,,20190900,122.828125,20190600,,20190900
2019-03-13 19:15:00,,20190900,122.84375,20190600,,20190900
2019-03-13 19:30:00,,20190900,122.84375,20190600,,20190900
2019-03-13 19:45:00,,20190900,122.875,20190600,,20190900
2019-03-13 20:00:00,,20190900,122.890625,20190600,,20190900
2019-03-13 20:15:00,,20190900,122.84375,20190600,,20190900
2019-03-13 20:30:00,,20190900,122.84375,20190600,,20190900
2019-03-13 20:45:00,,20190900,122.84375,20190600,,20190900
2019-03-13 21:00:00,,20190900,122.828125,20190600,,20190900
2019-03-13 21:15:00,,20190900,122.78125,20190600,,20190900
2019-03-13 21:30:00,,20190900,122.71875,20190600,,20190900
2019-03-13 21:45:00,,20190900,122.703125,20190600,,20190900
2019-03-13 23:00:00,,20190900,122.796875,20190600,,20190900
2019-03-13 23:15:00,,20190900,122.703125,20190600,,20190900
2019-03-13 23:30:00,,20190900,122.6875,20190600,,20190900
2019-03-13 23:45:00,,20190900,122.703125,20190600,,20190900
2019-03-14 00:00:00,,20190900,122.71875,20190600,,20190900
2019-03-14 00:15:00,,20190900,122.734375,20190600,,20190900
2019-03-14 00:30:00,,20190900,122.734375,20190600,,20190900
2019-03-14 00:45:00,,20190900,122.734375,20190600,,20190900
2019-03-14 01:00:00,,20190900,122.734375,20190600,,20190900
2019-03-14 01:15:00,,20190900,122.75,20190600,,20190900
2019-03-14 01:30:00,,20190900,122.734375,20190600,,20190900
2019-03-14 01:45:00,,20190900,122.765625,20190600,,20190900
2019-03-14 02:00:00,,20190900,122.71875,20190600,,20190900
2019-03-14 02:15:00,,20190900,122.703125,20190600,,20190900
2019-03-14 02:30:00,,20190900,122.6875,20190600,,20190900
2019-03-14 02:45:00,,20190900,122.6875,20190600,,20190900
2019-03-14 03:00:00,,20190900,122.6875,20190600,,20190900
2019-03-14 03:15:00,,20190900,122.671875,20190600,,20190900
2019-03-14 03:30:00,,20190900,122.6875,20190600,,20190900
2019-03-14 03:45:00,,20190900,122.6875,20190600,,20190900
2019-03-14 04:00:00,,20190900,122.671875,20190600,,20190900
2019-03-14 04:15:00,,20190900,122.671875,20190600,,20190900
2019-03-14 04:30:00,,20190900,122.671875,20190600,,20190900
2019-03-14 04:45:00,,20190900,122.671875,20190600,,20190900
2019-03-14 05:15:00,,20190900,122.671875,20190600,,20190900
2019-03-14 05:30:00,,20190900,122.671875,20190600,,20190900
2019-03-14 05:45:00,,20190900,122.671875,20190600,,20190900
2019-03-14 06:15:00,,20190900,122.671875,20190600,,20190900
2019-03-14 06:30:00,,20190900,122.671875,20190600,,20190900
2019-03-14 06:45:00,,20190900,122.65625,20190600,,20190900
2019-03-14 07:00:00,,20190900,122.671875,20190600,,20190900
2019-03-14 07:15:00,,20190900,122.671875,20190600,,20190900
2019-03-14 07:30:00,,20190900,122.671875,20190600,,20190900
2019-03-14 07:45:00,,20190900,122.671875,20190600,,20190900
2019-03-14 08:00:00,,20190900,122.671875,20190600,,20190900
2019-03-14 08:15:00,,20190900,122.6875,20190600,,20190900
2019-03-14 08:30:00,,20190900,122.65625,20190600,,20190900
2019-03-14 08:45:00,,20190900,122.671875,20190600,,20190900
2019-03-14 09:00:00,,20190900,122.609375,20190600,,20190900
2019-03-14 09:15:00,,20190900,122.625,20190600,,20190900
2019-03-14 09:30:00,,20190900,122.609375,20190600,,20190900
2019-03-14 09:45:00,,20190900,122.625,20190600,,20190900
2019-03-14 10:00:00,,20190900,122.65625,20190600,,20190900
2019-03-14 10:15:00,,20190900,122.65625,20190600,,20190900
2019-03-14 10:30:00,,20190900,122.625,20190600,,20190900
2019-03-14 10:45:00,,20190900,122.625,20190600,,20190900
2019-03-14 11:00:00,,20190900,122.6875,20190600,,20190900
2019-03-14 11:15:00,,20190900,122.703125,20190600,,20190900
2019-03-14 11:30:00,,20190900,122.671875,20190600,,20190900
2019-03-14 11:45:00,,20190900,122.671875,20190600,,20190900
2019-03-14 12:00:00,,20190900,122.65625,20190600,,20190900
2019-03-14 12:15:00,,20190900,122.65625,20190600,,20190900
2019-03-14 12:30:00,,20190900,122.671875,20190600,,20190900
2019-03-14 12:45:00,,20190900,122.6875,20190600,,20190900
2019-03-14 13:00:00,,20190900,122.71875,20190600,,20190900
2019-03-14 13:15:00,,20190900,122.71875,20190600,,20190900
2019-03-14 13:30:00,,20190900,122.75,20190600,,20190900
2019-03-14 13:45:00,,20190900,122.71875,20190600,,20190900
2019-03-14 14:00:00,,20190900,122.75,20190600,,20190900
2019-03-14 14:15:00,,20190900,122.78125,20190600,,20190900
2019-03-14 14:30:00,,20190900,122.78125,20190600,,20190900
2019-03-14 14:45:00,,20190900,122.71875,20190600,,20190900
2019-03-14 15:00:00,,20190900,122.8125,20190600,,20190900
2019-03-14 15:15:00,,20190900,122.796875,20190600,,20190900
2019-03-14 15:30:00,,20190900,122.734375,20190600,,20190900
2019-03-14 15:45:00,,20190900,122.734375,20190600,,20190900
2019-03-14 16:00:00,,20190900,122.71875,20190600,,20190900
2019-03-14 16:15:00,,20190900,122.703125,20190600,,20190900
2019-03-14 16:30:00,,20190900,122.703125,20190600,,20190900
2019-03-14 16:45:00,,20190900,122.671875,20190600,,20190900
2019-03-14 17:00:00,,20190900,122.625,20190600,,20190900
2019-03-14 17:15:00,,20190900,122.65625,20190600,,20190900
2019-03-14 17:30:00,,20190900,122.671875,20190600,,20190900
2019-03-14 17:45:00,,20190900,122.703125,20190600,,20190900
2019-03-14 18:00:00,,20190900,122.734375,20190600,,20190900
2019-03-14 18:15:00,,20190900,122.71875,20190600,,20190900
2019-03-14 18:30:00,,20190900,122.703125,20190600,,20190900
2019-03-14 18:45:00,,20190900,122.734375,20190600,,20190900
2019-03-14 19:00:00,,20190900,122.765625,20190600,,20190900
2019-03-14 19:15:00,,20190900,122.671875,20190600,,20190900
2019-03-14 19:30:00,,20190900,122.703125,20190600,,20190900
2019-03-14 19:45:00,,20190900,122.703125,20190600,,20190900
2019-03-14 20:00:00,,20190900,122.703125,20190600,,20190900
2019-03-14 20:15:00,,20190900,122.703125,20190600,,20190900
2019-03-14 20:30:00,,20190900,122.71875,20190600,,20190900
2019-03-14 20:45:00,,20190900,122.71875,20190600,,20190900
2019-03-14 21:00:00,,20190900,122.703125,20190600,,20190900
2019-03-14 21:15:00,,20190900,122.703125,20190600,,20190900
2019-03-14 21:30:00,,20190900,122.703125,20190600,,20190900
2019-03-14 21:45:00,,20190900,122.6875,20190600,,20190900
2019-03-14 23:00:00,,20190900,122.671875,20190600,,20190900
2019-03-14 23:15:00,,20190900,122.703125,20190600,,20190900
2019-03-14 23:30:00,,20190900,122.703125,20190600,,20190900
2019-03-14 23:45:00,,20190900,122.703125,20190600,,20190900
2019-03-15 00:00:00,,20190900,122.703125,20190600,,20190900
2019-03-15 00:15:00,,20190900,122.734375,20190600,,20190900
2019-03-15 00:30:00,,20190900,122.765625,20190600,,20190900
2019-03-15 00:45:00,,20190900,122.75,20190600,,20190900
2019-03-15 01:00:00,,20190900,122.6875,20190600,,20190900
2019-03-15 01:15:00,,20190900,122.703125,20190600,,20190900
2019-03-15 01:30:00,,20190900,122.6875,20190600,,20190900
2019-03-15 01:45:00,,20190900,122.671875,20190600,,20190900
2019-03-15 02:00:00,,20190900,122.6875,20190600,,20190900
2019-03-15 02:15:00,,20190900,122.671875,20190600,,20190900
2019-03-15 02:30:00,,20190900,122.6875,20190600,,20190900
2019-03-15 02:45:00,,20190900,122.6875,20190600,,20190900
2019-03-15 03:00:00,,20190900,122.671875,20190600,,20190900
2019-03-15 03:15:00,,20190900,122.65625,20190600,,20190900
2019-03-15 03:30:00,,20190900,122.6875,20190600,,20190900
2019-03-15 03:45:00,,20190900,122.6875,20190600,,20190900
2019-03-15 04:00:00,,20190900,122.75,20190600,,20190900
2019-03-15 04:15:00,,20190900,122.75,20190600,,20190900
2019-03-15 04:30:00,,20190900,122.765625,20190600,,20190900
2019-03-15 04:45:00,,20190900,122.71875,20190600,,20190900
2019-03-15 05:15:00,,20190900,122.75,20190600,,20190900
2019-03-15 05:30:00,,20190900,122.734375,20190600,,20190900
2019-03-15 06:15:00,,20190900,122.75,20190600,,20190900
2019-03-15 06:30:00,,20190900,122.765625,20190600,,20190900
2019-03-15 06:45:00,,20190900,122.75,20190600,,20190900
2019-03-15 07:00:00,,20190900,122.75,20190600,,20190900
2019-03-15 07:15:00,,20190900,122.75,20190600,,20190900
2019-03-15 07:30:00,,20190900,122.765625,20190600,,20190900
2019-03-15 07:45:00,,20190900,122.765625,20190600,,20190900
2019-03-15 08:00:00,,20190900,122.734375,20190600,,20190900
2019-03-15 08:15:00,,20190900,122.765625,20190600,,20190900
2019-03-15 08:30:00,,20190900,122.796875,20190600,,20190900
2019-03-15 08:45:00,,20190900,122.765625,20190600,,20190900
2019-03-15 09:00:00,,20190900,122.78125,20190600,,20190900
2019-03-15 09:15:00,,20190900,122.734375,20190600,,20190900
2019-03-15 09:30:00,,20190900,122.75,20190600,,20190900
2019-03-15 09:45:00,,20190900,122.734375,20190600,,20190900
2019-03-15 10:00:00,,20190900,122.75,20190600,,20190900
2019-03-15 10:15:00,,20190900,122.75,20190600,,20190900
2019-03-15 10:30:00,,20190900,122.75,20190600,,20190900
2019-03-15 10:45:00,,20190900,122.75,20190600,,20190900
2019-03-15 11:00:00,,20190900,122.71875,20190600,,20190900
2019-03-15 11:15:00,,20190900,122.71875,20190600,,20190900
2019-03-15 11:30:00,,20190900,122.71875,20190600,,20190900
2019-03-15 11:45:00,,20190900,122.6875,20190600,,20190900
2019-03-15 12:00:00,,20190900,122.6875,20190600,,20190900
2019-03-15 12:15:00,,20190900,122.703125,20190600,,20190900
2019-03-15 12:30:00,,20190900,122.71875,20190600,,20190900
2019-03-15 12:45:00,,20190900,122.765625,20190600,,20190900
2019-03-15 13:00:00,,20190900,122.75,20190600,,20190900
2019-03-15 13:15:00,,20190900,122.765625,20190600,,20190900
2019-03-15 13:30:00,,20190900,122.828125,20190600,,20190900
2019-03-15 13:45:00,,20190900,122.875,20190600,,20190900
2019-03-15 14:00:00,,20190900,122.953125,20190600,,20190900
2019-03-15 14:15:00,,20190900,122.984375,20190600,,20190900
2019-03-15 14:30:00,,20190900,123.0625,20190600,,20190900
2019-03-15 14:45:00,,20190900,123.046875,20190600,,20190900
2019-03-15 15:00:00,,20190900,123.0625,20190600,,20190900
2019-03-15 15:15:00,,20190900,123.0625,20190600,,20190900
2019-03-15 15:30:00,,20190900,123.0625,20190600,,20190900
2019-03-15 15:45:00,,20190900,123.015625,20190600,,20190900
2019-03-15 16:00:00,,20190900,122.96875,20190600,,20190900
2019-03-15 16:15:00,,20190900,122.984375,20190600,,20190900
2019-03-15 16:30:00,,20190900,122.921875,20190600,,20190900
2019-03-15 16:45:00,,20190900,122.9375,20190600,,20190900
2019-03-15 17:00:00,,20190900,122.890625,20190600,,20190900
2019-03-15 17:15:00,,20190900,122.890625,20190600,,20190900
2019-03-15 17:30:00,,20190900,122.90625,20190600,,20190900
2019-03-15 17:45:00,,20190900,122.9375,20190600,,20190900
2019-03-15 18:00:00,,20190900,122.9375,20190600,,20190900
2019-03-15 18:15:00,,20190900,122.9375,20190600,,20190900
2019-03-15 18:30:00,,20190900,122.890625,20190600,,20190900
2019-03-15 18:45:00,,20190900,122.890625,20190600,,20190900
2019-03-15 19:00:00,,20190900,122.890625,20190600,,20190900
2019-03-15 19:15:00,,20190900,122.921875,20190600,,20190900
2019-03-15 19:30:00,,20190900,122.921875,20190600,,20190900
2019-03-15 19:45:00,,20190900,122.984375,20190600,,20190900
2019-03-15 20:00:00,,20190900,122.984375,20190600,,20190900
2019-03-15 20:15:00,,20190900,122.984375,20190600,,20190900
2019-03-15 20:30:00,,20190900,122.984375,20190600,,20190900
2019-03-15 20:45:00,,20190900,122.96875,20190600,,20190900
2019-03-15 21:00:00,,20190900,122.96875,20190600,,20190900
2019-03-15 21:15:00,,20190900,122.96875,20190600,,20190900
2019-03-15 21:30:00,,20190900,122.96875,20190600,,20190900
2019-03-15 21:45:00,,20190900,122.96875,20190600,,20190900
2019-03-15 23:00:00,,20190900,122.734375,20190600,,20190900
2019-03-17 23:00:00,,20190900,122.953125,20190600,,20190900
2019-03-17 23:15:00,,20190900,122.9375,20190600,,20190900
2019-03-17 23:30:00,,20190900,122.953125,20190600,,20190900
2019-03-17 23:45:00,,20190900,122.96875,20190600,,20190900
2019-03-18 00:00:00,,20190900,122.953125,20190600,,20190900
2019-03-18 00:15:00,,20190900,122.953125,20190600,,20190900
2019-03-18 00:30:00,,20190900,122.9375,20190600,,20190900
2019-03-18 00:45:00,,20190900,122.9375,20190600,,20190900
2019-03-18 01:00:00,,20190900,122.921875,20190600,,20190900
2019-03-18 01:15:00,,20190900,122.9375,20190600,,20190900
2019-03-18 01:30:00,,20190900,122.90625,20190600,,20190900
2019-03-18 01:45:00,,20190900,122.921875,20190600,,20190900
2019-03-18 02:00:00,,20190900,122.953125,20190600,,20190900
2019-03-18 02:15:00,,20190900,122.921875,20190600,,20190900
2019-03-18 02:30:00,,20190900,122.953125,20190600,,20190900
2019-03-18 02:45:00,,20190900,122.921875,20190600,,20190900
2019-03-18 03:00:00,,20190900,122.9375,20190600,,20190900
2019-03-18 03:15:00,,20190900,122.921875,20190600,,20190900
2019-03-18 03:30:00,,20190900,122.921875,20190600,,20190900
2019-03-18 03:45:00,,20190900,122.90625,20190600,,20190900
2019-03-18 04:00:00,,20190900,122.90625,20190600,,20190900
2019-03-18 04:15:00,,20190900,122.90625,20190600,,20190900
2019-03-18 04:30:00,,20190900,122.90625,20190600,,20190900
2019-03-18 04:45:00,,20190900,122.90625,20190600,,20190900
2019-03-18 05:15:00,,20190900,122.921875,20190600,,20190900
2019-03-18 05:30:00,,20190900,122.90625,20190600,,20190900
2019-03-18 05:45:00,,20190900,122.921875,20190600,,20190900
2019-03-18 06:15:00,,20190900,122.890625,20190600,,20190900
2019-03-18 06:30:00,,20190900,122.90625,20190600,,20190900
2019-03-18 06:45:00,,20190900,122.90625,20190600,,20190900
2019-03-18 07:00:00,,20190900,122.90625,20190600,,20190900
2019-03-18 07:15:00,,20190900,122.921875,20190600,,20190900
2019-03-18 07:30:00,,20190900,122.921875,20190600,,20190900
2019-03-18 07:45:00,,20190900,122.9375,20190600,,20190900
2019-03-18 08:00:00,,20190900,122.9375,20190600,,20190900
2019-03-18 08:15:00,,20190900,122.921875,20190600,,20190900
2019-03-18 08:30:00,,20190900,122.921875,20190600,,20190900
2019-03-18 08:45:00,,20190900,122.921875,20190600,,20190900
2019-03-18 09:00:00,,20190900,122.953125,20190600,,20190900
2019-03-18 09:15:00,,20190900,122.953125,20190600,,20190900
2019-03-18 09:30:00,,20190900,122.953125,20190600,,20190900
2019-03-18 09:45:00,,20190900,122.96875,20190600,,20190900
2019-03-18 10:00:00,,20190900,122.96875,20190600,,20190900
2019-03-18 10:15:00,,20190900,123.015625,20190600,,20190900
2019-03-18 10:30:00,,20190900,123.015625,20190600,,20190900
2019-03-18 10:45:00,,20190900,123.015625,20190600,,20190900
2019-03-18 11:00:00,,20190900,123.015625,20190600,,20190900
2019-03-18 11:15:00,,20190900,123.015625,20190600,,20190900
2019-03-18 11:30:00,,20190900,123.015625,20190600,,20190900
2019-03-18 11:45:00,,20190900,122.96875,20190600,,20190900
2019-03-18 12:00:00,,20190900,122.9375,20190600,,20190900
2019-03-18 12:15:00,,20190900,122.9375,20190600,,20190900
2019-03-18 12:30:00,,20190900,122.921875,20190600,,20190900
2019-03-18 12:45:00,,20190900,122.890625,20190600,,20190900
2019-03-18 13:00:00,,20190900,122.90625,20190600,,20190900
2019-03-18 13:15:00,,20190900,122.859375,20190600,,20190900
2019-03-18 13:30:00,,20190900,122.859375,20190600,,20190900
2019-03-18 13:45:00,,20190900,122.84375,20190600,,20190900
2019-03-18 14:00:00,,20190900,122.859375,20190600,,20190900
2019-03-18 14:15:00,,20190900,122.890625,20190600,,20190900
2019-03-18 14:30:00,,20190900,122.875,20190600,,20190900
2019-03-18 14:45:00,,20190900,122.90625,20190600,,20190900
2019-03-18 15:00:00,,20190900,122.9375,20190600,,20190900
2019-03-18 15:15:00,,20190900,122.921875,20190600,,20190900
2019-03-18 15:30:00,,20190900,122.890625,20190600,,20190900
2019-03-18 15:45:00,,20190900,122.90625,20190600,,20190900
2019-03-18 16:00:00,,20190900,122.921875,20190600,,20190900
2019-03-18 16:15:00,,20190900,122.921875,20190600,,20190900
2019-03-18 16:30:00,,20190900,122.96875,20190600,,20190900
2019-03-18 16:45:00,,20190900,122.9375,20190600,,20190900
2019-03-18 17:00:00,,20190900,122.953125,20190600,,20190900
2019-03-18 17:15:00,,20190900,122.9375,20190600,,20190900
2019-03-18 17:30:00,,20190900,122.90625,20190600,,20190900
2019-03-18 17:45:00,,20190900,122.859375,20190600,,20190900
2019-03-18 18:00:00,,20190900,122.859375,20190600,,20190900
2019-03-18 18:15:00,,20190900,122.875,20190600,,20190900
2019-03-18 18:30:00,,20190900,122.875,20190600,,20190900
2019-03-18 18:45:00,,20190900,122.859375,20190600,,20190900
2019-03-18 19:00:00,,20190900,122.84375,20190600,,20190900
2019-03-18 19:15:00,,20190900,122.859375,20190600,,20190900
2019-03-18 19:30:00,,20190900,122.828125,20190600,,20190900
2019-03-18 19:45:00,,20190900,122.859375,20190600,,20190900
2019-03-18 20:00:00,,20190900,122.84375,20190600,,20190900
2019-03-18 20:15:00,,20190900,122.84375,20190600,,20190900
2019-03-18 20:30:00,,20190900,122.84375,20190600,,20190900
2019-03-18 20:45:00,,20190900,122.859375,20190600,,20190900
2019-03-18 21:00:00,,20190900,122.859375,20190600,,20190900
2019-03-18 21:15:00,,20190900,122.859375,20190600,,20190900
2019-03-18 21:30:00,,20190900,122.84375,20190600,,20190900
2019-03-18 21:45:00,,20190900,122.828125,20190600,,20190900
2019-03-18 23:00:00,,20190900,122.90625,20190600,,20190900
2019-03-18 23:15:00,,20190900,122.859375,20190600,,20190900
2019-03-18 23:30:00,,20190900,122.859375,20190600,,20190900
2019-03-18 23:45:00,,20190900,122.875,20190600,,20190900
2019-03-19 00:00:00,,20190900,122.859375,20190600,,20190900
2019-03-19 00:15:00,,20190900,122.875,20190600,,20190900
2019-03-19 00:30:00,,20190900,122.859375,20190600,,20190900
2019-03-19 00:45:00,,20190900,122.875,20190600,,20190900
2019-03-19 01:00:00,,20190900,122.890625,20190600,,20190900
2019-03-19 01:15:00,,20190900,122.890625,20190600,,20190900
2019-03-19 01:30:00,,20190900,122.875,20190600,,20190900
2019-03-19 01:45:00,,20190900,122.890625,20190600,,20190900
2019-03-19 02:00:00,,20190900,122.890625,20190600,,20190900
2019-03-19 02:15:00,,20190900,122.875,20190600,,20190900
2019-03-19 02:30:00,,20190900,122.859375,20190600,,20190900
2019-03-19 02:45:00,,20190900,122.875,20190600,,20190900
2019-03-19 03:00:00,,20190900,122.890625,20190600,,20190900
2019-03-19 03:15:00,,20190900,122.90625,20190600,,20190900
2019-03-19 03:30:00,,20190900,122.890625,20190600,,20190900
2019-03-19 03:45:00,,20190900,122.90625,20190600,,20190900
2019-03-19 04:00:00,,20190900,122.90625,20190600,,20190900
2019-03-19 04:15:00,,20190900,122.90625,20190600,,20190900
2019-03-19 04:30:00,,20190900,122.90625,20190600,,20190900
2019-03-19 04:45:00,,20190900,122.90625,20190600,,20190900
2019-03-19 05:15:00,,20190900,122.90625,20190600,,20190900
2019-03-19 05:30:00,,20190900,122.90625,20190600,,20190900
2019-03-19 05:45:00,,20190900,122.890625,20190600,,20190900
2019-03-19 06:15:00,,20190900,122.90625,20190600,,20190900
2019-03-19 06:30:00,,20190900,122.890625,20190600,,20190900
2019-03-19 06:45:00,,20190900,122.890625,20190600,,20190900
2019-03-19 07:00:00,,20190900,122.90625,20190600,,20190900
2019-03-19 07:15:00,,20190900,122.890625,20190600,,20190900
2019-03-19 07:30:00,,20190900,122.90625,20190600,,20190900
2019-03-19 07:45:00,,20190900,122.890625,20190600,,20190900
2019-03-19 08:00:00,,20190900,122.890625,20190600,,20190900
2019-03-19 08:15:00,,20190900,122.921875,20190600,,20190900
2019-03-19 08:30:00,,20190900,122.921875,20190600,,20190900
2019-03-19 08:45:00,,20190900,122.921875,20190600,,20190900
2019-03-19 09:00:00,,20190900,122.90625,20190600,,20190900
2019-03-19 09:15:00,,20190900,122.953125,20190600,,20190900
2019-03-19 09:30:00,,20190900,122.9375,20190600,,20190900
2019-03-19 09:45:00,,20190900,122.921875,20190600,,20190900
2019-03-19 10:00:00,,20190900,122.890625,20190600,,20190900
2019-03-19 10:15:00,,20190900,122.890625,20190600,,20190900
2019-03-19 10:30:00,,20190900,122.90625,20190600,,20190900
2019-03-19 10:45:00,,20190900,122.90625,20190600,,20190900
2019-03-19 11:00:00,,20190900,122.921875,20190600,,20190900
2019-03-19 11:15:00,,20190900,122.9375,20190600,,20190900
2019-03-19 11:30:00,,20190900,122.921875,20190600,,20190900
2019-03-19 11:45:00,,20190900,122.921875,20190600,,20190900
2019-03-19 12:00:00,,20190900,122.875,20190600,,20190900
2019-03-19 12:15:00,,20190900,122.84375,20190600,,20190900
2019-03-19 12:30:00,,20190900,122.84375,20190600,,20190900
2019-03-19 12:45:00,,20190900,122.84375,20190600,,20190900
2019-03-19 13:00:00,,20190900,122.828125,20190600,,20190900
2019-03-19 13:15:00,,20190900,122.734375,20190600,,20190900
2019-03-19 13:30:00,,20190900,122.671875,20190600,,20190900
2019-03-19 13:45:00,,20190900,122.625,20190600,,20190900
2019-03-19 14:00:00,,20190900,122.65625,20190600,,20190900
2019-03-19 14:15:00,,20190900,122.671875,20190600,,20190900
2019-03-19 14:30:00,,20190900,122.703125,20190600,,20190900
2019-03-19 14:45:00,,20190900,122.75,20190600,,20190900
2019-03-19 15:00:00,,20190900,122.6875,20190600,,20190900
2019-03-19 15:15:00,,20190900,122.71875,20190600,,20190900
2019-03-19 15:30:00,,20190900,122.734375,20190600,,20190900
2019-03-19 15:45:00,,20190900,122.78125,20190600,,20190900
2019-03-19 16:00:00,,20190900,122.78125,20190600,,20190900
2019-03-19 16:15:00,,20190900,122.796875,20190600,,20190900
2019-03-19 16:30:00,,20190900,122.796875,20190600,,20190900
2019-03-19 16:45:00,,20190900,122.765625,20190600,,20190900
2019-03-19 17:00:00,,20190900,122.8125,20190600,,20190900
2019-03-19 17:15:00,,20190900,122.796875,20190600,,20190900
2019-03-19 17:30:00,,20190900,122.796875,20190600,,20190900
2019-03-19 17:45:00,,20190900,122.828125,20190600,,20190900
2019-03-19 18:00:00,,20190900,122.828125,20190600,,20190900
2019-03-19 18:15:00,,20190900,122.8125,20190600,,20190900
2019-03-19 18:30:00,,20190900,122.796875,20190600,,20190900
2019-03-19 18:45:00,,20190900,122.796875,20190600,,20190900
2019-03-19 19:00:00,,20190900,122.796875,20190600,,20190900
2019-03-19 19:15:00,,20190900,122.796875,20190600,,20190900
2019-03-19 19:30:00,,20190900,122.796875,20190600,,20190900
2019-03-19 19:45:00,,20190900,122.78125,20190600,,20190900
2019-03-19 20:00:00,,20190900,122.78125,20190600,,20190900
2019-03-19 20:15:00,,20190900,122.796875,20190600,,20190900
2019-03-19 20:30:00,,20190900,122.78125,20190600,,20190900
2019-03-19 20:45:00,,20190900,122.734375,20190600,,20190900
2019-03-19 21:00:00,,20190900,122.734375,20190600,,20190900
2019-03-19 21:15:00,,20190900,122.71875,20190600,,20190900
2019-03-19 21:30:00,,20190900,122.734375,20190600,,20190900
2019-03-19 21:45:00,,20190900,122.734375,20190600,,20190900
2019-03-19 23:00:00,,20190900,122.890625,20190600,,20190900
2019-03-19 23:15:00,,20190900,122.75,20190600,,20190900
2019-03-19 23:30:00,,20190900,122.75,20190600,,20190900
2019-03-19 23:45:00,,20190900,122.75,20190600,,20190900
2019-03-20 00:00:00,,20190900,122.75,20190600,,20190900
2019-03-20 00:15:00,,20190900,122.765625,20190600,,20190900
2019-03-20 00:30:00,,20190900,122.75,20190600,,20190900
2019-03-20 00:45:00,,20190900,122.734375,20190600,,20190900
2019-03-20 01:00:00,,20190900,122.71875,20190600,,20190900
2019-03-20 01:15:00,,20190900,122.75,20190600,,20190900
2019-03-20 01:30:00,,20190900,122.75,20190600,,20190900
2019-03-20 01:45:00,,20190900,122.765625,20190600,,20190900
2019-03-20 02:00:00,,20190900,122.765625,20190600,,20190900
2019-03-20 02:15:00,,20190900,122.765625,20190600,,20190900
2019-03-20 02:30:00,,20190900,122.78125,20190600,,20190900
2019-03-20 02:45:00,,20190900,122.78125,20190600,,20190900
2019-03-20 03:00:00,,20190900,122.796875,20190600,,20190900
2019-03-20 03:15:00,,20190900,122.78125,20190600,,20190900
2019-03-20 03:30:00,,20190900,122.765625,20190600,,20190900
2019-03-20 03:45:00,,20190900,122.765625,20190600,,20190900
2019-03-20 04:00:00,,20190900,122.78125,20190600,,20190900
2019-03-20 04:15:00,,20190900,122.765625,20190600,,20190900
2019-03-20 04:30:00,,20190900,122.765625,20190600,,20190900
2019-03-20 04:45:00,,20190900,122.765625,20190600,,20190900
2019-03-20 05:15:00,,20190900,122.78125,20190600,,20190900
2019-03-20 05:30:00,,20190900,122.796875,20190600,,20190900
2019-03-20 05:45:00,,20190900,122.78125,20190600,,20190900
2019-03-20 06:15:00,,20190900,122.765625,20190600,,20190900
2019-03-20 06:30:00,,20190900,122.78125,20190600,,20190900
2019-03-20 06:45:00,,20190900,122.765625,20190600,,20190900
2019-03-20 07:00:00,,20190900,122.765625,20190600,,20190900
2019-03-20 07:15:00,,20190900,122.765625,20190600,,20190900
2019-03-20 07:30:00,,20190900,122.78125,20190600,,20190900
2019-03-20 07:45:00,,20190900,122.765625,20190600,,20190900
2019-03-20 08:00:00,,20190900,122.75,20190600,,20190900
2019-03-20 08:15:00,,20190900,122.78125,20190600,,20190900
2019-03-20 08:30:00,,20190900,122.8125,20190600,,20190900
2019-03-20 08:45:00,,20190900,122.8125,20190600,,20190900
2019-03-20 09:00:00,,20190900,122.828125,20190600,,20190900
2019-03-20 09:15:00,,20190900,122.890625,20190600,,20190900
2019-03-20 09:30:00,,20190900,122.875,20190600,,20190900
2019-03-20 09:45:00,,20190900,122.84375,20190600,,20190900
2019-03-20 10:00:00,,20190900,122.875,20190600,,20190900
2019-03-20 10:15:00,,20190900,122.875,20190600,,20190900
2019-03-20 10:30:00,,20190900,122.875,20190600,,20190900
2019-03-20 10:45:00,,20190900,122.875,20190600,,20190900
2019-03-20 11:00:00,,20190900,122.875,20190600,,20190900
2019-03-20 11:15:00,,20190900,122.859375,20190600,,20190900
2019-03-20 11:30:00,,20190900,122.875,20190600,,20190900
2019-03-20 11:45:00,,20190900,122.875,20190600,,20190900
2019-03-20 12:00:00,,20190900,122.859375,20190600,,20190900
2019-03-20 12:15:00,,20190900,122.875,20190600,,20190900
2019-03-20 12:30:00,,20190900,122.875,20190600,,20190900
2019-03-20 12:45:00,,20190900,122.84375,20190600,,20190900
2019-03-20 13:00:00,,20190900,122.859375,20190600,,20190900
2019-03-20 13:15:00,,20190900,122.90625,20190600,,20190900
2019-03-20 13:30:00,,20190900,122.921875,20190600,,20190900
2019-03-20 13:45:00,,20190900,122.921875,20190600,,20190900
2019-03-20 14:00:00,,20190900,122.890625,20190600,,20190900
2019-03-20 14:15:00,,20190900,122.859375,20190600,,20190900
2019-03-20 14:30:00,,20190900,122.890625,20190600,,20190900
2019-03-20 14:45:00,,20190900,122.890625,20190600,,20190900
2019-03-20 15:00:00,,20190900,122.921875,20190600,,20190900
2019-03-20 15:15:00,,20190900,122.9375,20190600,,20190900
2019-03-20 15:30:00,,20190900,122.921875,20190600,,20190900
2019-03-20 15:45:00,,20190900,122.9375,20190600,,20190900
2019-03-20 16:00:00,,20190900,122.921875,20190600,,20190900
2019-03-20 16:15:00,,20190900,122.921875,20190600,,20190900
2019-03-20 16:30:00,,20190900,122.921875,20190600,,20190900
2019-03-20 16:45:00,,20190900,122.96875,20190600,,20190900
2019-03-20 17:00:00,122.75,20190900,122.953125,20190600,122.75,20190900
2019-03-20 17:15:00,,20190900,122.953125,20190600,,20190900
2019-03-20 17:30:00,,20190900,122.9375,20190600,,20190900
2019-03-20 17:45:00,123.21875,20190900,122.90625,20190600,123.21875,20190900
2019-03-20 18:00:00,,20190900,122.90625,20190600,,20190900
2019-03-20 18:15:00,,20190900,122.921875,20190600,,20190900
2019-03-20 18:30:00,,20190900,122.9375,20190600,,20190900
2019-03-20 18:45:00,,20190900,122.90625,20190600,,20190900
2019-03-20 19:00:00,123.0,20190900,123.3125,20190600,123.0,20190900
2019-03-20 19:15:00,,20190900,123.46875,20190600,,20190900
2019-03-20 19:30:00,,20190900,123.421875,20190600,,20190900
2019-03-20 19:45:00,,20190900,123.390625,20190600,,20190900
2019-03-20 20:00:00,,20190900,123.390625,20190600,,20190900
2019-03-20 20:15:00,,20190900,123.359375,20190600,,20190900
2019-03-20 20:30:00,,20190900,123.40625,20190600,,20190900
2019-03-20 20:45:00,,20190900,123.484375,20190600,,20190900
2019-03-20 21:00:00,,20190900,123.484375,20190600,,20190900
2019-03-20 21:15:00,,20190900,123.46875,20190600,,20190900
2019-03-20 21:30:00,,20190900,123.484375,20190600,,20190900
2019-03-20 21:45:00,,20190900,123.453125,20190600,,20190900
2019-03-20 23:00:00,123.40625,20190900,122.78125,20190600,123.40625,20190900
2019-03-20 23:15:00,,20190900,123.421875,20190600,,20190900
2019-03-20 23:30:00,,20190900,123.40625,20190600,,20190900
2019-03-20 23:45:00,,20190900,123.40625,20190600,,20190900
2019-03-21 00:00:00,,20190900,123.40625,20190600,,20190900
2019-03-21 00:15:00,,20190900,123.40625,20190600,,20190900
2019-03-21 00:30:00,,20190900,123.390625,20190600,,20190900
2019-03-21 00:45:00,,20190900,123.40625,20190600,,20190900
2019-03-21 01:00:00,,20190900,123.40625,20190600,,20190900
2019-03-21 01:15:00,,20190900,123.40625,20190600,,20190900
2019-03-21 01:30:00,,20190900,123.390625,20190600,,20190900
2019-03-21 01:45:00,,20190900,123.375,20190600,,20190900
2019-03-21 02:00:00,,20190900,123.390625,20190600,,20190900
2019-03-21 02:15:00,,20190900,123.390625,20190600,,20190900
2019-03-21 02:30:00,,20190900,123.375,20190600,,20190900
2019-03-21 02:45:00,,20190900,123.40625,20190600,,20190900
2019-03-21 03:00:00,,20190900,123.390625,20190600,,20190900
2019-03-21 03:15:00,,20190900,123.390625,20190600,,20190900
2019-03-21 03:30:00,,20190900,123.390625,20190600,,20190900
2019-03-21 03:45:00,,20190900,123.40625,20190600,,20190900
2019-03-21 04:00:00,,20190900,123.421875,20190600,,20190900
2019-03-21 04:15:00,,20190900,123.4375,20190600,,20190900
2019-03-21 04:30:00,,20190900,123.4375,20190600,,20190900
2019-03-21 04:45:00,,20190900,123.453125,20190600,,20190900
2019-03-21 05:15:00,,20190900,123.453125,20190600,,20190900
2019-03-21 05:30:00,,20190900,123.46875,20190600,,20190900
2019-03-21 05:45:00,,20190900,123.46875,20190600,,20190900
2019-03-21 06:15:00,,20190900,123.484375,20190600,,20190900
2019-03-21 06:30:00,,20190900,123.484375,20190600,,20190900
2019-03-21 06:45:00,123.3125,20190900,123.46875,20190600,123.3125,20190900
2019-03-21 07:00:00,,20190900,123.46875,20190600,,20190900
2019-03-21 07:15:00,,20190900,123.484375,20190600,,20190900
2019-03-21 07:30:00,,20190900,123.453125,20190600,,20190900
2019-03-21 07:45:00,,20190900,123.46875,20190600,,20190900
2019-03-21 08:00:00,,20190900,123.453125,20190600,,20190900
2019-03-21 08:15:00,123.65625,20190900,123.453125,20190600,123.65625,20190900
2019-03-21 08:30:00,,20190900,123.484375,20190600,,20190900
2019-03-21 08:45:00,,20190900,123.578125,20190600,,20190900
2019-03-21 09:00:00,,20190900,123.5625,20190600,,20190900
2019-03-21 09:15:00,,20190900,123.625,20190600,,20190900
2019-03-21 09:30:00,,20190900,123.578125,20190600,,20190900
2019-03-21 09:45:00,,20190900,123.578125,20190600,,20190900
2019-03-21 10:00:00,,20190900,123.5625,20190600,,20190900
2019-03-21 10:15:00,,20190900,123.5625,20190600,,20190900
2019-03-21 10:30:00,,20190900,123.546875,20190600,,20190900
2019-03-21 10:45:00,,20190900,123.515625,20190600,,20190900
2019-03-21 11:00:00,,20190900,123.546875,20190600,,20190900
2019-03-21 11:15:00,,20190900,123.5625,20190600,,20190900
2019-03-21 11:30:00,,20190900,123.546875,20190600,,20190900
2019-03-21 11:45:00,,20190900,123.5,20190600,,20190900
2019-03-21 12:00:00,,20190900,123.5625,20190600,,20190900
2019-03-21 12:15:00,,20190900,123.59375,20190600,,20190900
2019-03-21 12:30:00,,20190900,123.59375,20190600,,20190900
2019-03-21 12:45:00,,20190900,123.640625,20190600,,20190900
2019-03-21 13:00:00,,20190900,123.671875,20190600,,20190900
2019-03-21 13:15:00,,20190900,123.671875,20190600,,20190900
2019-03-21 13:30:00,,20190900,123.546875,20190600,,20190900
2019-03-21 13:45:00,,20190900,123.515625,20190600,,20190900
2019-03-21 14:00:00,,20190900,123.515625,20190600,,20190900
2019-03-21 14:15:00,,20190900,123.546875,20190600,,20190900
2019-03-21 14:30:00,,20190900,123.53125,20190600,,20190900
2019-03-21 14:45:00,,20190900,123.5,20190600,,20190900
2019-03-21 15:00:00,,20190900,123.5,20190600,,20190900
2019-03-21 15:15:00,,20190900,123.5,20190600,,20190900
2019-03-21 15:30:00,,20190900,123.484375,20190600,,20190900
2019-03-21 15:45:00,,20190900,123.4375,20190600,,20190900
2019-03-21 16:00:00,,20190900,123.453125,20190600,,20190900
2019-03-21 16:15:00,,20190900,123.4375,20190600,,20190900
2019-03-21 16:30:00,,20190900,123.421875,20190600,,20190900
2019-03-21 16:45:00,,20190900,123.46875,20190600,,20190900
2019-03-21 17:00:00,,20190900,123.484375,20190600,,20190900
2019-03-21 17:15:00,,20190900,123.5,20190600,,20190900
2019-03-21 17:30:00,,20190900,123.46875,20190600,,20190900
2019-03-21 17:45:00,,20190900,123.46875,20190600,,20190900
2019-03-21 18:00:00,,20190900,123.421875,20190600,,20190900
2019-03-21 18:15:00,,20190900,123.421875,20190600,,20190900
2019-03-21 18:30:00,,20190900,123.34375,20190600,,20190900
2019-03-21 18:45:00,,20190900,123.34375,20190600,,20190900
2019-03-21 19:00:00,,20190900,123.34375,20190600,,20190900
2019-03-21 19:15:00,,20190900,123.3125,20190600,,20190900
2019-03-21 19:30:00,,20190900,123.34375,20190600,,20190900
2019-03-21 19:45:00,,20190900,123.359375,20190600,,20190900
2019-03-21 20:00:00,,20190900,123.34375,20190600,,20190900
2019-03-21 20:15:00,,20190900,123.359375,20190600,,20190900
2019-03-21 20:30:00,,20190900,123.375,20190600,,20190900
2019-03-21 20:45:00,,20190900,123.375,20190600,,20190900
2019-03-21 21:00:00,,20190900,123.359375,20190600,,20190900
2019-03-21 21:15:00,,20190900,123.375,20190600,,20190900
2019-03-21 21:30:00,,20190900,123.359375,20190600,,20190900
2019-03-21 21:45:00,123.546875,20190900,123.34375,20190600,123.546875,20190900
2019-03-21 23:00:00,123.265625,20190900,123.46875,20190600,123.265625,20190900
2019-03-21 23:15:00,,20190900,123.328125,20190600,,20190900
2019-03-21 23:30:00,,20190900,123.359375,20190600,,20190900
2019-03-21 23:45:00,,20190900,123.359375,20190600,,20190900
2019-03-22 00:00:00,,20190900,123.359375,20190600,,20190900
2019-03-22 00:15:00,,20190900,123.359375,20190600,,20190900
2019-03-22 00:30:00,,20190900,123.34375,20190600,,20190900
2019-03-22 00:45:00,,20190900,123.359375,20190600,,20190900
2019-03-22 01:00:00,,20190900,123.375,20190600,,20190900
2019-03-22 01:15:00,,20190900,123.375,20190600,,20190900
2019-03-22 01:30:00,,20190900,123.375,20190600,,20190900
2019-03-22 01:45:00,,20190900,123.390625,20190600,,20190900
2019-03-22 02:00:00,,20190900,123.40625,20190600,,20190900
2019-03-22 02:15:00,,20190900,123.453125,20190600,,20190900
2019-03-22 02:30:00,,20190900,123.453125,20190600,,20190900
2019-03-22 02:45:00,,20190900,123.453125,20190600,,20190900
2019-03-22 03:00:00,,20190900,123.453125,20190600,,20190900
2019-03-22 03:15:00,,20190900,123.4375,20190600,,20190900
2019-03-22 03:30:00,,20190900,123.4375,20190600,,20190900
2019-03-22 03:45:00,123.375,20190900,123.453125,20190600,123.375,20190900
2019-03-22 04:00:00,,20190900,123.453125,20190600,,20190900
2019-03-22 04:15:00,,20190900,123.4375,20190600,,20190900
2019-03-22 04:30:00,,20190900,123.4375,20190600,,20190900
2019-03-22 04:45:00,,20190900,123.4375,20190600,,20190900
2019-03-22 05:15:00,,20190900,123.4375,20190600,,20190900
2019-03-22 05:30:00,,20190900,123.4375,20190600,,20190900
2019-03-22 05:45:00,,20190900,123.4375,20190600,,20190900
2019-03-22 06:15:00,,20190900,123.453125,20190600,,20190900
2019-03-22 06:30:00,,20190900,123.453125,20190600,,20190900
2019-03-22 06:45:00,,20190900,123.453125,20190600,,20190900
2019-03-22 07:00:00,,20190900,123.453125,20190600,,20190900
2019-03-22 07:15:00,,20190900,123.4375,20190600,,20190900
2019-03-22 07:30:00,,20190900,123.453125,20190600,,20190900
2019-03-22 07:45:00,,20190900,123.4375,20190600,,20190900
2019-03-22 08:00:00,,20190900,123.4375,20190600,,20190900
2019-03-22 08:15:00,,20190900,123.4375,20190600,,20190900
2019-03-22 08:30:00,,20190900,123.4375,20190600,,20190900
2019-03-22 08:45:00,,20190900,123.453125,20190600,,20190900
2019-03-22 09:00:00,,20190900,123.4375,20190600,,20190900
2019-03-22 09:15:00,,20190900,123.421875,20190600,,20190900
2019-03-22 09:30:00,,20190900,123.578125,20190600,,20190900
2019-03-22 09:45:00,,20190900,123.640625,20190600,,20190900
2019-03-22 10:00:00,,20190900,123.65625,20190600,,20190900
2019-03-22 10:15:00,,20190900,123.65625,20190600,,20190900
2019-03-22 10:30:00,123.6875,20190900,123.71875,20190600,123.6875,20190900
2019-03-22 10:45:00,,20190900,123.6875,20190600,,20190900
2019-03-22 11:00:00,,20190900,123.703125,20190600,,20190900
2019-03-22 11:15:00,,20190900,123.734375,20190600,,20190900
2019-03-22 11:30:00,,20190900,123.71875,20190600,,20190900
2019-03-22 11:45:00,,20190900,123.71875,20190600,,20190900
2019-03-22 12:00:00,,20190900,123.75,20190600,,20190900
2019-03-22 12:15:00,,20190900,123.71875,20190600,,20190900
2019-03-22 12:30:00,,20190900,123.734375,20190600,,20190900
2019-03-22 12:45:00,,20190900,123.84375,20190600,,20190900
2019-03-22 13:00:00,123.78125,20190900,123.921875,20190600,123.78125,20190900
2019-03-22 13:15:00,,20190900,123.828125,20190600,,20190900
2019-03-22 13:30:00,,20190900,123.796875,20190600,,20190900
2019-03-22 13:45:00,,20190900,123.859375,20190600,,20190900
2019-03-22 14:00:00,,20190900,123.875,20190600,,20190900
2019-03-22 14:15:00,,20190900,123.875,20190600,,20190900
2019-03-22 14:30:00,,20190900,123.859375,20190600,,20190900
2019-03-22 14:45:00,,20190900,124.046875,20190600,,20190900
2019-03-22 15:00:00,,20190900,123.96875,20190600,,20190900
2019-03-22 15:15:00,,20190900,124.015625,20190600,,20190900
2019-03-22 15:30:00,124.125,20190900,124.046875,20190600,124.125,20190900
2019-03-22 15:45:00,,20190900,124.140625,20190600,,20190900
2019-03-22 16:00:00,,20190900,124.078125,20190600,,20190900
2019-03-22 16:15:00,,20190900,124.125,20190600,,20190900
2019-03-22 16:30:00,,20190900,124.140625,20190600,,20190900
2019-03-22 16:45:00,,20190900,124.25,20190600,,20190900
2019-03-22 17:00:00,124.25,20190900,124.140625,20190600,124.25,20190900
2019-03-22 17:15:00,,20190900,124.140625,20190600,,20190900
2019-03-22 17:30:00,,20190900,124.140625,20190600,,20190900
2019-03-22 17:45:00,,20190900,124.015625,20190600,,20190900
2019-03-22 18:00:00,,20190900,124.046875,20190600,,20190900
2019-03-22 18:15:00,,20190900,124.03125,20190600,,20190900
2019-03-22 18:30:00,,20190900,123.984375,20190600,,20190900
2019-03-22 18:45:00,,20190900,124.015625,20190600,,20190900
2019-03-22 19:00:00,,20190900,123.9375,20190600,,20190900
2019-03-22 19:15:00,,20190900,123.9375,20190600,,20190900
2019-03-22 19:30:00,,20190900,124.0,20190600,,20190900
2019-03-22 19:45:00,,20190900,124.03125,20190600,,20190900
2019-03-22 20:00:00,,20190900,124.109375,20190600,,20190900
2019-03-22 20:15:00,,20190900,124.140625,20190600,,20190900
2019-03-22 20:30:00,,20190900,124.171875,20190600,,20190900
2019-03-22 20:45:00,,20190900,124.171875,20190600,,20190900
2019-03-22 21:00:00,,20190900,124.1875,20190600,,20190900
2019-03-22 21:15:00,,20190900,124.140625,20190600,,20190900
2019-03-22 21:30:00,,20190900,124.140625,20190600,,20190900
2019-03-22 21:45:00,124.296875,20190900,124.109375,20190600,124.296875,20190900
2019-03-22 23:00:00,124.296875,20190900,123.4375,20190600,124.296875,20190900
2019-03-24 23:00:00,,20190900,124.078125,20190600,,20190900
2019-03-24 23:15:00,,20190900,124.109375,20190600,,20190900
2019-03-24 23:30:00,,20190900,124.125,20190600,,20190900
2019-03-24 23:45:00,,20190900,124.078125,20190600,,20190900
2019-03-25 00:00:00,,20190900,124.0625,20190600,,20190900
2019-03-25 00:15:00,,20190900,124.046875,20190600,,20190900
2019-03-25 00:30:00,,20190900,124.03125,20190600,,20190900
2019-03-25 00:45:00,,20190900,124.03125,20190600,,20190900
2019-03-25 01:00:00,,20190900,124.109375,20190600,,20190900
2019-03-25 01:15:00,,20190900,124.140625,20190600,,20190900
2019-03-25 01:30:00,,20190900,124.171875,20190600,,20190900
2019-03-25 01:45:00,,20190900,124.21875,20190600,,20190900
2019-03-25 02:00:00,,20190900,124.203125,20190600,,20190900
2019-03-25 02:15:00,,20190900,124.15625,20190600,,20190900
2019-03-25 02:30:00,124.328125,20190900,124.15625,20190600,124.328125,20190900
2019-03-25 02:45:00,,20190900,124.140625,20190600,,20190900
2019-03-25 03:00:00,,20190900,124.171875,20190600,,20190900
2019-03-25 03:15:00,,20190900,124.140625,20190600,,20190900
2019-03-25 03:30:00,,20190900,124.125,20190600,,20190900
2019-03-25 03:45:00,,20190900,124.109375,20190600,,20190900
2019-03-25 04:00:00,,20190900,124.125,20190600,,20190900
2019-03-25 04:15:00,,20190900,124.140625,20190600,,20190900
2019-03-25 04:30:00,,20190900,124.140625,20190600,,20190900
2019-03-25 04:45:00,,20190900,124.125,20190600,,20190900
2019-03-25 05:15:00,,20190900,124.140625,20190600,,20190900
2019-03-25 05:30:00,,20190900,124.109375,20190600,,20190900
2019-03-25 05:45:00,,20190900,124.09375,20190600,,20190900
2019-03-25 06:15:00,,20190900,124.09375,20190600,,20190900
2019-03-25 06:30:00,,20190900,124.109375,20190600,,20190900
2019-03-25 06:45:00,,20190900,124.109375,20190600,,20190900
2019-03-25 07:00:00,,20190900,124.171875,20190600,,20190900
2019-03-25 07:15:00,,20190900,124.15625,20190600,,20190900
2019-03-25 07:30:00,,20190900,124.15625,20190600,,20190900
2019-03-25 07:45:00,,20190900,124.203125,20190600,,20190900
2019-03-25 08:00:00,,20190900,124.109375,20190600,,20190900
2019-03-25 08:15:00,,20190900,124.125,20190600,,20190900
2019-03-25 08:30:00,,20190900,124.078125,20190600,,20190900
2019-03-25 08:45:00,,20190900,124.0625,20190600,,20190900
2019-03-25 09:00:00,124.234375,20190900,124.0,20190600,124.234375,20190900
2019-03-25 09:15:00,,20190900,124.03125,20190600,,20190900
2019-03-25 09:30:00,124.234375,20190900,123.96875,20190600,124.234375,20190900
2019-03-25 09:45:00,,20190900,124.015625,20190600,,20190900
2019-03-25 10:00:00,,20190900,123.921875,20190600,,20190900
2019-03-25 10:15:00,,20190900,123.953125,20190600,,20190900
2019-03-25 10:30:00,,20190900,123.90625,20190600,,20190900
2019-03-25 10:45:00,124.203125,20190900,123.953125,20190600,124.203125,20190900
2019-03-25 11:00:00,,20190900,123.96875,20190600,,20190900
2019-03-25 11:15:00,,20190900,123.921875,20190600,,20190900
2019-03-25 11:30:00,124.015625,20190900,123.90625,20190600,124.015625,20190900
2019-03-25 11:45:00,,20190900,123.921875,20190600,,20190900
2019-03-25 12:00:00,,20190900,123.890625,20190600,,20190900
2019-03-25 12:15:00,,20190900,123.953125,20190600,,20190900
2019-03-25 12:30:00,,20190900,123.953125,20190600,,20190900
2019-03-25 12:45:00,,20190900,123.890625,20190600,,20190900
2019-03-25 13:00:00,,20190900,123.96875,20190600,,20190900
2019-03-25 13:15:00,,20190900,123.96875,20190600,,20190900
2019-03-25 13:30:00,124.203125,20190900,124.109375,20190600,124.203125,20190900
2019-03-25 13:45:00,,20190900,124.09375,20190600,,20190900
2019-03-25 14:00:00,,20190900,124.09375,20190600,,20190900
2019-03-25 14:15:00,,20190900,124.140625,20190600,,20190900
2019-03-25 14:30:00,,20190900,124.109375,20190600,,20190900
2019-03-25 14:45:00,124.265625,20190900,124.25,20190600,124.265625,20190900
2019-03-25 15:00:00,,20190900,124.3125,20190600,,20190900
2019-03-25 15:15:00,,20190900,124.28125,20190600,,20190900
2019-03-25 15:30:00,,20190900,124.265625,20190600,,20190900
2019-03-25 15:45:00,124.296875,20190900,124.171875,20190600,124.296875,20190900
2019-03-25 16:00:00,,20190900,124.171875,20190600,,20190900
2019-03-25 16:15:00,,20190900,124.125,20190600,,20190900
2019-03-25 16:30:00,,20190900,124.234375,20190600,,20190900
2019-03-25 16:45:00,,20190900,124.296875,20190600,,20190900
2019-03-25 17:00:00,,20190900,124.296875,20190600,,20190900
2019-03-25 17:15:00,,20190900,124.296875,20190600,,20190900
2019-03-25 17:30:00,124.515625,20190900,124.421875,20190600,124.515625,20190900
2019-03-25 17:45:00,,20190900,124.40625,20190600,,20190900
2019-03-25 18:00:00,,20190900,124.4375,20190600,,20190900
2019-03-25 18:15:00,,20190900,124.4375,20190600,,20190900
2019-03-25 18:30:00,,20190900,124.421875,20190600,,20190900
2019-03-25 18:45:00,124.671875,20190900,124.515625,20190600,124.671875,20190900
2019-03-25 19:00:00,124.734375,20190900,124.5625,20190600,124.734375,20190900
2019-03-25 19:15:00,124.75,20190900,124.5,20190600,124.75,20190900
2019-03-25 19:30:00,,20190900,124.421875,20190600,,20190900
2019-03-25 19:45:00,,20190900,124.328125,20190600,,20190900
2019-03-25 20:00:00,,20190900,124.28125,20190600,,20190900
2019-03-25 20:15:00,,20190900,124.28125,20190600,,20190900
2019-03-25 20:30:00,,20190900,124.328125,20190600,,20190900
2019-03-25 20:45:00,,20190900,124.375,20190600,,20190900
2019-03-25 21:00:00,,20190900,124.390625,20190600,,20190900
2019-03-25 21:15:00,,20190900,124.46875,20190600,,20190900
2019-03-25 21:30:00,,20190900,124.453125,20190600,,20190900
2019-03-25 21:45:00,124.625,20190900,124.5,20190600,124.625,20190900
2019-03-25 23:00:00,124.46875,20190900,124.09375,20190600,124.46875,20190900
2019-03-25 23:15:00,,20190900,124.40625,20190600,,20190900
2019-03-25 23:30:00,,20190900,124.421875,20190600,,20190900
2019-03-25 23:45:00,,20190900,124.40625,20190600,,20190900
2019-03-26 00:00:00,,20190900,124.421875,20190600,,20190900
2019-03-26 00:15:00,,20190900,124.40625,20190600,,20190900
2019-03-26 00:30:00,,20190900,124.46875,20190600,,20190900
2019-03-26 00:45:00,,20190900,124.375,20190600,,20190900
2019-03-26 01:00:00,,20190900,124.390625,20190600,,20190900
2019-03-26 01:15:00,,20190900,124.359375,20190600,,20190900
2019-03-26 01:30:00,124.5,20190900,124.3125,20190600,124.5,20190900
2019-03-26 01:45:00,,20190900,124.328125,20190600,,20190900
2019-03-26 02:00:00,,20190900,124.28125,20190600,,20190900
2019-03-26 02:15:00,,20190900,124.28125,20190600,,20190900
2019-03-26 02:30:00,,20190900,124.28125,20190600,,20190900
2019-03-26 02:45:00,,20190900,124.3125,20190600,,20190900
2019-03-26 03:00:00,,20190900,124.28125,20190600,,20190900
2019-03-26 03:15:00,,20190900,124.296875,20190600,,20190900
2019-03-26 03:30:00,,20190900,124.28125,20190600,,20190900
2019-03-26 03:45:00,,20190900,124.28125,20190600,,20190900
2019-03-26 04:00:00,,20190900,124.296875,20190600,,20190900
2019-03-26 04:15:00,,20190900,124.296875,20190600,,20190900
2019-03-26 04:30:00,,20190900,124.28125,20190600,,20190900
2019-03-26 04:45:00,,20190900,124.28125,20190600,,20190900
2019-03-26 05:15:00,,20190900,124.203125,20190600,,20190900
2019-03-26 05:30:00,,20190900,124.21875,20190600,,20190900
2019-03-26 05:45:00,,20190900,124.203125,20190600,,20190900
2019-03-26 06:15:00,,20190900,124.1875,20190600,,20190900
2019-03-26 06:30:00,,20190900,124.1875,20190600,,20190900
2019-03-26 06:45:00,,20190900,124.1875,20190600,,20190900
2019-03-26 07:00:00,,20190900,124.25,20190600,,20190900
2019-03-26 07:15:00,,20190900,124.265625,20190600,,20190900
2019-03-26 07:30:00,,20190900,124.296875,20190600,,20190900
2019-03-26 07:45:00,,20190900,124.265625,20190600,,20190900
2019-03-26 08:00:00,,20190900,124.28125,20190600,,20190900
2019-03-26 08:15:00,,20190900,124.234375,20190600,,20190900
2019-03-26 08:30:00,,20190900,124.21875,20190600,,20190900
2019-03-26 08:45:00,,20190900,124.1875,20190600,,20190900
2019-03-26 09:00:00,,20190900,124.234375,20190600,,20190900
2019-03-26 09:15:00,,20190900,124.234375,20190600,,20190900
2019-03-26 09:30:00,,20190900,124.25,20190600,,20190900
2019-03-26 09:45:00,,20190900,124.25,20190600,,20190900
2019-03-26 10:00:00,,20190900,124.234375,20190600,,20190900
2019-03-26 10:15:00,,20190900,124.1875,20190600,,20190900
2019-03-26 10:30:00,,20190900,124.203125,20190600,,20190900
2019-03-26 10:45:00,,20190900,124.125,20190600,,20190900
2019-03-26 11:00:00,,20190900,124.140625,20190600,,20190900
2019-03-26 11:15:00,,20190900,124.140625,20190600,,20190900
2019-03-26 11:30:00,,20190900,124.109375,20190600,,20190900
2019-03-26 11:45:00,,20190900,124.109375,20190600,,20190900
2019-03-26 12:00:00,,20190900,124.125,20190600,,20190900
2019-03-26 12:15:00,,20190900,124.109375,20190600,,20190900
2019-03-26 12:30:00,,20190900,124.109375,20190600,,20190900
2019-03-26 12:45:00,,20190900,124.09375,20190600,,20190900
2019-03-26 13:00:00,,20190900,124.0625,20190600,,20190900
2019-03-26 13:15:00,124.296875,20190900,124.171875,20190600,124.296875,20190900
2019-03-26 13:30:00,,20190900,124.203125,20190600,,20190900
2019-03-26 13:45:00,,20190900,124.203125,20190600,,20190900
2019-03-26 14:00:00,,20190900,124.1875,20190600,,20190900
2019-03-26 14:15:00,,20190900,124.1875,20190600,,20190900
2019-03-26 14:30:00,,20190900,124.140625,20190600,,20190900
2019-03-26 14:45:00,,20190900,124.21875,20190600,,20190900
2019-03-26 15:00:00,124.4375,20190900,124.296875,20190600,124.4375,20190900
2019-03-26 15:15:00,,20190900,124.25,20190600,,20190900
2019-03-26 15:30:00,,20190900,124.28125,20190600,,20190900
2019-03-26 15:45:00,,20190900,124.234375,20190600,,20190900
2019-03-26 16:00:00,,20190900,124.21875,20190600,,20190900
2019-03-26 16:15:00,,20190900,124.234375,20190600,,20190900
2019-03-26 16:30:00,,20190900,124.203125,20190600,,20190900
2019-03-26 16:45:00,124.390625,20190900,124.21875,20190600,124.390625,20190900
2019-03-26 17:00:00,,20190900,124.203125,20190600,,20190900
2019-03-26 17:15:00,,20190900,124.234375,20190600,,20190900
2019-03-26 17:30:00,124.484375,20190900,124.28125,20190600,124.484375,20190900
2019-03-26 17:45:00,,20190900,124.21875,20190600,,20190900
2019-03-26 18:00:00,,20190900,124.265625,20190600,,20190900
2019-03-26 18:15:00,,20190900,124.296875,20190600,,20190900
2019-03-26 18:30:00,,20190900,124.3125,20190600,,20190900
2019-03-26 18:45:00,,20190900,124.359375,20190600,,20190900
2019-03-26 19:00:00,,20190900,124.421875,20190600,,20190900
2019-03-26 19:15:00,,20190900,124.421875,20190600,,20190900
2019-03-26 19:30:00,,20190900,124.375,20190600,,20190900
2019-03-26 19:45:00,,20190900,124.421875,20190600,,20190900
2019-03-26 20:00:00,124.6875,20190900,124.46875,20190600,124.6875,20190900
2019-03-26 20:15:00,,20190900,124.484375,20190600,,20190900
2019-03-26 20:30:00,,20190900,124.421875,20190600,,20190900
2019-03-26 20:45:00,,20190900,124.359375,20190600,,20190900
2019-03-26 21:00:00,,20190900,124.34375,20190600,,20190900
2019-03-26 21:15:00,,20190900,124.359375,20190600,,20190900
2019-03-26 21:30:00,,20190900,124.328125,20190600,,20190900
2019-03-26 21:45:00,124.5,20190900,124.3125,20190600,124.5,20190900
2019-03-26 23:00:00,124.609375,20190900,124.203125,20190600,124.609375,20190900
2019-03-26 23:15:00,,20190900,124.40625,20190600,,20190900
2019-03-26 23:30:00,,20190900,124.34375,20190600,,20190900
2019-03-26 23:45:00,,20190900,124.359375,20190600,,20190900
2019-03-27 00:00:00,,20190900,124.359375,20190600,,20190900
2019-03-27 00:15:00,,20190900,124.375,20190600,,20190900
2019-03-27 00:30:00,,20190900,124.375,20190600,,20190900
2019-03-27 00:45:00,124.5625,20190900,124.328125,20190600,124.5625,20190900
2019-03-27 01:00:00,,20190900,124.390625,20190600,,20190900
2019-03-27 01:15:00,,20190900,124.296875,20190600,,20190900
2019-03-27 01:30:00,,20190900,124.3125,20190600,,20190900
2019-03-27 01:45:00,,20190900,124.28125,20190600,,20190900
2019-03-27 02:00:00,,20190900,124.34375,20190600,,20190900
2019-03-27 02:15:00,,20190900,124.390625,20190600,,20190900
2019-03-27 02:30:00,,20190900,124.390625,20190600,,20190900
2019-03-27 02:45:00,,20190900,124.40625,20190600,,20190900
2019-03-27 03:00:00,,20190900,124.453125,20190600,,20190900
2019-03-27 03:15:00,,20190900,124.421875,20190600,,20190900
2019-03-27 03:30:00,,20190900,124.421875,20190600,,20190900
2019-03-27 03:45:00,,20190900,124.390625,20190600,,20190900
2019-03-27 04:00:00,,20190900,124.40625,20190600,,20190900
2019-03-27 04:15:00,,20190900,124.40625,20190600,,20190900
2019-03-27 04:30:00,,20190900,124.390625,20190600,,20190900
2019-03-27 04:45:00,,20190900,124.421875,20190600,,20190900
2019-03-27 05:15:00,,20190900,124.390625,20190600,,20190900
2019-03-27 05:30:00,,20190900,124.359375,20190600,,20190900
2019-03-27 05:45:00,,20190900,124.375,20190600,,20190900
2019-03-27 06:15:00,,20190900,124.40625,20190600,,20190900
2019-03-27 06:30:00,,20190900,124.390625,20190600,,20190900
2019-03-27 06:45:00,,20190900,124.40625,20190600,,20190900
2019-03-27 07:00:00,,20190900,124.390625,20190600,,20190900
2019-03-27 07:15:00,,20190900,124.4375,20190600,,20190900
2019-03-27 07:30:00,124.640625,20190900,124.453125,20190600,124.640625,20190900
2019-03-27 07:45:00,,20190900,124.453125,20190600,,20190900
2019-03-27 08:00:00,,20190900,124.4375,20190600,,20190900
2019-03-27 08:15:00,124.71875,20190900,124.515625,20190600,124.71875,20190900
2019-03-27 08:30:00,,20190900,124.5625,20190600,,20190900
2019-03-27 08:45:00,,20190900,124.53125,20190600,,20190900
2019-03-27 09:00:00,,20190900,124.5625,20190600,,20190900
2019-03-27 09:15:00,,20190900,124.59375,20190600,,20190900
2019-03-27 09:30:00,,20190900,124.625,20190600,,20190900
2019-03-27 09:45:00,,20190900,124.640625,20190600,,20190900
2019-03-27 10:00:00,,20190900,124.609375,20190600,,20190900
2019-03-27 10:15:00,,20190900,124.625,20190600,,20190900
2019-03-27 10:30:00,,20190900,124.78125,20190600,,20190900
2019-03-27 10:45:00,125.0,20190900,124.828125,20190600,125.0,20190900
2019-03-27 11:00:00,,20190900,124.8125,20190600,,20190900
2019-03-27 11:15:00,,20190900,124.78125,20190600,,20190900
2019-03-27 11:30:00,,20190900,124.734375,20190600,,20190900
2019-03-27 11:45:00,,20190900,124.8125,20190600,,20190900
2019-03-27 12:00:00,,20190900,124.75,20190600,,20190900
2019-03-27 12:15:00,,20190900,124.671875,20190600,,20190900
2019-03-27 12:30:00,,20190900,124.703125,20190600,,20190900
2019-03-27 12:45:00,124.984375,20190900,124.625,20190600,124.984375,20190900
2019-03-27 13:00:00,,20190900,124.6875,20190600,,20190900
2019-03-27 13:15:00,,20190900,124.609375,20190600,,20190900
2019-03-27 13:30:00,,20190900,124.578125,20190600,,20190900
2019-03-27 13:45:00,,20190900,124.546875,20190600,,20190900
2019-03-27 14:00:00,,20190900,124.5625,20190600,,20190900
2019-03-27 14:15:00,,20190900,124.59375,20190600,,20190900
2019-03-27 14:30:00,,20190900,124.65625,20190600,,20190900
2019-03-27 14:45:00,125.0,20190900,124.734375,20190600,125.0,20190900
2019-03-27 15:00:00,,20190900,124.625,20190600,,20190900
2019-03-27 15:15:00,,20190900,124.640625,20190600,,20190900
2019-03-27 15:30:00,124.9375,20190900,124.765625,20190600,124.9375,20190900
2019-03-27 15:45:00,125.0625,20190900,124.78125,20190600,125.0625,20190900
2019-03-27 16:00:00,,20190900,124.78125,20190600,,20190900
2019-03-27 16:15:00,,20190900,124.8125,20190600,,20190900
2019-03-27 16:30:00,125.046875,20190900,124.796875,20190600,125.046875,20190900
2019-03-27 16:45:00,,20190900,124.75,20190600,,20190900
2019-03-27 17:00:00,,20190900,124.703125,20190600,,20190900
2019-03-27 17:15:00,,20190900,124.59375,20190600,,20190900
2019-03-27 17:30:00,,20190900,124.59375,20190600,,20190900
2019-03-27 17:45:00,,20190900,124.703125,20190600,,20190900
2019-03-27 18:00:00,124.90625,20190900,124.578125,20190600,124.90625,20190900
2019-03-27 18:15:00,,20190900,124.59375,20190600,,20190900
2019-03-27 18:30:00,,20190900,124.53125,20190600,,20190900
2019-03-27 18:45:00,,20190900,124.578125,20190600,,20190900
2019-03-27 19:00:00,,20190900,124.625,20190600,,20190900
2019-03-27 19:15:00,,20190900,124.71875,20190600,,20190900
2019-03-27 19:30:00,,20190900,124.703125,20190600,,20190900
2019-03-27 19:45:00,,20190900,124.6875,20190600,,20190900
2019-03-27 20:00:00,124.84375,20190900,124.609375,20190600,124.84375,20190900
2019-03-27 20:15:00,124.84375,20190900,124.5625,20190600,124.84375,20190900
2019-03-27 20:30:00,,20190900,124.609375,20190600,,20190900
2019-03-27 20:45:00,,20190900,124.578125,20190600,,20190900
2019-03-27 21:00:00,,20190900,124.609375,20190600,,20190900
2019-03-27 21:15:00,,20190900,124.578125,20190600,,20190900
2019-03-27 21:30:00,,20190900,124.609375,20190600,,20190900
2019-03-27 21:45:00,124.875,20190900,124.703125,20190600,124.875,20190900
2019-03-27 23:00:00,125.0,20190900,124.359375,20190600,125.0,20190900
2019-03-27 23:15:00,,20190900,124.71875,20190600,,20190900
2019-03-27 23:30:00,,20190900,124.71875,20190600,,20190900
2019-03-27 23:45:00,,20190900,124.703125,20190600,,20190900
2019-03-28 00:00:00,,20190900,124.703125,20190600,,20190900
2019-03-28 00:15:00,,20190900,124.71875,20190600,,20190900
2019-03-28 00:30:00,,20190900,124.75,20190600,,20190900
2019-03-28 00:45:00,,20190900,124.75,20190600,,20190900
2019-03-28 01:00:00,125.0,20190900,124.796875,20190600,125.0,20190900
2019-03-28 01:15:00,125.0625,20190900,124.8125,20190600,125.0625,20190900
2019-03-28 01:30:00,,20190900,124.875,20190600,,20190900
2019-03-28 01:45:00,,20190900,124.875,20190600,,20190900
2019-03-28 02:00:00,,20190900,124.90625,20190600,,20190900
2019-03-28 02:15:00,,20190900,124.90625,20190600,,20190900
2019-03-28 02:30:00,,20190900,124.859375,20190600,,20190900
2019-03-28 02:45:00,,20190900,124.875,20190600,,20190900
2019-03-28 03:00:00,,20190900,124.859375,20190600,,20190900
2019-03-28 03:15:00,,20190900,124.8125,20190600,,20190900
2019-03-28 03:30:00,,20190900,124.8125,20190600,,20190900
2019-03-28 03:45:00,125.078125,20190900,124.796875,20190600,125.078125,20190900
2019-03-28 04:00:00,,20190900,124.796875,20190600,,20190900
2019-03-28 04:15:00,,20190900,124.796875,20190600,,20190900
2019-03-28 04:30:00,,20190900,124.796875,20190600,,20190900
2019-03-28 04:45:00,,20190900,124.78125,20190600,,20190900
2019-03-28 05:15:00,,20190900,124.8125,20190600,,20190900
2019-03-28 05:30:00,,20190900,124.8125,20190600,,20190900
2019-03-28 05:45:00,,20190900,124.796875,20190600,,20190900
2019-03-28 06:15:00,,20190900,124.8125,20190600,,20190900
2019-03-28 06:30:00,,20190900,124.796875,20190600,,20190900
2019-03-28 06:45:00,,20190900,124.84375,20190600,,20190900
2019-03-28 07:00:00,125.15625,20190900,124.859375,20190600,125.15625,20190900
2019-03-28 07:15:00,,20190900,124.84375,20190600,,20190900
2019-03-28 07:30:00,,20190900,124.859375,20190600,,20190900
2019-03-28 07:45:00,,20190900,124.84375,20190600,,20190900
2019-03-28 08:00:00,,20190900,124.765625,20190600,,20190900
2019-03-28 08:15:00,,20190900,124.78125,20190600,,20190900
2019-03-28 08:30:00,,20190900,124.828125,20190600,,20190900
2019-03-28 08:45:00,,20190900,124.78125,20190600,,20190900
2019-03-28 09:00:00,,20190900,124.78125,20190600,,20190900
2019-03-28 09:15:00,,20190900,124.75,20190600,,20190900
2019-03-28 09:30:00,,20190900,124.625,20190600,,20190900
2019-03-28 09:45:00,124.859375,20190900,124.609375,20190600,124.859375,20190900
2019-03-28 10:00:00,124.859375,20190900,124.5625,20190600,124.859375,20190900
2019-03-28 10:15:00,,20190900,124.546875,20190600,,20190900
2019-03-28 10:30:00,,20190900,124.578125,20190600,,20190900
2019-03-28 10:45:00,,20190900,124.578125,20190600,,20190900
2019-03-28 11:00:00,,20190900,124.59375,20190600,,20190900
2019-03-28 11:15:00,,20190900,124.609375,20190600,,20190900
2019-03-28 11:30:00,,20190900,124.640625,20190600,,20190900
2019-03-28 11:45:00,,20190900,124.609375,20190600,,20190900
2019-03-28 12:00:00,,20190900,124.671875,20190600,,20190900
2019-03-28 12:15:00,,20190900,124.734375,20190600,,20190900
2019-03-28 12:30:00,,20190900,124.765625,20190600,,20190900
2019-03-28 12:45:00,,20190900,124.703125,20190600,,20190900
2019-03-28 13:00:00,,20190900,124.625,20190600,,20190900
2019-03-28 13:15:00,,20190900,124.625,20190600,,20190900
2019-03-28 13:30:00,,20190900,124.625,20190600,,20190900
2019-03-28 13:45:00,,20190900,124.578125,20190600,,20190900
2019-03-28 14:00:00,,20190900,124.5,20190600,,20190900
2019-03-28 14:15:00,,20190900,124.515625,20190600,,20190900
2019-03-28 14:30:00,,20190900,124.328125,20190600,,20190900
2019-03-28 14:45:00,124.71875,20190900,124.4375,20190600,124.71875,20190900
2019-03-28 15:00:00,,20190900,124.46875,20190600,,20190900
2019-03-28 15:15:00,124.65625,20190900,124.46875,20190600,124.65625,20190900
2019-03-28 15:30:00,,20190900,124.40625,20190600,,20190900
2019-03-28 15:45:00,,20190900,124.484375,20190600,,20190900
2019-03-28 16:00:00,124.8125,20190900,124.5,20190600,124.8125,20190900
2019-03-28 16:15:00,,20190900,124.53125,20190600,,20190900
2019-03-28 16:30:00,,20190900,124.453125,20190600,,20190900
2019-03-28 16:45:00,,20190900,124.421875,20190600,,20190900
2019-03-28 17:00:00,,20190900,124.453125,20190600,,20190900
2019-03-28 17:15:00,,20190900,124.421875,20190600,,20190900
2019-03-28 17:30:00,,20190900,124.453125,20190600,,20190900
2019-03-28 17:45:00,,20190900,124.453125,20190600,,20190900
2019-03-28 18:00:00,,20190900,124.53125,20190600,,20190900
2019-03-28 18:15:00,,20190900,124.5,20190600,,20190900
2019-03-28 18:30:00,,20190900,124.5625,20190600,,20190900
2019-03-28 18:45:00,,20190900,124.578125,20190600,,20190900
2019-03-28 19:00:00,,20190900,124.515625,20190600,,20190900
2019-03-28 19:15:00,,20190900,124.515625,20190600,,20190900
2019-03-28 19:30:00,,20190900,124.46875,20190600,,20190900
2019-03-28 19:45:00,,20190900,124.5,20190600,,20190900
2019-03-28 20:00:00,,20190900,124.46875,20190600,,20190900
2019-03-28 20:15:00,,20190900,124.453125,20190600,,20190900
2019-03-28 20:30:00,,20190900,124.53125,20190600,,20190900
2019-03-28 20:45:00,,20190900,124.546875,20190600,,20190900
2019-03-28 21:00:00,,20190900,124.46875,20190600,,20190900
2019-03-28 21:15:00,,20190900,124.46875,20190600,,20190900
2019-03-28 21:30:00,,20190900,124.453125,20190600,,20190900
2019-03-28 21:45:00,124.703125,20190900,124.390625,20190600,124.703125,20190900
2019-03-28 23:00:00,124.703125,20190900,124.8125,20190600,124.703125,20190900
2019-03-28 23:15:00,,20190900,124.390625,20190600,,20190900
2019-03-28 23:30:00,,20190900,124.4375,20190600,,20190900
2019-03-28 23:45:00,,20190900,124.453125,20190600,,20190900
2019-03-29 00:00:00,,20190900,124.421875,20190600,,20190900
2019-03-29 00:15:00,,20190900,124.4375,20190600,,20190900
2019-03-29 00:30:00,,20190900,124.453125,20190600,,20190900
2019-03-29 00:45:00,,20190900,124.4375,20190600,,20190900
2019-03-29 01:00:00,,20190900,124.40625,20190600,,20190900
2019-03-29 01:15:00,,20190900,124.40625,20190600,,20190900
2019-03-29 01:30:00,,20190900,124.40625,20190600,,20190900
2019-03-29 01:45:00,,20190900,124.375,20190600,,20190900
2019-03-29 02:00:00,,20190900,124.4375,20190600,,20190900
2019-03-29 02:15:00,,20190900,124.40625,20190600,,20190900
2019-03-29 02:30:00,,20190900,124.421875,20190600,,20190900
2019-03-29 02:45:00,,20190900,124.421875,20190600,,20190900
2019-03-29 03:00:00,,20190900,124.390625,20190600,,20190900
2019-03-29 03:15:00,,20190900,124.34375,20190600,,20190900
2019-03-29 03:30:00,,20190900,124.34375,20190600,,20190900
2019-03-29 03:45:00,,20190900,124.359375,20190600,,20190900
2019-03-29 04:00:00,,20190900,124.34375,20190600,,20190900
2019-03-29 04:15:00,,20190900,124.34375,20190600,,20190900
2019-03-29 04:30:00,,20190900,124.34375,20190600,,20190900
2019-03-29 04:45:00,,20190900,124.359375,20190600,,20190900
2019-03-29 05:15:00,,20190900,124.34375,20190600,,20190900
2019-03-29 05:30:00,,20190900,124.328125,20190600,,20190900
2019-03-29 05:45:00,,20190900,124.328125,20190600,,20190900
2019-03-29 06:15:00,,20190900,124.359375,20190600,,20190900
2019-03-29 06:30:00,,20190900,124.359375,20190600,,20190900
2019-03-29 06:45:00,,20190900,124.34375,20190600,,20190900
2019-03-29 07:00:00,,20190900,124.375,20190600,,20190900
2019-03-29 07:15:00,,20190900,124.375,20190600,,20190900
2019-03-29 07:30:00,,20190900,124.375,20190600,,20190900
2019-03-29 07:45:00,,20190900,124.421875,20190600,,20190900
2019-03-29 08:00:00,,20190900,124.34375,20190600,,20190900
2019-03-29 08:15:00,,20190900,124.40625,20190600,,20190900
2019-03-29 08:30:00,,20190900,124.4375,20190600,,20190900
2019-03-29 08:45:00,,20190900,124.359375,20190600,,20190900
2019-03-29 09:00:00,,20190900,124.328125,20190600,,20190900
2019-03-29 09:15:00,,20190900,124.375,20190600,,20190900
2019-03-29 09:30:00,,20190900,124.359375,20190600,,20190900
2019-03-29 09:45:00,,20190900,124.3125,20190600,,20190900
2019-03-29 10:00:00,,20190900,124.234375,20190600,,20190900
2019-03-29 10:15:00,,20190900,124.234375,20190600,,20190900
2019-03-29 10:30:00,,20190900,124.265625,20190600,,20190900
2019-03-29 10:45:00,,20190900,124.25,20190600,,20190900
2019-03-29 11:00:00,,20190900,124.265625,20190600,,20190900
2019-03-29 11:15:00,,20190900,124.265625,20190600,,20190900
2019-03-29 11:30:00,,20190900,124.28125,20190600,,20190900
2019-03-29 11:45:00,,20190900,124.15625,20190600,,20190900
2019-03-29 12:00:00,,20190900,124.15625,20190600,,20190900
2019-03-29 12:15:00,,20190900,124.203125,20190600,,20190900
2019-03-29 12:30:00,,20190900,124.234375,20190600,,20190900
2019-03-29 12:45:00,,20190900,124.171875,20190600,,20190900
2019-03-29 13:00:00,,20190900,124.171875,20190600,,20190900
2019-03-29 13:15:00,,20190900,124.21875,20190600,,20190900
2019-03-29 13:30:00,,20190900,124.234375,20190600,,20190900
2019-03-29 13:45:00,,20190900,124.15625,20190600,,20190900
2019-03-29 14:00:00,124.375,20190900,124.1875,20190600,124.375,20190900
2019-03-29 14:15:00,124.375,20190900,124.109375,20190600,124.375,20190900
2019-03-29 14:30:00,,20190900,124.203125,20190600,,20190900
2019-03-29 14:45:00,,20190900,124.1875,20190600,,20190900
2019-03-29 15:00:00,,20190900,124.125,20190600,,20190900
2019-03-29 15:15:00,,20190900,124.109375,20190600,,20190900
2019-03-29 15:30:00,,20190900,124.234375,20190600,,20190900
2019-03-29 15:45:00,,20190900,124.234375,20190600,,20190900
2019-03-29 16:00:00,,20190900,124.1875,20190600,,20190900
2019-03-29 16:15:00,,20190900,124.21875,20190600,,20190900
2019-03-29 16:30:00,,20190900,124.203125,20190600,,20190900
2019-03-29 16:45:00,,20190900,124.28125,20190600,,20190900
2019-03-29 17:00:00,,20190900,124.234375,20190600,,20190900
2019-03-29 17:15:00,,20190900,124.1875,20190600,,20190900
2019-03-29 17:30:00,,20190900,124.265625,20190600,,20190900
2019-03-29 17:45:00,,20190900,124.234375,20190600,,20190900
2019-03-29 18:00:00,,20190900,124.234375,20190600,,20190900
2019-03-29 18:15:00,,20190900,124.21875,20190600,,20190900
2019-03-29 18:30:00,,20190900,124.265625,20190600,,20190900
2019-03-29 18:45:00,,20190900,124.296875,20190600,,20190900
2019-03-29 19:00:00,,20190900,124.3125,20190600,,20190900
2019-03-29 19:15:00,,20190900,124.28125,20190600,,20190900
2019-03-29 19:30:00,,20190900,124.28125,20190600,,20190900
2019-03-29 19:45:00,,20190900,124.21875,20190600,,20190900
2019-03-29 20:00:00,,20190900,124.28125,20190600,,20190900
2019-03-29 20:15:00,,20190900,124.28125,20190600,,20190900
2019-03-29 20:30:00,,20190900,124.265625,20190600,,20190900
2019-03-29 20:45:00,,20190900,124.296875,20190600,,20190900
2019-03-29 21:00:00,,20190900,124.28125,20190600,,20190900
2019-03-29 21:15:00,,20190900,124.21875,20190600,,20190900
2019-03-29 21:30:00,,20190900,124.25,20190600,,20190900
2019-03-29 21:45:00,124.453125,20190900,124.25,20190600,124.453125,20190900
2019-03-29 23:00:00,124.453125,20190900,124.34375,20190600,124.453125,20190900
2019-03-31 23:00:00,,20190900,124.09375,20190600,,20190900
2019-03-31 23:15:00,,20190900,124.109375,20190600,,20190900
2019-03-31 23:30:00,,20190900,124.0625,20190600,,20190900
2019-03-31 23:45:00,,20190900,124.09375,20190600,,20190900
2019-04-01 00:00:00,,20190900,124.078125,20190600,,20190900
2019-04-01 00:15:00,,20190900,124.09375,20190600,,20190900
2019-04-01 00:30:00,,20190900,124.09375,20190600,,20190900
2019-04-01 00:45:00,,20190900,124.09375,20190600,,20190900
2019-04-01 01:00:00,,20190900,124.015625,20190600,,20190900
2019-04-01 01:15:00,,20190900,124.0,20190600,,20190900
2019-04-01 01:30:00,,20190900,124.015625,20190600,,20190900
2019-04-01 01:45:00,,20190900,124.0,20190600,,20190900
2019-04-01 02:00:00,,20190900,124.0,20190600,,20190900
2019-04-01 02:15:00,,20190900,124.015625,20190600,,20190900
2019-04-01 02:30:00,,20190900,124.015625,20190600,,20190900
2019-04-01 02:45:00,,20190900,123.953125,20190600,,20190900
2019-04-01 03:00:00,,20190900,123.96875,20190600,,20190900
2019-04-01 03:15:00,,20190900,123.96875,20190600,,20190900
2019-04-01 03:30:00,,20190900,123.984375,20190600,,20190900
2019-04-01 03:45:00,,20190900,123.96875,20190600,,20190900
2019-04-01 04:00:00,,20190900,124.0,20190600,,20190900
2019-04-01 04:15:00,,20190900,123.984375,20190600,,20190900
2019-04-01 04:30:00,,20190900,124.015625,20190600,,20190900
2019-04-01 04:45:00,,20190900,124.0,20190600,,20190900
2019-04-01 05:15:00,,20190900,124.015625,20190600,,20190900
2019-04-01 05:30:00,,20190900,124.015625,20190600,,20190900
2019-04-01 05:45:00,,20190900,124.015625,20190600,,20190900
2019-04-01 06:15:00,,20190900,124.03125,20190600,,20190900
2019-04-01 06:30:00,,20190900,124.015625,20190600,,20190900
2019-04-01 06:45:00,,20190900,124.0,20190600,,20190900
2019-04-01 07:00:00,,20190900,123.953125,20190600,,20190900
2019-04-01 07:15:00,,20190900,123.953125,20190600,,20190900
2019-04-01 07:30:00,,20190900,123.921875,20190600,,20190900
2019-04-01 07:45:00,,20190900,123.953125,20190600,,20190900
2019-04-01 08:00:00,,20190900,123.96875,20190600,,20190900
2019-04-01 08:15:00,,20190900,123.96875,20190600,,20190900
2019-04-01 08:30:00,,20190900,123.984375,20190600,,20190900
2019-04-01 08:45:00,,20190900,123.96875,20190600,,20190900
2019-04-01 09:00:00,,20190900,124.0,20190600,,20190900
2019-04-01 09:15:00,,20190900,123.9375,20190600,,20190900
2019-04-01 09:30:00,,20190900,123.9375,20190600,,20190900
2019-04-01 09:45:00,,20190900,123.984375,20190600,,20190900
2019-04-01 10:00:00,,20190900,124.03125,20190600,,20190900
2019-04-01 10:15:00,,20190900,124.0,20190600,,20190900
2019-04-01 10:30:00,,20190900,123.984375,20190600,,20190900
2019-04-01 10:45:00,,20190900,123.984375,20190600,,20190900
2019-04-01 11:00:00,,20190900,123.984375,20190600,,20190900
2019-04-01 11:15:00,,20190900,123.984375,20190600,,20190900
2019-04-01 11:30:00,,20190900,124.0,20190600,,20190900
2019-04-01 11:45:00,,20190900,124.0,20190600,,20190900
2019-04-01 12:00:00,,20190900,123.96875,20190600,,20190900
2019-04-01 12:15:00,,20190900,123.953125,20190600,,20190900
2019-04-01 12:30:00,,20190900,123.984375,20190600,,20190900
2019-04-01 12:45:00,,20190900,123.953125,20190600,,20190900
2019-04-01 13:00:00,,20190900,123.953125,20190600,,20190900
2019-04-01 13:15:00,,20190900,124.0,20190600,,20190900
2019-04-01 13:30:00,,20190900,124.03125,20190600,,20190900
2019-04-01 13:45:00,,20190900,124.0,20190600,,20190900
2019-04-01 14:00:00,,20190900,124.015625,20190600,,20190900
2019-04-01 14:15:00,,20190900,123.96875,20190600,,20190900
2019-04-01 14:30:00,,20190900,123.953125,20190600,,20190900
2019-04-01 14:45:00,,20190900,123.9375,20190600,,20190900
2019-04-01 15:00:00,124.0,20190900,123.75,20190600,124.0,20190900
2019-04-01 15:15:00,123.921875,20190900,123.65625,20190600,123.921875,20190900
2019-04-01 15:30:00,,20190900,123.625,20190600,,20190900
2019-04-01 15:45:00,,20190900,123.71875,20190600,,20190900
2019-04-01 16:00:00,123.921875,20190900,123.6875,20190600,123.921875,20190900
2019-04-01 16:15:00,123.953125,20190900,123.6875,20190600,123.953125,20190900
2019-04-01 16:30:00,,20190900,123.71875,20190600,,20190900
2019-04-01 16:45:00,,20190900,123.625,20190600,,20190900
2019-04-01 17:00:00,,20190900,123.625,20190600,,20190900
2019-04-01 17:15:00,,20190900,123.640625,20190600,,20190900
2019-04-01 17:30:00,123.84375,20190900,123.59375,20190600,123.84375,20190900
2019-04-01 17:45:00,,20190900,123.578125,20190600,,20190900
2019-04-01 18:00:00,,20190900,123.609375,20190600,,20190900
2019-04-01 18:15:00,123.796875,20190900,123.59375,20190600,123.796875,20190900
2019-04-01 18:30:00,,20190900,123.609375,20190600,,20190900
2019-04-01 18:45:00,,20190900,123.65625,20190600,,20190900
2019-04-01 19:00:00,,20190900,123.640625,20190600,,20190900
2019-04-01 19:15:00,,20190900,123.59375,20190600,,20190900
2019-04-01 19:30:00,,20190900,123.625,20190600,,20190900
2019-04-01 19:45:00,,20190900,123.609375,20190600,,20190900
2019-04-01 20:00:00,,20190900,123.65625,20190600,,20190900
2019-04-01 20:15:00,,20190900,123.625,20190600,,20190900
2019-04-01 20:30:00,123.828125,20190900,123.640625,20190600,123.828125,20190900
2019-04-01 20:45:00,,20190900,123.625,20190600,,20190900
2019-04-01 21:00:00,,20190900,123.5625,20190600,,20190900
2019-04-01 21:15:00,,20190900,123.546875,20190600,,20190900
2019-04-01 21:30:00,,20190900,123.5625,20190600,,20190900
2019-04-01 21:45:00,123.734375,20190900,123.5625,20190600,123.734375,20190900
2019-04-01 23:00:00,123.828125,20190900,124.03125,20190600,123.828125,20190900
2019-04-01 23:15:00,,20190900,123.640625,20190600,,20190900
2019-04-01 23:30:00,,20190900,123.625,20190600,,20190900
2019-04-01 23:45:00,,20190900,123.640625,20190600,,20190900
2019-04-02 00:00:00,,20190900,123.640625,20190600,,20190900
2019-04-02 00:15:00,,20190900,123.625,20190600,,20190900
2019-04-02 00:30:00,,20190900,123.640625,20190600,,20190900
2019-04-02 00:45:00,123.828125,20190900,123.640625,20190600,123.828125,20190900
2019-04-02 01:00:00,,20190900,123.703125,20190600,,20190900
2019-04-02 01:15:00,,20190900,123.71875,20190600,,20190900
2019-04-02 01:30:00,,20190900,123.734375,20190600,,20190900
2019-04-02 01:45:00,,20190900,123.734375,20190600,,20190900
2019-04-02 02:00:00,,20190900,123.734375,20190600,,20190900
2019-04-02 02:15:00,,20190900,123.765625,20190600,,20190900
2019-04-02 02:30:00,,20190900,123.78125,20190600,,20190900
2019-04-02 02:45:00,,20190900,123.78125,20190600,,20190900
2019-04-02 03:00:00,,20190900,123.78125,20190600,,20190900
2019-04-02 03:15:00,,20190900,123.765625,20190600,,20190900
2019-04-02 03:30:00,,20190900,123.75,20190600,,20190900
2019-04-02 03:45:00,,20190900,123.75,20190600,,20190900
2019-04-02 04:00:00,,20190900,123.75,20190600,,20190900
2019-04-02 04:15:00,,20190900,123.78125,20190600,,20190900
2019-04-02 04:30:00,,20190900,123.8125,20190600,,20190900
2019-04-02 04:45:00,,20190900,123.78125,20190600,,20190900
2019-04-02 05:15:00,,20190900,123.75,20190600,,20190900
2019-04-02 05:30:00,,20190900,123.78125,20190600,,20190900
2019-04-02 05:45:00,,20190900,123.78125,20190600,,20190900
2019-04-02 06:15:00,,20190900,123.78125,20190600,,20190900
2019-04-02 06:30:00,,20190900,123.78125,20190600,,20190900
2019-04-02 06:45:00,,20190900,123.75,20190600,,20190900
2019-04-02 07:00:00,,20190900,123.8125,20190600,,20190900
2019-04-02 07:15:00,,20190900,123.78125,20190600,,20190900
2019-04-02 07:30:00,,20190900,123.75,20190600,,20190900
2019-04-02 07:45:00,,20190900,123.734375,20190600,,20190900
2019-04-02 08:00:00,,20190900,123.71875,20190600,,20190900
2019-04-02 08:15:00,,20190900,123.75,20190600,,20190900
2019-04-02 08:30:00,,20190900,123.78125,20190600,,20190900
2019-04-02 08:45:00,,20190900,123.765625,20190600,,20190900
2019-04-02 09:00:00,,20190900,123.734375,20190600,,20190900
2019-04-02 09:15:00,,20190900,123.75,20190600,,20190900
2019-04-02 09:30:00,123.9375,20190900,123.75,20190600,123.9375,20190900
2019-04-02 09:45:00,,20190900,123.78125,20190600,,20190900
2019-04-02 10:00:00,,20190900,123.8125,20190600,,20190900
2019-04-02 10:15:00,,20190900,123.78125,20190600,,20190900
2019-04-02 10:30:00,,20190900,123.8125,20190600,,20190900
2019-04-02 10:45:00,,20190900,123.78125,20190600,,20190900
2019-04-02 11:00:00,,20190900,123.796875,20190600,,20190900
2019-04-02 11:15:00,,20190900,123.765625,20190600,,20190900
2019-04-02 11:30:00,,20190900,123.765625,20190600,,20190900
2019-04-02 11:45:00,,20190900,123.734375,20190600,,20190900
2019-04-02 12:00:00,,20190900,123.765625,20190600,,20190900
2019-04-02 12:15:00,,20190900,123.828125,20190600,,20190900
2019-04-02 12:30:00,,20190900,123.796875,20190600,,20190900
2019-04-02 12:45:00,,20190900,123.765625,20190600,,20190900
2019-04-02 13:00:00,,20190900,123.84375,20190600,,20190900
2019-04-02 13:15:00,,20190900,123.828125,20190600,,20190900
2019-04-02 13:30:00,,20190900,123.78125,20190600,,20190900
2019-04-02 13:45:00,,20190900,123.765625,20190600,,20190900
2019-04-02 14:00:00,,20190900,123.75,20190600,,20190900
2019-04-02 14:15:00,123.953125,20190900,123.765625,20190600,123.953125,20190900
2019-04-02 14:30:00,124.015625,20190900,123.828125,20190600,124.015625,20190900
2019-04-02 14:45:00,123.984375,20190900,123.71875,20190600,123.984375,20190900
2019-04-02 15:00:00,,20190900,123.75,20190600,,20190900
2019-04-02 15:15:00,,20190900,123.75,20190600,,20190900
2019-04-02 15:30:00,123.984375,20190900,123.734375,20190600,123.984375,20190900
2019-04-02 15:45:00,124.046875,20190900,123.8125,20190600,124.046875,20190900
2019-04-02 16:00:00,124.0625,20190900,123.828125,20190600,124.0625,20190900
2019-04-02 16:15:00,124.0625,20190900,123.8125,20190600,124.0625,20190900
2019-04-02 16:30:00,,20190900,123.8125,20190600,,20190900
2019-04-02 16:45:00,,20190900,123.796875,20190600,,20190900
2019-04-02 17:00:00,,20190900,123.828125,20190600,,20190900
2019-04-02 17:15:00,,20190900,123.8125,20190600,,20190900
2019-04-02 17:30:00,,20190900,123.75,20190600,,20190900
2019-04-02 17:45:00,,20190900,123.75,20190600,,20190900
2019-04-02 18:00:00,,20190900,123.71875,20190600,,20190900
2019-04-02 18:15:00,,20190900,123.734375,20190600,,20190900
2019-04-02 18:30:00,,20190900,123.703125,20190600,,20190900
2019-04-02 18:45:00,,20190900,123.765625,20190600,,20190900
2019-04-02 19:00:00,,20190900,123.75,20190600,,20190900
2019-04-02 19:15:00,,20190900,123.765625,20190600,,20190900
2019-04-02 19:30:00,,20190900,123.796875,20190600,,20190900
2019-04-02 19:45:00,,20190900,123.765625,20190600,,20190900
2019-04-02 20:00:00,,20190900,123.796875,20190600,,20190900
2019-04-02 20:15:00,,20190900,123.78125,20190600,,20190900
2019-04-02 20:30:00,,20190900,123.78125,20190600,,20190900
2019-04-02 20:45:00,,20190900,123.796875,20190600,,20190900
2019-04-02 21:00:00,,20190900,123.828125,20190600,,20190900
2019-04-02 21:15:00,,20190900,123.828125,20190600,,20190900
2019-04-02 21:30:00,,20190900,123.828125,20190600,,20190900
2019-04-02 21:45:00,124.03125,20190900,123.796875,20190600,124.03125,20190900
2019-04-02 23:00:00,124.0625,20190900,123.765625,20190600,124.0625,20190900
2019-04-02 23:15:00,,20190900,123.796875,20190600,,20190900
2019-04-02 23:30:00,,20190900,123.796875,20190600,,20190900
2019-04-02 23:45:00,,20190900,123.796875,20190600,,20190900
2019-04-03 00:00:00,,20190900,123.796875,20190600,,20190900
2019-04-03 00:15:00,,20190900,123.8125,20190600,,20190900
2019-04-03 00:30:00,,20190900,123.8125,20190600,,20190900
2019-04-03 00:45:00,,20190900,123.8125,20190600,,20190900
2019-04-03 01:00:00,,20190900,123.828125,20190600,,20190900
2019-04-03 01:15:00,,20190900,123.84375,20190600,,20190900
2019-04-03 01:30:00,,20190900,123.640625,20190600,,20190900
2019-04-03 01:45:00,,20190900,123.578125,20190600,,20190900
2019-04-03 02:00:00,123.890625,20190900,123.640625,20190600,123.890625,20190900
2019-04-03 02:15:00,,20190900,123.625,20190600,,20190900
2019-04-03 02:30:00,,20190900,123.59375,20190600,,20190900
2019-04-03 02:45:00,123.765625,20190900,123.578125,20190600,123.765625,20190900
2019-04-03 03:00:00,123.796875,20190900,123.578125,20190600,123.796875,20190900
2019-04-03 03:15:00,,20190900,123.5625,20190600,,20190900
2019-04-03 03:30:00,,20190900,123.546875,20190600,,20190900
2019-04-03 03:45:00,,20190900,123.5625,20190600,,20190900
2019-04-03 04:00:00,,20190900,123.578125,20190600,,20190900
2019-04-03 04:15:00,,20190900,123.578125,20190600,,20190900
2019-04-03 04:30:00,,20190900,123.5625,20190600,,20190900
2019-04-03 04:45:00,,20190900,123.578125,20190600,,20190900
2019-04-03 05:15:00,,20190900,123.59375,20190600,,20190900
2019-04-03 05:30:00,,20190900,123.578125,20190600,,20190900
2019-04-03 05:45:00,,20190900,123.5625,20190600,,20190900
2019-04-03 06:15:00,,20190900,123.5625,20190600,,20190900
2019-04-03 06:30:00,,20190900,123.578125,20190600,,20190900
2019-04-03 06:45:00,,20190900,123.546875,20190600,,20190900
2019-04-03 07:00:00,,20190900,123.53125,20190600,,20190900
2019-04-03 07:15:00,,20190900,123.484375,20190600,,20190900
2019-04-03 07:30:00,,20190900,123.46875,20190600,,20190900
2019-04-03 07:45:00,,20190900,123.453125,20190600,,20190900
2019-04-03 08:00:00,,20190900,123.453125,20190600,,20190900
2019-04-03 08:15:00,,20190900,123.484375,20190600,,20190900
2019-04-03 08:30:00,,20190900,123.46875,20190600,,20190900
2019-04-03 08:45:00,,20190900,123.421875,20190600,,20190900
2019-04-03 09:00:00,123.65625,20190900,123.46875,20190600,123.65625,20190900
2019-04-03 09:15:00,,20190900,123.453125,20190600,,20190900
2019-04-03 09:30:00,,20190900,123.46875,20190600,,20190900
2019-04-03 09:45:00,,20190900,123.484375,20190600,,20190900
2019-04-03 10:00:00,,20190900,123.484375,20190600,,20190900
2019-04-03 10:15:00,,20190900,123.4375,20190600,,20190900
2019-04-03 10:30:00,123.625,20190900,123.4375,20190600,123.625,20190900
2019-04-03 10:45:00,,20190900,123.421875,20190600,,20190900
2019-04-03 11:00:00,,20190900,123.4375,20190600,,20190900
2019-04-03 11:15:00,,20190900,123.46875,20190600,,20190900
2019-04-03 11:30:00,,20190900,123.484375,20190600,,20190900
2019-04-03 11:45:00,,20190900,123.5,20190600,,20190900
2019-04-03 12:00:00,,20190900,123.453125,20190600,,20190900
2019-04-03 12:15:00,,20190900,123.46875,20190600,,20190900
2019-04-03 12:30:00,123.71875,20190900,123.46875,20190600,123.71875,20190900
2019-04-03 12:45:00,,20190900,123.484375,20190600,,20190900
2019-04-03 13:00:00,,20190900,123.484375,20190600,,20190900
2019-04-03 13:15:00,123.71875,20190900,123.515625,20190600,123.71875,20190900
2019-04-03 13:30:00,,20190900,123.46875,20190600,,20190900
2019-04-03 13:45:00,,20190900,123.453125,20190600,,20190900
2019-04-03 14:00:00,,20190900,123.53125,20190600,,20190900
2019-04-03 14:15:00,,20190900,123.484375,20190600,,20190900
2019-04-03 14:30:00,,20190900,123.484375,20190600,,20190900
2019-04-03 14:45:00,,20190900,123.4375,20190600,,20190900
2019-04-03 15:00:00,123.78125,20190900,123.546875,20190600,123.78125,20190900
2019-04-03 15:15:00,,20190900,123.53125,20190600,,20190900
2019-04-03 15:30:00,,20190900,123.53125,20190600,,20190900
2019-04-03 15:45:00,,20190900,123.53125,20190600,,20190900
2019-04-03 16:00:00,,20190900,123.546875,20190600,,20190900
2019-04-03 16:15:00,,20190900,123.546875,20190600,,20190900
2019-04-03 16:30:00,,20190900,123.53125,20190600,,20190900
2019-04-03 16:45:00,,20190900,123.46875,20190600,,20190900
2019-04-03 17:00:00,,20190900,123.484375,20190600,,20190900
2019-04-03 17:15:00,,20190900,123.453125,20190600,,20190900
2019-04-03 17:30:00,,20190900,123.484375,20190600,,20190900
2019-04-03 17:45:00,,20190900,123.5,20190600,,20190900
2019-04-03 18:00:00,,20190900,123.5,20190600,,20190900
2019-04-03 18:15:00,,20190900,123.5,20190600,,20190900
2019-04-03 18:30:00,123.75,20190900,123.53125,20190600,123.75,20190900
2019-04-03 18:45:00,,20190900,123.546875,20190600,,20190900
2019-04-03 19:00:00,,20190900,123.53125,20190600,,20190900
2019-04-03 19:15:00,,20190900,123.484375,20190600,,20190900
2019-04-03 19:30:00,,20190900,123.5,20190600,,20190900
2019-04-03 19:45:00,,20190900,123.5,20190600,,20190900
2019-04-03 20:00:00,,20190900,123.515625,20190600,,20190900
2019-04-03 20:15:00,,20190900,123.484375,20190600,,20190900
2019-04-03 20:30:00,,20190900,123.484375,20190600,,20190900
2019-04-03 20:45:00,,20190900,123.5,20190600,,20190900
2019-04-03 21:00:00,123.734375,20190900,123.46875,20190600,123.734375,20190900
2019-04-03 21:15:00,,20190900,123.453125,20190600,,20190900
2019-04-03 21:30:00,,20190900,123.421875,20190600,,20190900
2019-04-03 21:45:00,123.6875,20190900,123.421875,20190600,123.6875,20190900
2019-04-03 23:00:00,123.734375,20190900,123.5625,20190600,123.734375,20190900
2019-04-03 23:15:00,,20190900,123.4375,20190600,,20190900
2019-04-03 23:30:00,,20190900,123.4375,20190600,,20190900
2019-04-03 23:45:00,,20190900,123.453125,20190600,,20190900
2019-04-04 00:00:00,,20190900,123.453125,20190600,,20190900
2019-04-04 00:15:00,,20190900,123.453125,20190600,,20190900
2019-04-04 00:30:00,,20190900,123.46875,20190600,,20190900
2019-04-04 00:45:00,,20190900,123.46875,20190600,,20190900
2019-04-04 01:00:00,,20190900,123.5,20190600,,20190900
2019-04-04 01:15:00,,20190900,123.484375,20190600,,20190900
2019-04-04 01:30:00,,20190900,123.484375,20190600,,20190900
2019-04-04 01:45:00,,20190900,123.5,20190600,,20190900
2019-04-04 02:00:00,,20190900,123.5,20190600,,20190900
2019-04-04 02:15:00,,20190900,123.484375,20190600,,20190900
2019-04-04 02:30:00,,20190900,123.453125,20190600,,20190900
2019-04-04 02:45:00,,20190900,123.453125,20190600,,20190900
2019-04-04 03:00:00,,20190900,123.46875,20190600,,20190900
2019-04-04 03:15:00,,20190900,123.5,20190600,,20190900
2019-04-04 03:30:00,,20190900,123.46875,20190600,,20190900
2019-04-04 03:45:00,,20190900,123.46875,20190600,,20190900
2019-04-04 04:00:00,,20190900,123.515625,20190600,,20190900
2019-04-04 04:15:00,,20190900,123.515625,20190600,,20190900
2019-04-04 04:30:00,,20190900,123.515625,20190600,,20190900
2019-04-04 04:45:00,,20190900,123.515625,20190600,,20190900
2019-04-04 05:15:00,,20190900,123.53125,20190600,,20190900
2019-04-04 05:30:00,,20190900,123.546875,20190600,,20190900
2019-04-04 05:45:00,,20190900,123.53125,20190600,,20190900
2019-04-04 06:15:00,,20190900,123.5,20190600,,20190900
2019-04-04 06:30:00,,20190900,123.515625,20190600,,20190900
2019-04-04 06:45:00,,20190900,123.484375,20190600,,20190900
2019-04-04 07:00:00,,20190900,123.546875,20190600,,20190900
2019-04-04 07:15:00,,20190900,123.546875,20190600,,20190900
2019-04-04 07:30:00,,20190900,123.609375,20190600,,20190900
2019-04-04 07:45:00,,20190900,123.609375,20190600,,20190900
2019-04-04 08:00:00,,20190900,123.609375,20190600,,20190900
2019-04-04 08:15:00,,20190900,123.578125,20190600,,20190900
2019-04-04 08:30:00,,20190900,123.578125,20190600,,20190900
2019-04-04 08:45:00,,20190900,123.640625,20190600,,20190900
2019-04-04 09:00:00,,20190900,123.625,20190600,,20190900
2019-04-04 09:15:00,,20190900,123.609375,20190600,,20190900
2019-04-04 09:30:00,,20190900,123.578125,20190600,,20190900
2019-04-04 09:45:00,,20190900,123.625,20190600,,20190900
2019-04-04 10:00:00,123.859375,20190900,123.625,20190600,123.859375,20190900
2019-04-04 10:15:00,,20190900,123.640625,20190600,,20190900
2019-04-04 10:30:00,,20190900,123.65625,20190600,,20190900
2019-04-04 10:45:00,,20190900,123.640625,20190600,,20190900
2019-04-04 11:00:00,,20190900,123.609375,20190600,,20190900
2019-04-04 11:15:00,,20190900,123.609375,20190600,,20190900
2019-04-04 11:30:00,,20190900,123.671875,20190600,,20190900
2019-04-04 11:45:00,,20190900,123.640625,20190600,,20190900
2019-04-04 12:00:00,,20190900,123.640625,20190600,,20190900
2019-04-04 12:15:00,123.890625,20190900,123.609375,20190600,123.890625,20190900
2019-04-04 12:30:00,,20190900,123.625,20190600,,20190900
2019-04-04 12:45:00,,20190900,123.609375,20190600,,20190900
2019-04-04 13:00:00,,20190900,123.59375,20190600,,20190900
2019-04-04 13:15:00,,20190900,123.5625,20190600,,20190900
2019-04-04 13:30:00,,20190900,123.515625,20190600,,20190900
2019-04-04 13:45:00,,20190900,123.484375,20190600,,20190900
2019-04-04 14:00:00,,20190900,123.515625,20190600,,20190900
2019-04-04 14:15:00,,20190900,123.515625,20190600,,20190900
2019-04-04 14:30:00,,20190900,123.484375,20190600,,20190900
2019-04-04 14:45:00,,20190900,123.5,20190600,,20190900
2019-04-04 15:00:00,,20190900,123.515625,20190600,,20190900
2019-04-04 15:15:00,,20190900,123.53125,20190600,,20190900
2019-04-04 15:30:00,,20190900,123.515625,20190600,,20190900
2019-04-04 15:45:00,,20190900,123.515625,20190600,,20190900
2019-04-04 16:00:00,,20190900,123.578125,20190600,,20190900
2019-04-04 16:15:00,,20190900,123.578125,20190600,,20190900
2019-04-04 16:30:00,,20190900,123.546875,20190600,,20190900
2019-04-04 16:45:00,,20190900,123.546875,20190600,,20190900
2019-04-04 17:00:00,,20190900,123.5625,20190600,,20190900
2019-04-04 17:15:00,,20190900,123.546875,20190600,,20190900
2019-04-04 17:30:00,,20190900,123.578125,20190600,,20190900
2019-04-04 17:45:00,,20190900,123.5625,20190600,,20190900
2019-04-04 18:00:00,,20190900,123.546875,20190600,,20190900
2019-04-04 18:15:00,,20190900,123.5625,20190600,,20190900
2019-04-04 18:30:00,,20190900,123.5625,20190600,,20190900
2019-04-04 18:45:00,,20190900,123.5625,20190600,,20190900
2019-04-04 19:00:00,,20190900,123.546875,20190600,,20190900
2019-04-04 19:15:00,,20190900,123.5625,20190600,,20190900
2019-04-04 19:30:00,,20190900,123.53125,20190600,,20190900
2019-04-04 19:45:00,,20190900,123.53125,20190600,,20190900
2019-04-04 20:00:00,,20190900,123.515625,20190600,,20190900
2019-04-04 20:15:00,123.765625,20190900,123.546875,20190600,123.765625,20190900
2019-04-04 20:30:00,,20190900,123.546875,20190600,,20190900
2019-04-04 20:45:00,,20190900,123.578125,20190600,,20190900
2019-04-04 21:00:00,123.8125,20190900,123.546875,20190600,123.8125,20190900
2019-04-04 21:15:00,,20190900,123.5625,20190600,,20190900
2019-04-04 21:30:00,,20190900,123.515625,20190600,,20190900
2019-04-04 21:45:00,123.765625,20190900,123.515625,20190600,123.765625,20190900
2019-04-04 23:00:00,123.796875,20190900,123.53125,20190600,123.796875,20190900
2019-04-04 23:15:00,,20190900,123.515625,20190600,,20190900
2019-04-04 23:30:00,,20190900,123.515625,20190600,,20190900
2019-04-04 23:45:00,,20190900,123.53125,20190600,,20190900
2019-04-05 00:00:00,,20190900,123.53125,20190600,,20190900
2019-04-05 00:15:00,,20190900,123.515625,20190600,,20190900
2019-04-05 00:30:00,,20190900,123.515625,20190600,,20190900
2019-04-05 00:45:00,,20190900,123.515625,20190600,,20190900
2019-04-05 01:00:00,123.59375,20190900,123.421875,20190600,123.59375,20190900
2019-04-05 01:15:00,,20190900,123.375,20190600,,20190900
2019-04-05 01:30:00,,20190900,123.421875,20190600,,20190900
2019-04-05 01:45:00,,20190900,123.40625,20190600,,20190900
2019-04-05 02:00:00,,20190900,123.421875,20190600,,20190900
2019-04-05 02:15:00,,20190900,123.421875,20190600,,20190900
2019-04-05 02:30:00,,20190900,123.40625,20190600,,20190900
2019-04-05 02:45:00,,20190900,123.40625,20190600,,20190900
2019-04-05 03:00:00,,20190900,123.40625,20190600,,20190900
2019-04-05 03:15:00,,20190900,123.421875,20190600,,20190900
2019-04-05 03:30:00,,20190900,123.40625,20190600,,20190900
2019-04-05 03:45:00,,20190900,123.40625,20190600,,20190900
2019-04-05 04:00:00,,20190900,123.375,20190600,,20190900
2019-04-05 04:15:00,,20190900,123.390625,20190600,,20190900
2019-04-05 04:30:00,,20190900,123.390625,20190600,,20190900
2019-04-05 04:45:00,,20190900,123.390625,20190600,,20190900
2019-04-05 05:15:00,,20190900,123.375,20190600,,20190900
2019-04-05 05:30:00,,20190900,123.375,20190600,,20190900
2019-04-05 05:45:00,,20190900,123.375,20190600,,20190900
2019-04-05 06:15:00,,20190900,123.375,20190600,,20190900
2019-04-05 06:30:00,,20190900,123.40625,20190600,,20190900
2019-04-05 06:45:00,,20190900,123.390625,20190600,,20190900
2019-04-05 07:00:00,,20190900,123.390625,20190600,,20190900
2019-04-05 07:15:00,,20190900,123.390625,20190600,,20190900
2019-04-05 07:30:00,,20190900,123.40625,20190600,,20190900
2019-04-05 07:45:00,,20190900,123.390625,20190600,,20190900
2019-04-05 08:00:00,,20190900,123.453125,20190600,,20190900
2019-04-05 08:15:00,,20190900,123.453125,20190600,,20190900
2019-04-05 08:30:00,,20190900,123.46875,20190600,,20190900
2019-04-05 08:45:00,,20190900,123.46875,20190600,,20190900
2019-04-05 09:00:00,,20190900,123.453125,20190600,,20190900
2019-04-05 09:15:00,,20190900,123.421875,20190600,,20190900
2019-04-05 09:30:00,,20190900,123.4375,20190600,,20190900
2019-04-05 09:45:00,,20190900,123.421875,20190600,,20190900
2019-04-05 10:00:00,,20190900,123.421875,20190600,,20190900
2019-04-05 10:15:00,,20190900,123.40625,20190600,,20190900
2019-04-05 10:30:00,,20190900,123.390625,20190600,,20190900
2019-04-05 10:45:00,,20190900,123.390625,20190600,,20190900
2019-04-05 11:00:00,,20190900,123.390625,20190600,,20190900
2019-04-05 11:15:00,,20190900,123.375,20190600,,20190900
2019-04-05 11:30:00,,20190900,123.375,20190600,,20190900
2019-04-05 11:45:00,,20190900,123.34375,20190600,,20190900
2019-04-05 12:00:00,,20190900,123.34375,20190600,,20190900
2019-04-05 12:15:00,,20190900,123.328125,20190600,,20190900
2019-04-05 12:30:00,,20190900,123.328125,20190600,,20190900
2019-04-05 12:45:00,,20190900,123.328125,20190600,,20190900
2019-04-05 13:00:00,,20190900,123.359375,20190600,,20190900
2019-04-05 13:15:00,,20190900,123.34375,20190600,,20190900
2019-04-05 13:30:00,123.703125,20190900,123.296875,20190600,123.703125,20190900
2019-04-05 13:45:00,,20190900,123.484375,20190600,,20190900
2019-04-05 14:00:00,123.71875,20190900,123.53125,20190600,123.71875,20190900
2019-04-05 14:15:00,,20190900,123.484375,20190600,,20190900
2019-04-05 14:30:00,123.78125,20190900,123.578125,20190600,123.78125,20190900
2019-04-05 14:45:00,123.78125,20190900,123.546875,20190600,123.78125,20190900
2019-04-05 15:00:00,123.90625,20190900,123.65625,20190600,123.90625,20190900
2019-04-05 15:15:00,,20190900,123.671875,20190600,,20190900
2019-04-05 15:30:00,,20190900,123.640625,20190600,,20190900
2019-04-05 15:45:00,123.859375,20190900,123.625,20190600,123.859375,20190900
2019-04-05 16:00:00,,20190900,123.578125,20190600,,20190900
2019-04-05 16:15:00,,20190900,123.59375,20190600,,20190900
2019-04-05 16:30:00,,20190900,123.578125,20190600,,20190900
2019-04-05 16:45:00,,20190900,123.59375,20190600,,20190900
2019-04-05 17:00:00,,20190900,123.59375,20190600,,20190900
2019-04-05 17:15:00,,20190900,123.578125,20190600,,20190900
2019-04-05 17:30:00,123.8125,20190900,123.609375,20190600,123.8125,20190900
2019-04-05 17:45:00,,20190900,123.5625,20190600,,20190900
2019-04-05 18:00:00,,20190900,123.5625,20190600,,20190900
2019-04-05 18:15:00,,20190900,123.578125,20190600,,20190900
2019-04-05 18:30:00,,20190900,123.5625,20190600,,20190900
2019-04-05 18:45:00,,20190900,123.5625,20190600,,20190900
2019-04-05 19:00:00,123.8125,20190900,123.59375,20190600,123.8125,20190900
2019-04-05 19:15:00,,20190900,123.609375,20190600,,20190900
2019-04-05 19:30:00,,20190900,123.59375,20190600,,20190900
2019-04-05 19:45:00,,20190900,123.609375,20190600,,20190900
2019-04-05 20:00:00,,20190900,123.609375,20190600,,20190900
2019-04-05 20:15:00,,20190900,123.609375,20190600,,20190900
2019-04-05 20:30:00,,20190900,123.578125,20190600,,20190900
2019-04-05 20:45:00,,20190900,123.609375,20190600,,20190900
2019-04-05 21:00:00,123.859375,20190900,123.609375,20190600,123.859375,20190900
2019-04-05 21:15:00,,20190900,123.59375,20190600,,20190900
2019-04-05 21:30:00,,20190900,123.609375,20190600,,20190900
2019-04-05 21:45:00,123.875,20190900,123.609375,20190600,123.875,20190900
2019-04-05 23:00:00,123.828125,20190900,123.390625,20190600,123.828125,20190900
2019-04-07 23:00:00,123.859375,20190900,123.59375,20190600,123.859375,20190900
2019-04-07 23:15:00,,20190900,123.578125,20190600,,20190900
2019-04-07 23:30:00,,20190900,123.59375,20190600,,20190900
2019-04-07 23:45:00,,20190900,123.578125,20190600,,20190900
2019-04-08 00:00:00,,20190900,123.59375,20190600,,20190900
2019-04-08 00:15:00,,20190900,123.578125,20190600,,20190900
2019-04-08 00:30:00,,20190900,123.578125,20190600,,20190900
2019-04-08 00:45:00,,20190900,123.578125,20190600,,20190900
2019-04-08 01:00:00,,20190900,123.578125,20190600,,20190900
2019-04-08 01:15:00,,20190900,123.5625,20190600,,20190900
2019-04-08 01:30:00,,20190900,123.578125,20190600,,20190900
2019-04-08 01:45:00,,20190900,123.59375,20190600,,20190900
2019-04-08 02:00:00,,20190900,123.578125,20190600,,20190900
2019-04-08 02:15:00,,20190900,123.59375,20190600,,20190900
2019-04-08 02:30:00,,20190900,123.59375,20190600,,20190900
2019-04-08 02:45:00,,20190900,123.609375,20190600,,20190900
2019-04-08 03:00:00,,20190900,123.640625,20190600,,20190900
2019-04-08 03:15:00,,20190900,123.625,20190600,,20190900
2019-04-08 03:30:00,,20190900,123.625,20190600,,20190900
2019-04-08 03:45:00,,20190900,123.65625,20190600,,20190900
2019-04-08 04:00:00,,20190900,123.640625,20190600,,20190900
2019-04-08 04:15:00,,20190900,123.65625,20190600,,20190900
2019-04-08 04:30:00,,20190900,123.671875,20190600,,20190900
2019-04-08 04:45:00,,20190900,123.671875,20190600,,20190900
2019-04-08 05:15:00,,20190900,123.6875,20190600,,20190900
2019-04-08 05:30:00,,20190900,123.6875,20190600,,20190900
2019-04-08 05:45:00,,20190900,123.671875,20190600,,20190900
2019-04-08 06:15:00,,20190900,123.6875,20190600,,20190900
2019-04-08 06:30:00,,20190900,123.6875,20190600,,20190900
2019-04-08 06:45:00,,20190900,123.6875,20190600,,20190900
2019-04-08 07:00:00,,20190900,123.65625,20190600,,20190900
2019-04-08 07:15:00,,20190900,123.640625,20190600,,20190900
2019-04-08 07:30:00,,20190900,123.640625,20190600,,20190900
2019-04-08 07:45:00,,20190900,123.65625,20190600,,20190900
2019-04-08 08:00:00,,20190900,123.65625,20190600,,20190900
2019-04-08 08:15:00,,20190900,123.640625,20190600,,20190900
2019-04-08 08:30:00,,20190900,123.65625,20190600,,20190900
2019-04-08 08:45:00,,20190900,123.65625,20190600,,20190900
2019-04-08 09:00:00,,20190900,123.65625,20190600,,20190900
2019-04-08 09:15:00,,20190900,123.59375,20190600,,20190900
2019-04-08 09:30:00,,20190900,123.578125,20190600,,20190900
2019-04-08 09:45:00,,20190900,123.609375,20190600,,20190900
2019-04-08 10:00:00,,20190900,123.609375,20190600,,20190900
2019-04-08 10:15:00,,20190900,123.59375,20190600,,20190900
2019-04-08 10:30:00,,20190900,123.625,20190600,,20190900
2019-04-08 10:45:00,,20190900,123.609375,20190600,,20190900
2019-04-08 11:00:00,,20190900,123.578125,20190600,,20190900
2019-04-08 11:15:00,,20190900,123.59375,20190600,,20190900
2019-04-08 11:30:00,,20190900,123.609375,20190600,,20190900
2019-04-08 11:45:00,,20190900,123.59375,20190600,,20190900
2019-04-08 12:00:00,,20190900,123.5625,20190600,,20190900
2019-04-08 12:15:00,,20190900,123.59375,20190600,,20190900
2019-04-08 12:30:00,,20190900,123.609375,20190600,,20190900
2019-04-08 12:45:00,,20190900,123.59375,20190600,,20190900
2019-04-08 13:00:00,,20190900,123.578125,20190600,,20190900
2019-04-08 13:15:00,123.8125,20190900,123.53125,20190600,123.8125,20190900
2019-04-08 13:30:00,,20190900,123.546875,20190600,,20190900
2019-04-08 13:45:00,123.78125,20190900,123.5625,20190600,123.78125,20190900
2019-04-08 14:00:00,,20190900,123.59375,20190600,,20190900
2019-04-08 14:15:00,,20190900,123.59375,20190600,,20190900
2019-04-08 14:30:00,,20190900,123.609375,20190600,,20190900
2019-04-08 14:45:00,,20190900,123.578125,20190600,,20190900
2019-04-08 15:00:00,,20190900,123.515625,20190600,,20190900
2019-04-08 15:15:00,,20190900,123.515625,20190600,,20190900
2019-04-08 15:30:00,,20190900,123.53125,20190600,,20190900
2019-04-08 15:45:00,123.796875,20190900,123.53125,20190600,123.796875,20190900
2019-04-08 16:00:00,123.765625,20190900,123.5,20190600,123.765625,20190900
2019-04-08 16:15:00,,20190900,123.515625,20190600,,20190900
2019-04-08 16:30:00,,20190900,123.5,20190600,,20190900
2019-04-08 16:45:00,,20190900,123.484375,20190600,,20190900
2019-04-08 17:00:00,,20190900,123.484375,20190600,,20190900
2019-04-08 17:15:00,,20190900,123.484375,20190600,,20190900
2019-04-08 17:30:00,123.6875,20190900,123.46875,20190600,123.6875,20190900
2019-04-08 17:45:00,,20190900,123.46875,20190600,,20190900
2019-04-08 18:00:00,,20190900,123.453125,20190600,,20190900
2019-04-08 18:15:00,,20190900,123.46875,20190600,,20190900
2019-04-08 18:30:00,,20190900,123.46875,20190600,,20190900
2019-04-08 18:45:00,123.6875,20190900,123.484375,20190600,123.6875,20190900
2019-04-08 19:00:00,,20190900,123.484375,20190600,,20190900
2019-04-08 19:15:00,,20190900,123.484375,20190600,,20190900
2019-04-08 19:30:00,,20190900,123.46875,20190600,,20190900
2019-04-08 19:45:00,,20190900,123.453125,20190600,,20190900
2019-04-08 20:00:00,,20190900,123.453125,20190600,,20190900
2019-04-08 20:15:00,,20190900,123.453125,20190600,,20190900
2019-04-08 20:30:00,,20190900,123.4375,20190600,,20190900
2019-04-08 20:45:00,,20190900,123.46875,20190600,,20190900
2019-04-08 21:00:00,,20190900,123.453125,20190600,,20190900
2019-04-08 21:15:00,,20190900,123.46875,20190600,,20190900
2019-04-08 21:30:00,,20190900,123.453125,20190600,,20190900
2019-04-08 21:45:00,123.65625,20190900,123.4375,20190600,123.65625,20190900
2019-04-08 23:00:00,123.6875,20190900,123.671875,20190600,123.6875,20190900
2019-04-08 23:15:00,,20190900,123.453125,20190600,,20190900
2019-04-08 23:30:00,,20190900,123.46875,20190600,,20190900
2019-04-08 23:45:00,,20190900,123.46875,20190600,,20190900
2019-04-09 00:00:00,,20190900,123.484375,20190600,,20190900
2019-04-09 00:15:00,,20190900,123.484375,20190600,,20190900
2019-04-09 00:30:00,,20190900,123.484375,20190600,,20190900
2019-04-09 00:45:00,,20190900,123.5,20190600,,20190900
2019-04-09 01:00:00,,20190900,123.484375,20190600,,20190900
2019-04-09 01:15:00,,20190900,123.453125,20190600,,20190900
2019-04-09 01:30:00,,20190900,123.484375,20190600,,20190900
2019-04-09 01:45:00,,20190900,123.5,20190600,,20190900
2019-04-09 02:00:00,,20190900,123.46875,20190600,,20190900
2019-04-09 02:15:00,,20190900,123.46875,20190600,,20190900
2019-04-09 02:30:00,,20190900,123.484375,20190600,,20190900
2019-04-09 02:45:00,,20190900,123.46875,20190600,,20190900
2019-04-09 03:00:00,,20190900,123.46875,20190600,,20190900
2019-04-09 03:15:00,,20190900,123.484375,20190600,,20190900
2019-04-09 03:30:00,,20190900,123.484375,20190600,,20190900
2019-04-09 03:45:00,,20190900,123.46875,20190600,,20190900
2019-04-09 04:00:00,,20190900,123.46875,20190600,,20190900
2019-04-09 04:15:00,,20190900,123.453125,20190600,,20190900
2019-04-09 04:30:00,,20190900,123.4375,20190600,,20190900
2019-04-09 04:45:00,,20190900,123.4375,20190600,,20190900
2019-04-09 05:15:00,,20190900,123.4375,20190600,,20190900
2019-04-09 05:30:00,,20190900,123.4375,20190600,,20190900
2019-04-09 05:45:00,,20190900,123.421875,20190600,,20190900
2019-04-09 06:15:00,,20190900,123.4375,20190600,,20190900
2019-04-09 06:30:00,,20190900,123.453125,20190600,,20190900
2019-04-09 06:45:00,,20190900,123.4375,20190600,,20190900
2019-04-09 07:00:00,,20190900,123.453125,20190600,,20190900
2019-04-09 07:15:00,,20190900,123.46875,20190600,,20190900
2019-04-09 07:30:00,,20190900,123.46875,20190600,,20190900
2019-04-09 07:45:00,,20190900,123.5,20190600,,20190900
2019-04-09 08:00:00,,20190900,123.5,20190600,,20190900
2019-04-09 08:15:00,,20190900,123.46875,20190600,,20190900
2019-04-09 08:30:00,,20190900,123.484375,20190600,,20190900
2019-04-09 08:45:00,,20190900,123.53125,20190600,,20190900
2019-04-09 09:00:00,,20190900,123.546875,20190600,,20190900
2019-04-09 09:15:00,,20190900,123.53125,20190600,,20190900
2019-04-09 09:30:00,,20190900,123.453125,20190600,,20190900
2019-04-09 09:45:00,,20190900,123.46875,20190600,,20190900
2019-04-09 10:00:00,,20190900,123.53125,20190600,,20190900
2019-04-09 10:15:00,,20190900,123.5,20190600,,20190900
2019-04-09 10:30:00,,20190900,123.5,20190600,,20190900
2019-04-09 10:45:00,,20190900,123.5,20190600,,20190900
2019-04-09 11:00:00,,20190900,123.5,20190600,,20190900
2019-04-09 11:15:00,,20190900,123.46875,20190600,,20190900
2019-04-09 11:30:00,,20190900,123.46875,20190600,,20190900
2019-04-09 11:45:00,,20190900,123.484375,20190600,,20190900
2019-04-09 12:00:00,,20190900,123.484375,20190600,,20190900
2019-04-09 12:15:00,,20190900,123.46875,20190600,,20190900
2019-04-09 12:30:00,,20190900,123.453125,20190600,,20190900
2019-04-09 12:45:00,,20190900,123.453125,20190600,,20190900
2019-04-09 13:00:00,,20190900,123.5,20190600,,20190900
2019-04-09 13:15:00,,20190900,123.515625,20190600,,20190900
2019-04-09 13:30:00,,20190900,123.578125,20190600,,20190900
2019-04-09 13:45:00,,20190900,123.578125,20190600,,20190900
2019-04-09 14:00:00,,20190900,123.609375,20190600,,20190900
2019-04-09 14:15:00,,20190900,123.6875,20190600,,20190900
2019-04-09 14:30:00,123.9375,20190900,123.734375,20190600,123.9375,20190900
2019-04-09 14:45:00,,20190900,123.625,20190600,,20190900
2019-04-09 15:00:00,,20190900,123.640625,20190600,,20190900
2019-04-09 15:15:00,,20190900,123.625,20190600,,20190900
2019-04-09 15:30:00,,20190900,123.609375,20190600,,20190900
2019-04-09 15:45:00,,20190900,123.609375,20190600,,20190900
2019-04-09 16:00:00,,20190900,123.625,20190600,,20190900
2019-04-09 16:15:00,,20190900,123.65625,20190600,,20190900
2019-04-09 16:30:00,,20190900,123.671875,20190600,,20190900
2019-04-09 16:45:00,,20190900,123.6875,20190600,,20190900
2019-04-09 17:00:00,,20190900,123.640625,20190600,,20190900
2019-04-09 17:15:00,,20190900,123.625,20190600,,20190900
2019-04-09 17:30:00,,20190900,123.65625,20190600,,20190900
2019-04-09 17:45:00,,20190900,123.625,20190600,,20190900
2019-04-09 18:00:00,,20190900,123.59375,20190600,,20190900
2019-04-09 18:15:00,,20190900,123.625,20190600,,20190900
2019-04-09 18:30:00,,20190900,123.640625,20190600,,20190900
2019-04-09 18:45:00,,20190900,123.640625,20190600,,20190900
2019-04-09 19:00:00,,20190900,123.65625,20190600,,20190900
2019-04-09 19:15:00,,20190900,123.65625,20190600,,20190900
2019-04-09 19:30:00,,20190900,123.65625,20190600,,20190900
2019-04-09 19:45:00,,20190900,123.625,20190600,,20190900
2019-04-09 20:00:00,,20190900,123.609375,20190600,,20190900
2019-04-09 20:15:00,,20190900,123.59375,20190600,,20190900
2019-04-09 20:30:00,,20190900,123.609375,20190600,,20190900
2019-04-09 20:45:00,123.84375,20190900,123.609375,20190600,123.84375,20190900
2019-04-09 21:00:00,123.859375,20190900,123.609375,20190600,123.859375,20190900
2019-04-09 21:15:00,,20190900,123.59375,20190600,,20190900
2019-04-09 21:30:00,,20190900,123.625,20190600,,20190900
2019-04-09 21:45:00,123.859375,20190900,123.59375,20190600,123.859375,20190900
2019-04-09 23:00:00,123.859375,20190900,123.421875,20190600,123.859375,20190900
2019-04-09 23:15:00,,20190900,123.609375,20190600,,20190900
2019-04-09 23:30:00,,20190900,123.59375,20190600,,20190900
2019-04-09 23:45:00,,20190900,123.59375,20190600,,20190900
2019-04-10 00:00:00,,20190900,123.609375,20190600,,20190900
2019-04-10 00:15:00,,20190900,123.609375,20190600,,20190900
2019-04-10 00:30:00,,20190900,123.625,20190600,,20190900
2019-04-10 00:45:00,,20190900,123.640625,20190600,,20190900
2019-04-10 01:00:00,,20190900,123.625,20190600,,20190900
2019-04-10 01:15:00,,20190900,123.625,20190600,,20190900
2019-04-10 01:30:00,,20190900,123.640625,20190600,,20190900
2019-04-10 01:45:00,,20190900,123.671875,20190600,,20190900
2019-04-10 02:00:00,,20190900,123.671875,20190600,,20190900
2019-04-10 02:15:00,,20190900,123.671875,20190600,,20190900
2019-04-10 02:30:00,,20190900,123.703125,20190600,,20190900
2019-04-10 02:45:00,,20190900,123.703125,20190600,,20190900
2019-04-10 03:00:00,,20190900,123.71875,20190600,,20190900
2019-04-10 03:15:00,123.953125,20190900,123.734375,20190600,123.953125,20190900
2019-04-10 03:30:00,,20190900,123.734375,20190600,,20190900
2019-04-10 03:45:00,,20190900,123.71875,20190600,,20190900
2019-04-10 04:00:00,,20190900,123.71875,20190600,,20190900
2019-04-10 04:15:00,,20190900,123.71875,20190600,,20190900
2019-04-10 04:30:00,,20190900,123.703125,20190600,,20190900
2019-04-10 04:45:00,,20190900,123.703125,20190600,,20190900
2019-04-10 05:15:00,,20190900,123.71875,20190600,,20190900
2019-04-10 05:30:00,,20190900,123.734375,20190600,,20190900
2019-04-10 05:45:00,,20190900,123.71875,20190600,,20190900
2019-04-10 06:15:00,,20190900,123.734375,20190600,,20190900
2019-04-10 06:30:00,,20190900,123.734375,20190600,,20190900
2019-04-10 06:45:00,123.953125,20190900,123.703125,20190600,123.953125,20190900
2019-04-10 07:00:00,,20190900,123.703125,20190600,,20190900
2019-04-10 07:15:00,,20190900,123.6875,20190600,,20190900
2019-04-10 07:30:00,,20190900,123.703125,20190600,,20190900
2019-04-10 07:45:00,,20190900,123.71875,20190600,,20190900
2019-04-10 08:00:00,,20190900,123.703125,20190600,,20190900
2019-04-10 08:15:00,,20190900,123.6875,20190600,,20190900
2019-04-10 08:30:00,,20190900,123.6875,20190600,,20190900
2019-04-10 08:45:00,,20190900,123.703125,20190600,,20190900
2019-04-10 09:00:00,,20190900,123.703125,20190600,,20190900
2019-04-10 09:15:00,,20190900,123.703125,20190600,,20190900
2019-04-10 09:30:00,,20190900,123.6875,20190600,,20190900
2019-04-10 09:45:00,,20190900,123.703125,20190600,,20190900
2019-04-10 10:00:00,,20190900,123.6875,20190600,,20190900
2019-04-10 10:15:00,,20190900,123.6875,20190600,,20190900
2019-04-10 10:30:00,,20190900,123.671875,20190600,,20190900
2019-04-10 10:45:00,,20190900,123.6875,20190600,,20190900
2019-04-10 11:00:00,,20190900,123.640625,20190600,,20190900
2019-04-10 11:15:00,,20190900,123.640625,20190600,,20190900
2019-04-10 11:30:00,123.84375,20190900,123.609375,20190600,123.84375,20190900
2019-04-10 11:45:00,,20190900,123.609375,20190600,,20190900
2019-04-10 12:00:00,,20190900,123.609375,20190600,,20190900
2019-04-10 12:15:00,123.859375,20190900,123.609375,20190600,123.859375,20190900
2019-04-10 12:30:00,,20190900,123.578125,20190600,,20190900
2019-04-10 12:45:00,,20190900,123.625,20190600,,20190900
2019-04-10 13:00:00,,20190900,123.640625,20190600,,20190900
2019-04-10 13:15:00,,20190900,123.65625,20190600,,20190900
2019-04-10 13:30:00,123.90625,20190900,123.671875,20190600,123.90625,20190900
2019-04-10 13:45:00,,20190900,123.640625,20190600,,20190900
2019-04-10 14:00:00,,20190900,123.71875,20190600,,20190900
2019-04-10 14:15:00,124.046875,20190900,123.796875,20190600,124.046875,20190900
2019-04-10 14:30:00,,20190900,123.84375,20190600,,20190900
2019-04-10 14:45:00,124.109375,20190900,123.84375,20190600,124.109375,20190900
2019-04-10 15:00:00,124.125,20190900,123.859375,20190600,124.125,20190900
2019-04-10 15:15:00,,20190900,123.859375,20190600,,20190900
2019-04-10 15:30:00,124.078125,20190900,123.8125,20190600,124.078125,20190900
2019-04-10 15:45:00,,20190900,123.84375,20190600,,20190900
2019-04-10 16:00:00,124.046875,20190900,123.828125,20190600,124.046875,20190900
2019-04-10 16:15:00,,20190900,123.84375,20190600,,20190900
2019-04-10 16:30:00,,20190900,123.84375,20190600,,20190900
2019-04-10 16:45:00,124.078125,20190900,123.796875,20190600,124.078125,20190900
2019-04-10 17:00:00,,20190900,123.796875,20190600,,20190900
2019-04-10 17:15:00,124.078125,20190900,123.859375,20190600,124.078125,20190900
2019-04-10 17:30:00,,20190900,123.875,20190600,,20190900
2019-04-10 17:45:00,,20190900,123.828125,20190600,,20190900
2019-04-10 18:00:00,124.09375,20190900,123.875,20190600,124.09375,20190900
2019-04-10 18:15:00,,20190900,123.890625,20190600,,20190900
2019-04-10 18:30:00,,20190900,123.859375,20190600,,20190900
2019-04-10 18:45:00,,20190900,123.90625,20190600,,20190900
2019-04-10 19:00:00,,20190900,123.796875,20190600,,20190900
2019-04-10 19:15:00,,20190900,123.765625,20190600,,20190900
2019-04-10 19:30:00,,20190900,123.78125,20190600,,20190900
2019-04-10 19:45:00,124.03125,20190900,123.796875,20190600,124.03125,20190900
2019-04-10 20:00:00,,20190900,123.8125,20190600,,20190900
2019-04-10 20:15:00,,20190900,123.828125,20190600,,20190900
2019-04-10 20:30:00,124.09375,20190900,123.84375,20190600,124.09375,20190900
2019-04-10 20:45:00,,20190900,123.828125,20190600,,20190900
2019-04-10 21:00:00,124.09375,20190900,123.84375,20190600,124.09375,20190900
2019-04-10 21:15:00,,20190900,123.859375,20190600,,20190900
2019-04-10 21:30:00,,20190900,123.890625,20190600,,20190900
2019-04-10 21:45:00,124.09375,20190900,123.859375,20190600,124.09375,20190900
2019-04-10 23:00:00,124.09375,20190900,123.703125,20190600,124.09375,20190900
2019-04-10 23:15:00,,20190900,123.828125,20190600,,20190900
2019-04-10 23:30:00,,20190900,123.828125,20190600,,20190900
2019-04-10 23:45:00,,20190900,123.828125,20190600,,20190900
2019-04-11 00:00:00,,20190900,123.828125,20190600,,20190900
2019-04-11 00:15:00,,20190900,123.828125,20190600,,20190900
2019-04-11 00:30:00,,20190900,123.8125,20190600,,20190900
2019-04-11 00:45:00,,20190900,123.828125,20190600,,20190900
2019-04-11 01:00:00,124.046875,20190900,123.8125,20190600,124.046875,20190900
2019-04-11 01:15:00,,20190900,123.8125,20190600,,20190900
2019-04-11 01:30:00,,20190900,123.8125,20190600,,20190900
2019-04-11 01:45:00,,20190900,123.828125,20190600,,20190900
2019-04-11 02:00:00,124.0625,20190900,123.796875,20190600,124.0625,20190900
2019-04-11 02:15:00,,20190900,123.78125,20190600,,20190900
2019-04-11 02:30:00,,20190900,123.78125,20190600,,20190900
2019-04-11 02:45:00,,20190900,123.796875,20190600,,20190900
2019-04-11 03:00:00,,20190900,123.796875,20190600,,20190900
2019-04-11 03:15:00,,20190900,123.796875,20190600,,20190900
2019-04-11 03:30:00,,20190900,123.796875,20190600,,20190900
2019-04-11 03:45:00,,20190900,123.78125,20190600,,20190900
2019-04-11 04:00:00,,20190900,123.796875,20190600,,20190900
2019-04-11 04:15:00,,20190900,123.796875,20190600,,20190900
2019-04-11 04:30:00,,20190900,123.828125,20190600,,20190900
2019-04-11 04:45:00,,20190900,123.8125,20190600,,20190900
2019-04-11 05:15:00,,20190900,123.8125,20190600,,20190900
2019-04-11 05:30:00,,20190900,123.78125,20190600,,20190900
2019-04-11 05:45:00,,20190900,123.8125,20190600,,20190900
2019-04-11 06:15:00,,20190900,123.796875,20190600,,20190900
2019-04-11 06:30:00,,20190900,123.8125,20190600,,20190900
2019-04-11 06:45:00,,20190900,123.8125,20190600,,20190900
2019-04-11 07:00:00,,20190900,123.796875,20190600,,20190900
2019-04-11 07:15:00,,20190900,123.765625,20190600,,20190900
2019-04-11 07:30:00,,20190900,123.765625,20190600,,20190900
2019-04-11 07:45:00,,20190900,123.75,20190600,,20190900
2019-04-11 08:00:00,,20190900,123.765625,20190600,,20190900
2019-04-11 08:15:00,,20190900,123.75,20190600,,20190900
2019-04-11 08:30:00,,20190900,123.75,20190600,,20190900
2019-04-11 08:45:00,,20190900,123.765625,20190600,,20190900
2019-04-11 09:00:00,,20190900,123.78125,20190600,,20190900
2019-04-11 09:15:00,,20190900,123.78125,20190600,,20190900
2019-04-11 09:30:00,,20190900,123.78125,20190600,,20190900
2019-04-11 09:45:00,124.046875,20190900,123.78125,20190600,124.046875,20190900
2019-04-11 10:00:00,,20190900,123.765625,20190600,,20190900
2019-04-11 10:15:00,,20190900,123.765625,20190600,,20190900
2019-04-11 10:30:00,124.0,20190900,123.78125,20190600,124.0,20190900
2019-04-11 10:45:00,,20190900,123.765625,20190600,,20190900
2019-04-11 11:00:00,,20190900,123.796875,20190600,,20190900
2019-04-11 11:15:00,,20190900,123.765625,20190600,,20190900
2019-04-11 11:30:00,,20190900,123.78125,20190600,,20190900
2019-04-11 11:45:00,,20190900,123.75,20190600,,20190900
2019-04-11 12:00:00,,20190900,123.71875,20190600,,20190900
2019-04-11 12:15:00,,20190900,123.734375,20190600,,20190900
2019-04-11 12:30:00,123.96875,20190900,123.71875,20190600,123.96875,20190900
2019-04-11 12:45:00,,20190900,123.734375,20190600,,20190900
2019-04-11 13:00:00,123.96875,20190900,123.703125,20190600,123.96875,20190900
2019-04-11 13:15:00,,20190900,123.71875,20190600,,20190900
2019-04-11 13:30:00,123.84375,20190900,123.59375,20190600,123.84375,20190900
2019-04-11 13:45:00,,20190900,123.625,20190600,,20190900
2019-04-11 14:00:00,123.84375,20190900,123.640625,20190600,123.84375,20190900
2019-04-11 14:15:00,,20190900,123.625,20190600,,20190900
2019-04-11 14:30:00,123.890625,20190900,123.625,20190600,123.890625,20190900
2019-04-11 14:45:00,123.890625,20190900,123.640625,20190600,123.890625,20190900
2019-04-11 15:00:00,,20190900,123.609375,20190600,,20190900
2019-04-11 15:15:00,,20190900,123.640625,20190600,,20190900
2019-04-11 15:30:00,,20190900,123.625,20190600,,20190900
2019-04-11 15:45:00,,20190900,123.59375,20190600,,20190900
2019-04-11 16:00:00,,20190900,123.59375,20190600,,20190900
2019-04-11 16:15:00,,20190900,123.59375,20190600,,20190900
2019-04-11 16:30:00,123.828125,20190900,123.640625,20190600,123.828125,20190900
2019-04-11 16:45:00,,20190900,123.625,20190600,,20190900
2019-04-11 17:00:00,,20190900,123.640625,20190600,,20190900
2019-04-11 17:15:00,,20190900,123.609375,20190600,,20190900
2019-04-11 17:30:00,,20190900,123.59375,20190600,,20190900
2019-04-11 17:45:00,,20190900,123.578125,20190600,,20190900
2019-04-11 18:00:00,,20190900,123.578125,20190600,,20190900
2019-04-11 18:15:00,123.765625,20190900,123.5625,20190600,123.765625,20190900
2019-04-11 18:30:00,,20190900,123.59375,20190600,,20190900
2019-04-11 18:45:00,,20190900,123.609375,20190600,,20190900
2019-04-11 19:00:00,,20190900,123.625,20190600,,20190900
2019-04-11 19:15:00,,20190900,123.640625,20190600,,20190900
2019-04-11 19:30:00,123.828125,20190900,123.59375,20190600,123.828125,20190900
2019-04-11 19:45:00,123.828125,20190900,123.578125,20190600,123.828125,20190900
2019-04-11 20:00:00,,20190900,123.5625,20190600,,20190900
2019-04-11 20:15:00,,20190900,123.578125,20190600,,20190900
2019-04-11 20:30:00,,20190900,123.578125,20190600,,20190900
2019-04-11 20:45:00,,20190900,123.59375,20190600,,20190900
2019-04-11 21:00:00,123.828125,20190900,123.609375,20190600,123.828125,20190900
2019-04-11 21:15:00,,20190900,123.625,20190600,,20190900
2019-04-11 21:30:00,,20190900,123.609375,20190600,,20190900
2019-04-11 21:45:00,,20190900,123.59375,20190600,,20190900
2019-04-11 23:00:00,123.828125,20190900,123.8125,20190600,123.828125,20190900
2019-04-11 23:15:00,,20190900,123.609375,20190600,,20190900
2019-04-11 23:30:00,,20190900,123.625,20190600,,20190900
2019-04-11 23:45:00,,20190900,123.625,20190600,,20190900
2019-04-12 00:00:00,123.890625,20190900,123.625,20190600,123.890625,20190900
2019-04-12 00:15:00,,20190900,123.625,20190600,,20190900
2019-04-12 00:30:00,,20190900,123.625,20190600,,20190900
2019-04-12 00:45:00,,20190900,123.609375,20190600,,20190900
2019-04-12 01:00:00,,20190900,123.625,20190600,,20190900
2019-04-12 01:15:00,,20190900,123.625,20190600,,20190900
2019-04-12 01:30:00,,20190900,123.625,20190600,,20190900
2019-04-12 01:45:00,,20190900,123.578125,20190600,,20190900
2019-04-12 02:00:00,,20190900,123.578125,20190600,,20190900
2019-04-12 02:15:00,,20190900,123.578125,20190600,,20190900
2019-04-12 02:30:00,,20190900,123.609375,20190600,,20190900
2019-04-12 02:45:00,,20190900,123.609375,20190600,,20190900
2019-04-12 03:00:00,,20190900,123.59375,20190600,,20190900
2019-04-12 03:15:00,,20190900,123.609375,20190600,,20190900
2019-04-12 03:30:00,,20190900,123.59375,20190600,,20190900
2019-04-12 03:45:00,,20190900,123.59375,20190600,,20190900
2019-04-12 04:00:00,,20190900,123.59375,20190600,,20190900
2019-04-12 04:15:00,,20190900,123.59375,20190600,,20190900
2019-04-12 04:30:00,,20190900,123.59375,20190600,,20190900
2019-04-12 04:45:00,,20190900,123.59375,20190600,,20190900
2019-04-12 05:15:00,,20190900,123.59375,20190600,,20190900
2019-04-12 05:30:00,123.875,20190900,123.59375,20190600,123.875,20190900
2019-04-12 05:45:00,,20190900,123.578125,20190600,,20190900
2019-04-12 06:15:00,,20190900,123.609375,20190600,,20190900
2019-04-12 06:30:00,,20190900,123.59375,20190600,,20190900
2019-04-12 06:45:00,,20190900,123.609375,20190600,,20190900
2019-04-12 07:00:00,,20190900,123.625,20190600,,20190900
2019-04-12 07:15:00,,20190900,123.625,20190600,,20190900
2019-04-12 07:30:00,,20190900,123.625,20190600,,20190900
2019-04-12 07:45:00,,20190900,123.609375,20190600,,20190900
2019-04-12 08:00:00,,20190900,123.625,20190600,,20190900
2019-04-12 08:15:00,,20190900,123.65625,20190600,,20190900
2019-04-12 08:30:00,,20190900,123.65625,20190600,,20190900
2019-04-12 08:45:00,,20190900,123.671875,20190600,,20190900
2019-04-12 09:00:00,,20190900,123.59375,20190600,,20190900
2019-04-12 09:15:00,,20190900,123.546875,20190600,,20190900
2019-04-12 09:30:00,,20190900,123.4375,20190600,,20190900
2019-04-12 09:45:00,,20190900,123.375,20190600,,20190900
2019-04-12 10:00:00,,20190900,123.375,20190600,,20190900
2019-04-12 10:15:00,,20190900,123.359375,20190600,,20190900
2019-04-12 10:30:00,,20190900,123.34375,20190600,,20190900
2019-04-12 10:45:00,123.59375,20190900,123.34375,20190600,123.59375,20190900
2019-04-12 11:00:00,,20190900,123.234375,20190600,,20190900
2019-04-12 11:15:00,,20190900,123.25,20190600,,20190900
2019-04-12 11:30:00,123.5,20190900,123.25,20190600,123.5,20190900
2019-04-12 11:45:00,123.484375,20190900,123.203125,20190600,123.484375,20190900
2019-04-12 12:00:00,,20190900,123.1875,20190600,,20190900
2019-04-12 12:15:00,,20190900,123.234375,20190600,,20190900
2019-04-12 12:30:00,123.40625,20190900,123.171875,20190600,123.40625,20190900
2019-04-12 12:45:00,123.421875,20190900,123.1875,20190600,123.421875,20190900
2019-04-12 13:00:00,123.4375,20190900,123.1875,20190600,123.4375,20190900
2019-04-12 13:15:00,,20190900,123.21875,20190600,,20190900
2019-04-12 13:30:00,123.453125,20190900,123.125,20190600,123.453125,20190900
2019-04-12 13:45:00,,20190900,123.15625,20190600,,20190900
2019-04-12 14:00:00,123.421875,20190900,123.1875,20190600,123.421875,20190900
2019-04-12 14:15:00,,20190900,123.15625,20190600,,20190900
2019-04-12 14:30:00,,20190900,123.109375,20190600,,20190900
2019-04-12 14:45:00,,20190900,123.15625,20190600,,20190900
2019-04-12 15:00:00,,20190900,123.15625,20190600,,20190900
2019-04-12 15:15:00,,20190900,123.1875,20190600,,20190900
2019-04-12 15:30:00,,20190900,123.21875,20190600,,20190900
2019-04-12 15:45:00,,20190900,123.15625,20190600,,20190900
2019-04-12 16:00:00,,20190900,123.140625,20190600,,20190900
2019-04-12 16:15:00,,20190900,123.1875,20190600,,20190900
2019-04-12 16:30:00,,20190900,123.1875,20190600,,20190900
2019-04-12 16:45:00,,20190900,123.171875,20190600,,20190900
2019-04-12 17:00:00,,20190900,123.171875,20190600,,20190900
2019-04-12 17:15:00,,20190900,123.140625,20190600,,20190900
2019-04-12 17:30:00,,20190900,123.15625,20190600,,20190900
2019-04-12 17:45:00,,20190900,123.140625,20190600,,20190900
2019-04-12 18:00:00,,20190900,123.1875,20190600,,20190900
2019-04-12 18:15:00,,20190900,123.1875,20190600,,20190900
2019-04-12 18:30:00,,20190900,123.125,20190600,,20190900
2019-04-12 18:45:00,123.328125,20190900,123.09375,20190600,123.328125,20190900
2019-04-12 19:00:00,123.3125,20190900,123.078125,20190600,123.3125,20190900
2019-04-12 19:15:00,,20190900,123.125,20190600,,20190900
2019-04-12 19:30:00,123.296875,20190900,123.09375,20190600,123.296875,20190900
2019-04-12 19:45:00,,20190900,123.109375,20190600,,20190900
2019-04-12 20:00:00,,20190900,123.0625,20190600,,20190900
2019-04-12 20:15:00,,20190900,123.078125,20190600,,20190900
2019-04-12 20:30:00,,20190900,123.0625,20190600,,20190900
2019-04-12 20:45:00,,20190900,123.078125,20190600,,20190900
2019-04-12 21:00:00,,20190900,123.078125,20190600,,20190900
2019-04-12 21:15:00,123.296875,20190900,123.09375,20190600,123.296875,20190900
2019-04-12 21:30:00,,20190900,123.078125,20190600,,20190900
2019-04-12 21:45:00,123.265625,20190900,123.03125,20190600,123.265625,20190900
2019-04-12 23:00:00,123.296875,20190900,123.59375,20190600,123.296875,20190900
2019-04-14 23:00:00,123.296875,20190900,123.0625,20190600,123.296875,20190900
2019-04-14 23:15:00,,20190900,123.0625,20190600,,20190900
2019-04-14 23:30:00,,20190900,123.078125,20190600,,20190900
2019-04-14 23:45:00,,20190900,123.109375,20190600,,20190900
2019-04-15 00:00:00,,20190900,123.09375,20190600,,20190900
2019-04-15 00:15:00,,20190900,123.09375,20190600,,20190900
2019-04-15 00:30:00,123.34375,20190900,123.109375,20190600,123.34375,20190900
2019-04-15 00:45:00,,20190900,123.109375,20190600,,20190900
2019-04-15 01:00:00,,20190900,123.09375,20190600,,20190900
2019-04-15 01:15:00,,20190900,123.09375,20190600,,20190900
2019-04-15 01:30:00,,20190900,123.140625,20190600,,20190900
2019-04-15 01:45:00,,20190900,123.125,20190600,,20190900
2019-04-15 02:00:00,,20190900,123.140625,20190600,,20190900
2019-04-15 02:15:00,,20190900,123.109375,20190600,,20190900
2019-04-15 02:30:00,123.3125,20190900,123.09375,20190600,123.3125,20190900
2019-04-15 02:45:00,,20190900,123.109375,20190600,,20190900
2019-04-15 03:00:00,,20190900,123.109375,20190600,,20190900
2019-04-15 03:15:00,,20190900,123.109375,20190600,,20190900
2019-04-15 03:30:00,,20190900,123.09375,20190600,,20190900
2019-04-15 03:45:00,,20190900,123.09375,20190600,,20190900
2019-04-15 04:00:00,,20190900,123.078125,20190600,,20190900
2019-04-15 04:15:00,,20190900,123.140625,20190600,,20190900
2019-04-15 04:30:00,,20190900,123.140625,20190600,,20190900
2019-04-15 04:45:00,,20190900,123.125,20190600,,20190900
2019-04-15 05:15:00,,20190900,123.140625,20190600,,20190900
2019-04-15 05:30:00,,20190900,123.125,20190600,,20190900
2019-04-15 05:45:00,,20190900,123.125,20190600,,20190900
2019-04-15 06:15:00,,20190900,123.125,20190600,,20190900
2019-04-15 06:30:00,,20190900,123.125,20190600,,20190900
2019-04-15 06:45:00,,20190900,123.125,20190600,,20190900
2019-04-15 07:00:00,,20190900,123.125,20190600,,20190900
2019-04-15 07:15:00,123.34375,20190900,123.09375,20190600,123.34375,20190900
2019-04-15 07:30:00,,20190900,123.109375,20190600,,20190900
2019-04-15 07:45:00,,20190900,123.140625,20190600,,20190900
2019-04-15 08:00:00,,20190900,123.09375,20190600,,20190900
2019-04-15 08:15:00,,20190900,123.03125,20190600,,20190900
2019-04-15 08:30:00,,20190900,123.078125,20190600,,20190900
2019-04-15 08:45:00,,20190900,123.09375,20190600,,20190900
2019-04-15 09:00:00,,20190900,123.109375,20190600,,20190900
2019-04-15 09:15:00,,20190900,123.125,20190600,,20190900
2019-04-15 09:30:00,,20190900,123.125,20190600,,20190900
2019-04-15 09:45:00,,20190900,123.078125,20190600,,20190900
2019-04-15 10:00:00,,20190900,123.109375,20190600,,20190900
2019-04-15 10:15:00,,20190900,123.09375,20190600,,20190900
2019-04-15 10:30:00,,20190900,123.109375,20190600,,20190900
2019-04-15 10:45:00,,20190900,123.078125,20190600,,20190900
2019-04-15 11:00:00,,20190900,123.09375,20190600,,20190900
2019-04-15 11:15:00,,20190900,123.09375,20190600,,20190900
2019-04-15 11:30:00,,20190900,123.078125,20190600,,20190900
2019-04-15 11:45:00,,20190900,123.078125,20190600,,20190900
2019-04-15 12:00:00,,20190900,123.078125,20190600,,20190900
2019-04-15 12:15:00,,20190900,123.0625,20190600,,20190900
2019-04-15 12:30:00,,20190900,123.046875,20190600,,20190900
2019-04-15 12:45:00,,20190900,123.03125,20190600,,20190900
2019-04-15 13:00:00,,20190900,123.046875,20190600,,20190900
2019-04-15 13:15:00,,20190900,123.09375,20190600,,20190900
2019-04-15 13:30:00,,20190900,122.984375,20190600,,20190900
2019-04-15 13:45:00,,20190900,123.03125,20190600,,20190900
2019-04-15 14:00:00,,20190900,123.078125,20190600,,20190900
2019-04-15 14:15:00,123.296875,20190900,123.078125,20190600,123.296875,20190900
2019-04-15 14:30:00,,20190900,123.125,20190600,,20190900
2019-04-15 14:45:00,,20190900,123.125,20190600,,20190900
2019-04-15 15:00:00,123.34375,20190900,123.125,20190600,123.34375,20190900
2019-04-15 15:15:00,123.34375,20190900,123.125,20190600,123.34375,20190900
2019-04-15 15:30:00,123.375,20190900,123.15625,20190600,123.375,20190900
2019-04-15 15:45:00,,20190900,123.125,20190600,,20190900
2019-04-15 16:00:00,,20190900,123.125,20190600,,20190900
2019-04-15 16:15:00,,20190900,123.15625,20190600,,20190900
2019-04-15 16:30:00,,20190900,123.171875,20190600,,20190900
2019-04-15 16:45:00,,20190900,123.171875,20190600,,20190900
2019-04-15 17:00:00,,20190900,123.171875,20190600,,20190900
2019-04-15 17:15:00,,20190900,123.171875,20190600,,20190900
2019-04-15 17:30:00,,20190900,123.140625,20190600,,20190900
2019-04-15 17:45:00,,20190900,123.15625,20190600,,20190900
2019-04-15 18:00:00,,20190900,123.109375,20190600,,20190900
2019-04-15 18:15:00,,20190900,123.140625,20190600,,20190900
2019-04-15 18:30:00,,20190900,123.125,20190600,,20190900
2019-04-15 18:45:00,,20190900,123.125,20190600,,20190900
2019-04-15 19:00:00,,20190900,123.140625,20190600,,20190900
2019-04-15 19:15:00,,20190900,123.171875,20190600,,20190900
2019-04-15 19:30:00,,20190900,123.15625,20190600,,20190900
2019-04-15 19:45:00,123.359375,20190900,123.15625,20190600,123.359375,20190900
2019-04-15 20:00:00,,20190900,123.15625,20190600,,20190900
2019-04-15 20:15:00,,20190900,123.171875,20190600,,20190900
2019-04-15 20:30:00,,20190900,123.171875,20190600,,20190900
2019-04-15 20:45:00,,20190900,123.203125,20190600,,20190900
2019-04-15 21:00:00,123.421875,20190900,123.15625,20190600,123.421875,20190900
2019-04-15 21:15:00,,20190900,123.15625,20190600,,20190900
2019-04-15 21:30:00,123.34375,20190900,123.125,20190600,123.34375,20190900
2019-04-15 21:45:00,123.359375,20190900,123.140625,20190600,123.359375,20190900
2019-04-15 23:00:00,123.375,20190900,123.125,20190600,123.375,20190900
2019-04-15 23:15:00,,20190900,123.140625,20190600,,20190900
2019-04-15 23:30:00,,20190900,123.140625,20190600,,20190900
2019-04-15 23:45:00,,20190900,123.140625,20190600,,20190900
2019-04-16 00:00:00,,20190900,123.125,20190600,,20190900
2019-04-16 00:15:00,,20190900,123.140625,20190600,,20190900
2019-04-16 00:30:00,,20190900,123.140625,20190600,,20190900
2019-04-16 00:45:00,,20190900,123.15625,20190600,,20190900
2019-04-16 01:00:00,,20190900,123.125,20190600,,20190900
2019-04-16 01:15:00,,20190900,123.15625,20190600,,20190900
2019-04-16 01:30:00,,20190900,123.140625,20190600,,20190900
2019-04-16 01:45:00,,20190900,123.140625,20190600,,20190900
2019-04-16 02:00:00,,20190900,123.15625,20190600,,20190900
2019-04-16 02:15:00,,20190900,123.15625,20190600,,20190900
2019-04-16 02:30:00,,20190900,123.171875,20190600,,20190900
2019-04-16 02:45:00,,20190900,123.1875,20190600,,20190900
2019-04-16 03:00:00,,20190900,123.1875,20190600,,20190900
2019-04-16 03:15:00,,20190900,123.171875,20190600,,20190900
2019-04-16 03:30:00,,20190900,123.171875,20190600,,20190900
2019-04-16 03:45:00,,20190900,123.171875,20190600,,20190900
2019-04-16 04:00:00,,20190900,123.1875,20190600,,20190900
2019-04-16 04:15:00,,20190900,123.171875,20190600,,20190900
2019-04-16 04:30:00,123.40625,20190900,123.203125,20190600,123.40625,20190900
2019-04-16 04:45:00,,20190900,123.1875,20190600,,20190900
2019-04-16 05:15:00,,20190900,123.1875,20190600,,20190900
2019-04-16 05:30:00,,20190900,123.1875,20190600,,20190900
2019-04-16 05:45:00,,20190900,123.171875,20190600,,20190900
2019-04-16 06:15:00,,20190900,123.171875,20190600,,20190900
2019-04-16 06:30:00,,20190900,123.1875,20190600,,20190900
2019-04-16 06:45:00,,20190900,123.171875,20190600,,20190900
2019-04-16 07:00:00,,20190900,123.171875,20190600,,20190900
2019-04-16 07:15:00,123.390625,20190900,123.15625,20190600,123.390625,20190900
2019-04-16 07:30:00,,20190900,123.171875,20190600,,20190900
2019-04-16 07:45:00,,20190900,123.1875,20190600,,20190900
2019-04-16 08:00:00,,20190900,123.171875,20190600,,20190900
2019-04-16 08:15:00,,20190900,123.109375,20190600,,20190900
2019-04-16 08:30:00,,20190900,123.09375,20190600,,20190900
2019-04-16 08:45:00,,20190900,123.078125,20190600,,20190900
2019-04-16 09:00:00,,20190900,123.09375,20190600,,20190900
2019-04-16 09:15:00,,20190900,123.0625,20190600,,20190900
2019-04-16 09:30:00,,20190900,123.03125,20190600,,20190900
2019-04-16 09:45:00,123.234375,20190900,123.03125,20190600,123.234375,20190900
2019-04-16 10:00:00,,20190900,123.109375,20190600,,20190900
2019-04-16 10:15:00,,20190900,123.09375,20190600,,20190900
2019-04-16 10:30:00,,20190900,123.09375,20190600,,20190900
2019-04-16 10:45:00,123.390625,20190900,123.171875,20190600,123.390625,20190900
2019-04-16 11:00:00,,20190900,123.109375,20190600,,20190900
2019-04-16 11:15:00,123.34375,20190900,123.09375,20190600,123.34375,20190900
2019-04-16 11:30:00,,20190900,123.109375,20190600,,20190900
2019-04-16 11:45:00,123.296875,20190900,123.078125,20190600,123.296875,20190900
2019-04-16 12:00:00,,20190900,123.078125,20190600,,20190900
2019-04-16 12:15:00,,20190900,123.03125,20190600,,20190900
2019-04-16 12:30:00,,20190900,123.03125,20190600,,20190900
2019-04-16 12:45:00,123.25,20190900,123.03125,20190600,123.25,20190900
2019-04-16 13:00:00,,20190900,123.015625,20190600,,20190900
2019-04-16 13:15:00,,20190900,122.90625,20190600,,20190900
2019-04-16 13:30:00,123.140625,20190900,122.9375,20190600,123.140625,20190900
2019-04-16 13:45:00,,20190900,122.953125,20190600,,20190900
2019-04-16 14:00:00,,20190900,122.9375,20190600,,20190900
2019-04-16 14:15:00,,20190900,122.96875,20190600,,20190900
2019-04-16 14:30:00,,20190900,123.0,20190600,,20190900
2019-04-16 14:45:00,,20190900,122.96875,20190600,,20190900
2019-04-16 15:00:00,123.125,20190900,122.921875,20190600,123.125,20190900
2019-04-16 15:15:00,,20190900,122.9375,20190600,,20190900
2019-04-16 15:30:00,,20190900,122.9375,20190600,,20190900
2019-04-16 15:45:00,123.140625,20190900,122.9375,20190600,123.140625,20190900
2019-04-16 16:00:00,,20190900,122.90625,20190600,,20190900
2019-04-16 16:15:00,123.09375,20190900,122.890625,20190600,123.09375,20190900
2019-04-16 16:30:00,,20190900,122.875,20190600,,20190900
2019-04-16 16:45:00,,20190900,122.890625,20190600,,20190900
2019-04-16 17:00:00,,20190900,122.84375,20190600,,20190900
2019-04-16 17:15:00,,20190900,122.890625,20190600,,20190900
2019-04-16 17:30:00,,20190900,122.859375,20190600,,20190900
2019-04-16 17:45:00,123.0,20190900,122.8125,20190600,123.0,20190900
2019-04-16 18:00:00,,20190900,122.84375,20190600,,20190900
2019-04-16 18:15:00,123.03125,20190900,122.859375,20190600,123.03125,20190900
2019-04-16 18:30:00,,20190900,122.84375,20190600,,20190900
2019-04-16 18:45:00,,20190900,122.859375,20190600,,20190900
2019-04-16 19:00:00,123.03125,20190900,122.875,20190600,123.03125,20190900
2019-04-16 19:15:00,,20190900,122.859375,20190600,,20190900
2019-04-16 19:30:00,,20190900,122.84375,20190600,,20190900
2019-04-16 19:45:00,,20190900,122.828125,20190600,,20190900
2019-04-16 20:00:00,,20190900,122.828125,20190600,,20190900
2019-04-16 20:15:00,,20190900,122.84375,20190600,,20190900
2019-04-16 20:30:00,123.046875,20190900,122.84375,20190600,123.046875,20190900
2019-04-16 20:45:00,,20190900,122.84375,20190600,,20190900
2019-04-16 21:00:00,123.046875,20190900,122.859375,20190600,123.046875,20190900
2019-04-16 21:15:00,,20190900,122.859375,20190600,,20190900
2019-04-16 21:30:00,,20190900,122.84375,20190600,,20190900
2019-04-16 21:45:00,123.03125,20190900,122.84375,20190600,123.03125,20190900
2019-04-16 23:00:00,123.046875,20190900,123.1875,20190600,123.046875,20190900
2019-04-16 23:15:00,,20190900,122.859375,20190600,,20190900
2019-04-16 23:30:00,,20190900,122.875,20190600,,20190900
2019-04-16 23:45:00,,20190900,122.921875,20190600,,20190900
2019-04-17 00:00:00,,20190900,122.90625,20190600,,20190900
2019-04-17 00:15:00,,20190900,122.90625,20190600,,20190900
2019-04-17 00:30:00,,20190900,122.90625,20190600,,20190900
2019-04-17 00:45:00,,20190900,122.890625,20190600,,20190900
2019-04-17 01:00:00,,20190900,122.859375,20190600,,20190900
2019-04-17 01:15:00,,20190900,122.890625,20190600,,20190900
2019-04-17 01:30:00,,20190900,122.875,20190600,,20190900
2019-04-17 01:45:00,,20190900,122.90625,20190600,,20190900
2019-04-17 02:00:00,,20190900,122.921875,20190600,,20190900
2019-04-17 02:15:00,,20190900,122.921875,20190600,,20190900
2019-04-17 02:30:00,,20190900,122.921875,20190600,,20190900
2019-04-17 02:45:00,,20190900,122.828125,20190600,,20190900
2019-04-17 03:00:00,,20190900,122.734375,20190600,,20190900
2019-04-17 03:15:00,,20190900,122.734375,20190600,,20190900
2019-04-17 03:30:00,,20190900,122.75,20190600,,20190900
2019-04-17 03:45:00,,20190900,122.75,20190600,,20190900
2019-04-17 04:00:00,,20190900,122.78125,20190600,,20190900
2019-04-17 04:15:00,,20190900,122.78125,20190600,,20190900
2019-04-17 04:30:00,,20190900,122.796875,20190600,,20190900
2019-04-17 04:45:00,,20190900,122.796875,20190600,,20190900
2019-04-17 05:15:00,,20190900,122.796875,20190600,,20190900
2019-04-17 05:30:00,,20190900,122.828125,20190600,,20190900
2019-04-17 05:45:00,,20190900,122.8125,20190600,,20190900
2019-04-17 06:15:00,,20190900,122.765625,20190600,,20190900
2019-04-17 06:30:00,,20190900,122.78125,20190600,,20190900
2019-04-17 06:45:00,,20190900,122.75,20190600,,20190900
2019-04-17 07:00:00,,20190900,122.78125,20190600,,20190900
2019-04-17 07:15:00,,20190900,122.8125,20190600,,20190900
2019-04-17 07:30:00,,20190900,122.796875,20190600,,20190900
2019-04-17 07:45:00,,20190900,122.796875,20190600,,20190900
2019-04-17 08:00:00,,20190900,122.765625,20190600,,20190900
2019-04-17 08:15:00,122.890625,20190900,122.703125,20190600,122.890625,20190900
2019-04-17 08:30:00,,20190900,122.6875,20190600,,20190900
2019-04-17 08:45:00,,20190900,122.6875,20190600,,20190900
2019-04-17 09:00:00,,20190900,122.671875,20190600,,20190900
2019-04-17 09:15:00,,20190900,122.6875,20190600,,20190900
2019-04-17 09:30:00,,20190900,122.6875,20190600,,20190900
2019-04-17 09:45:00,,20190900,122.671875,20190600,,20190900
2019-04-17 10:00:00,,20190900,122.703125,20190600,,20190900
2019-04-17 10:15:00,,20190900,122.6875,20190600,,20190900
2019-04-17 10:30:00,122.875,20190900,122.734375,20190600,122.875,20190900
2019-04-17 10:45:00,122.875,20190900,122.703125,20190600,122.875,20190900
2019-04-17 11:00:00,,20190900,122.71875,20190600,,20190900
2019-04-17 11:15:00,,20190900,122.71875,20190600,,20190900
2019-04-17 11:30:00,122.890625,20190900,122.734375,20190600,122.890625,20190900
2019-04-17 11:45:00,,20190900,122.75,20190600,,20190900
2019-04-17 12:00:00,,20190900,122.703125,20190600,,20190900
2019-04-17 12:15:00,,20190900,122.734375,20190600,,20190900
2019-04-17 12:30:00,,20190900,122.734375,20190600,,20190900
2019-04-17 12:45:00,,20190900,122.75,20190600,,20190900
2019-04-17 13:00:00,,20190900,122.78125,20190600,,20190900
2019-04-17 13:15:00,122.90625,20190900,122.75,20190600,122.90625,20190900
2019-04-17 13:30:00,122.890625,20190900,122.671875,20190600,122.890625,20190900
2019-04-17 13:45:00,,20190900,122.71875,20190600,,20190900
2019-04-17 14:00:00,,20190900,122.75,20190600,,20190900
2019-04-17 14:15:00,,20190900,122.765625,20190600,,20190900
2019-04-17 14:30:00,122.984375,20190900,122.8125,20190600,122.984375,20190900
2019-04-17 14:45:00,123.0,20190900,122.84375,20190600,123.0,20190900
2019-04-17 15:00:00,123.03125,20190900,122.875,20190600,123.03125,20190900
2019-04-17 15:15:00,,20190900,122.828125,20190600,,20190900
2019-04-17 15:30:00,,20190900,122.8125,20190600,,20190900
2019-04-17 15:45:00,122.984375,20190900,122.859375,20190600,122.984375,20190900
2019-04-17 16:00:00,,20190900,122.859375,20190600,,20190900
2019-04-17 16:15:00,123.03125,20190900,122.90625,20190600,123.03125,20190900
2019-04-17 16:30:00,123.078125,20190900,122.90625,20190600,123.078125,20190900
2019-04-17 16:45:00,,20190900,122.890625,20190600,,20190900
2019-04-17 17:00:00,,20190900,122.9375,20190600,,20190900
2019-04-17 17:15:00,,20190900,122.90625,20190600,,20190900
2019-04-17 17:30:00,,20190900,122.921875,20190600,,20190900
2019-04-17 17:45:00,,20190900,122.90625,20190600,,20190900
2019-04-17 18:00:00,,20190900,122.90625,20190600,,20190900
2019-04-17 18:15:00,,20190900,122.90625,20190600,,20190900
2019-04-17 18:30:00,123.0625,20190900,122.890625,20190600,123.0625,20190900
2019-04-17 18:45:00,,20190900,122.890625,20190600,,20190900
2019-04-17 19:00:00,123.046875,20190900,122.90625,20190600,123.046875,20190900
2019-04-17 19:15:00,,20190900,122.890625,20190600,,20190900
2019-04-17 19:30:00,,20190900,122.875,20190600,,20190900
2019-04-17 19:45:00,,20190900,122.859375,20190600,,20190900
2019-04-17 20:00:00,,20190900,122.859375,20190600,,20190900
2019-04-17 20:15:00,,20190900,122.875,20190600,,20190900
2019-04-17 20:30:00,,20190900,122.84375,20190600,,20190900
2019-04-17 20:45:00,,20190900,122.84375,20190600,,20190900
2019-04-17 21:00:00,123.03125,20190900,122.859375,20190600,123.03125,20190900
2019-04-17 21:15:00,,20190900,122.84375,20190600,,20190900
2019-04-17 21:30:00,,20190900,122.828125,20190600,,20190900
2019-04-17 21:45:00,,20190900,122.828125,20190600,,20190900
2019-04-17 23:00:00,123.1875,20190900,122.796875,20190600,123.1875,20190900
2019-04-17 23:15:00,,20190900,122.859375,20190600,,20190900
2019-04-17 23:30:00,,20190900,122.859375,20190600,,20190900
2019-04-17 23:45:00,,20190900,122.859375,20190600,,20190900
2019-04-18 00:00:00,,20190900,122.875,20190600,,20190900
2019-04-18 00:15:00,,20190900,122.875,20190600,,20190900
2019-04-18 00:30:00,,20190900,122.875,20190600,,20190900
2019-04-18 00:45:00,,20190900,122.890625,20190600,,20190900
2019-04-18 01:00:00,,20190900,122.90625,20190600,,20190900
2019-04-18 01:15:00,,20190900,122.90625,20190600,,20190900
2019-04-18 01:30:00,,20190900,122.90625,20190600,,20190900
2019-04-18 01:45:00,,20190900,122.90625,20190600,,20190900
2019-04-18 02:00:00,,20190900,122.921875,20190600,,20190900
2019-04-18 02:15:00,,20190900,122.921875,20190600,,20190900
2019-04-18 02:30:00,,20190900,122.921875,20190600,,20190900
2019-04-18 02:45:00,,20190900,122.953125,20190600,,20190900
2019-04-18 03:00:00,,20190900,122.953125,20190600,,20190900
2019-04-18 03:15:00,,20190900,122.9375,20190600,,20190900
2019-04-18 03:30:00,,20190900,122.9375,20190600,,20190900
2019-04-18 03:45:00,,20190900,122.953125,20190600,,20190900
2019-04-18 04:00:00,,20190900,122.953125,20190600,,20190900
2019-04-18 04:15:00,,20190900,122.953125,20190600,,20190900
2019-04-18 04:30:00,123.140625,20190900,123.0,20190600,123.140625,20190900
2019-04-18 04:45:00,123.171875,20190900,123.015625,20190600,123.171875,20190900
2019-04-18 05:15:00,,20190900,123.015625,20190600,,20190900
2019-04-18 05:30:00,,20190900,123.015625,20190600,,20190900
2019-04-18 05:45:00,,20190900,123.03125,20190600,,20190900
2019-04-18 06:15:00,,20190900,123.03125,20190600,,20190900
2019-04-18 06:30:00,,20190900,123.046875,20190600,,20190900
2019-04-18 06:45:00,123.21875,20190900,123.046875,20190600,123.21875,20190900
2019-04-18 07:00:00,,20190900,123.015625,20190600,,20190900
2019-04-18 07:15:00,,20190900,123.0,20190600,,20190900
2019-04-18 07:30:00,,20190900,122.96875,20190600,,20190900
2019-04-18 07:45:00,123.15625,20190900,122.984375,20190600,123.15625,20190900
2019-04-18 08:00:00,,20190900,122.984375,20190600,,20190900
2019-04-18 08:15:00,,20190900,123.0,20190600,,20190900
2019-04-18 08:30:00,,20190900,123.09375,20190600,,20190900
2019-04-18 08:45:00,,20190900,123.125,20190600,,20190900
2019-04-18 09:00:00,,20190900,123.140625,20190600,,20190900
2019-04-18 09:15:00,,20190900,123.171875,20190600,,20190900
2019-04-18 09:30:00,,20190900,123.15625,20190600,,20190900
2019-04-18 09:45:00,,20190900,123.125,20190600,,20190900
2019-04-18 10:00:00,,20190900,123.15625,20190600,,20190900
2019-04-18 10:15:00,,20190900,123.140625,20190600,,20190900
2019-04-18 10:30:00,123.296875,20190900,123.109375,20190600,123.296875,20190900
2019-04-18 10:45:00,,20190900,123.125,20190600,,20190900
2019-04-18 11:00:00,,20190900,123.109375,20190600,,20190900
2019-04-18 11:15:00,,20190900,123.078125,20190600,,20190900
2019-04-18 11:30:00,,20190900,123.109375,20190600,,20190900
2019-04-18 11:45:00,,20190900,123.140625,20190600,,20190900
2019-04-18 12:00:00,,20190900,123.15625,20190600,,20190900
2019-04-18 12:15:00,123.296875,20190900,123.09375,20190600,123.296875,20190900
2019-04-18 12:30:00,,20190900,123.109375,20190600,,20190900
2019-04-18 12:45:00,,20190900,123.078125,20190600,,20190900
2019-04-18 13:00:00,,20190900,123.078125,20190600,,20190900
2019-04-18 13:15:00,,20190900,123.109375,20190600,,20190900
2019-04-18 13:30:00,123.234375,20190900,123.03125,20190600,123.234375,20190900
2019-04-18 13:45:00,,20190900,123.015625,20190600,,20190900
2019-04-18 14:00:00,,20190900,123.046875,20190600,,20190900
2019-04-18 14:15:00,123.265625,20190900,123.09375,20190600,123.265625,20190900
2019-04-18 14:30:00,123.296875,20190900,123.125,20190600,123.296875,20190900
2019-04-18 14:45:00,123.375,20190900,123.1875,20190600,123.375,20190900
2019-04-18 15:00:00,123.375,20190900,123.171875,20190600,123.375,20190900
2019-04-18 15:15:00,123.375,20190900,123.1875,20190600,123.375,20190900
2019-04-18 15:30:00,123.359375,20190900,123.15625,20190600,123.359375,20190900
2019-04-18 15:45:00,123.3125,20190900,123.140625,20190600,123.3125,20190900
2019-04-18 16:00:00,123.28125,20190900,123.109375,20190600,123.28125,20190900
2019-04-18 16:15:00,123.28125,20190900,123.109375,20190600,123.28125,20190900
2019-04-18 16:30:00,123.25,20190900,123.078125,20190600,123.25,20190900
2019-04-18 16:45:00,,20190900,123.09375,20190600,,20190900
2019-04-18 17:00:00,123.3125,20190900,123.125,20190600,123.3125,20190900
2019-04-18 17:15:00,123.296875,20190900,123.125,20190600,123.296875,20190900
2019-04-18 17:30:00,,20190900,123.125,20190600,,20190900
2019-04-18 17:45:00,,20190900,123.125,20190600,,20190900
2019-04-18 18:00:00,,20190900,123.125,20190600,,20190900
2019-04-18 18:15:00,,20190900,123.109375,20190600,,20190900
2019-04-18 18:30:00,123.296875,20190900,123.125,20190600,123.296875,20190900
2019-04-18 18:45:00,123.28125,20190900,123.09375,20190600,123.28125,20190900
2019-04-18 19:00:00,,20190900,123.09375,20190600,,20190900
2019-04-18 19:15:00,,20190900,123.109375,20190600,,20190900
2019-04-18 19:30:00,,20190900,123.109375,20190600,,20190900
2019-04-18 19:45:00,,20190900,123.109375,20190600,,20190900
2019-04-18 20:00:00,,20190900,123.109375,20190600,,20190900
2019-04-18 20:15:00,,20190900,123.09375,20190600,,20190900
2019-04-18 20:30:00,,20190900,123.109375,20190600,,20190900
2019-04-18 20:45:00,123.3125,20190900,123.109375,20190600,123.3125,20190900
2019-04-18 21:00:00,,20190900,123.09375,20190600,,20190900
2019-04-18 21:15:00,,20190900,123.125,20190600,,20190900
2019-04-18 21:30:00,,20190900,123.125,20190600,,20190900
2019-04-18 21:45:00,123.296875,20190900,123.109375,20190600,123.296875,20190900
2019-04-18 23:00:00,123.3125,20190900,123.03125,20190600,123.3125,20190900
2019-04-21 23:00:00,123.3125,20190900,123.15625,20190600,123.3125,20190900
2019-04-21 23:15:00,,20190900,123.15625,20190600,,20190900
2019-04-21 23:30:00,,20190900,123.15625,20190600,,20190900
2019-04-21 23:45:00,,20190900,123.140625,20190600,,20190900
2019-04-22 00:00:00,,20190900,123.140625,20190600,,20190900
2019-04-22 00:15:00,,20190900,123.140625,20190600,,20190900
2019-04-22 00:30:00,,20190900,123.15625,20190600,,20190900
2019-04-22 00:45:00,,20190900,123.15625,20190600,,20190900
2019-04-22 01:00:00,,20190900,123.125,20190600,,20190900
2019-04-22 01:15:00,,20190900,123.09375,20190600,,20190900
2019-04-22 01:30:00,,20190900,123.078125,20190600,,20190900
2019-04-22 01:45:00,,20190900,123.09375,20190600,,20190900
2019-04-22 02:00:00,,20190900,123.109375,20190600,,20190900
2019-04-22 02:15:00,,20190900,123.140625,20190600,,20190900
2019-04-22 02:30:00,,20190900,123.0625,20190600,,20190900
2019-04-22 02:45:00,,20190900,123.046875,20190600,,20190900
2019-04-22 03:00:00,,20190900,123.0625,20190600,,20190900
2019-04-22 03:15:00,,20190900,123.0625,20190600,,20190900
2019-04-22 03:30:00,,20190900,123.0625,20190600,,20190900
2019-04-22 03:45:00,,20190900,123.046875,20190600,,20190900
2019-04-22 04:00:00,123.265625,20190900,123.0625,20190600,123.265625,20190900
2019-04-22 04:15:00,,20190900,123.078125,20190600,,20190900
2019-04-22 04:30:00,,20190900,123.09375,20190600,,20190900
2019-04-22 04:45:00,,20190900,123.09375,20190600,,20190900
2019-04-22 05:15:00,,20190900,123.09375,20190600,,20190900
2019-04-22 05:30:00,,20190900,123.09375,20190600,,20190900
2019-04-22 05:45:00,,20190900,123.09375,20190600,,20190900
2019-04-22 06:15:00,,20190900,123.0625,20190600,,20190900
2019-04-22 06:30:00,,20190900,123.046875,20190600,,20190900
2019-04-22 06:45:00,,20190900,123.046875,20190600,,20190900
2019-04-22 07:00:00,,20190900,123.046875,20190600,,20190900
2019-04-22 07:15:00,,20190900,123.046875,20190600,,20190900
2019-04-22 07:30:00,,20190900,123.046875,20190600,,20190900
2019-04-22 07:45:00,,20190900,123.046875,20190600,,20190900
2019-04-22 08:00:00,,20190900,123.046875,20190600,,20190900
2019-04-22 08:15:00,,20190900,123.0625,20190600,,20190900
2019-04-22 08:30:00,,20190900,123.0625,20190600,,20190900
2019-04-22 08:45:00,,20190900,123.078125,20190600,,20190900
2019-04-22 09:00:00,,20190900,123.046875,20190600,,20190900
2019-04-22 09:15:00,,20190900,123.0625,20190600,,20190900
2019-04-22 09:30:00,,20190900,123.0625,20190600,,20190900
2019-04-22 09:45:00,,20190900,123.0625,20190600,,20190900
2019-04-22 10:00:00,,20190900,123.0625,20190600,,20190900
2019-04-22 10:15:00,,20190900,123.0625,20190600,,20190900
2019-04-22 10:30:00,,20190900,123.0625,20190600,,20190900
2019-04-22 10:45:00,,20190900,123.0625,20190600,,20190900
2019-04-22 11:00:00,,20190900,123.0625,20190600,,20190900
2019-04-22 11:15:00,,20190900,123.078125,20190600,,20190900
2019-04-22 11:30:00,,20190900,123.0625,20190600,,20190900
2019-04-22 11:45:00,,20190900,123.078125,20190600,,20190900
2019-04-22 12:00:00,,20190900,123.09375,20190600,,20190900
2019-04-22 12:15:00,,20190900,123.09375,20190600,,20190900
2019-04-22 12:30:00,,20190900,123.0625,20190600,,20190900
2019-04-22 12:45:00,,20190900,123.046875,20190600,,20190900
2019-04-22 13:00:00,,20190900,123.109375,20190600,,20190900
2019-04-22 13:15:00,123.25,20190900,123.0625,20190600,123.25,20190900
2019-04-22 13:30:00,123.265625,20190900,123.109375,20190600,123.265625,20190900
2019-04-22 13:45:00,,20190900,123.109375,20190600,,20190900
2019-04-22 14:00:00,,20190900,123.046875,20190600,,20190900
2019-04-22 14:15:00,,20190900,123.046875,20190600,,20190900
2019-04-22 14:30:00,,20190900,123.0,20190600,,20190900
2019-04-22 14:45:00,123.15625,20190900,122.9375,20190600,123.15625,20190900
2019-04-22 15:00:00,123.171875,20190900,122.984375,20190600,123.171875,20190900
2019-04-22 15:15:00,,20190900,122.96875,20190600,,20190900
2019-04-22 15:30:00,123.171875,20190900,123.0,20190600,123.171875,20190900
2019-04-22 15:45:00,123.1875,20190900,122.96875,20190600,123.1875,20190900
2019-04-22 16:00:00,,20190900,122.984375,20190600,,20190900
2019-04-22 16:15:00,123.203125,20190900,123.0,20190600,123.203125,20190900
2019-04-22 16:30:00,,20190900,122.96875,20190600,,20190900
2019-04-22 16:45:00,,20190900,122.953125,20190600,,20190900
2019-04-22 17:00:00,,20190900,122.953125,20190600,,20190900
2019-04-22 17:15:00,,20190900,122.953125,20190600,,20190900
2019-04-22 17:30:00,,20190900,122.96875,20190600,,20190900
2019-04-22 17:45:00,,20190900,122.96875,20190600,,20190900
2019-04-22 18:00:00,,20190900,122.984375,20190600,,20190900
2019-04-22 18:15:00,,20190900,122.984375,20190600,,20190900
2019-04-22 18:30:00,,20190900,122.984375,20190600,,20190900
2019-04-22 18:45:00,,20190900,122.96875,20190600,,20190900
2019-04-22 19:00:00,,20190900,122.921875,20190600,,20190900
2019-04-22 19:15:00,,20190900,122.9375,20190600,,20190900
2019-04-22 19:30:00,,20190900,122.953125,20190600,,20190900
2019-04-22 19:45:00,,20190900,122.9375,20190600,,20190900
2019-04-22 20:00:00,,20190900,122.9375,20190600,,20190900
2019-04-22 20:15:00,123.109375,20190900,122.9375,20190600,123.109375,20190900
2019-04-22 20:30:00,,20190900,122.953125,20190600,,20190900
2019-04-22 20:45:00,,20190900,122.9375,20190600,,20190900
2019-04-22 21:00:00,,20190900,122.96875,20190600,,20190900
2019-04-22 21:15:00,,20190900,122.984375,20190600,,20190900
2019-04-22 21:30:00,,20190900,122.953125,20190600,,20190900
2019-04-22 21:45:00,,20190900,122.9375,20190600,,20190900
2019-04-22 23:00:00,123.109375,20190900,123.078125,20190600,123.109375,20190900
2019-04-22 23:15:00,,20190900,122.953125,20190600,,20190900
2019-04-22 23:30:00,,20190900,122.953125,20190600,,20190900
2019-04-22 23:45:00,,20190900,122.96875,20190600,,20190900
2019-04-23 00:00:00,,20190900,122.953125,20190600,,20190900
2019-04-23 00:15:00,,20190900,122.96875,20190600,,20190900
2019-04-23 00:30:00,,20190900,122.96875,20190600,,20190900
2019-04-23 00:45:00,,20190900,122.984375,20190600,,20190900
2019-04-23 01:00:00,,20190900,122.96875,20190600,,20190900
2019-04-23 01:15:00,,20190900,123.0,20190600,,20190900
2019-04-23 01:30:00,,20190900,123.015625,20190600,,20190900
2019-04-23 01:45:00,,20190900,123.03125,20190600,,20190900
2019-04-23 02:00:00,,20190900,123.046875,20190600,,20190900
2019-04-23 02:15:00,,20190900,123.046875,20190600,,20190900
2019-04-23 02:30:00,,20190900,123.03125,20190600,,20190900
2019-04-23 02:45:00,,20190900,123.015625,20190600,,20190900
2019-04-23 03:00:00,,20190900,123.015625,20190600,,20190900
2019-04-23 03:15:00,,20190900,123.015625,20190600,,20190900
2019-04-23 03:30:00,,20190900,123.03125,20190600,,20190900
2019-04-23 03:45:00,,20190900,123.046875,20190600,,20190900
2019-04-23 04:00:00,,20190900,123.046875,20190600,,20190900
2019-04-23 04:15:00,,20190900,123.03125,20190600,,20190900
2019-04-23 04:30:00,,20190900,123.015625,20190600,,20190900
2019-04-23 04:45:00,,20190900,123.03125,20190600,,20190900
2019-04-23 05:15:00,,20190900,123.03125,20190600,,20190900
2019-04-23 05:30:00,,20190900,123.015625,20190600,,20190900
2019-04-23 05:45:00,,20190900,123.015625,20190600,,20190900
2019-04-23 06:15:00,,20190900,123.015625,20190600,,20190900
2019-04-23 06:30:00,,20190900,123.015625,20190600,,20190900
2019-04-23 06:45:00,,20190900,123.0,20190600,,20190900
2019-04-23 07:00:00,,20190900,123.015625,20190600,,20190900
2019-04-23 07:15:00,123.1875,20190900,123.015625,20190600,123.1875,20190900
2019-04-23 07:30:00,,20190900,123.0,20190600,,20190900
2019-04-23 07:45:00,,20190900,122.984375,20190600,,20190900
2019-04-23 08:00:00,,20190900,122.984375,20190600,,20190900
2019-04-23 08:15:00,,20190900,122.953125,20190600,,20190900
2019-04-23 08:30:00,,20190900,122.953125,20190600,,20190900
2019-04-23 08:45:00,,20190900,122.96875,20190600,,20190900
2019-04-23 09:00:00,,20190900,122.953125,20190600,,20190900
2019-04-23 09:15:00,,20190900,122.96875,20190600,,20190900
2019-04-23 09:30:00,,20190900,122.96875,20190600,,20190900
2019-04-23 09:45:00,,20190900,122.96875,20190600,,20190900
2019-04-23 10:00:00,,20190900,122.984375,20190600,,20190900
2019-04-23 10:15:00,,20190900,122.984375,20190600,,20190900
2019-04-23 10:30:00,,20190900,123.0,20190600,,20190900
2019-04-23 10:45:00,,20190900,123.0,20190600,,20190900
2019-04-23 11:00:00,,20190900,123.0,20190600,,20190900
2019-04-23 11:15:00,,20190900,122.96875,20190600,,20190900
2019-04-23 11:30:00,,20190900,122.984375,20190600,,20190900
2019-04-23 11:45:00,,20190900,123.0,20190600,,20190900
2019-04-23 12:00:00,,20190900,122.984375,20190600,,20190900
2019-04-23 12:15:00,,20190900,122.96875,20190600,,20190900
2019-04-23 12:30:00,,20190900,122.9375,20190600,,20190900
2019-04-23 12:45:00,,20190900,122.9375,20190600,,20190900
2019-04-23 13:00:00,,20190900,122.9375,20190600,,20190900
2019-04-23 13:15:00,,20190900,122.953125,20190600,,20190900
2019-04-23 13:30:00,,20190900,123.0,20190600,,20190900
2019-04-23 13:45:00,,20190900,122.984375,20190600,,20190900
2019-04-23 14:00:00,123.25,20190900,123.0625,20190600,123.25,20190900
2019-04-23 14:15:00,,20190900,123.109375,20190600,,20190900
2019-04-23 14:30:00,,20190900,123.125,20190600,,20190900
2019-04-23 14:45:00,123.359375,20190900,123.171875,20190600,123.359375,20190900
2019-04-23 15:00:00,123.34375,20190900,123.171875,20190600,123.34375,20190900
2019-04-23 15:15:00,,20190900,123.171875,20190600,,20190900
2019-04-23 15:30:00,,20190900,123.140625,20190600,,20190900
2019-04-23 15:45:00,123.328125,20190900,123.171875,20190600,123.328125,20190900
2019-04-23 16:00:00,,20190900,123.09375,20190600,,20190900
2019-04-23 16:15:00,123.296875,20190900,123.125,20190600,123.296875,20190900
2019-04-23 16:30:00,123.3125,20190900,123.125,20190600,123.3125,20190900
2019-04-23 16:45:00,,20190900,123.140625,20190600,,20190900
2019-04-23 17:00:00,,20190900,123.125,20190600,,20190900
2019-04-23 17:15:00,123.359375,20190900,123.140625,20190600,123.359375,20190900
2019-04-23 17:30:00,,20190900,123.140625,20190600,,20190900
2019-04-23 17:45:00,,20190900,123.15625,20190600,,20190900
2019-04-23 18:00:00,,20190900,123.109375,20190600,,20190900
2019-04-23 18:15:00,,20190900,123.140625,20190600,,20190900
2019-04-23 18:30:00,,20190900,123.140625,20190600,,20190900
2019-04-23 18:45:00,,20190900,123.140625,20190600,,20190900
2019-04-23 19:00:00,,20190900,123.125,20190600,,20190900
2019-04-23 19:15:00,,20190900,123.125,20190600,,20190900
2019-04-23 19:30:00,,20190900,123.109375,20190600,,20190900
2019-04-23 19:45:00,,20190900,123.125,20190600,,20190900
2019-04-23 20:00:00,123.3125,20190900,123.125,20190600,123.3125,20190900
2019-04-23 20:15:00,,20190900,123.140625,20190600,,20190900
2019-04-23 20:30:00,,20190900,123.125,20190600,,20190900
2019-04-23 20:45:00,,20190900,123.140625,20190600,,20190900
2019-04-23 21:00:00,,20190900,123.15625,20190600,,20190900
2019-04-23 21:15:00,,20190900,123.140625,20190600,,20190900
2019-04-23 21:30:00,,20190900,123.140625,20190600,,20190900
2019-04-23 21:45:00,123.328125,20190900,123.15625,20190600,123.328125,20190900
2019-04-23 23:00:00,123.296875,20190900,123.03125,20190600,123.296875,20190900
2019-04-23 23:15:00,,20190900,123.15625,20190600,,20190900
2019-04-23 23:30:00,,20190900,123.15625,20190600,,20190900
2019-04-23 23:45:00,,20190900,123.125,20190600,,20190900
2019-04-24 00:00:00,,20190900,123.140625,20190600,,20190900
2019-04-24 00:15:00,,20190900,123.140625,20190600,,20190900
2019-04-24 00:30:00,,20190900,123.140625,20190600,,20190900
2019-04-24 00:45:00,,20190900,123.140625,20190600,,20190900
2019-04-24 01:00:00,,20190900,123.140625,20190600,,20190900
2019-04-24 01:15:00,,20190900,123.15625,20190600,,20190900
2019-04-24 01:30:00,,20190900,123.140625,20190600,,20190900
2019-04-24 01:45:00,,20190900,123.125,20190600,,20190900
2019-04-24 02:00:00,,20190900,123.15625,20190600,,20190900
2019-04-24 02:15:00,,20190900,123.140625,20190600,,20190900
2019-04-24 02:30:00,,20190900,123.1875,20190600,,20190900
2019-04-24 02:45:00,,20190900,123.1875,20190600,,20190900
2019-04-24 03:00:00,,20190900,123.203125,20190600,,20190900
2019-04-24 03:15:00,,20190900,123.21875,20190600,,20190900
2019-04-24 03:30:00,,20190900,123.21875,20190600,,20190900
2019-04-24 03:45:00,,20190900,123.203125,20190600,,20190900
2019-04-24 04:00:00,,20190900,123.21875,20190600,,20190900
2019-04-24 04:15:00,123.390625,20190900,123.203125,20190600,123.390625,20190900
2019-04-24 04:30:00,,20190900,123.234375,20190600,,20190900
2019-04-24 04:45:00,,20190900,123.265625,20190600,,20190900
2019-04-24 05:15:00,,20190900,123.265625,20190600,,20190900
2019-04-24 05:30:00,,20190900,123.25,20190600,,20190900
2019-04-24 05:45:00,,20190900,123.265625,20190600,,20190900
2019-04-24 06:15:00,123.421875,20190900,123.25,20190600,123.421875,20190900
2019-04-24 06:30:00,,20190900,123.25,20190600,,20190900
2019-04-24 06:45:00,,20190900,123.25,20190600,,20190900
2019-04-24 07:00:00,,20190900,123.28125,20190600,,20190900
2019-04-24 07:15:00,123.46875,20190900,123.296875,20190600,123.46875,20190900
2019-04-24 07:30:00,123.5,20190900,123.3125,20190600,123.5,20190900
2019-04-24 07:45:00,,20190900,123.296875,20190600,,20190900
2019-04-24 08:00:00,123.46875,20190900,123.28125,20190600,123.46875,20190900
2019-04-24 08:15:00,,20190900,123.265625,20190600,,20190900
2019-04-24 08:30:00,123.484375,20190900,123.296875,20190600,123.484375,20190900
2019-04-24 08:45:00,,20190900,123.296875,20190600,,20190900
2019-04-24 09:00:00,,20190900,123.359375,20190600,,20190900
2019-04-24 09:15:00,,20190900,123.328125,20190600,,20190900
2019-04-24 09:30:00,,20190900,123.34375,20190600,,20190900
2019-04-24 09:45:00,,20190900,123.328125,20190600,,20190900
2019-04-24 10:00:00,,20190900,123.34375,20190600,,20190900
2019-04-24 10:15:00,,20190900,123.359375,20190600,,20190900
2019-04-24 10:30:00,,20190900,123.390625,20190600,,20190900
2019-04-24 10:45:00,,20190900,123.40625,20190600,,20190900
2019-04-24 11:00:00,,20190900,123.40625,20190600,,20190900
2019-04-24 11:15:00,,20190900,123.40625,20190600,,20190900
2019-04-24 11:30:00,,20190900,123.421875,20190600,,20190900
2019-04-24 11:45:00,,20190900,123.375,20190600,,20190900
2019-04-24 12:00:00,,20190900,123.390625,20190600,,20190900
2019-04-24 12:15:00,123.578125,20190900,123.390625,20190600,123.578125,20190900
2019-04-24 12:30:00,,20190900,123.375,20190600,,20190900
2019-04-24 12:45:00,123.578125,20190900,123.375,20190600,123.578125,20190900
2019-04-24 13:00:00,,20190900,123.40625,20190600,,20190900
2019-04-24 13:15:00,,20190900,123.453125,20190600,,20190900
2019-04-24 13:30:00,123.671875,20190900,123.46875,20190600,123.671875,20190900
2019-04-24 13:45:00,123.65625,20190900,123.453125,20190600,123.65625,20190900
2019-04-24 14:00:00,,20190900,123.46875,20190600,,20190900
2019-04-24 14:15:00,,20190900,123.4375,20190600,,20190900
2019-04-24 14:30:00,,20190900,123.484375,20190600,,20190900
2019-04-24 14:45:00,123.71875,20190900,123.515625,20190600,123.71875,20190900
2019-04-24 15:00:00,123.75,20190900,123.53125,20190600,123.75,20190900
2019-04-24 15:15:00,,20190900,123.546875,20190600,,20190900
2019-04-24 15:30:00,123.71875,20190900,123.5,20190600,123.71875,20190900
2019-04-24 15:45:00,123.703125,20190900,123.5,20190600,123.703125,20190900
2019-04-24 16:00:00,123.71875,20190900,123.515625,20190600,123.71875,20190900
2019-04-24 16:15:00,123.75,20190900,123.53125,20190600,123.75,20190900
2019-04-24 16:30:00,,20190900,123.515625,20190600,,20190900
2019-04-24 16:45:00,,20190900,123.5,20190600,,20190900
2019-04-24 17:00:00,,20190900,123.515625,20190600,,20190900
2019-04-24 17:15:00,123.734375,20190900,123.515625,20190600,123.734375,20190900
2019-04-24 17:30:00,,20190900,123.5,20190600,,20190900
2019-04-24 17:45:00,,20190900,123.515625,20190600,,20190900
2019-04-24 18:00:00,,20190900,123.53125,20190600,,20190900
2019-04-24 18:15:00,123.75,20190900,123.515625,20190600,123.75,20190900
2019-04-24 18:30:00,,20190900,123.5,20190600,,20190900
2019-04-24 18:45:00,,20190900,123.515625,20190600,,20190900
2019-04-24 19:00:00,,20190900,123.515625,20190600,,20190900
2019-04-24 19:15:00,,20190900,123.515625,20190600,,20190900
2019-04-24 19:30:00,123.71875,20190900,123.5,20190600,123.71875,20190900
2019-04-24 19:45:00,123.734375,20190900,123.515625,20190600,123.734375,20190900
2019-04-24 20:00:00,123.734375,20190900,123.5,20190600,123.734375,20190900
2019-04-24 20:15:00,123.75,20190900,123.53125,20190600,123.75,20190900
2019-04-24 20:30:00,,20190900,123.546875,20190600,,20190900
2019-04-24 20:45:00,123.75,20190900,123.546875,20190600,123.75,20190900
2019-04-24 21:00:00,123.734375,20190900,123.515625,20190600,123.734375,20190900
2019-04-24 21:15:00,,20190900,123.515625,20190600,,20190900
2019-04-24 21:30:00,123.734375,20190900,123.53125,20190600,123.734375,20190900
2019-04-24 21:45:00,,20190900,123.515625,20190600,,20190900
2019-04-24 23:00:00,123.75,20190900,123.25,20190600,123.75,20190900
2019-04-24 23:15:00,,20190900,123.515625,20190600,,20190900
2019-04-24 23:30:00,,20190900,123.53125,20190600,,20190900
2019-04-24 23:45:00,,20190900,123.5,20190600,,20190900
2019-04-25 00:00:00,,20190900,123.515625,20190600,,20190900
2019-04-25 00:15:00,,20190900,123.515625,20190600,,20190900
2019-04-25 00:30:00,,20190900,123.515625,20190600,,20190900
2019-04-25 00:45:00,,20190900,123.5,20190600,,20190900
2019-04-25 01:00:00,,20190900,123.5,20190600,,20190900
2019-04-25 01:15:00,,20190900,123.484375,20190600,,20190900
2019-04-25 01:30:00,,20190900,123.53125,20190600,,20190900
2019-04-25 01:45:00,,20190900,123.546875,20190600,,20190900
2019-04-25 02:00:00,,20190900,123.5625,20190600,,20190900
2019-04-25 02:15:00,,20190900,123.546875,20190600,,20190900
2019-04-25 02:30:00,,20190900,123.546875,20190600,,20190900
2019-04-25 02:45:00,123.75,20190900,123.546875,20190600,123.75,20190900
2019-04-25 03:00:00,123.765625,20190900,123.546875,20190600,123.765625,20190900
2019-04-25 03:15:00,,20190900,123.546875,20190600,,20190900
2019-04-25 03:30:00,,20190900,123.546875,20190600,,20190900
2019-04-25 03:45:00,,20190900,123.5625,20190600,,20190900
2019-04-25 04:00:00,,20190900,123.546875,20190600,,20190900
2019-04-25 04:15:00,123.75,20190900,123.5625,20190600,123.75,20190900
2019-04-25 04:30:00,,20190900,123.546875,20190600,,20190900
2019-04-25 04:45:00,,20190900,123.546875,20190600,,20190900
2019-04-25 05:15:00,,20190900,123.53125,20190600,,20190900
2019-04-25 05:30:00,,20190900,123.546875,20190600,,20190900
2019-04-25 05:45:00,,20190900,123.53125,20190600,,20190900
2019-04-25 06:15:00,,20190900,123.515625,20190600,,20190900
2019-04-25 06:30:00,,20190900,123.53125,20190600,,20190900
2019-04-25 06:45:00,,20190900,123.515625,20190600,,20190900
2019-04-25 07:00:00,,20190900,123.515625,20190600,,20190900
2019-04-25 07:15:00,,20190900,123.484375,20190600,,20190900
2019-04-25 07:30:00,,20190900,123.484375,20190600,,20190900
2019-04-25 07:45:00,,20190900,123.53125,20190600,,20190900
2019-04-25 08:00:00,,20190900,123.5,20190600,,20190900
2019-04-25 08:15:00,,20190900,123.515625,20190600,,20190900
2019-04-25 08:30:00,123.734375,20190900,123.515625,20190600,123.734375,20190900
2019-04-25 08:45:00,,20190900,123.46875,20190600,,20190900
2019-04-25 09:00:00,,20190900,123.5,20190600,,20190900
2019-04-25 09:15:00,,20190900,123.515625,20190600,,20190900
2019-04-25 09:30:00,,20190900,123.46875,20190600,,20190900
2019-04-25 09:45:00,123.671875,20190900,123.453125,20190600,123.671875,20190900
2019-04-25 10:00:00,,20190900,123.46875,20190600,,20190900
2019-04-25 10:15:00,,20190900,123.46875,20190600,,20190900
2019-04-25 10:30:00,,20190900,123.484375,20190600,,20190900
2019-04-25 10:45:00,,20190900,123.5,20190600,,20190900
2019-04-25 11:00:00,,20190900,123.484375,20190600,,20190900
2019-04-25 11:15:00,,20190900,123.515625,20190600,,20190900
2019-04-25 11:30:00,,20190900,123.515625,20190600,,20190900
2019-04-25 11:45:00,,20190900,123.515625,20190600,,20190900
2019-04-25 12:00:00,,20190900,123.5,20190600,,20190900
2019-04-25 12:15:00,,20190900,123.5,20190600,,20190900
2019-04-25 12:30:00,,20190900,123.5,20190600,,20190900
2019-04-25 12:45:00,,20190900,123.5,20190600,,20190900
2019-04-25 13:00:00,,20190900,123.484375,20190600,,20190900
2019-04-25 13:15:00,,20190900,123.46875,20190600,,20190900
2019-04-25 13:30:00,123.65625,20190900,123.40625,20190600,123.65625,20190900
2019-04-25 13:45:00,,20190900,123.4375,20190600,,20190900
2019-04-25 14:00:00,,20190900,123.453125,20190600,,20190900
2019-04-25 14:15:00,123.703125,20190900,123.5,20190600,123.703125,20190900
2019-04-25 14:30:00,123.75,20190900,123.546875,20190600,123.75,20190900
2019-04-25 14:45:00,,20190900,123.46875,20190600,,20190900
2019-04-25 15:00:00,123.6875,20190900,123.515625,20190600,123.6875,20190900
2019-04-25 15:15:00,,20190900,123.515625,20190600,,20190900
2019-04-25 15:30:00,,20190900,123.484375,20190600,,20190900
2019-04-25 15:45:00,,20190900,123.46875,20190600,,20190900
2019-04-25 16:00:00,,20190900,123.484375,20190600,,20190900
2019-04-25 16:15:00,,20190900,123.46875,20190600,,20190900
2019-04-25 16:30:00,,20190900,123.46875,20190600,,20190900
2019-04-25 16:45:00,,20190900,123.453125,20190600,,20190900
2019-04-25 17:00:00,,20190900,123.46875,20190600,,20190900
2019-04-25 17:15:00,,20190900,123.453125,20190600,,20190900
2019-04-25 17:30:00,123.65625,20190900,123.421875,20190600,123.65625,20190900
2019-04-25 17:45:00,,20190900,123.421875,20190600,,20190900
2019-04-25 18:00:00,123.5625,20190900,123.40625,20190600,123.5625,20190900
2019-04-25 18:15:00,,20190900,123.390625,20190600,,20190900
2019-04-25 18:30:00,,20190900,123.359375,20190600,,20190900
2019-04-25 18:45:00,,20190900,123.390625,20190600,,20190900
2019-04-25 19:00:00,,20190900,123.359375,20190600,,20190900
2019-04-25 19:15:00,123.578125,20190900,123.390625,20190600,123.578125,20190900
2019-04-25 19:30:00,,20190900,123.375,20190600,,20190900
2019-04-25 19:45:00,,20190900,123.40625,20190600,,20190900
2019-04-25 20:00:00,,20190900,123.421875,20190600,,20190900
2019-04-25 20:15:00,,20190900,123.40625,20190600,,20190900
2019-04-25 20:30:00,,20190900,123.40625,20190600,,20190900
2019-04-25 20:45:00,123.5625,20190900,123.40625,20190600,123.5625,20190900
2019-04-25 21:00:00,,20190900,123.40625,20190600,,20190900
2019-04-25 21:15:00,,20190900,123.40625,20190600,,20190900
2019-04-25 21:30:00,,20190900,123.40625,20190600,,20190900
2019-04-25 21:45:00,,20190900,123.390625,20190600,,20190900
2019-04-25 23:00:00,123.5625,20190900,123.53125,20190600,123.5625,20190900
2019-04-25 23:15:00,,20190900,123.421875,20190600,,20190900
2019-04-25 23:30:00,,20190900,123.421875,20190600,,20190900
2019-04-25 23:45:00,,20190900,123.4375,20190600,,20190900
2019-04-26 00:00:00,,20190900,123.4375,20190600,,20190900
2019-04-26 00:15:00,,20190900,123.4375,20190600,,20190900
2019-04-26 00:30:00,,20190900,123.453125,20190600,,20190900
2019-04-26 00:45:00,,20190900,123.453125,20190600,,20190900
2019-04-26 01:00:00,,20190900,123.46875,20190600,,20190900
2019-04-26 01:15:00,,20190900,123.46875,20190600,,20190900
2019-04-26 01:30:00,,20190900,123.453125,20190600,,20190900
2019-04-26 01:45:00,,20190900,123.484375,20190600,,20190900
2019-04-26 02:00:00,,20190900,123.484375,20190600,,20190900
2019-04-26 02:15:00,,20190900,123.4375,20190600,,20190900
2019-04-26 02:30:00,,20190900,123.453125,20190600,,20190900
2019-04-26 02:45:00,,20190900,123.4375,20190600,,20190900
2019-04-26 03:00:00,,20190900,123.421875,20190600,,20190900
2019-04-26 03:15:00,,20190900,123.40625,20190600,,20190900
2019-04-26 03:30:00,,20190900,123.421875,20190600,,20190900
2019-04-26 03:45:00,,20190900,123.421875,20190600,,20190900
2019-04-26 04:00:00,,20190900,123.421875,20190600,,20190900
2019-04-26 04:15:00,,20190900,123.4375,20190600,,20190900
2019-04-26 04:30:00,,20190900,123.421875,20190600,,20190900
2019-04-26 04:45:00,,20190900,123.4375,20190600,,20190900
2019-04-26 05:15:00,,20190900,123.4375,20190600,,20190900
2019-04-26 05:30:00,,20190900,123.421875,20190600,,20190900
2019-04-26 05:45:00,,20190900,123.453125,20190600,,20190900
2019-04-26 06:15:00,,20190900,123.421875,20190600,,20190900
2019-04-26 06:30:00,,20190900,123.421875,20190600,,20190900
2019-04-26 06:45:00,,20190900,123.4375,20190600,,20190900
2019-04-26 07:00:00,,20190900,123.4375,20190600,,20190900
2019-04-26 07:15:00,,20190900,123.46875,20190600,,20190900
2019-04-26 07:30:00,,20190900,123.453125,20190600,,20190900
2019-04-26 07:45:00,,20190900,123.5,20190600,,20190900
2019-04-26 08:00:00,,20190900,123.515625,20190600,,20190900
2019-04-26 08:15:00,,20190900,123.5,20190600,,20190900
2019-04-26 08:30:00,,20190900,123.515625,20190600,,20190900
2019-04-26 08:45:00,,20190900,123.5,20190600,,20190900
2019-04-26 09:00:00,,20190900,123.5,20190600,,20190900
2019-04-26 09:15:00,123.71875,20190900,123.515625,20190600,123.71875,20190900
2019-04-26 09:30:00,,20190900,123.515625,20190600,,20190900
2019-04-26 09:45:00,123.75,20190900,123.53125,20190600,123.75,20190900
2019-04-26 10:00:00,,20190900,123.515625,20190600,,20190900
2019-04-26 10:15:00,,20190900,123.53125,20190600,,20190900
2019-04-26 10:30:00,,20190900,123.515625,20190600,,20190900
2019-04-26 10:45:00,,20190900,123.5,20190600,,20190900
2019-04-26 11:00:00,,20190900,123.5,20190600,,20190900
2019-04-26 11:15:00,123.703125,20190900,123.46875,20190600,123.703125,20190900
2019-04-26 11:30:00,,20190900,123.484375,20190600,,20190900
2019-04-26 11:45:00,,20190900,123.484375,20190600,,20190900
2019-04-26 12:00:00,,20190900,123.484375,20190600,,20190900
2019-04-26 12:15:00,,20190900,123.46875,20190600,,20190900
2019-04-26 12:30:00,,20190900,123.484375,20190600,,20190900
2019-04-26 12:45:00,,20190900,123.5,20190600,,20190900
2019-04-26 13:00:00,,20190900,123.484375,20190600,,20190900
2019-04-26 13:15:00,,20190900,123.46875,20190600,,20190900
2019-04-26 13:30:00,123.828125,20190900,123.640625,20190600,123.828125,20190900
2019-04-26 13:45:00,123.90625,20190900,123.71875,20190600,123.90625,20190900
2019-04-26 14:00:00,123.90625,20190900,123.6875,20190600,123.90625,20190900
2019-04-26 14:15:00,123.9375,20190900,123.75,20190600,123.9375,20190900
2019-04-26 14:30:00,,20190900,123.6875,20190600,,20190900
2019-04-26 14:45:00,,20190900,123.703125,20190600,,20190900
2019-04-26 15:00:00,,20190900,123.703125,20190600,,20190900
2019-04-26 15:15:00,,20190900,123.703125,20190600,,20190900
2019-04-26 15:30:00,123.890625,20190900,123.703125,20190600,123.890625,20190900
2019-04-26 15:45:00,,20190900,123.703125,20190600,,20190900
2019-04-26 16:00:00,,20190900,123.65625,20190600,,20190900
2019-04-26 16:15:00,123.890625,20190900,123.671875,20190600,123.890625,20190900
2019-04-26 16:30:00,123.90625,20190900,123.65625,20190600,123.90625,20190900
2019-04-26 16:45:00,,20190900,123.6875,20190600,,20190900
2019-04-26 17:00:00,,20190900,123.65625,20190600,,20190900
2019-04-26 17:15:00,,20190900,123.671875,20190600,,20190900
2019-04-26 17:30:00,123.875,20190900,123.65625,20190600,123.875,20190900
2019-04-26 17:45:00,,20190900,123.671875,20190600,,20190900
2019-04-26 18:00:00,123.921875,20190900,123.6875,20190600,123.921875,20190900
2019-04-26 18:15:00,,20190900,123.703125,20190600,,20190900
2019-04-26 18:30:00,,20190900,123.671875,20190600,,20190900
2019-04-26 18:45:00,,20190900,123.625,20190600,,20190900
2019-04-26 19:00:00,,20190900,123.625,20190600,,20190900
2019-04-26 19:15:00,,20190900,123.609375,20190600,,20190900
2019-04-26 19:30:00,,20190900,123.65625,20190600,,20190900
2019-04-26 19:45:00,,20190900,123.671875,20190600,,20190900
2019-04-26 20:00:00,123.890625,20190900,123.6875,20190600,123.890625,20190900
2019-04-26 20:15:00,123.890625,20190900,123.65625,20190600,123.890625,20190900
2019-04-26 20:30:00,,20190900,123.671875,20190600,,20190900
2019-04-26 20:45:00,,20190900,123.65625,20190600,,20190900
2019-04-26 21:00:00,,20190900,123.6875,20190600,,20190900
2019-04-26 21:15:00,,20190900,123.6875,20190600,,20190900
2019-04-26 21:30:00,,20190900,123.6875,20190600,,20190900
2019-04-26 21:45:00,,20190900,123.703125,20190600,,20190900
2019-04-26 23:00:00,123.890625,20190900,123.421875,20190600,123.890625,20190900
2019-04-28 23:00:00,,20190900,123.671875,20190600,,20190900
2019-04-28 23:15:00,,20190900,123.671875,20190600,,20190900
2019-04-28 23:30:00,,20190900,123.6875,20190600,,20190900
2019-04-28 23:45:00,,20190900,123.671875,20190600,,20190900
2019-04-29 00:00:00,,20190900,123.671875,20190600,,20190900
2019-04-29 00:15:00,,20190900,123.6875,20190600,,20190900
2019-04-29 00:30:00,,20190900,123.671875,20190600,,20190900
2019-04-29 00:45:00,,20190900,123.6875,20190600,,20190900
2019-04-29 01:00:00,,20190900,123.671875,20190600,,20190900
2019-04-29 01:15:00,,20190900,123.671875,20190600,,20190900
2019-04-29 01:30:00,,20190900,123.671875,20190600,,20190900
2019-04-29 01:45:00,,20190900,123.671875,20190600,,20190900
2019-04-29 02:00:00,,20190900,123.671875,20190600,,20190900
2019-04-29 02:15:00,123.890625,20190900,123.671875,20190600,123.890625,20190900
2019-04-29 02:30:00,,20190900,123.671875,20190600,,20190900
2019-04-29 02:45:00,,20190900,123.671875,20190600,,20190900
2019-04-29 03:00:00,,20190900,123.671875,20190600,,20190900
2019-04-29 03:15:00,,20190900,123.671875,20190600,,20190900
2019-04-29 03:30:00,,20190900,123.671875,20190600,,20190900
2019-04-29 03:45:00,,20190900,123.6875,20190600,,20190900
2019-04-29 04:00:00,,20190900,123.671875,20190600,,20190900
2019-04-29 04:15:00,,20190900,123.671875,20190600,,20190900
2019-04-29 04:30:00,,20190900,123.671875,20190600,,20190900
2019-04-29 04:45:00,,20190900,123.671875,20190600,,20190900
2019-04-29 05:15:00,,20190900,123.65625,20190600,,20190900
2019-04-29 05:30:00,,20190900,123.65625,20190600,,20190900
2019-04-29 05:45:00,,20190900,123.65625,20190600,,20190900
2019-04-29 06:15:00,,20190900,123.65625,20190600,,20190900
2019-04-29 06:30:00,,20190900,123.65625,20190600,,20190900
2019-04-29 06:45:00,,20190900,123.65625,20190600,,20190900
2019-04-29 07:00:00,123.875,20190900,123.65625,20190600,123.875,20190900
2019-04-29 07:15:00,,20190900,123.65625,20190600,,20190900
2019-04-29 07:30:00,,20190900,123.640625,20190600,,20190900
2019-04-29 07:45:00,,20190900,123.640625,20190600,,20190900
2019-04-29 08:00:00,,20190900,123.578125,20190600,,20190900
2019-04-29 08:15:00,,20190900,123.625,20190600,,20190900
2019-04-29 08:30:00,,20190900,123.59375,20190600,,20190900
2019-04-29 08:45:00,,20190900,123.59375,20190600,,20190900
2019-04-29 09:00:00,,20190900,123.609375,20190600,,20190900
2019-04-29 09:15:00,,20190900,123.625,20190600,,20190900
2019-04-29 09:30:00,,20190900,123.640625,20190600,,20190900
2019-04-29 09:45:00,,20190900,123.640625,20190600,,20190900
2019-04-29 10:00:00,,20190900,123.640625,20190600,,20190900
2019-04-29 10:15:00,123.875,20190900,123.640625,20190600,123.875,20190900
2019-04-29 10:30:00,123.890625,20190900,123.671875,20190600,123.890625,20190900
2019-04-29 10:45:00,123.890625,20190900,123.65625,20190600,123.890625,20190900
2019-04-29 11:00:00,123.90625,20190900,123.65625,20190600,123.90625,20190900
2019-04-29 11:15:00,123.890625,20190900,123.671875,20190600,123.890625,20190900
2019-04-29 11:30:00,,20190900,123.640625,20190600,,20190900
2019-04-29 11:45:00,,20190900,123.671875,20190600,,20190900
2019-04-29 12:00:00,,20190900,123.625,20190600,,20190900
2019-04-29 12:15:00,,20190900,123.625,20190600,,20190900
2019-04-29 12:30:00,,20190900,123.640625,20190600,,20190900
2019-04-29 12:45:00,123.859375,20190900,123.65625,20190600,123.859375,20190900
2019-04-29 13:00:00,,20190900,123.6875,20190600,,20190900
2019-04-29 13:15:00,123.90625,20190900,123.625,20190600,123.90625,20190900
2019-04-29 13:30:00,123.75,20190900,123.546875,20190600,123.75,20190900
2019-04-29 13:45:00,123.671875,20190900,123.453125,20190600,123.671875,20190900
2019-04-29 14:00:00,123.640625,20190900,123.515625,20190600,123.640625,20190900
2019-04-29 14:15:00,123.6875,20190900,123.46875,20190600,123.6875,20190900
2019-04-29 14:30:00,123.703125,20190900,123.484375,20190600,123.703125,20190900
2019-04-29 14:45:00,123.71875,20190900,123.484375,20190600,123.71875,20190900
2019-04-29 15:00:00,123.734375,20190900,123.515625,20190600,123.734375,20190900
2019-04-29 15:15:00,123.734375,20190900,123.515625,20190600,123.734375,20190900
2019-04-29 15:30:00,,20190900,123.53125,20190600,,20190900
2019-04-29 15:45:00,,20190900,123.53125,20190600,,20190900
2019-04-29 16:00:00,123.71875,20190900,123.515625,20190600,123.71875,20190900
2019-04-29 16:15:00,123.734375,20190900,123.515625,20190600,123.734375,20190900
2019-04-29 16:30:00,123.6875,20190900,123.484375,20190600,123.6875,20190900
2019-04-29 16:45:00,123.6875,20190900,123.453125,20190600,123.6875,20190900
2019-04-29 17:00:00,123.640625,20190900,123.421875,20190600,123.640625,20190900
2019-04-29 17:15:00,123.625,20190900,123.421875,20190600,123.625,20190900
2019-04-29 17:30:00,123.625,20190900,123.4375,20190600,123.625,20190900
2019-04-29 17:45:00,123.640625,20190900,123.421875,20190600,123.640625,20190900
2019-04-29 18:00:00,123.625,20190900,123.421875,20190600,123.625,20190900
2019-04-29 18:15:00,,20190900,123.40625,20190600,,20190900
2019-04-29 18:30:00,,20190900,123.40625,20190600,,20190900
2019-04-29 18:45:00,,20190900,123.390625,20190600,,20190900
2019-04-29 19:00:00,,20190900,123.421875,20190600,,20190900
2019-04-29 19:15:00,,20190900,123.390625,20190600,,20190900
2019-04-29 19:30:00,,20190900,123.390625,20190600,,20190900
2019-04-29 19:45:00,123.625,20190900,123.453125,20190600,123.625,20190900
2019-04-29 20:00:00,,20190900,123.4375,20190600,,20190900
2019-04-29 20:15:00,,20190900,123.4375,20190600,,20190900
2019-04-29 20:30:00,,20190900,123.453125,20190600,,20190900
2019-04-29 20:45:00,,20190900,123.46875,20190600,,20190900
2019-04-29 21:00:00,,20190900,123.484375,20190600,,20190900
2019-04-29 21:15:00,,20190900,123.484375,20190600,,20190900
2019-04-29 21:30:00,,20190900,123.5,20190600,,20190900
2019-04-29 21:45:00,123.6875,20190900,123.5,20190600,123.6875,20190900
2019-04-29 23:00:00,123.640625,20190900,123.65625,20190600,123.640625,20190900
2019-04-29 23:15:00,,20190900,123.53125,20190600,,20190900
2019-04-29 23:30:00,,20190900,123.53125,20190600,,20190900
2019-04-29 23:45:00,,20190900,123.546875,20190600,,20190900
2019-04-30 00:00:00,,20190900,123.53125,20190600,,20190900
2019-04-30 00:15:00,,20190900,123.546875,20190600,,20190900
2019-04-30 00:30:00,,20190900,123.546875,20190600,,20190900
2019-04-30 00:45:00,,20190900,123.546875,20190600,,20190900
2019-04-30 01:00:00,,20190900,123.5625,20190600,,20190900
2019-04-30 01:15:00,,20190900,123.5625,20190600,,20190900
2019-04-30 01:30:00,,20190900,123.5625,20190600,,20190900
2019-04-30 01:45:00,,20190900,123.53125,20190600,,20190900
2019-04-30 02:00:00,,20190900,123.59375,20190600,,20190900
2019-04-30 02:15:00,,20190900,123.59375,20190600,,20190900
2019-04-30 02:30:00,,20190900,123.59375,20190600,,20190900
2019-04-30 02:45:00,,20190900,123.625,20190600,,20190900
2019-04-30 03:00:00,,20190900,123.625,20190600,,20190900
2019-04-30 03:15:00,,20190900,123.625,20190600,,20190900
2019-04-30 03:30:00,,20190900,123.625,20190600,,20190900
2019-04-30 03:45:00,,20190900,123.640625,20190600,,20190900
2019-04-30 04:00:00,123.859375,20190900,123.625,20190600,123.859375,20190900
2019-04-30 04:15:00,,20190900,123.640625,20190600,,20190900
2019-04-30 04:30:00,,20190900,123.625,20190600,,20190900
2019-04-30 04:45:00,,20190900,123.625,20190600,,20190900
2019-04-30 05:15:00,,20190900,123.625,20190600,,20190900
2019-04-30 05:30:00,,20190900,123.640625,20190600,,20190900
2019-04-30 05:45:00,,20190900,123.625,20190600,,20190900
2019-04-30 06:15:00,,20190900,123.640625,20190600,,20190900
2019-04-30 06:30:00,,20190900,123.65625,20190600,,20190900
2019-04-30 06:45:00,,20190900,123.640625,20190600,,20190900
2019-04-30 07:00:00,,20190900,123.671875,20190600,,20190900
2019-04-30 07:15:00,,20190900,123.6875,20190600,,20190900
2019-04-30 07:30:00,,20190900,123.671875,20190600,,20190900
2019-04-30 07:45:00,,20190900,123.640625,20190600,,20190900
2019-04-30 08:00:00,,20190900,123.65625,20190600,,20190900
2019-04-30 08:15:00,,20190900,123.671875,20190600,,20190900
2019-04-30 08:30:00,123.859375,20190900,123.65625,20190600,123.859375,20190900
2019-04-30 08:45:00,123.890625,20190900,123.6875,20190600,123.890625,20190900
2019-04-30 09:00:00,,20190900,123.625,20190600,,20190900
2019-04-30 09:15:00,,20190900,123.5625,20190600,,20190900
2019-04-30 09:30:00,,20190900,123.515625,20190600,,20190900
2019-04-30 09:45:00,,20190900,123.515625,20190600,,20190900
2019-04-30 10:00:00,,20190900,123.5,20190600,,20190900
2019-04-30 10:15:00,,20190900,123.5,20190600,,20190900
2019-04-30 10:30:00,123.671875,20190900,123.5,20190600,123.671875,20190900
2019-04-30 10:45:00,,20190900,123.5,20190600,,20190900
2019-04-30 11:00:00,,20190900,123.484375,20190600,,20190900
2019-04-30 11:15:00,,20190900,123.5,20190600,,20190900
2019-04-30 11:30:00,,20190900,123.5,20190600,,20190900
2019-04-30 11:45:00,123.71875,20190900,123.453125,20190600,123.71875,20190900
2019-04-30 12:00:00,,20190900,123.5,20190600,,20190900
2019-04-30 12:15:00,,20190900,123.5,20190600,,20190900
2019-04-30 12:30:00,,20190900,123.515625,20190600,,20190900
2019-04-30 12:45:00,123.71875,20190900,123.515625,20190600,123.71875,20190900
2019-04-30 13:00:00,,20190900,123.484375,20190600,,20190900
2019-04-30 13:15:00,,20190900,123.328125,20190600,,20190900
2019-04-30 13:30:00,123.546875,20190900,123.375,20190600,123.546875,20190900
2019-04-30 13:45:00,,20190900,123.40625,20190600,,20190900
2019-04-30 14:00:00,,20190900,123.390625,20190600,,20190900
2019-04-30 14:15:00,,20190900,123.375,20190600,,20190900
2019-04-30 14:30:00,123.671875,20190900,123.515625,20190600,123.671875,20190900
2019-04-30 14:45:00,123.8125,20190900,123.59375,20190600,123.8125,20190900
2019-04-30 15:00:00,,20190900,123.59375,20190600,,20190900
2019-04-30 15:15:00,123.828125,20190900,123.578125,20190600,123.828125,20190900
2019-04-30 15:30:00,123.8125,20190900,123.609375,20190600,123.8125,20190900
2019-04-30 15:45:00,123.84375,20190900,123.640625,20190600,123.84375,20190900
2019-04-30 16:00:00,123.90625,20190900,123.65625,20190600,123.90625,20190900
2019-04-30 16:15:00,123.875,20190900,123.6875,20190600,123.875,20190900
2019-04-30 16:30:00,,20190900,123.65625,20190600,,20190900
2019-04-30 16:45:00,,20190900,123.625,20190600,,20190900
2019-04-30 17:00:00,,20190900,123.609375,20190600,,20190900
2019-04-30 17:15:00,,20190900,123.640625,20190600,,20190900
2019-04-30 17:30:00,123.828125,20190900,123.625,20190600,123.828125,20190900
2019-04-30 17:45:00,,20190900,123.65625,20190600,,20190900
2019-04-30 18:00:00,123.828125,20190900,123.640625,20190600,123.828125,20190900
2019-04-30 18:15:00,123.859375,20190900,123.671875,20190600,123.859375,20190900
2019-04-30 18:30:00,123.875,20190900,123.671875,20190600,123.875,20190900
2019-04-30 18:45:00,123.875,20190900,123.65625,20190600,123.875,20190900
2019-04-30 19:00:00,123.875,20190900,123.671875,20190600,123.875,20190900
2019-04-30 19:15:00,123.90625,20190900,123.6875,20190600,123.90625,20190900
2019-04-30 19:30:00,123.90625,20190900,123.671875,20190600,123.90625,20190900
2019-04-30 19:45:00,123.90625,20190900,123.671875,20190600,123.90625,20190900
2019-04-30 20:00:00,123.90625,20190900,123.6875,20190600,123.90625,20190900
2019-04-30 20:15:00,,20190900,123.671875,20190600,,20190900
2019-04-30 20:30:00,123.90625,20190900,123.703125,20190600,123.90625,20190900
2019-04-30 20:45:00,123.90625,20190900,123.6875,20190600,123.90625,20190900
2019-04-30 21:00:00,123.90625,20190900,123.6875,20190600,123.90625,20190900
2019-04-30 21:15:00,,20190900,123.671875,20190600,,20190900
2019-04-30 21:30:00,123.90625,20190900,123.6875,20190600,123.90625,20190900
2019-04-30 21:45:00,,20190900,123.703125,20190600,,20190900
2019-04-30 23:00:00,123.890625,20190900,123.65625,20190600,123.890625,20190900
2019-04-30 23:15:00,,20190900,123.671875,20190600,,20190900
2019-04-30 23:30:00,,20190900,123.671875,20190600,,20190900
2019-04-30 23:45:00,,20190900,123.65625,20190600,,20190900
2019-05-01 00:00:00,,20190900,123.671875,20190600,,20190900
2019-05-01 00:15:00,,20190900,123.671875,20190600,,20190900
2019-05-01 00:30:00,,20190900,123.671875,20190600,,20190900
2019-05-01 00:45:00,,20190900,123.671875,20190600,,20190900
2019-05-01 01:00:00,,20190900,123.671875,20190600,,20190900
2019-05-01 01:15:00,,20190900,123.671875,20190600,,20190900
2019-05-01 01:30:00,,20190900,123.671875,20190600,,20190900
2019-05-01 01:45:00,,20190900,123.65625,20190600,,20190900
2019-05-01 02:00:00,,20190900,123.65625,20190600,,20190900
2019-05-01 02:15:00,,20190900,123.65625,20190600,,20190900
2019-05-01 02:30:00,,20190900,123.65625,20190600,,20190900
2019-05-01 02:45:00,,20190900,123.65625,20190600,,20190900
2019-05-01 03:00:00,,20190900,123.65625,20190600,,20190900
2019-05-01 03:15:00,,20190900,123.640625,20190600,,20190900
2019-05-01 03:30:00,,20190900,123.65625,20190600,,20190900
2019-05-01 03:45:00,,20190900,123.65625,20190600,,20190900
2019-05-01 04:00:00,,20190900,123.65625,20190600,,20190900
2019-05-01 04:15:00,,20190900,123.65625,20190600,,20190900
2019-05-01 04:30:00,,20190900,123.65625,20190600,,20190900
2019-05-01 04:45:00,,20190900,123.65625,20190600,,20190900
2019-05-01 05:15:00,,20190900,123.65625,20190600,,20190900
2019-05-01 05:30:00,,20190900,123.65625,20190600,,20190900
2019-05-01 05:45:00,,20190900,123.65625,20190600,,20190900
2019-05-01 06:15:00,,20190900,123.65625,20190600,,20190900
2019-05-01 06:30:00,,20190900,123.65625,20190600,,20190900
2019-05-01 06:45:00,,20190900,123.65625,20190600,,20190900
2019-05-01 07:00:00,,20190900,123.65625,20190600,,20190900
2019-05-01 07:15:00,,20190900,123.671875,20190600,,20190900
2019-05-01 07:30:00,,20190900,123.671875,20190600,,20190900
2019-05-01 07:45:00,,20190900,123.65625,20190600,,20190900
2019-05-01 08:00:00,,20190900,123.671875,20190600,,20190900
2019-05-01 08:15:00,,20190900,123.671875,20190600,,20190900
2019-05-01 08:30:00,,20190900,123.671875,20190600,,20190900
2019-05-01 08:45:00,,20190900,123.671875,20190600,,20190900
2019-05-01 09:00:00,,20190900,123.6875,20190600,,20190900
2019-05-01 09:15:00,,20190900,123.703125,20190600,,20190900
2019-05-01 09:30:00,,20190900,123.671875,20190600,,20190900
2019-05-01 09:45:00,,20190900,123.703125,20190600,,20190900
2019-05-01 10:00:00,,20190900,123.703125,20190600,,20190900
2019-05-01 10:15:00,123.90625,20190900,123.703125,20190600,123.90625,20190900
2019-05-01 10:30:00,,20190900,123.703125,20190600,,20190900
2019-05-01 10:45:00,,20190900,123.703125,20190600,,20190900
2019-05-01 11:00:00,123.9375,20190900,123.71875,20190600,123.9375,20190900
2019-05-01 11:15:00,,20190900,123.71875,20190600,,20190900
2019-05-01 11:30:00,,20190900,123.734375,20190600,,20190900
2019-05-01 11:45:00,,20190900,123.75,20190600,,20190900
2019-05-01 12:00:00,123.953125,20190900,123.734375,20190600,123.953125,20190900
2019-05-01 12:15:00,123.96875,20190900,123.75,20190600,123.96875,20190900
2019-05-01 12:30:00,,20190900,123.75,20190600,,20190900
2019-05-01 12:45:00,123.984375,20190900,123.75,20190600,123.984375,20190900
2019-05-01 13:00:00,123.953125,20190900,123.71875,20190600,123.953125,20190900
2019-05-01 13:15:00,,20190900,123.6875,20190600,,20190900
2019-05-01 13:30:00,,20190900,123.65625,20190600,,20190900
2019-05-01 13:45:00,,20190900,123.640625,20190600,,20190900
2019-05-01 14:00:00,,20190900,123.671875,20190600,,20190900
2019-05-01 14:15:00,,20190900,123.671875,20190600,,20190900
2019-05-01 14:30:00,,20190900,123.703125,20190600,,20190900
2019-05-01 14:45:00,123.921875,20190900,123.6875,20190600,123.921875,20190900
2019-05-01 15:00:00,124.078125,20190900,123.859375,20190600,124.078125,20190900
2019-05-01 15:15:00,124.109375,20190900,123.875,20190600,124.109375,20190900
2019-05-01 15:30:00,124.09375,20190900,123.875,20190600,124.09375,20190900
2019-05-01 15:45:00,124.109375,20190900,123.875,20190600,124.109375,20190900
2019-05-01 16:00:00,124.125,20190900,123.890625,20190600,124.125,20190900
2019-05-01 16:15:00,124.140625,20190900,123.90625,20190600,124.140625,20190900
2019-05-01 16:30:00,,20190900,123.859375,20190600,,20190900
2019-05-01 16:45:00,124.09375,20190900,123.859375,20190600,124.09375,20190900
2019-05-01 17:00:00,124.0625,20190900,123.828125,20190600,124.0625,20190900
2019-05-01 17:15:00,124.109375,20190900,123.859375,20190600,124.109375,20190900
2019-05-01 17:30:00,124.09375,20190900,123.84375,20190600,124.09375,20190900
2019-05-01 17:45:00,,20190900,123.84375,20190600,,20190900
2019-05-01 18:00:00,124.0625,20190900,123.84375,20190600,124.0625,20190900
2019-05-01 18:15:00,124.0625,20190900,123.84375,20190600,124.0625,20190900
2019-05-01 18:30:00,124.09375,20190900,123.84375,20190600,124.09375,20190900
2019-05-01 18:45:00,124.046875,20190900,123.8125,20190600,124.046875,20190900
2019-05-01 19:00:00,124.28125,20190900,124.0625,20190600,124.28125,20190900
2019-05-01 19:15:00,124.28125,20190900,124.0625,20190600,124.28125,20190900
2019-05-01 19:30:00,123.8125,20190900,123.578125,20190600,123.8125,20190900
2019-05-01 19:45:00,123.78125,20190900,123.5625,20190600,123.78125,20190900
2019-05-01 20:00:00,123.78125,20190900,123.5625,20190600,123.78125,20190900
2019-05-01 20:15:00,123.703125,20190900,123.515625,20190600,123.703125,20190900
2019-05-01 20:30:00,123.78125,20190900,123.578125,20190600,123.78125,20190900
2019-05-01 20:45:00,123.796875,20190900,123.5625,20190600,123.796875,20190900
2019-05-01 21:00:00,,20190900,123.59375,20190600,,20190900
2019-05-01 21:15:00,123.8125,20190900,123.609375,20190600,123.8125,20190900
2019-05-01 21:30:00,,20190900,123.625,20190600,,20190900
2019-05-01 21:45:00,123.828125,20190900,123.609375,20190600,123.828125,20190900
2019-05-01 23:00:00,123.796875,20190900,123.65625,20190600,123.796875,20190900
2019-05-01 23:15:00,,20190900,123.609375,20190600,,20190900
2019-05-01 23:30:00,,20190900,123.625,20190600,,20190900
2019-05-01 23:45:00,,20190900,123.625,20190600,,20190900
2019-05-02 00:00:00,,20190900,123.625,20190600,,20190900
2019-05-02 00:15:00,,20190900,123.625,20190600,,20190900
2019-05-02 00:30:00,,20190900,123.609375,20190600,,20190900
2019-05-02 00:45:00,,20190900,123.609375,20190600,,20190900
2019-05-02 01:00:00,,20190900,123.59375,20190600,,20190900
2019-05-02 01:15:00,,20190900,123.578125,20190600,,20190900
2019-05-02 01:30:00,,20190900,123.578125,20190600,,20190900
2019-05-02 01:45:00,,20190900,123.53125,20190600,,20190900
2019-05-02 02:00:00,,20190900,123.53125,20190600,,20190900
2019-05-02 02:15:00,,20190900,123.53125,20190600,,20190900
2019-05-02 02:30:00,,20190900,123.515625,20190600,,20190900
2019-05-02 02:45:00,123.734375,20190900,123.515625,20190600,123.734375,20190900
2019-05-02 03:00:00,,20190900,123.515625,20190600,,20190900
2019-05-02 03:15:00,,20190900,123.515625,20190600,,20190900
2019-05-02 03:30:00,,20190900,123.5,20190600,,20190900
2019-05-02 03:45:00,,20190900,123.515625,20190600,,20190900
2019-05-02 04:00:00,,20190900,123.515625,20190600,,20190900
2019-05-02 04:15:00,,20190900,123.515625,20190600,,20190900
2019-05-02 04:30:00,,20190900,123.515625,20190600,,20190900
2019-05-02 04:45:00,,20190900,123.5,20190600,,20190900
2019-05-02 05:15:00,,20190900,123.484375,20190600,,20190900
2019-05-02 05:30:00,,20190900,123.484375,20190600,,20190900
2019-05-02 05:45:00,,20190900,123.5,20190600,,20190900
2019-05-02 06:15:00,,20190900,123.484375,20190600,,20190900
2019-05-02 06:30:00,,20190900,123.484375,20190600,,20190900
2019-05-02 06:45:00,,20190900,123.484375,20190600,,20190900
2019-05-02 07:00:00,,20190900,123.484375,20190600,,20190900
2019-05-02 07:15:00,,20190900,123.453125,20190600,,20190900
2019-05-02 07:30:00,123.625,20190900,123.4375,20190600,123.625,20190900
2019-05-02 07:45:00,,20190900,123.40625,20190600,,20190900
2019-05-02 08:00:00,,20190900,123.4375,20190600,,20190900
2019-05-02 08:15:00,,20190900,123.421875,20190600,,20190900
2019-05-02 08:30:00,,20190900,123.390625,20190600,,20190900
2019-05-02 08:45:00,,20190900,123.390625,20190600,,20190900
2019-05-02 09:00:00,,20190900,123.359375,20190600,,20190900
2019-05-02 09:15:00,,20190900,123.390625,20190600,,20190900
2019-05-02 09:30:00,,20190900,123.390625,20190600,,20190900
2019-05-02 09:45:00,123.625,20190900,123.421875,20190600,123.625,20190900
2019-05-02 10:00:00,123.625,20190900,123.375,20190600,123.625,20190900
2019-05-02 10:15:00,,20190900,123.390625,20190600,,20190900
2019-05-02 10:30:00,123.640625,20190900,123.40625,20190600,123.640625,20190900
2019-05-02 10:45:00,,20190900,123.40625,20190600,,20190900
2019-05-02 11:00:00,,20190900,123.4375,20190600,,20190900
2019-05-02 11:15:00,123.625,20190900,123.421875,20190600,123.625,20190900
2019-05-02 11:30:00,,20190900,123.4375,20190600,,20190900
2019-05-02 11:45:00,,20190900,123.453125,20190600,,20190900
2019-05-02 12:00:00,123.65625,20190900,123.4375,20190600,123.65625,20190900
2019-05-02 12:15:00,,20190900,123.453125,20190600,,20190900
2019-05-02 12:30:00,123.703125,20190900,123.46875,20190600,123.703125,20190900
2019-05-02 12:45:00,123.671875,20190900,123.484375,20190600,123.671875,20190900
2019-05-02 13:00:00,123.71875,20190900,123.5,20190600,123.71875,20190900
2019-05-02 13:15:00,123.734375,20190900,123.484375,20190600,123.734375,20190900
2019-05-02 13:30:00,,20190900,123.5,20190600,,20190900
2019-05-02 13:45:00,,20190900,123.5,20190600,,20190900
2019-05-02 14:00:00,123.65625,20190900,123.453125,20190600,123.65625,20190900
2019-05-02 14:15:00,123.640625,20190900,123.4375,20190600,123.640625,20190900
2019-05-02 14:30:00,123.640625,20190900,123.40625,20190600,123.640625,20190900
2019-05-02 14:45:00,123.65625,20190900,123.453125,20190600,123.65625,20190900
2019-05-02 15:00:00,123.640625,20190900,123.4375,20190600,123.640625,20190900
2019-05-02 15:15:00,123.625,20190900,123.390625,20190600,123.625,20190900
2019-05-02 15:30:00,123.546875,20190900,123.34375,20190600,123.546875,20190900
2019-05-02 15:45:00,123.53125,20190900,123.3125,20190600,123.53125,20190900
2019-05-02 16:00:00,123.46875,20190900,123.234375,20190600,123.46875,20190900
2019-05-02 16:15:00,123.375,20190900,123.1875,20190600,123.375,20190900
2019-05-02 16:30:00,123.40625,20190900,123.21875,20190600,123.40625,20190900
2019-05-02 16:45:00,123.453125,20190900,123.234375,20190600,123.453125,20190900
2019-05-02 17:00:00,123.4375,20190900,123.203125,20190600,123.4375,20190900
2019-05-02 17:15:00,123.421875,20190900,123.21875,20190600,123.421875,20190900
2019-05-02 17:30:00,123.421875,20190900,123.1875,20190600,123.421875,20190900
2019-05-02 17:45:00,123.375,20190900,123.1875,20190600,123.375,20190900
2019-05-02 18:00:00,123.375,20190900,123.1875,20190600,123.375,20190900
2019-05-02 18:15:00,,20190900,123.1875,20190600,,20190900
2019-05-02 18:30:00,123.390625,20190900,123.1875,20190600,123.390625,20190900
2019-05-02 18:45:00,123.390625,20190900,123.1875,20190600,123.390625,20190900
2019-05-02 19:00:00,123.390625,20190900,123.171875,20190600,123.390625,20190900
2019-05-02 19:15:00,,20190900,123.203125,20190600,,20190900
2019-05-02 19:30:00,,20190900,123.171875,20190600,,20190900
2019-05-02 19:45:00,123.375,20190900,123.1875,20190600,123.375,20190900
2019-05-02 20:00:00,123.421875,20190900,123.234375,20190600,123.421875,20190900
2019-05-02 20:15:00,123.4375,20190900,123.234375,20190600,123.4375,20190900
2019-05-02 20:30:00,123.453125,20190900,123.25,20190600,123.453125,20190900
2019-05-02 20:45:00,123.421875,20190900,123.234375,20190600,123.421875,20190900
2019-05-02 21:00:00,123.4375,20190900,123.21875,20190600,123.4375,20190900
2019-05-02 21:15:00,123.4375,20190900,123.234375,20190600,123.4375,20190900
2019-05-02 21:30:00,,20190900,123.21875,20190600,,20190900
2019-05-02 21:45:00,123.4375,20190900,123.25,20190600,123.4375,20190900
2019-05-02 23:00:00,123.4375,20190900,123.484375,20190600,123.4375,20190900
2019-05-02 23:15:00,,20190900,123.234375,20190600,,20190900
2019-05-02 23:30:00,,20190900,123.234375,20190600,,20190900
2019-05-02 23:45:00,,20190900,123.234375,20190600,,20190900
2019-05-03 00:00:00,,20190900,123.25,20190600,,20190900
2019-05-03 00:15:00,,20190900,123.234375,20190600,,20190900
2019-05-03 00:30:00,,20190900,123.25,20190600,,20190900
2019-05-03 00:45:00,,20190900,123.234375,20190600,,20190900
2019-05-03 01:00:00,,20190900,123.25,20190600,,20190900
2019-05-03 01:15:00,,20190900,123.25,20190600,,20190900
2019-05-03 01:30:00,,20190900,123.25,20190600,,20190900
2019-05-03 01:45:00,,20190900,123.25,20190600,,20190900
2019-05-03 02:00:00,,20190900,123.25,20190600,,20190900
2019-05-03 02:15:00,,20190900,123.265625,20190600,,20190900
2019-05-03 02:30:00,123.46875,20190900,123.28125,20190600,123.46875,20190900
2019-05-03 02:45:00,,20190900,123.265625,20190600,,20190900
2019-05-03 03:00:00,,20190900,123.265625,20190600,,20190900
2019-05-03 03:15:00,,20190900,123.25,20190600,,20190900
2019-05-03 03:30:00,,20190900,123.265625,20190600,,20190900
2019-05-03 03:45:00,,20190900,123.25,20190600,,20190900
2019-05-03 04:00:00,,20190900,123.25,20190600,,20190900
2019-05-03 04:15:00,,20190900,123.25,20190600,,20190900
2019-05-03 04:30:00,,20190900,123.25,20190600,,20190900
2019-05-03 04:45:00,,20190900,123.234375,20190600,,20190900
2019-05-03 05:15:00,,20190900,123.234375,20190600,,20190900
2019-05-03 05:30:00,,20190900,123.234375,20190600,,20190900
2019-05-03 05:45:00,,20190900,123.21875,20190600,,20190900
2019-05-03 06:15:00,,20190900,123.234375,20190600,,20190900
2019-05-03 06:30:00,,20190900,123.21875,20190600,,20190900
2019-05-03 06:45:00,,20190900,123.21875,20190600,,20190900
2019-05-03 07:00:00,,20190900,123.21875,20190600,,20190900
2019-05-03 07:15:00,,20190900,123.234375,20190600,,20190900
2019-05-03 07:30:00,,20190900,123.1875,20190600,,20190900
2019-05-03 07:45:00,,20190900,123.1875,20190600,,20190900
2019-05-03 08:00:00,123.375,20190900,123.171875,20190600,123.375,20190900
2019-05-03 08:15:00,,20190900,123.140625,20190600,,20190900
2019-05-03 08:30:00,,20190900,123.140625,20190600,,20190900
2019-05-03 08:45:00,,20190900,123.125,20190600,,20190900
2019-05-03 09:00:00,123.3125,20190900,123.125,20190600,123.3125,20190900
2019-05-03 09:15:00,,20190900,123.125,20190600,,20190900
2019-05-03 09:30:00,123.3125,20190900,123.140625,20190600,123.3125,20190900
2019-05-03 09:45:00,,20190900,123.09375,20190600,,20190900
2019-05-03 10:00:00,,20190900,123.09375,20190600,,20190900
2019-05-03 10:15:00,,20190900,123.078125,20190600,,20190900
2019-05-03 10:30:00,,20190900,123.09375,20190600,,20190900
2019-05-03 10:45:00,,20190900,123.09375,20190600,,20190900
2019-05-03 11:00:00,,20190900,123.109375,20190600,,20190900
2019-05-03 11:15:00,,20190900,123.109375,20190600,,20190900
2019-05-03 11:30:00,,20190900,123.109375,20190600,,20190900
2019-05-03 11:45:00,,20190900,123.109375,20190600,,20190900
2019-05-03 12:00:00,,20190900,123.140625,20190600,,20190900
2019-05-03 12:15:00,,20190900,123.09375,20190600,,20190900
2019-05-03 12:30:00,,20190900,123.09375,20190600,,20190900
2019-05-03 12:45:00,,20190900,123.09375,20190600,,20190900
2019-05-03 13:00:00,,20190900,123.09375,20190600,,20190900
2019-05-03 13:15:00,123.265625,20190900,123.0625,20190600,123.265625,20190900
2019-05-03 13:30:00,123.390625,20190900,123.203125,20190600,123.390625,20190900
2019-05-03 13:45:00,123.453125,20190900,123.25,20190600,123.453125,20190900
2019-05-03 14:00:00,123.484375,20190900,123.265625,20190600,123.484375,20190900
2019-05-03 14:15:00,123.53125,20190900,123.328125,20190600,123.53125,20190900
2019-05-03 14:30:00,123.546875,20190900,123.34375,20190600,123.546875,20190900
2019-05-03 14:45:00,123.546875,20190900,123.34375,20190600,123.546875,20190900
2019-05-03 15:00:00,123.640625,20190900,123.4375,20190600,123.640625,20190900
2019-05-03 15:15:00,123.625,20190900,123.390625,20190600,123.625,20190900
2019-05-03 15:30:00,123.59375,20190900,123.390625,20190600,123.59375,20190900
2019-05-03 15:45:00,123.59375,20190900,123.40625,20190600,123.59375,20190900
2019-05-03 16:00:00,123.625,20190900,123.390625,20190600,123.625,20190900
2019-05-03 16:15:00,123.640625,20190900,123.421875,20190600,123.640625,20190900
2019-05-03 16:30:00,123.53125,20190900,123.328125,20190600,123.53125,20190900
2019-05-03 16:45:00,123.484375,20190900,123.296875,20190600,123.484375,20190900
2019-05-03 17:00:00,123.5,20190900,123.3125,20190600,123.5,20190900
2019-05-03 17:15:00,123.53125,20190900,123.328125,20190600,123.53125,20190900
2019-05-03 17:30:00,,20190900,123.34375,20190600,,20190900
2019-05-03 17:45:00,123.546875,20190900,123.359375,20190600,123.546875,20190900
2019-05-03 18:00:00,123.53125,20190900,123.328125,20190600,123.53125,20190900
2019-05-03 18:15:00,123.53125,20190900,123.34375,20190600,123.53125,20190900
2019-05-03 18:30:00,123.515625,20190900,123.3125,20190600,123.515625,20190900
2019-05-03 18:45:00,123.5625,20190900,123.359375,20190600,123.5625,20190900
2019-05-03 19:00:00,123.5625,20190900,123.328125,20190600,123.5625,20190900
2019-05-03 19:15:00,,20190900,123.328125,20190600,,20190900
2019-05-03 19:30:00,123.53125,20190900,123.34375,20190600,123.53125,20190900
2019-05-03 19:45:00,123.53125,20190900,123.359375,20190600,123.53125,20190900
2019-05-03 20:00:00,,20190900,123.34375,20190600,,20190900
2019-05-03 20:15:00,,20190900,123.34375,20190600,,20190900
2019-05-03 20:30:00,,20190900,123.328125,20190600,,20190900
2019-05-03 20:45:00,123.546875,20190900,123.359375,20190600,123.546875,20190900
2019-05-03 21:00:00,,20190900,123.390625,20190600,,20190900
2019-05-03 21:15:00,,20190900,123.390625,20190600,,20190900
2019-05-03 21:30:00,123.578125,20190900,123.375,20190600,123.578125,20190900
2019-05-03 21:45:00,123.578125,20190900,123.390625,20190600,123.578125,20190900
2019-05-03 23:00:00,123.546875,20190900,123.234375,20190600,123.546875,20190900
2019-05-05 23:00:00,124.078125,20190900,123.875,20190600,124.078125,20190900
2019-05-05 23:15:00,124.078125,20190900,123.828125,20190600,124.078125,20190900
2019-05-05 23:30:00,124.046875,20190900,123.796875,20190600,124.046875,20190900
2019-05-05 23:45:00,124.0,20190900,123.78125,20190600,124.0,20190900
2019-05-06 00:00:00,,20190900,123.8125,20190600,,20190900
2019-05-06 00:15:00,,20190900,123.765625,20190600,,20190900
2019-05-06 00:30:00,124.0,20190900,123.78125,20190600,124.0,20190900
2019-05-06 00:45:00,124.125,20190900,123.9375,20190600,124.125,20190900
2019-05-06 01:00:00,124.140625,20190900,123.890625,20190600,124.140625,20190900
2019-05-06 01:15:00,124.1875,20190900,123.9375,20190600,124.1875,20190900
2019-05-06 01:30:00,124.203125,20190900,123.953125,20190600,124.203125,20190900
2019-05-06 01:45:00,124.3125,20190900,124.0625,20190600,124.3125,20190900
2019-05-06 02:00:00,124.296875,20190900,124.046875,20190600,124.296875,20190900
2019-05-06 02:15:00,124.234375,20190900,123.984375,20190600,124.234375,20190900
2019-05-06 02:30:00,,20190900,124.0,20190600,,20190900
2019-05-06 02:45:00,124.140625,20190900,123.921875,20190600,124.140625,20190900
2019-05-06 03:00:00,124.171875,20190900,123.9375,20190600,124.171875,20190900
2019-05-06 03:15:00,,20190900,123.984375,20190600,,20190900
2019-05-06 03:30:00,124.21875,20190900,123.953125,20190600,124.21875,20190900
2019-05-06 03:45:00,124.1875,20190900,123.9375,20190600,124.1875,20190900
2019-05-06 04:00:00,,20190900,123.9375,20190600,,20190900
2019-05-06 04:15:00,124.171875,20190900,123.9375,20190600,124.171875,20190900
2019-05-06 04:30:00,,20190900,123.953125,20190600,,20190900
2019-05-06 04:45:00,124.21875,20190900,124.0,20190600,124.21875,20190900
2019-05-06 05:15:00,,20190900,124.015625,20190600,,20190900
2019-05-06 05:30:00,124.21875,20190900,123.984375,20190600,124.21875,20190900
2019-05-06 05:45:00,124.15625,20190900,123.875,20190600,124.15625,20190900
2019-05-06 06:15:00,,20190900,123.890625,20190600,,20190900
2019-05-06 06:30:00,124.09375,20190900,123.84375,20190600,124.09375,20190900
2019-05-06 06:45:00,,20190900,123.84375,20190600,,20190900
2019-05-06 07:00:00,,20190900,123.828125,20190600,,20190900
2019-05-06 07:15:00,124.0625,20190900,123.828125,20190600,124.0625,20190900
2019-05-06 07:30:00,124.0625,20190900,123.84375,20190600,124.0625,20190900
2019-05-06 07:45:00,,20190900,123.875,20190600,,20190900
2019-05-06 08:00:00,124.140625,20190900,123.921875,20190600,124.140625,20190900
2019-05-06 08:15:00,124.0,20190900,123.765625,20190600,124.0,20190900
2019-05-06 08:30:00,124.03125,20190900,123.828125,20190600,124.03125,20190900
2019-05-06 08:45:00,,20190900,123.859375,20190600,,20190900
2019-05-06 09:00:00,124.046875,20190900,123.796875,20190600,124.046875,20190900
2019-05-06 09:15:00,,20190900,123.828125,20190600,,20190900
2019-05-06 09:30:00,,20190900,123.828125,20190600,,20190900
2019-05-06 09:45:00,,20190900,123.828125,20190600,,20190900
2019-05-06 10:00:00,,20190900,123.8125,20190600,,20190900
2019-05-06 10:15:00,124.03125,20190900,123.796875,20190600,124.03125,20190900
2019-05-06 10:30:00,,20190900,123.828125,20190600,,20190900
2019-05-06 10:45:00,,20190900,123.796875,20190600,,20190900
2019-05-06 11:00:00,124.046875,20190900,123.8125,20190600,124.046875,20190900
2019-05-06 11:15:00,,20190900,123.78125,20190600,,20190900
2019-05-06 11:30:00,,20190900,123.8125,20190600,,20190900
2019-05-06 11:45:00,,20190900,123.78125,20190600,,20190900
2019-05-06 12:00:00,124.0,20190900,123.78125,20190600,124.0,20190900
2019-05-06 12:15:00,124.0,20190900,123.78125,20190600,124.0,20190900
2019-05-06 12:30:00,124.015625,20190900,123.75,20190600,124.015625,20190900
2019-05-06 12:45:00,123.96875,20190900,123.75,20190600,123.96875,20190900
2019-05-06 13:00:00,124.015625,20190900,123.78125,20190600,124.015625,20190900
2019-05-06 13:15:00,123.96875,20190900,123.734375,20190600,123.96875,20190900
2019-05-06 13:30:00,123.9375,20190900,123.75,20190600,123.9375,20190900
2019-05-06 13:45:00,123.984375,20190900,123.75,20190600,123.984375,20190900
2019-05-06 14:00:00,124.015625,20190900,123.796875,20190600,124.015625,20190900
2019-05-06 14:15:00,124.015625,20190900,123.75,20190600,124.015625,20190900
2019-05-06 14:30:00,,20190900,123.6875,20190600,,20190900
2019-05-06 14:45:00,123.90625,20190900,123.6875,20190600,123.90625,20190900
2019-05-06 15:00:00,123.921875,20190900,123.671875,20190600,123.921875,20190900
2019-05-06 15:15:00,123.890625,20190900,123.703125,20190600,123.890625,20190900
2019-05-06 15:30:00,123.921875,20190900,123.703125,20190600,123.921875,20190900
2019-05-06 15:45:00,,20190900,123.734375,20190600,,20190900
2019-05-06 16:00:00,,20190900,123.6875,20190600,,20190900
2019-05-06 16:15:00,,20190900,123.6875,20190600,,20190900
2019-05-06 16:30:00,123.96875,20190900,123.734375,20190600,123.96875,20190900
2019-05-06 16:45:00,123.953125,20190900,123.75,20190600,123.953125,20190900
2019-05-06 17:00:00,123.984375,20190900,123.75,20190600,123.984375,20190900
2019-05-06 17:15:00,124.0,20190900,123.765625,20190600,124.0,20190900
2019-05-06 17:30:00,124.0,20190900,123.78125,20190600,124.0,20190900
2019-05-06 17:45:00,123.984375,20190900,123.765625,20190600,123.984375,20190900
2019-05-06 18:00:00,124.0,20190900,123.75,20190600,124.0,20190900
2019-05-06 18:15:00,,20190900,123.71875,20190600,,20190900
2019-05-06 18:30:00,,20190900,123.703125,20190600,,20190900
2019-05-06 18:45:00,,20190900,123.703125,20190600,,20190900
2019-05-06 19:00:00,123.921875,20190900,123.6875,20190600,123.921875,20190900
2019-05-06 19:15:00,123.921875,20190900,123.6875,20190600,123.921875,20190900
2019-05-06 19:30:00,123.890625,20190900,123.671875,20190600,123.890625,20190900
2019-05-06 19:45:00,123.84375,20190900,123.640625,20190600,123.84375,20190900
2019-05-06 20:00:00,123.859375,20190900,123.625,20190600,123.859375,20190900
2019-05-06 20:15:00,123.8125,20190900,123.609375,20190600,123.8125,20190900
2019-05-06 20:30:00,123.84375,20190900,123.609375,20190600,123.84375,20190900
2019-05-06 20:45:00,,20190900,123.625,20190600,,20190900
2019-05-06 21:00:00,,20190900,123.625,20190600,,20190900
2019-05-06 21:15:00,,20190900,123.640625,20190600,,20190900
2019-05-06 21:30:00,123.875,20190900,123.640625,20190600,123.875,20190900
2019-05-06 21:45:00,124.0625,20190900,123.84375,20190600,124.0625,20190900
2019-05-06 23:00:00,124.09375,20190900,123.859375,20190600,124.09375,20190900
2019-05-06 23:15:00,,20190900,123.890625,20190600,,20190900
2019-05-06 23:30:00,124.109375,20190900,123.890625,20190600,124.109375,20190900
2019-05-06 23:45:00,124.09375,20190900,123.859375,20190600,124.09375,20190900
2019-05-07 00:00:00,,20190900,123.875,20190600,,20190900
2019-05-07 00:15:00,,20190900,123.875,20190600,,20190900
2019-05-07 00:30:00,124.0625,20190900,123.828125,20190600,124.0625,20190900
2019-05-07 00:45:00,,20190900,123.8125,20190600,,20190900
2019-05-07 01:00:00,124.125,20190900,123.890625,20190600,124.125,20190900
2019-05-07 01:15:00,124.140625,20190900,123.890625,20190600,124.140625,20190900
2019-05-07 01:30:00,124.078125,20190900,123.84375,20190600,124.078125,20190900
2019-05-07 01:45:00,,20190900,123.828125,20190600,,20190900
2019-05-07 02:00:00,124.046875,20190900,123.84375,20190600,124.046875,20190900
2019-05-07 02:15:00,,20190900,123.828125,20190600,,20190900
2019-05-07 02:30:00,,20190900,123.8125,20190600,,20190900
2019-05-07 02:45:00,,20190900,123.828125,20190600,,20190900
2019-05-07 03:00:00,,20190900,123.796875,20190600,,20190900
2019-05-07 03:15:00,,20190900,123.78125,20190600,,20190900
2019-05-07 03:30:00,,20190900,123.796875,20190600,,20190900
2019-05-07 03:45:00,,20190900,123.765625,20190600,,20190900
2019-05-07 04:00:00,,20190900,123.765625,20190600,,20190900
2019-05-07 04:15:00,,20190900,123.78125,20190600,,20190900
2019-05-07 04:30:00,124.0625,20190900,123.828125,20190600,124.0625,20190900
2019-05-07 04:45:00,,20190900,123.828125,20190600,,20190900
2019-05-07 05:15:00,,20190900,123.84375,20190600,,20190900
2019-05-07 05:30:00,,20190900,123.765625,20190600,,20190900
2019-05-07 05:45:00,,20190900,123.78125,20190600,,20190900
2019-05-07 06:15:00,,20190900,123.8125,20190600,,20190900
2019-05-07 06:30:00,124.015625,20190900,123.78125,20190600,124.015625,20190900
2019-05-07 06:45:00,,20190900,123.796875,20190600,,20190900
2019-05-07 07:00:00,,20190900,123.8125,20190600,,20190900
2019-05-07 07:15:00,,20190900,123.671875,20190600,,20190900
2019-05-07 07:30:00,123.890625,20190900,123.640625,20190600,123.890625,20190900
2019-05-07 07:45:00,123.890625,20190900,123.65625,20190600,123.890625,20190900
2019-05-07 08:00:00,,20190900,123.671875,20190600,,20190900
2019-05-07 08:15:00,123.9375,20190900,123.734375,20190600,123.9375,20190900
2019-05-07 08:30:00,,20190900,123.734375,20190600,,20190900
2019-05-07 08:45:00,,20190900,123.765625,20190600,,20190900
2019-05-07 09:00:00,,20190900,123.78125,20190600,,20190900
2019-05-07 09:15:00,,20190900,123.796875,20190600,,20190900
2019-05-07 09:30:00,,20190900,123.796875,20190600,,20190900
2019-05-07 09:45:00,,20190900,123.84375,20190600,,20190900
2019-05-07 10:00:00,,20190900,123.828125,20190600,,20190900
2019-05-07 10:15:00,,20190900,123.78125,20190600,,20190900
2019-05-07 10:30:00,124.015625,20190900,123.796875,20190600,124.015625,20190900
2019-05-07 10:45:00,124.046875,20190900,123.828125,20190600,124.046875,20190900
2019-05-07 11:00:00,,20190900,123.828125,20190600,,20190900
2019-05-07 11:15:00,,20190900,123.828125,20190600,,20190900
2019-05-07 11:30:00,,20190900,123.796875,20190600,,20190900
2019-05-07 11:45:00,,20190900,123.84375,20190600,,20190900
2019-05-07 12:00:00,124.0625,20190900,123.828125,20190600,124.0625,20190900
2019-05-07 12:15:00,124.046875,20190900,123.8125,20190600,124.046875,20190900
2019-05-07 12:30:00,,20190900,123.78125,20190600,,20190900
2019-05-07 12:45:00,124.09375,20190900,123.875,20190600,124.09375,20190900
2019-05-07 13:00:00,124.109375,20190900,123.828125,20190600,124.109375,20190900
2019-05-07 13:15:00,,20190900,123.796875,20190600,,20190900
2019-05-07 13:30:00,124.046875,20190900,123.859375,20190600,124.046875,20190900
2019-05-07 13:45:00,,20190900,123.84375,20190600,,20190900
2019-05-07 14:00:00,124.140625,20190900,123.90625,20190600,124.140625,20190900
2019-05-07 14:15:00,124.09375,20190900,123.859375,20190600,124.09375,20190900
2019-05-07 14:30:00,124.0625,20190900,123.859375,20190600,124.0625,20190900
2019-05-07 14:45:00,,20190900,123.890625,20190600,,20190900
2019-05-07 15:00:00,124.15625,20190900,123.90625,20190600,124.15625,20190900
2019-05-07 15:15:00,124.125,20190900,123.84375,20190600,124.125,20190900
2019-05-07 15:30:00,124.125,20190900,123.890625,20190600,124.125,20190900
2019-05-07 15:45:00,124.125,20190900,123.90625,20190600,124.125,20190900
2019-05-07 16:00:00,124.15625,20190900,123.90625,20190600,124.15625,20190900
2019-05-07 16:15:00,124.15625,20190900,123.921875,20190600,124.15625,20190900
2019-05-07 16:30:00,124.140625,20190900,123.90625,20190600,124.140625,20190900
2019-05-07 16:45:00,124.15625,20190900,123.921875,20190600,124.15625,20190900
2019-05-07 17:00:00,124.1875,20190900,123.96875,20190600,124.1875,20190900
2019-05-07 17:15:00,124.15625,20190900,123.890625,20190600,124.15625,20190900
2019-05-07 17:30:00,124.15625,20190900,123.90625,20190600,124.15625,20190900
2019-05-07 17:45:00,124.15625,20190900,123.921875,20190600,124.15625,20190900
2019-05-07 18:00:00,124.21875,20190900,123.984375,20190600,124.21875,20190900
2019-05-07 18:15:00,124.234375,20190900,123.984375,20190600,124.234375,20190900
2019-05-07 18:30:00,124.25,20190900,124.015625,20190600,124.25,20190900
2019-05-07 18:45:00,124.234375,20190900,124.0,20190600,124.234375,20190900
2019-05-07 19:00:00,124.21875,20190900,123.984375,20190600,124.21875,20190900
2019-05-07 19:15:00,,20190900,124.0,20190600,,20190900
2019-05-07 19:30:00,124.234375,20190900,124.015625,20190600,124.234375,20190900
2019-05-07 19:45:00,124.234375,20190900,124.015625,20190600,124.234375,20190900
2019-05-07 20:00:00,124.265625,20190900,123.96875,20190600,124.265625,20190900
2019-05-07 20:15:00,124.21875,20190900,124.0,20190600,124.21875,20190900
2019-05-07 20:30:00,124.25,20190900,124.0,20190600,124.25,20190900
2019-05-07 20:45:00,124.203125,20190900,123.953125,20190600,124.203125,20190900
2019-05-07 21:00:00,,20190900,123.9375,20190600,,20190900
2019-05-07 21:15:00,124.171875,20190900,123.9375,20190600,124.171875,20190900
2019-05-07 21:30:00,124.234375,20190900,123.984375,20190600,124.234375,20190900
2019-05-07 21:45:00,124.171875,20190900,123.9375,20190600,124.171875,20190900
2019-05-07 23:00:00,124.015625,20190900,123.796875,20190600,124.015625,20190900
2019-05-07 23:15:00,,20190900,123.921875,20190600,,20190900
2019-05-07 23:30:00,,20190900,123.90625,20190600,,20190900
2019-05-07 23:45:00,,20190900,123.90625,20190600,,20190900
2019-05-08 00:00:00,,20190900,123.90625,20190600,,20190900
2019-05-08 00:15:00,,20190900,123.921875,20190600,,20190900
2019-05-08 00:30:00,,20190900,123.9375,20190600,,20190900
2019-05-08 00:45:00,,20190900,123.9375,20190600,,20190900
2019-05-08 01:00:00,,20190900,123.890625,20190600,,20190900
2019-05-08 01:15:00,124.125,20190900,123.875,20190600,124.125,20190900
2019-05-08 01:30:00,,20190900,123.890625,20190600,,20190900
2019-05-08 01:45:00,,20190900,123.90625,20190600,,20190900
2019-05-08 02:00:00,124.125,20190900,123.890625,20190600,124.125,20190900
2019-05-08 02:15:00,,20190900,123.875,20190600,,20190900
2019-05-08 02:30:00,,20190900,123.859375,20190600,,20190900
2019-05-08 02:45:00,,20190900,123.890625,20190600,,20190900
2019-05-08 03:00:00,124.109375,20190900,123.90625,20190600,124.109375,20190900
2019-05-08 03:15:00,,20190900,123.875,20190600,,20190900
2019-05-08 03:30:00,,20190900,123.859375,20190600,,20190900
2019-05-08 03:45:00,,20190900,123.875,20190600,,20190900
2019-05-08 04:00:00,,20190900,123.875,20190600,,20190900
2019-05-08 04:15:00,,20190900,123.875,20190600,,20190900
2019-05-08 04:30:00,,20190900,123.890625,20190600,,20190900
2019-05-08 04:45:00,,20190900,123.890625,20190600,,20190900
2019-05-08 05:15:00,124.125,20190900,123.890625,20190600,124.125,20190900
2019-05-08 05:30:00,124.125,20190900,123.875,20190600,124.125,20190900
2019-05-08 05:45:00,124.140625,20190900,123.921875,20190600,124.140625,20190900
2019-05-08 06:15:00,124.15625,20190900,123.90625,20190600,124.15625,20190900
2019-05-08 06:30:00,,20190900,123.90625,20190600,,20190900
2019-05-08 06:45:00,,20190900,123.890625,20190600,,20190900
2019-05-08 07:00:00,124.109375,20190900,123.890625,20190600,124.109375,20190900
2019-05-08 07:15:00,,20190900,123.890625,20190600,,20190900
2019-05-08 07:30:00,124.109375,20190900,123.859375,20190600,124.109375,20190900
2019-05-08 07:45:00,,20190900,123.859375,20190600,,20190900
2019-05-08 08:00:00,,20190900,123.859375,20190600,,20190900
2019-05-08 08:15:00,124.125,20190900,123.84375,20190600,124.125,20190900
2019-05-08 08:30:00,,20190900,123.875,20190600,,20190900
2019-05-08 08:45:00,,20190900,123.859375,20190600,,20190900
2019-05-08 09:00:00,,20190900,123.828125,20190600,,20190900
2019-05-08 09:15:00,,20190900,123.84375,20190600,,20190900
2019-05-08 09:30:00,,20190900,123.84375,20190600,,20190900
2019-05-08 09:45:00,,20190900,123.921875,20190600,,20190900
2019-05-08 10:00:00,,20190900,124.0,20190600,,20190900
2019-05-08 10:15:00,,20190900,123.984375,20190600,,20190900
2019-05-08 10:30:00,,20190900,124.015625,20190600,,20190900
2019-05-08 10:45:00,124.28125,20190900,124.046875,20190600,124.28125,20190900
2019-05-08 11:00:00,124.296875,20190900,124.078125,20190600,124.296875,20190900
2019-05-08 11:15:00,124.34375,20190900,124.125,20190600,124.34375,20190900
2019-05-08 11:30:00,124.390625,20190900,124.15625,20190600,124.390625,20190900
2019-05-08 11:45:00,124.390625,20190900,124.140625,20190600,124.390625,20190900
2019-05-08 12:00:00,124.40625,20190900,124.15625,20190600,124.40625,20190900
2019-05-08 12:15:00,124.375,20190900,124.125,20190600,124.375,20190900
2019-05-08 12:30:00,124.390625,20190900,124.140625,20190600,124.390625,20190900
2019-05-08 12:45:00,124.359375,20190900,124.109375,20190600,124.359375,20190900
2019-05-08 13:00:00,124.328125,20190900,124.09375,20190600,124.328125,20190900
2019-05-08 13:15:00,124.328125,20190900,124.0625,20190600,124.328125,20190900
2019-05-08 13:30:00,124.390625,20190900,124.140625,20190600,124.390625,20190900
2019-05-08 13:45:00,124.265625,20190900,124.03125,20190600,124.265625,20190900
2019-05-08 14:00:00,124.328125,20190900,124.078125,20190600,124.328125,20190900
2019-05-08 14:15:00,124.265625,20190900,124.03125,20190600,124.265625,20190900
2019-05-08 14:30:00,124.296875,20190900,124.015625,20190600,124.296875,20190900
2019-05-08 14:45:00,124.3125,20190900,124.03125,20190600,124.3125,20190900
2019-05-08 15:00:00,124.265625,20190900,124.015625,20190600,124.265625,20190900
2019-05-08 15:15:00,124.25,20190900,124.0,20190600,124.25,20190900
2019-05-08 15:30:00,124.25,20190900,123.984375,20190600,124.25,20190900
2019-05-08 15:45:00,124.0625,20190900,123.828125,20190600,124.0625,20190900
2019-05-08 16:00:00,124.15625,20190900,123.921875,20190600,124.15625,20190900
2019-05-08 16:15:00,124.15625,20190900,123.90625,20190600,124.15625,20190900
2019-05-08 16:30:00,124.1875,20190900,123.953125,20190600,124.1875,20190900
2019-05-08 16:45:00,124.109375,20190900,123.859375,20190600,124.109375,20190900
2019-05-08 17:00:00,124.125,20190900,123.90625,20190600,124.125,20190900
2019-05-08 17:15:00,,20190900,123.875,20190600,,20190900
2019-05-08 17:30:00,124.09375,20190900,123.84375,20190600,124.09375,20190900
2019-05-08 17:45:00,124.0625,20190900,123.8125,20190600,124.0625,20190900
2019-05-08 18:00:00,123.921875,20190900,123.703125,20190600,123.921875,20190900
2019-05-08 18:15:00,123.984375,20190900,123.734375,20190600,123.984375,20190900
2019-05-08 18:30:00,123.96875,20190900,123.75,20190600,123.96875,20190900
2019-05-08 18:45:00,123.96875,20190900,123.75,20190600,123.96875,20190900
2019-05-08 19:00:00,123.96875,20190900,123.734375,20190600,123.96875,20190900
2019-05-08 19:15:00,123.953125,20190900,123.71875,20190600,123.953125,20190900
2019-05-08 19:30:00,123.953125,20190900,123.75,20190600,123.953125,20190900
2019-05-08 19:45:00,123.984375,20190900,123.734375,20190600,123.984375,20190900
2019-05-08 20:00:00,123.953125,20190900,123.71875,20190600,123.953125,20190900
2019-05-08 20:15:00,123.953125,20190900,123.71875,20190600,123.953125,20190900
2019-05-08 20:30:00,123.953125,20190900,123.734375,20190600,123.953125,20190900
2019-05-08 20:45:00,123.96875,20190900,123.734375,20190600,123.96875,20190900
2019-05-08 21:00:00,123.9375,20190900,123.703125,20190600,123.9375,20190900
2019-05-08 21:15:00,123.96875,20190900,123.6875,20190600,123.96875,20190900
2019-05-08 21:30:00,123.921875,20190900,123.734375,20190600,123.921875,20190900
2019-05-08 21:45:00,123.96875,20190900,123.75,20190600,123.96875,20190900
2019-05-08 23:00:00,123.984375,20190900,123.921875,20190600,123.984375,20190900
2019-05-08 23:15:00,,20190900,123.78125,20190600,,20190900
2019-05-08 23:30:00,,20190900,123.78125,20190600,,20190900
2019-05-08 23:45:00,,20190900,123.78125,20190600,,20190900
2019-05-09 00:00:00,,20190900,123.78125,20190600,,20190900
2019-05-09 00:15:00,,20190900,123.765625,20190600,,20190900
2019-05-09 00:30:00,,20190900,123.796875,20190600,,20190900
2019-05-09 00:45:00,,20190900,123.8125,20190600,,20190900
2019-05-09 01:00:00,,20190900,123.828125,20190600,,20190900
2019-05-09 01:15:00,124.109375,20190900,123.953125,20190600,124.109375,20190900
2019-05-09 01:30:00,,20190900,123.921875,20190600,,20190900
2019-05-09 01:45:00,,20190900,123.890625,20190600,,20190900
2019-05-09 02:00:00,,20190900,123.875,20190600,,20190900
2019-05-09 02:15:00,,20190900,123.875,20190600,,20190900
2019-05-09 02:30:00,,20190900,123.84375,20190600,,20190900
2019-05-09 02:45:00,,20190900,123.890625,20190600,,20190900
2019-05-09 03:00:00,,20190900,123.90625,20190600,,20190900
2019-05-09 03:15:00,,20190900,123.90625,20190600,,20190900
2019-05-09 03:30:00,,20190900,123.890625,20190600,,20190900
2019-05-09 03:45:00,,20190900,123.875,20190600,,20190900
2019-05-09 04:00:00,,20190900,123.890625,20190600,,20190900
2019-05-09 04:15:00,,20190900,123.90625,20190600,,20190900
2019-05-09 04:30:00,124.15625,20190900,123.890625,20190600,124.15625,20190900
2019-05-09 04:45:00,,20190900,123.875,20190600,,20190900
2019-05-09 05:15:00,,20190900,123.875,20190600,,20190900
2019-05-09 05:30:00,124.109375,20190900,123.859375,20190600,124.109375,20190900
2019-05-09 05:45:00,124.078125,20190900,123.84375,20190600,124.078125,20190900
2019-05-09 06:15:00,124.078125,20190900,123.84375,20190600,124.078125,20190900
2019-05-09 06:30:00,,20190900,123.84375,20190600,,20190900
2019-05-09 06:45:00,,20190900,123.84375,20190600,,20190900
2019-05-09 07:00:00,,20190900,123.859375,20190600,,20190900
2019-05-09 07:15:00,,20190900,123.875,20190600,,20190900
2019-05-09 07:30:00,124.125,20190900,123.875,20190600,124.125,20190900
2019-05-09 07:45:00,124.1875,20190900,123.9375,20190600,124.1875,20190900
2019-05-09 08:00:00,,20190900,123.9375,20190600,,20190900
2019-05-09 08:15:00,124.21875,20190900,123.96875,20190600,124.21875,20190900
2019-05-09 08:30:00,124.21875,20190900,124.0,20190600,124.21875,20190900
2019-05-09 08:45:00,124.25,20190900,124.03125,20190600,124.25,20190900
2019-05-09 09:00:00,124.296875,20190900,124.046875,20190600,124.296875,20190900
2019-05-09 09:15:00,124.3125,20190900,124.0625,20190600,124.3125,20190900
2019-05-09 09:30:00,124.28125,20190900,124.015625,20190600,124.28125,20190900
2019-05-09 09:45:00,,20190900,124.0,20190600,,20190900
2019-05-09 10:00:00,124.203125,20190900,123.96875,20190600,124.203125,20190900
2019-05-09 10:15:00,124.203125,20190900,123.984375,20190600,124.203125,20190900
2019-05-09 10:30:00,124.25,20190900,124.0,20190600,124.25,20190900
2019-05-09 10:45:00,124.28125,20190900,124.046875,20190600,124.28125,20190900
2019-05-09 11:00:00,124.28125,20190900,124.046875,20190600,124.28125,20190900
2019-05-09 11:15:00,124.28125,20190900,124.015625,20190600,124.28125,20190900
2019-05-09 11:30:00,,20190900,124.0,20190600,,20190900
2019-05-09 11:45:00,,20190900,123.984375,20190600,,20190900
2019-05-09 12:00:00,124.21875,20190900,124.0,20190600,124.21875,20190900
2019-05-09 12:15:00,,20190900,124.015625,20190600,,20190900
2019-05-09 12:30:00,,20190900,124.046875,20190600,,20190900
2019-05-09 12:45:00,124.3125,20190900,124.0625,20190600,124.3125,20190900
2019-05-09 13:00:00,124.3125,20190900,124.09375,20190600,124.3125,20190900
2019-05-09 13:15:00,124.359375,20190900,124.09375,20190600,124.359375,20190900
2019-05-09 13:30:00,124.375,20190900,124.125,20190600,124.375,20190900
2019-05-09 13:45:00,124.40625,20190900,124.125,20190600,124.40625,20190900
2019-05-09 14:00:00,124.375,20190900,124.140625,20190600,124.375,20190900
2019-05-09 14:15:00,124.375,20190900,124.125,20190600,124.375,20190900
2019-05-09 14:30:00,124.34375,20190900,124.109375,20190600,124.34375,20190900
2019-05-09 14:45:00,124.453125,20190900,124.203125,20190600,124.453125,20190900
2019-05-09 15:00:00,124.453125,20190900,124.1875,20190600,124.453125,20190900
2019-05-09 15:15:00,124.484375,20190900,124.21875,20190600,124.484375,20190900
2019-05-09 15:30:00,124.4375,20190900,124.1875,20190600,124.4375,20190900
2019-05-09 15:45:00,124.421875,20190900,124.171875,20190600,124.421875,20190900
2019-05-09 16:00:00,124.34375,20190900,124.078125,20190600,124.34375,20190900
2019-05-09 16:15:00,124.390625,20190900,124.125,20190600,124.390625,20190900
2019-05-09 16:30:00,124.375,20190900,124.09375,20190600,124.375,20190900
2019-05-09 16:45:00,124.34375,20190900,124.078125,20190600,124.34375,20190900
2019-05-09 17:00:00,124.328125,20190900,124.078125,20190600,124.328125,20190900
2019-05-09 17:15:00,124.296875,20190900,124.046875,20190600,124.296875,20190900
2019-05-09 17:30:00,124.21875,20190900,123.984375,20190600,124.21875,20190900
2019-05-09 17:45:00,124.125,20190900,123.90625,20190600,124.125,20190900
2019-05-09 18:00:00,124.1875,20190900,123.953125,20190600,124.1875,20190900
2019-05-09 18:15:00,124.265625,20190900,124.03125,20190600,124.265625,20190900
2019-05-09 18:30:00,124.25,20190900,124.0,20190600,124.25,20190900
2019-05-09 18:45:00,,20190900,124.03125,20190600,,20190900
2019-05-09 19:00:00,,20190900,124.0,20190600,,20190900
2019-05-09 19:15:00,124.21875,20190900,123.9375,20190600,124.21875,20190900
2019-05-09 19:30:00,,20190900,123.953125,20190600,,20190900
2019-05-09 19:45:00,124.234375,20190900,123.984375,20190600,124.234375,20190900
2019-05-09 20:00:00,124.234375,20190900,124.03125,20190600,124.234375,20190900
2019-05-09 20:15:00,,20190900,124.015625,20190600,,20190900
2019-05-09 20:30:00,124.234375,20190900,124.015625,20190600,124.234375,20190900
2019-05-09 20:45:00,124.25,20190900,124.0,20190600,124.25,20190900
2019-05-09 21:00:00,,20190900,124.0,20190600,,20190900
2019-05-09 21:15:00,,20190900,123.984375,20190600,,20190900
2019-05-09 21:30:00,,20190900,124.0,20190600,,20190900
2019-05-09 21:45:00,124.28125,20190900,124.0625,20190600,124.28125,20190900
2019-05-09 23:00:00,124.359375,20190900,123.828125,20190600,124.359375,20190900
2019-05-09 23:15:00,124.3125,20190900,124.078125,20190600,124.3125,20190900
2019-05-09 23:30:00,,20190900,124.0625,20190600,,20190900
2019-05-09 23:45:00,,20190900,124.0625,20190600,,20190900
2019-05-10 00:00:00,,20190900,124.03125,20190600,,20190900
2019-05-10 00:15:00,124.25,20190900,124.0,20190600,124.25,20190900
2019-05-10 00:30:00,,20190900,124.0,20190600,,20190900
2019-05-10 00:45:00,124.234375,20190900,123.984375,20190600,124.234375,20190900
2019-05-10 01:00:00,124.15625,20190900,123.90625,20190600,124.15625,20190900
2019-05-10 01:15:00,124.21875,20190900,123.96875,20190600,124.21875,20190900
2019-05-10 01:30:00,124.234375,20190900,123.953125,20190600,124.234375,20190900
2019-05-10 01:45:00,124.234375,20190900,124.0,20190600,124.234375,20190900
2019-05-10 02:00:00,,20190900,123.96875,20190600,,20190900
2019-05-10 02:15:00,,20190900,123.96875,20190600,,20190900
2019-05-10 02:30:00,124.171875,20190900,123.90625,20190600,124.171875,20190900
2019-05-10 02:45:00,,20190900,123.875,20190600,,20190900
2019-05-10 03:00:00,124.125,20190900,123.921875,20190600,124.125,20190900
2019-05-10 03:15:00,,20190900,123.9375,20190600,,20190900
2019-05-10 03:30:00,124.1875,20190900,123.953125,20190600,124.1875,20190900
2019-05-10 03:45:00,124.25,20190900,124.03125,20190600,124.25,20190900
2019-05-10 04:00:00,124.3125,20190900,124.03125,20190600,124.3125,20190900
2019-05-10 04:15:00,124.234375,20190900,124.015625,20190600,124.234375,20190900
2019-05-10 04:30:00,,20190900,124.0,20190600,,20190900
2019-05-10 04:45:00,124.328125,20190900,124.078125,20190600,124.328125,20190900
2019-05-10 05:15:00,124.328125,20190900,124.109375,20190600,124.328125,20190900
2019-05-10 05:30:00,124.375,20190900,124.09375,20190600,124.375,20190900
2019-05-10 05:45:00,,20190900,124.09375,20190600,,20190900
2019-05-10 06:15:00,,20190900,124.09375,20190600,,20190900
2019-05-10 06:30:00,124.328125,20190900,124.078125,20190600,124.328125,20190900
2019-05-10 06:45:00,124.3125,20190900,124.03125,20190600,124.3125,20190900
2019-05-10 07:00:00,124.3125,20190900,124.0625,20190600,124.3125,20190900
2019-05-10 07:15:00,124.25,20190900,124.0,20190600,124.25,20190900
2019-05-10 07:30:00,124.265625,20190900,124.015625,20190600,124.265625,20190900
2019-05-10 07:45:00,,20190900,124.015625,20190600,,20190900
2019-05-10 08:00:00,,20190900,124.03125,20190600,,20190900
2019-05-10 08:15:00,124.3125,20190900,124.03125,20190600,124.3125,20190900
2019-05-10 08:30:00,,20190900,124.0625,20190600,,20190900
2019-05-10 08:45:00,,20190900,124.046875,20190600,,20190900
2019-05-10 09:00:00,124.265625,20190900,124.03125,20190600,124.265625,20190900
2019-05-10 09:15:00,,20190900,124.0,20190600,,20190900
2019-05-10 09:30:00,124.234375,20190900,123.953125,20190600,124.234375,20190900
2019-05-10 09:45:00,124.234375,20190900,123.984375,20190600,124.234375,20190900
2019-05-10 10:00:00,,20190900,123.984375,20190600,,20190900
2019-05-10 10:15:00,,20190900,123.953125,20190600,,20190900
2019-05-10 10:30:00,124.21875,20190900,123.984375,20190600,124.21875,20190900
2019-05-10 10:45:00,,20190900,123.984375,20190600,,20190900
2019-05-10 11:00:00,,20190900,124.0,20190600,,20190900
2019-05-10 11:15:00,124.203125,20190900,123.96875,20190600,124.203125,20190900
2019-05-10 11:30:00,,20190900,123.9375,20190600,,20190900
2019-05-10 11:45:00,124.15625,20190900,124.0,20190600,124.15625,20190900
2019-05-10 12:00:00,,20190900,124.0,20190600,,20190900
2019-05-10 12:15:00,,20190900,124.03125,20190600,,20190900
2019-05-10 12:30:00,124.265625,20190900,124.03125,20190600,124.265625,20190900
2019-05-10 12:45:00,124.28125,20190900,124.046875,20190600,124.28125,20190900
2019-05-10 13:00:00,124.34375,20190900,124.0625,20190600,124.34375,20190900
2019-05-10 13:15:00,124.328125,20190900,124.046875,20190600,124.328125,20190900
2019-05-10 13:30:00,124.328125,20190900,124.078125,20190600,124.328125,20190900
2019-05-10 13:45:00,124.359375,20190900,124.09375,20190600,124.359375,20190900
2019-05-10 14:00:00,124.265625,20190900,124.03125,20190600,124.265625,20190900
2019-05-10 14:15:00,124.3125,20190900,124.03125,20190600,124.3125,20190900
2019-05-10 14:30:00,124.296875,20190900,124.046875,20190600,124.296875,20190900
2019-05-10 14:45:00,124.28125,20190900,124.0625,20190600,124.28125,20190900
2019-05-10 15:00:00,124.359375,20190900,124.109375,20190600,124.359375,20190900
2019-05-10 15:15:00,124.3125,20190900,124.078125,20190600,124.3125,20190900
2019-05-10 15:30:00,124.4375,20190900,124.1875,20190600,124.4375,20190900
2019-05-10 15:45:00,124.421875,20190900,124.1875,20190600,124.421875,20190900
2019-05-10 16:00:00,124.4375,20190900,124.1875,20190600,124.4375,20190900
2019-05-10 16:15:00,124.421875,20190900,124.1875,20190600,124.421875,20190900
2019-05-10 16:30:00,124.421875,20190900,124.1875,20190600,124.421875,20190900
2019-05-10 16:45:00,124.390625,20190900,124.15625,20190600,124.390625,20190900
2019-05-10 17:00:00,124.375,20190900,124.125,20190600,124.375,20190900
2019-05-10 17:15:00,124.34375,20190900,124.09375,20190600,124.34375,20190900
2019-05-10 17:30:00,124.328125,20190900,124.078125,20190600,124.328125,20190900
2019-05-10 17:45:00,124.359375,20190900,124.109375,20190600,124.359375,20190900
2019-05-10 18:00:00,124.359375,20190900,124.109375,20190600,124.359375,20190900
2019-05-10 18:15:00,124.265625,20190900,124.015625,20190600,124.265625,20190900
2019-05-10 18:30:00,124.265625,20190900,124.015625,20190600,124.265625,20190900
2019-05-10 18:45:00,124.203125,20190900,123.953125,20190600,124.203125,20190900
2019-05-10 19:00:00,124.1875,20190900,123.953125,20190600,124.1875,20190900
2019-05-10 19:15:00,124.234375,20190900,123.984375,20190600,124.234375,20190900
2019-05-10 19:30:00,124.234375,20190900,123.984375,20190600,124.234375,20190900
2019-05-10 19:45:00,124.234375,20190900,123.984375,20190600,124.234375,20190900
2019-05-10 20:00:00,,20190900,123.9375,20190600,,20190900
2019-05-10 20:15:00,124.078125,20190900,123.859375,20190600,124.078125,20190900
2019-05-10 20:30:00,124.171875,20190900,123.953125,20190600,124.171875,20190900
2019-05-10 20:45:00,124.171875,20190900,123.890625,20190600,124.171875,20190900
2019-05-10 21:00:00,124.109375,20190900,123.875,20190600,124.109375,20190900
2019-05-10 21:15:00,124.09375,20190900,123.859375,20190600,124.09375,20190900
2019-05-10 21:30:00,124.078125,20190900,123.859375,20190600,124.078125,20190900
2019-05-10 21:45:00,124.078125,20190900,123.875,20190600,124.078125,20190900
2019-05-10 23:00:00,124.109375,20190900,124.078125,20190600,124.109375,20190900
2019-05-12 23:00:00,,20190900,124.125,20190600,,20190900
2019-05-12 23:15:00,124.375,20190900,124.109375,20190600,124.375,20190900
2019-05-12 23:30:00,124.375,20190900,124.109375,20190600,124.375,20190900
2019-05-12 23:45:00,,20190900,124.109375,20190600,,20190900
2019-05-13 00:00:00,,20190900,124.109375,20190600,,20190900
2019-05-13 00:15:00,124.359375,20190900,124.109375,20190600,124.359375,20190900
2019-05-13 00:30:00,124.40625,20190900,124.15625,20190600,124.40625,20190900
2019-05-13 00:45:00,124.421875,20190900,124.15625,20190600,124.421875,20190900
2019-05-13 01:00:00,124.453125,20190900,124.171875,20190600,124.453125,20190900
2019-05-13 01:15:00,124.390625,20190900,124.125,20190600,124.390625,20190900
2019-05-13 01:30:00,124.390625,20190900,124.140625,20190600,124.390625,20190900
2019-05-13 01:45:00,,20190900,124.125,20190600,,20190900
2019-05-13 02:00:00,,20190900,124.140625,20190600,,20190900
2019-05-13 02:15:00,124.359375,20190900,124.09375,20190600,124.359375,20190900
2019-05-13 02:30:00,,20190900,124.109375,20190600,,20190900
2019-05-13 02:45:00,,20190900,124.09375,20190600,,20190900
2019-05-13 03:00:00,,20190900,124.09375,20190600,,20190900
2019-05-13 03:15:00,,20190900,124.125,20190600,,20190900
2019-05-13 03:30:00,124.375,20190900,124.125,20190600,124.375,20190900
2019-05-13 03:45:00,124.375,20190900,124.140625,20190600,124.375,20190900
2019-05-13 04:00:00,124.390625,20190900,124.140625,20190600,124.390625,20190900
2019-05-13 04:15:00,,20190900,124.140625,20190600,,20190900
2019-05-13 04:30:00,,20190900,124.125,20190600,,20190900
2019-05-13 04:45:00,,20190900,124.140625,20190600,,20190900
2019-05-13 05:15:00,,20190900,124.140625,20190600,,20190900
2019-05-13 05:30:00,124.390625,20190900,124.140625,20190600,124.390625,20190900
2019-05-13 05:45:00,124.375,20190900,124.125,20190600,124.375,20190900
2019-05-13 06:15:00,,20190900,124.140625,20190600,,20190900
2019-05-13 06:30:00,,20190900,124.140625,20190600,,20190900
2019-05-13 06:45:00,124.40625,20190900,124.125,20190600,124.40625,20190900
2019-05-13 07:00:00,124.375,20190900,124.125,20190600,124.375,20190900
2019-05-13 07:15:00,,20190900,124.09375,20190600,,20190900
2019-05-13 07:30:00,,20190900,124.09375,20190600,,20190900
2019-05-13 07:45:00,124.375,20190900,124.109375,20190600,124.375,20190900
2019-05-13 08:00:00,124.421875,20190900,124.171875,20190600,124.421875,20190900
2019-05-13 08:15:00,124.484375,20190900,124.203125,20190600,124.484375,20190900
2019-05-13 08:30:00,,20190900,124.21875,20190600,,20190900
2019-05-13 08:45:00,124.53125,20190900,124.265625,20190600,124.53125,20190900
2019-05-13 09:00:00,124.5625,20190900,124.265625,20190600,124.5625,20190900
2019-05-13 09:15:00,124.515625,20190900,124.265625,20190600,124.515625,20190900
2019-05-13 09:30:00,124.546875,20190900,124.25,20190600,124.546875,20190900
2019-05-13 09:45:00,124.515625,20190900,124.265625,20190600,124.515625,20190900
2019-05-13 10:00:00,124.5,20190900,124.21875,20190600,124.5,20190900
2019-05-13 10:15:00,,20190900,124.234375,20190600,,20190900
2019-05-13 10:30:00,124.5,20190900,124.234375,20190600,124.5,20190900
2019-05-13 10:45:00,124.5,20190900,124.25,20190600,124.5,20190900
2019-05-13 11:00:00,,20190900,124.21875,20190600,,20190900
2019-05-13 11:15:00,124.46875,20190900,124.25,20190600,124.46875,20190900
2019-05-13 11:30:00,124.5,20190900,124.234375,20190600,124.5,20190900
2019-05-13 11:45:00,124.484375,20190900,124.234375,20190600,124.484375,20190900
2019-05-13 12:00:00,124.484375,20190900,124.21875,20190600,124.484375,20190900
2019-05-13 12:15:00,124.484375,20190900,124.234375,20190600,124.484375,20190900
2019-05-13 12:30:00,124.453125,20190900,124.21875,20190600,124.453125,20190900
2019-05-13 12:45:00,124.5,20190900,124.265625,20190600,124.5,20190900
2019-05-13 13:00:00,124.546875,20190900,124.265625,20190600,124.546875,20190900
2019-05-13 13:15:00,124.515625,20190900,124.28125,20190600,124.515625,20190900
2019-05-13 13:30:00,124.578125,20190900,124.3125,20190600,124.578125,20190900
2019-05-13 13:45:00,,20190900,124.28125,20190600,,20190900
2019-05-13 14:00:00,124.578125,20190900,124.328125,20190600,124.578125,20190900
2019-05-13 14:15:00,124.640625,20190900,124.375,20190600,124.640625,20190900
2019-05-13 14:30:00,124.625,20190900,124.34375,20190600,124.625,20190900
2019-05-13 14:45:00,124.6875,20190900,124.40625,20190600,124.6875,20190900
2019-05-13 15:00:00,124.71875,20190900,124.4375,20190600,124.71875,20190900
2019-05-13 15:15:00,124.703125,20190900,124.421875,20190600,124.703125,20190900
2019-05-13 15:30:00,124.671875,20190900,124.375,20190600,124.671875,20190900
2019-05-13 15:45:00,124.734375,20190900,124.46875,20190600,124.734375,20190900
2019-05-13 16:00:00,124.703125,20190900,124.421875,20190600,124.703125,20190900
2019-05-13 16:15:00,124.796875,20190900,124.53125,20190600,124.796875,20190900
2019-05-13 16:30:00,124.828125,20190900,124.546875,20190600,124.828125,20190900
2019-05-13 16:45:00,124.765625,20190900,124.484375,20190600,124.765625,20190900
2019-05-13 17:00:00,124.796875,20190900,124.5,20190600,124.796875,20190900
2019-05-13 17:15:00,124.8125,20190900,124.546875,20190600,124.8125,20190900
2019-05-13 17:30:00,124.796875,20190900,124.5,20190600,124.796875,20190900
2019-05-13 17:45:00,124.796875,20190900,124.53125,20190600,124.796875,20190900
2019-05-13 18:00:00,124.828125,20190900,124.53125,20190600,124.828125,20190900
2019-05-13 18:15:00,124.796875,20190900,124.546875,20190600,124.796875,20190900
2019-05-13 18:30:00,124.734375,20190900,124.484375,20190600,124.734375,20190900
2019-05-13 18:45:00,124.75,20190900,124.46875,20190600,124.75,20190900
2019-05-13 19:00:00,124.75,20190900,124.484375,20190600,124.75,20190900
2019-05-13 19:15:00,124.6875,20190900,124.421875,20190600,124.6875,20190900
2019-05-13 19:30:00,124.75,20190900,124.46875,20190600,124.75,20190900
2019-05-13 19:45:00,124.6875,20190900,124.4375,20190600,124.6875,20190900
2019-05-13 20:00:00,124.71875,20190900,124.421875,20190600,124.71875,20190900
2019-05-13 20:15:00,124.78125,20190900,124.484375,20190600,124.78125,20190900
2019-05-13 20:30:00,124.78125,20190900,124.484375,20190600,124.78125,20190900
2019-05-13 20:45:00,,20190900,124.484375,20190600,,20190900
2019-05-13 21:00:00,,20190900,124.46875,20190600,,20190900
2019-05-13 21:15:00,124.71875,20190900,124.453125,20190600,124.71875,20190900
2019-05-13 21:30:00,,20190900,124.4375,20190600,,20190900
2019-05-13 21:45:00,124.71875,20190900,124.4375,20190600,124.71875,20190900
2019-05-13 23:00:00,124.734375,20190900,124.125,20190600,124.734375,20190900
2019-05-13 23:15:00,124.703125,20190900,124.4375,20190600,124.703125,20190900
2019-05-13 23:30:00,,20190900,124.4375,20190600,,20190900
2019-05-13 23:45:00,124.6875,20190900,124.4375,20190600,124.6875,20190900
2019-05-14 00:00:00,,20190900,124.453125,20190600,,20190900
2019-05-14 00:15:00,,20190900,124.4375,20190600,,20190900
2019-05-14 00:30:00,124.75,20190900,124.46875,20190600,124.75,20190900
2019-05-14 00:45:00,124.75,20190900,124.46875,20190600,124.75,20190900
2019-05-14 01:00:00,124.75,20190900,124.453125,20190600,124.75,20190900
2019-05-14 01:15:00,124.765625,20190900,124.484375,20190600,124.765625,20190900
2019-05-14 01:30:00,124.796875,20190900,124.515625,20190600,124.796875,20190900
2019-05-14 01:45:00,124.6875,20190900,124.390625,20190600,124.6875,20190900
2019-05-14 02:00:00,,20190900,124.40625,20190600,,20190900
2019-05-14 02:15:00,124.640625,20190900,124.375,20190600,124.640625,20190900
2019-05-14 02:30:00,,20190900,124.34375,20190600,,20190900
2019-05-14 02:45:00,124.59375,20190900,124.328125,20190600,124.59375,20190900
2019-05-14 03:00:00,,20190900,124.328125,20190600,,20190900
2019-05-14 03:15:00,124.578125,20190900,124.3125,20190600,124.578125,20190900
2019-05-14 03:30:00,,20190900,124.328125,20190600,,20190900
2019-05-14 03:45:00,124.609375,20190900,124.328125,20190600,124.609375,20190900
2019-05-14 04:00:00,124.59375,20190900,124.328125,20190600,124.59375,20190900
2019-05-14 04:15:00,,20190900,124.328125,20190600,,20190900
2019-05-14 04:30:00,124.609375,20190900,124.3125,20190600,124.609375,20190900
2019-05-14 04:45:00,,20190900,124.3125,20190600,,20190900
2019-05-14 05:15:00,124.59375,20190900,124.328125,20190600,124.59375,20190900
2019-05-14 05:30:00,,20190900,124.3125,20190600,,20190900
2019-05-14 05:45:00,124.578125,20190900,124.3125,20190600,124.578125,20190900
2019-05-14 06:15:00,,20190900,124.3125,20190600,,20190900
2019-05-14 06:30:00,124.578125,20190900,124.3125,20190600,124.578125,20190900
2019-05-14 06:45:00,,20190900,124.328125,20190600,,20190900
2019-05-14 07:00:00,124.609375,20190900,124.359375,20190600,124.609375,20190900
2019-05-14 07:15:00,124.59375,20190900,124.375,20190600,124.59375,20190900
2019-05-14 07:30:00,124.625,20190900,124.375,20190600,124.625,20190900
2019-05-14 07:45:00,,20190900,124.390625,20190600,,20190900
2019-05-14 08:00:00,124.609375,20190900,124.3125,20190600,124.609375,20190900
2019-05-14 08:15:00,124.546875,20190900,124.328125,20190600,124.546875,20190900
2019-05-14 08:30:00,124.5625,20190900,124.328125,20190600,124.5625,20190900
2019-05-14 08:45:00,124.625,20190900,124.359375,20190600,124.625,20190900
2019-05-14 09:00:00,124.640625,20190900,124.390625,20190600,124.640625,20190900
2019-05-14 09:15:00,124.640625,20190900,124.390625,20190600,124.640625,20190900
2019-05-14 09:30:00,124.65625,20190900,124.390625,20190600,124.65625,20190900
2019-05-14 09:45:00,,20190900,124.34375,20190600,,20190900
2019-05-14 10:00:00,124.625,20190900,124.359375,20190600,124.625,20190900
2019-05-14 10:15:00,,20190900,124.375,20190600,,20190900
2019-05-14 10:30:00,,20190900,124.34375,20190600,,20190900
2019-05-14 10:45:00,124.65625,20190900,124.390625,20190600,124.65625,20190900
2019-05-14 11:00:00,,20190900,124.375,20190600,,20190900
2019-05-14 11:15:00,,20190900,124.390625,20190600,,20190900
2019-05-14 11:30:00,124.671875,20190900,124.40625,20190600,124.671875,20190900
2019-05-14 11:45:00,124.640625,20190900,124.375,20190600,124.640625,20190900
2019-05-14 12:00:00,124.59375,20190900,124.328125,20190600,124.59375,20190900
2019-05-14 12:15:00,124.59375,20190900,124.34375,20190600,124.59375,20190900
2019-05-14 12:30:00,,20190900,124.34375,20190600,,20190900
2019-05-14 12:45:00,124.625,20190900,124.359375,20190600,124.625,20190900
2019-05-14 13:00:00,124.59375,20190900,124.328125,20190600,124.59375,20190900
2019-05-14 13:15:00,124.625,20190900,124.40625,20190600,124.625,20190900
2019-05-14 13:30:00,124.71875,20190900,124.453125,20190600,124.71875,20190900
2019-05-14 13:45:00,124.671875,20190900,124.40625,20190600,124.671875,20190900
2019-05-14 14:00:00,124.703125,20190900,124.421875,20190600,124.703125,20190900
2019-05-14 14:15:00,,20190900,124.375,20190600,,20190900
2019-05-14 14:30:00,124.625,20190900,124.34375,20190600,124.625,20190900
2019-05-14 14:45:00,124.671875,20190900,124.421875,20190600,124.671875,20190900
2019-05-14 15:00:00,124.6875,20190900,124.40625,20190600,124.6875,20190900
2019-05-14 15:15:00,124.65625,20190900,124.375,20190600,124.65625,20190900
2019-05-14 15:30:00,124.640625,20190900,124.390625,20190600,124.640625,20190900
2019-05-14 15:45:00,124.640625,20190900,124.375,20190600,124.640625,20190900
2019-05-14 16:00:00,124.609375,20190900,124.328125,20190600,124.609375,20190900
2019-05-14 16:15:00,124.546875,20190900,124.3125,20190600,124.546875,20190900
2019-05-14 16:30:00,124.53125,20190900,124.28125,20190600,124.53125,20190900
2019-05-14 16:45:00,124.546875,20190900,124.265625,20190600,124.546875,20190900
2019-05-14 17:00:00,124.546875,20190900,124.28125,20190600,124.546875,20190900
2019-05-14 17:15:00,124.578125,20190900,124.328125,20190600,124.578125,20190900
2019-05-14 17:30:00,124.578125,20190900,124.3125,20190600,124.578125,20190900
2019-05-14 17:45:00,124.5625,20190900,124.328125,20190600,124.5625,20190900
2019-05-14 18:00:00,124.546875,20190900,124.28125,20190600,124.546875,20190900
2019-05-14 18:15:00,124.546875,20190900,124.28125,20190600,124.546875,20190900
2019-05-14 18:30:00,,20190900,124.28125,20190600,,20190900
2019-05-14 18:45:00,124.53125,20190900,124.28125,20190600,124.53125,20190900
2019-05-14 19:00:00,124.578125,20190900,124.3125,20190600,124.578125,20190900
2019-05-14 19:15:00,124.5625,20190900,124.3125,20190600,124.5625,20190900
2019-05-14 19:30:00,124.578125,20190900,124.3125,20190600,124.578125,20190900
2019-05-14 19:45:00,124.609375,20190900,124.328125,20190600,124.609375,20190900
2019-05-14 20:00:00,124.5625,20190900,124.296875,20190600,124.5625,20190900
2019-05-14 20:15:00,124.578125,20190900,124.3125,20190600,124.578125,20190900
2019-05-14 20:30:00,124.609375,20190900,124.328125,20190600,124.609375,20190900
2019-05-14 20:45:00,124.625,20190900,124.375,20190600,124.625,20190900
2019-05-14 21:00:00,124.671875,20190900,124.375,20190600,124.671875,20190900
2019-05-14 21:15:00,124.65625,20190900,124.375,20190600,124.65625,20190900
2019-05-14 21:30:00,124.65625,20190900,124.390625,20190600,124.65625,20190900
2019-05-14 21:45:00,124.671875,20190900,124.390625,20190600,124.671875,20190900
2019-05-14 23:00:00,124.578125,20190900,124.296875,20190600,124.578125,20190900
2019-05-14 23:15:00,,20190900,124.375,20190600,,20190900
2019-05-14 23:30:00,,20190900,124.390625,20190600,,20190900
2019-05-14 23:45:00,,20190900,124.40625,20190600,,20190900
2019-05-15 00:00:00,,20190900,124.390625,20190600,,20190900
2019-05-15 00:15:00,,20190900,124.390625,20190600,,20190900
2019-05-15 00:30:00,,20190900,124.40625,20190600,,20190900
2019-05-15 00:45:00,124.6875,20190900,124.40625,20190600,124.6875,20190900
2019-05-15 01:00:00,124.703125,20190900,124.4375,20190600,124.703125,20190900
2019-05-15 01:15:00,124.71875,20190900,124.453125,20190600,124.71875,20190900
2019-05-15 01:30:00,124.71875,20190900,124.4375,20190600,124.71875,20190900
2019-05-15 01:45:00,124.671875,20190900,124.390625,20190600,124.671875,20190900
2019-05-15 02:00:00,,20190900,124.40625,20190600,,20190900
2019-05-15 02:15:00,,20190900,124.359375,20190600,,20190900
2019-05-15 02:30:00,124.640625,20190900,124.375,20190600,124.640625,20190900
2019-05-15 02:45:00,124.640625,20190900,124.34375,20190600,124.640625,20190900
2019-05-15 03:00:00,124.65625,20190900,124.40625,20190600,124.65625,20190900
2019-05-15 03:15:00,,20190900,124.421875,20190600,,20190900
2019-05-15 03:30:00,,20190900,124.40625,20190600,,20190900
2019-05-15 03:45:00,124.65625,20190900,124.40625,20190600,124.65625,20190900
2019-05-15 04:00:00,,20190900,124.390625,20190600,,20190900
2019-05-15 04:15:00,,20190900,124.390625,20190600,,20190900
2019-05-15 04:30:00,,20190900,124.390625,20190600,,20190900
2019-05-15 04:45:00,,20190900,124.390625,20190600,,20190900
2019-05-15 05:15:00,,20190900,124.390625,20190600,,20190900
2019-05-15 05:30:00,,20190900,124.375,20190600,,20190900
2019-05-15 05:45:00,,20190900,124.390625,20190600,,20190900
2019-05-15 06:15:00,,20190900,124.390625,20190600,,20190900
2019-05-15 06:30:00,,20190900,124.359375,20190600,,20190900
2019-05-15 06:45:00,,20190900,124.328125,20190600,,20190900
2019-05-15 07:00:00,124.640625,20190900,124.359375,20190600,124.640625,20190900
2019-05-15 07:15:00,,20190900,124.328125,20190600,,20190900
2019-05-15 07:30:00,124.609375,20190900,124.328125,20190600,124.609375,20190900
2019-05-15 07:45:00,124.625,20190900,124.359375,20190600,124.625,20190900
2019-05-15 08:00:00,124.6875,20190900,124.4375,20190600,124.6875,20190900
2019-05-15 08:15:00,124.734375,20190900,124.484375,20190600,124.734375,20190900
2019-05-15 08:30:00,124.78125,20190900,124.5,20190600,124.78125,20190900
2019-05-15 08:45:00,124.765625,20190900,124.46875,20190600,124.765625,20190900
2019-05-15 09:00:00,124.78125,20190900,124.5,20190600,124.78125,20190900
2019-05-15 09:15:00,,20190900,124.515625,20190600,,20190900
2019-05-15 09:30:00,124.828125,20190900,124.546875,20190600,124.828125,20190900
2019-05-15 09:45:00,124.859375,20190900,124.609375,20190600,124.859375,20190900
2019-05-15 10:00:00,124.859375,20190900,124.578125,20190600,124.859375,20190900
2019-05-15 10:15:00,124.875,20190900,124.59375,20190600,124.875,20190900
2019-05-15 10:30:00,124.96875,20190900,124.671875,20190600,124.96875,20190900
2019-05-15 10:45:00,124.9375,20190900,124.671875,20190600,124.9375,20190900
2019-05-15 11:00:00,124.9375,20190900,124.640625,20190600,124.9375,20190900
2019-05-15 11:15:00,125.015625,20190900,124.6875,20190600,125.015625,20190900
2019-05-15 11:30:00,124.921875,20190900,124.625,20190600,124.921875,20190900
2019-05-15 11:45:00,124.90625,20190900,124.609375,20190600,124.90625,20190900
2019-05-15 12:00:00,124.890625,20190900,124.609375,20190600,124.890625,20190900
2019-05-15 12:15:00,124.921875,20190900,124.640625,20190600,124.921875,20190900
2019-05-15 12:30:00,124.9375,20190900,124.671875,20190600,124.9375,20190900
2019-05-15 12:45:00,124.953125,20190900,124.671875,20190600,124.953125,20190900
2019-05-15 13:00:00,,20190900,124.703125,20190600,,20190900
2019-05-15 13:15:00,124.96875,20190900,124.6875,20190600,124.96875,20190900
2019-05-15 13:30:00,125.109375,20190900,124.8125,20190600,125.109375,20190900
2019-05-15 13:45:00,125.015625,20190900,124.71875,20190600,125.015625,20190900
2019-05-15 14:00:00,125.03125,20190900,124.75,20190600,125.03125,20190900
2019-05-15 14:15:00,125.109375,20190900,124.796875,20190600,125.109375,20190900
2019-05-15 14:30:00,125.046875,20190900,124.765625,20190600,125.046875,20190900
2019-05-15 14:45:00,125.015625,20190900,124.71875,20190600,125.015625,20190900
2019-05-15 15:00:00,124.890625,20190900,124.609375,20190600,124.890625,20190900
2019-05-15 15:15:00,124.890625,20190900,124.609375,20190600,124.890625,20190900
2019-05-15 15:30:00,124.9375,20190900,124.640625,20190600,124.9375,20190900
2019-05-15 15:45:00,124.890625,20190900,124.625,20190600,124.890625,20190900
2019-05-15 16:00:00,124.875,20190900,124.578125,20190600,124.875,20190900
2019-05-15 16:15:00,124.828125,20190900,124.546875,20190600,124.828125,20190900
2019-05-15 16:30:00,124.875,20190900,124.59375,20190600,124.875,20190900
2019-05-15 16:45:00,124.890625,20190900,124.59375,20190600,124.890625,20190900
2019-05-15 17:00:00,124.875,20190900,124.59375,20190600,124.875,20190900
2019-05-15 17:15:00,124.953125,20190900,124.671875,20190600,124.953125,20190900
2019-05-15 17:30:00,124.953125,20190900,124.671875,20190600,124.953125,20190900
2019-05-15 17:45:00,125.0,20190900,124.703125,20190600,125.0,20190900
2019-05-15 18:00:00,124.96875,20190900,124.671875,20190600,124.96875,20190900
2019-05-15 18:15:00,124.96875,20190900,124.671875,20190600,124.96875,20190900
2019-05-15 18:30:00,124.953125,20190900,124.671875,20190600,124.953125,20190900
2019-05-15 18:45:00,124.9375,20190900,124.65625,20190600,124.9375,20190900
2019-05-15 19:00:00,124.90625,20190900,124.625,20190600,124.90625,20190900
2019-05-15 19:15:00,124.921875,20190900,124.625,20190600,124.921875,20190900
2019-05-15 19:30:00,124.921875,20190900,124.640625,20190600,124.921875,20190900
2019-05-15 19:45:00,124.953125,20190900,124.671875,20190600,124.953125,20190900
2019-05-15 20:00:00,124.9375,20190900,124.65625,20190600,124.9375,20190900
2019-05-15 20:15:00,124.953125,20190900,124.6875,20190600,124.953125,20190900
2019-05-15 20:30:00,124.96875,20190900,124.6875,20190600,124.96875,20190900
2019-05-15 20:45:00,124.984375,20190900,124.703125,20190600,124.984375,20190900
2019-05-15 21:00:00,125.0,20190900,124.703125,20190600,125.0,20190900
2019-05-15 21:15:00,,20190900,124.6875,20190600,,20190900
2019-05-15 21:30:00,,20190900,124.65625,20190600,,20190900
2019-05-15 21:45:00,,20190900,124.6875,20190600,,20190900
2019-05-15 23:00:00,124.671875,20190900,124.390625,20190600,124.671875,20190900
2019-05-15 23:15:00,,20190900,124.671875,20190600,,20190900
2019-05-15 23:30:00,,20190900,124.6875,20190600,,20190900
2019-05-15 23:45:00,,20190900,124.65625,20190600,,20190900
2019-05-16 00:00:00,124.953125,20190900,124.671875,20190600,124.953125,20190900
2019-05-16 00:15:00,,20190900,124.65625,20190600,,20190900
2019-05-16 00:30:00,,20190900,124.6875,20190600,,20190900
2019-05-16 00:45:00,,20190900,124.671875,20190600,,20190900
2019-05-16 01:00:00,125.0,20190900,124.703125,20190600,125.0,20190900
2019-05-16 01:15:00,125.0,20190900,124.71875,20190600,125.0,20190900
2019-05-16 01:30:00,125.03125,20190900,124.734375,20190600,125.03125,20190900
2019-05-16 01:45:00,125.0625,20190900,124.75,20190600,125.0625,20190900
2019-05-16 02:00:00,125.0625,20190900,124.796875,20190600,125.0625,20190900
2019-05-16 02:15:00,125.078125,20190900,124.765625,20190600,125.078125,20190900
2019-05-16 02:30:00,125.09375,20190900,124.765625,20190600,125.09375,20190900
2019-05-16 02:45:00,125.046875,20190900,124.734375,20190600,125.046875,20190900
2019-05-16 03:00:00,125.03125,20190900,124.734375,20190600,125.03125,20190900
2019-05-16 03:15:00,,20190900,124.71875,20190600,,20190900
2019-05-16 03:30:00,125.0,20190900,124.703125,20190600,125.0,20190900
2019-05-16 03:45:00,125.0,20190900,124.703125,20190600,125.0,20190900
2019-05-16 04:00:00,,20190900,124.703125,20190600,,20190900
2019-05-16 04:15:00,,20190900,124.6875,20190600,,20190900
2019-05-16 04:30:00,125.0,20190900,124.703125,20190600,125.0,20190900
2019-05-16 04:45:00,,20190900,124.6875,20190600,,20190900
2019-05-16 05:15:00,,20190900,124.6875,20190600,,20190900
2019-05-16 05:30:00,,20190900,124.6875,20190600,,20190900
2019-05-16 05:45:00,,20190900,124.703125,20190600,,20190900
2019-05-16 06:15:00,,20190900,124.734375,20190600,,20190900
2019-05-16 06:30:00,,20190900,124.734375,20190600,,20190900
2019-05-16 06:45:00,,20190900,124.734375,20190600,,20190900
2019-05-16 07:00:00,,20190900,124.734375,20190600,,20190900
2019-05-16 07:15:00,125.0625,20190900,124.78125,20190600,125.0625,20190900
2019-05-16 07:30:00,,20190900,124.78125,20190600,,20190900
2019-05-16 07:45:00,125.046875,20190900,124.75,20190600,125.046875,20190900
2019-05-16 08:00:00,125.0625,20190900,124.765625,20190600,125.0625,20190900
2019-05-16 08:15:00,125.078125,20190900,124.828125,20190600,125.078125,20190900
2019-05-16 08:30:00,125.125,20190900,124.796875,20190600,125.125,20190900
2019-05-16 08:45:00,125.0625,20190900,124.78125,20190600,125.0625,20190900
2019-05-16 09:00:00,125.078125,20190900,124.796875,20190600,125.078125,20190900
2019-05-16 09:15:00,125.0625,20190900,124.75,20190600,125.0625,20190900
2019-05-16 09:30:00,125.03125,20190900,124.734375,20190600,125.03125,20190900
2019-05-16 09:45:00,125.0625,20190900,124.765625,20190600,125.0625,20190900
2019-05-16 10:00:00,125.046875,20190900,124.765625,20190600,125.046875,20190900
2019-05-16 10:15:00,125.03125,20190900,124.71875,20190600,125.03125,20190900
2019-05-16 10:30:00,124.96875,20190900,124.671875,20190600,124.96875,20190900
2019-05-16 10:45:00,124.953125,20190900,124.671875,20190600,124.953125,20190900
2019-05-16 11:00:00,124.9375,20190900,124.625,20190600,124.9375,20190900
2019-05-16 11:15:00,124.890625,20190900,124.609375,20190600,124.890625,20190900
2019-05-16 11:30:00,124.890625,20190900,124.609375,20190600,124.890625,20190900
2019-05-16 11:45:00,124.890625,20190900,124.578125,20190600,124.890625,20190900
2019-05-16 12:00:00,124.8125,20190900,124.546875,20190600,124.8125,20190900
2019-05-16 12:15:00,124.84375,20190900,124.546875,20190600,124.84375,20190900
2019-05-16 12:30:00,124.90625,20190900,124.609375,20190600,124.90625,20190900
2019-05-16 12:45:00,124.875,20190900,124.546875,20190600,124.875,20190900
2019-05-16 13:00:00,124.890625,20190900,124.609375,20190600,124.890625,20190900
2019-05-16 13:15:00,124.875,20190900,124.59375,20190600,124.875,20190900
2019-05-16 13:30:00,124.75,20190900,124.453125,20190600,124.75,20190900
2019-05-16 13:45:00,124.703125,20190900,124.421875,20190600,124.703125,20190900
2019-05-16 14:00:00,124.734375,20190900,124.453125,20190600,124.734375,20190900
2019-05-16 14:15:00,124.703125,20190900,124.421875,20190600,124.703125,20190900
2019-05-16 14:30:00,124.640625,20190900,124.34375,20190600,124.640625,20190900
2019-05-16 14:45:00,124.609375,20190900,124.34375,20190600,124.609375,20190900
2019-05-16 15:00:00,124.6875,20190900,124.40625,20190600,124.6875,20190900
2019-05-16 15:15:00,124.625,20190900,124.34375,20190600,124.625,20190900
2019-05-16 15:30:00,124.65625,20190900,124.390625,20190600,124.65625,20190900
2019-05-16 15:45:00,124.6875,20190900,124.40625,20190600,124.6875,20190900
2019-05-16 16:00:00,124.703125,20190900,124.40625,20190600,124.703125,20190900
2019-05-16 16:15:00,124.671875,20190900,124.40625,20190600,124.671875,20190900
2019-05-16 16:30:00,124.703125,20190900,124.40625,20190600,124.703125,20190900
2019-05-16 16:45:00,124.6875,20190900,124.421875,20190600,124.6875,20190900
2019-05-16 17:00:00,124.6875,20190900,124.390625,20190600,124.6875,20190900
2019-05-16 17:15:00,124.65625,20190900,124.390625,20190600,124.65625,20190900
2019-05-16 17:30:00,124.671875,20190900,124.40625,20190600,124.671875,20190900
2019-05-16 17:45:00,124.703125,20190900,124.40625,20190600,124.703125,20190900
2019-05-16 18:00:00,124.6875,20190900,124.40625,20190600,124.6875,20190900
2019-05-16 18:15:00,124.703125,20190900,124.421875,20190600,124.703125,20190900
2019-05-16 18:30:00,124.71875,20190900,124.453125,20190600,124.71875,20190900
2019-05-16 18:45:00,124.734375,20190900,124.453125,20190600,124.734375,20190900
2019-05-16 19:00:00,124.71875,20190900,124.4375,20190600,124.71875,20190900
2019-05-16 19:15:00,124.6875,20190900,124.40625,20190600,124.6875,20190900
2019-05-16 19:30:00,124.671875,20190900,124.390625,20190600,124.671875,20190900
2019-05-16 19:45:00,124.703125,20190900,124.40625,20190600,124.703125,20190900
2019-05-16 20:00:00,124.765625,20190900,124.46875,20190600,124.765625,20190900
2019-05-16 20:15:00,124.75,20190900,124.484375,20190600,124.75,20190900
2019-05-16 20:30:00,124.78125,20190900,124.5,20190600,124.78125,20190900
2019-05-16 20:45:00,124.765625,20190900,124.5,20190600,124.765625,20190900
2019-05-16 21:00:00,124.78125,20190900,124.484375,20190600,124.78125,20190900
2019-05-16 21:15:00,,20190900,124.484375,20190600,,20190900
2019-05-16 21:30:00,124.78125,20190900,124.515625,20190600,124.78125,20190900
2019-05-16 21:45:00,124.796875,20190900,124.515625,20190600,124.796875,20190900
2019-05-16 23:00:00,124.78125,20190900,124.71875,20190600,124.78125,20190900
2019-05-16 23:15:00,,20190900,124.5,20190600,,20190900
2019-05-16 23:30:00,,20190900,124.515625,20190600,,20190900
2019-05-16 23:45:00,124.8125,20190900,124.53125,20190600,124.8125,20190900
2019-05-17 00:00:00,,20190900,124.53125,20190600,,20190900
2019-05-17 00:15:00,,20190900,124.53125,20190600,,20190900
2019-05-17 00:30:00,124.796875,20190900,124.515625,20190600,124.796875,20190900
2019-05-17 00:45:00,,20190900,124.484375,20190600,,20190900
2019-05-17 01:00:00,,20190900,124.515625,20190600,,20190900
2019-05-17 01:15:00,124.75,20190900,124.453125,20190600,124.75,20190900
2019-05-17 01:30:00,124.734375,20190900,124.453125,20190600,124.734375,20190900
2019-05-17 01:45:00,124.734375,20190900,124.453125,20190600,124.734375,20190900
2019-05-17 02:00:00,,20190900,124.4375,20190600,,20190900
2019-05-17 02:15:00,124.71875,20190900,124.421875,20190600,124.71875,20190900
2019-05-17 02:30:00,124.703125,20190900,124.421875,20190600,124.703125,20190900
2019-05-17 02:45:00,124.71875,20190900,124.421875,20190600,124.71875,20190900
2019-05-17 03:00:00,,20190900,124.453125,20190600,,20190900
2019-05-17 03:15:00,,20190900,124.421875,20190600,,20190900
2019-05-17 03:30:00,124.71875,20190900,124.4375,20190600,124.71875,20190900
2019-05-17 03:45:00,,20190900,124.46875,20190600,,20190900
2019-05-17 04:00:00,,20190900,124.5,20190600,,20190900
2019-05-17 04:15:00,124.890625,20190900,124.578125,20190600,124.890625,20190900
2019-05-17 04:30:00,124.875,20190900,124.578125,20190600,124.875,20190900
2019-05-17 04:45:00,,20190900,124.59375,20190600,,20190900
2019-05-17 05:15:00,,20190900,124.578125,20190600,,20190900
2019-05-17 05:30:00,,20190900,124.5625,20190600,,20190900
2019-05-17 05:45:00,,20190900,124.578125,20190600,,20190900
2019-05-17 06:15:00,124.90625,20190900,124.609375,20190600,124.90625,20190900
2019-05-17 06:30:00,124.921875,20190900,124.640625,20190600,124.921875,20190900
2019-05-17 06:45:00,124.921875,20190900,124.625,20190600,124.921875,20190900
2019-05-17 07:00:00,124.921875,20190900,124.640625,20190600,124.921875,20190900
2019-05-17 07:15:00,124.90625,20190900,124.640625,20190600,124.90625,20190900
2019-05-17 07:30:00,124.875,20190900,124.625,20190600,124.875,20190900
2019-05-17 07:45:00,124.875,20190900,124.59375,20190600,124.875,20190900
2019-05-17 08:00:00,124.859375,20190900,124.578125,20190600,124.859375,20190900
2019-05-17 08:15:00,124.8125,20190900,124.515625,20190600,124.8125,20190900
2019-05-17 08:30:00,124.8125,20190900,124.5,20190600,124.8125,20190900
2019-05-17 08:45:00,124.796875,20190900,124.515625,20190600,124.796875,20190900
2019-05-17 09:00:00,124.828125,20190900,124.578125,20190600,124.828125,20190900
2019-05-17 09:15:00,124.890625,20190900,124.59375,20190600,124.890625,20190900
2019-05-17 09:30:00,124.90625,20190900,124.625,20190600,124.90625,20190900
2019-05-17 09:45:00,124.921875,20190900,124.625,20190600,124.921875,20190900
2019-05-17 10:00:00,124.953125,20190900,124.65625,20190600,124.953125,20190900
2019-05-17 10:15:00,124.953125,20190900,124.625,20190600,124.953125,20190900
2019-05-17 10:30:00,124.875,20190900,124.578125,20190600,124.875,20190900
2019-05-17 10:45:00,124.890625,20190900,124.59375,20190600,124.890625,20190900
2019-05-17 11:00:00,,20190900,124.59375,20190600,,20190900
2019-05-17 11:15:00,,20190900,124.609375,20190600,,20190900
2019-05-17 11:30:00,124.875,20190900,124.609375,20190600,124.875,20190900
2019-05-17 11:45:00,124.90625,20190900,124.625,20190600,124.90625,20190900
2019-05-17 12:00:00,124.96875,20190900,124.671875,20190600,124.96875,20190900
2019-05-17 12:15:00,125.0,20190900,124.703125,20190600,125.0,20190900
2019-05-17 12:30:00,125.015625,20190900,124.71875,20190600,125.015625,20190900
2019-05-17 12:45:00,125.0625,20190900,124.75,20190600,125.0625,20190900
2019-05-17 13:00:00,125.046875,20190900,124.75,20190600,125.046875,20190900
2019-05-17 13:15:00,125.03125,20190900,124.734375,20190600,125.03125,20190900
2019-05-17 13:30:00,124.953125,20190900,124.671875,20190600,124.953125,20190900
2019-05-17 13:45:00,124.984375,20190900,124.71875,20190600,124.984375,20190900
2019-05-17 14:00:00,124.984375,20190900,124.6875,20190600,124.984375,20190900
2019-05-17 14:15:00,124.984375,20190900,124.703125,20190600,124.984375,20190900
2019-05-17 14:30:00,124.890625,20190900,124.59375,20190600,124.890625,20190900
2019-05-17 14:45:00,124.859375,20190900,124.578125,20190600,124.859375,20190900
2019-05-17 15:00:00,124.828125,20190900,124.53125,20190600,124.828125,20190900
2019-05-17 15:15:00,124.75,20190900,124.46875,20190600,124.75,20190900
2019-05-17 15:30:00,124.78125,20190900,124.484375,20190600,124.78125,20190900
2019-05-17 15:45:00,124.703125,20190900,124.40625,20190600,124.703125,20190900
2019-05-17 16:00:00,124.71875,20190900,124.4375,20190600,124.71875,20190900
2019-05-17 16:15:00,124.71875,20190900,124.4375,20190600,124.71875,20190900
2019-05-17 16:30:00,124.75,20190900,124.453125,20190600,124.75,20190900
2019-05-17 16:45:00,124.765625,20190900,124.484375,20190600,124.765625,20190900
2019-05-17 17:00:00,124.796875,20190900,124.5,20190600,124.796875,20190900
2019-05-17 17:15:00,124.796875,20190900,124.5,20190600,124.796875,20190900
2019-05-17 17:30:00,124.75,20190900,124.453125,20190600,124.75,20190900
2019-05-17 17:45:00,124.734375,20190900,124.453125,20190600,124.734375,20190900
2019-05-17 18:00:00,124.734375,20190900,124.421875,20190600,124.734375,20190900
2019-05-17 18:15:00,124.78125,20190900,124.46875,20190600,124.78125,20190900
2019-05-17 18:30:00,124.78125,20190900,124.5,20190600,124.78125,20190900
2019-05-17 18:45:00,124.765625,20190900,124.46875,20190600,124.765625,20190900
2019-05-17 19:00:00,124.78125,20190900,124.5,20190600,124.78125,20190900
2019-05-17 19:15:00,,20190900,124.484375,20190600,,20190900
2019-05-17 19:30:00,124.765625,20190900,124.484375,20190600,124.765625,20190900
2019-05-17 19:45:00,124.765625,20190900,124.484375,20190600,124.765625,20190900
2019-05-17 20:00:00,124.859375,20190900,124.5625,20190600,124.859375,20190900
2019-05-17 20:15:00,124.828125,20190900,124.53125,20190600,124.828125,20190900
2019-05-17 20:30:00,124.828125,20190900,124.515625,20190600,124.828125,20190900
2019-05-17 20:45:00,,20190900,124.5,20190600,,20190900
2019-05-17 21:00:00,124.78125,20190900,124.5,20190600,124.78125,20190900
2019-05-17 21:15:00,124.78125,20190900,124.484375,20190600,124.78125,20190900
2019-05-17 21:30:00,124.796875,20190900,124.5,20190600,124.796875,20190900
2019-05-17 21:45:00,124.78125,20190900,124.515625,20190600,124.78125,20190900
2019-05-17 23:00:00,124.890625,20190900,124.609375,20190600,124.890625,20190900
2019-05-19 23:00:00,124.78125,20190900,124.515625,20190600,124.78125,20190900
2019-05-19 23:15:00,124.78125,20190900,124.5,20190600,124.78125,20190900
2019-05-19 23:30:00,,20190900,124.515625,20190600,,20190900
2019-05-19 23:45:00,124.8125,20190900,124.515625,20190600,124.8125,20190900
2019-05-20 00:00:00,,20190900,124.5,20190600,,20190900
2019-05-20 00:15:00,,20190900,124.5,20190600,,20190900
2019-05-20 00:30:00,124.78125,20190900,124.484375,20190600,124.78125,20190900
2019-05-20 00:45:00,124.71875,20190900,124.4375,20190600,124.71875,20190900
2019-05-20 01:00:00,124.734375,20190900,124.4375,20190600,124.734375,20190900
2019-05-20 01:15:00,,20190900,124.4375,20190600,,20190900
2019-05-20 01:30:00,,20190900,124.421875,20190600,,20190900
2019-05-20 01:45:00,124.71875,20190900,124.40625,20190600,124.71875,20190900
2019-05-20 02:00:00,124.6875,20190900,124.390625,20190600,124.6875,20190900
2019-05-20 02:15:00,124.6875,20190900,124.390625,20190600,124.6875,20190900
2019-05-20 02:30:00,124.65625,20190900,124.390625,20190600,124.65625,20190900
2019-05-20 02:45:00,124.703125,20190900,124.421875,20190600,124.703125,20190900
2019-05-20 03:00:00,124.71875,20190900,124.421875,20190600,124.71875,20190900
2019-05-20 03:15:00,124.71875,20190900,124.421875,20190600,124.71875,20190900
2019-05-20 03:30:00,124.703125,20190900,124.40625,20190600,124.703125,20190900
2019-05-20 03:45:00,124.6875,20190900,124.40625,20190600,124.6875,20190900
2019-05-20 04:00:00,124.703125,20190900,124.421875,20190600,124.703125,20190900
2019-05-20 04:15:00,124.71875,20190900,124.421875,20190600,124.71875,20190900
2019-05-20 04:30:00,,20190900,124.421875,20190600,,20190900
2019-05-20 04:45:00,,20190900,124.40625,20190600,,20190900
2019-05-20 05:15:00,124.71875,20190900,124.421875,20190600,124.71875,20190900
2019-05-20 05:30:00,124.6875,20190900,124.40625,20190600,124.6875,20190900
2019-05-20 05:45:00,124.6875,20190900,124.421875,20190600,124.6875,20190900
2019-05-20 06:15:00,124.71875,20190900,124.4375,20190600,124.71875,20190900
2019-05-20 06:30:00,124.71875,20190900,124.4375,20190600,124.71875,20190900
2019-05-20 06:45:00,124.71875,20190900,124.4375,20190600,124.71875,20190900
2019-05-20 07:00:00,124.703125,20190900,124.40625,20190600,124.703125,20190900
2019-05-20 07:15:00,,20190900,124.4375,20190600,,20190900
2019-05-20 07:30:00,,20190900,124.4375,20190600,,20190900
2019-05-20 07:45:00,,20190900,124.421875,20190600,,20190900
2019-05-20 08:00:00,124.65625,20190900,124.375,20190600,124.65625,20190900
2019-05-20 08:15:00,124.703125,20190900,124.421875,20190600,124.703125,20190900
2019-05-20 08:30:00,,20190900,124.390625,20190600,,20190900
2019-05-20 08:45:00,124.625,20190900,124.34375,20190600,124.625,20190900
2019-05-20 09:00:00,124.578125,20190900,124.296875,20190600,124.578125,20190900
2019-05-20 09:15:00,124.609375,20190900,124.328125,20190600,124.609375,20190900
2019-05-20 09:30:00,124.640625,20190900,124.359375,20190600,124.640625,20190900
2019-05-20 09:45:00,124.6875,20190900,124.390625,20190600,124.6875,20190900
2019-05-20 10:00:00,124.6875,20190900,124.421875,20190600,124.6875,20190900
2019-05-20 10:15:00,124.6875,20190900,124.40625,20190600,124.6875,20190900
2019-05-20 10:30:00,124.703125,20190900,124.390625,20190600,124.703125,20190900
2019-05-20 10:45:00,124.6875,20190900,124.40625,20190600,124.6875,20190900
2019-05-20 11:00:00,124.78125,20190900,124.5,20190600,124.78125,20190900
2019-05-20 11:15:00,124.765625,20190900,124.484375,20190600,124.765625,20190900
2019-05-20 11:30:00,124.75,20190900,124.46875,20190600,124.75,20190900
2019-05-20 11:45:00,124.765625,20190900,124.484375,20190600,124.765625,20190900
2019-05-20 12:00:00,124.8125,20190900,124.53125,20190600,124.8125,20190900
2019-05-20 12:15:00,124.78125,20190900,124.5,20190600,124.78125,20190900
2019-05-20 12:30:00,124.765625,20190900,124.484375,20190600,124.765625,20190900
2019-05-20 12:45:00,124.78125,20190900,124.5,20190600,124.78125,20190900
2019-05-20 13:00:00,124.828125,20190900,124.53125,20190600,124.828125,20190900
2019-05-20 13:15:00,124.78125,20190900,124.5,20190600,124.78125,20190900
2019-05-20 13:30:00,124.796875,20190900,124.5,20190600,124.796875,20190900
2019-05-20 13:45:00,124.8125,20190900,124.515625,20190600,124.8125,20190900
2019-05-20 14:00:00,124.8125,20190900,124.515625,20190600,124.8125,20190900
2019-05-20 14:15:00,124.765625,20190900,124.484375,20190600,124.765625,20190900
2019-05-20 14:30:00,124.828125,20190900,124.53125,20190600,124.828125,20190900
2019-05-20 14:45:00,124.78125,20190900,124.46875,20190600,124.78125,20190900
2019-05-20 15:00:00,124.765625,20190900,124.46875,20190600,124.765625,20190900
2019-05-20 15:15:00,124.71875,20190900,124.4375,20190600,124.71875,20190900
2019-05-20 15:30:00,124.71875,20190900,124.4375,20190600,124.71875,20190900
2019-05-20 15:45:00,124.703125,20190900,124.390625,20190600,124.703125,20190900
2019-05-20 16:00:00,124.703125,20190900,124.40625,20190600,124.703125,20190900
2019-05-20 16:15:00,124.703125,20190900,124.40625,20190600,124.703125,20190900
2019-05-20 16:30:00,124.71875,20190900,124.421875,20190600,124.71875,20190900
2019-05-20 16:45:00,124.6875,20190900,124.40625,20190600,124.6875,20190900
2019-05-20 17:00:00,124.609375,20190900,124.328125,20190600,124.609375,20190900
2019-05-20 17:15:00,124.609375,20190900,124.328125,20190600,124.609375,20190900
2019-05-20 17:30:00,124.59375,20190900,124.3125,20190600,124.59375,20190900
2019-05-20 17:45:00,124.59375,20190900,124.3125,20190600,124.59375,20190900
2019-05-20 18:00:00,124.59375,20190900,124.3125,20190600,124.59375,20190900
2019-05-20 18:15:00,124.578125,20190900,124.28125,20190600,124.578125,20190900
2019-05-20 18:30:00,124.5625,20190900,124.28125,20190600,124.5625,20190900
2019-05-20 18:45:00,124.578125,20190900,124.296875,20190600,124.578125,20190900
2019-05-20 19:00:00,124.578125,20190900,124.3125,20190600,124.578125,20190900
2019-05-20 19:15:00,124.578125,20190900,124.3125,20190600,124.578125,20190900
2019-05-20 19:30:00,124.578125,20190900,124.296875,20190600,124.578125,20190900
2019-05-20 19:45:00,124.578125,20190900,124.28125,20190600,124.578125,20190900
2019-05-20 20:00:00,124.59375,20190900,124.3125,20190600,124.59375,20190900
2019-05-20 20:15:00,124.59375,20190900,124.296875,20190600,124.59375,20190900
2019-05-20 20:30:00,124.578125,20190900,124.296875,20190600,124.578125,20190900
2019-05-20 20:45:00,124.59375,20190900,124.296875,20190600,124.59375,20190900
2019-05-20 21:00:00,124.5625,20190900,124.296875,20190600,124.5625,20190900
2019-05-20 21:15:00,124.5625,20190900,124.296875,20190600,124.5625,20190900
2019-05-20 21:30:00,124.546875,20190900,124.265625,20190600,124.546875,20190900
2019-05-20 21:45:00,124.5625,20190900,124.28125,20190600,124.5625,20190900
2019-05-20 23:00:00,124.6875,20190900,124.40625,20190600,124.6875,20190900
2019-05-20 23:15:00,124.5625,20190900,124.28125,20190600,124.5625,20190900
2019-05-20 23:30:00,,20190900,124.296875,20190600,,20190900
2019-05-20 23:45:00,124.578125,20190900,124.3125,20190600,124.578125,20190900
2019-05-21 00:00:00,124.59375,20190900,124.328125,20190600,124.59375,20190900
2019-05-21 00:15:00,124.59375,20190900,124.296875,20190600,124.59375,20190900
2019-05-21 00:30:00,,20190900,124.3125,20190600,,20190900
2019-05-21 00:45:00,124.578125,20190900,124.3125,20190600,124.578125,20190900
2019-05-21 01:00:00,124.578125,20190900,124.3125,20190600,124.578125,20190900
2019-05-21 01:15:00,124.578125,20190900,124.296875,20190600,124.578125,20190900
2019-05-21 01:30:00,124.5625,20190900,124.28125,20190600,124.5625,20190900
2019-05-21 01:45:00,,20190900,124.265625,20190600,,20190900
2019-05-21 02:00:00,124.5,20190900,124.234375,20190600,124.5,20190900
2019-05-21 02:15:00,124.46875,20190900,124.21875,20190600,124.46875,20190900
2019-05-21 02:30:00,124.5,20190900,124.21875,20190600,124.5,20190900
2019-05-21 02:45:00,,20190900,124.25,20190600,,20190900
2019-05-21 03:00:00,,20190900,124.234375,20190600,,20190900
2019-05-21 03:15:00,124.515625,20190900,124.25,20190600,124.515625,20190900
2019-05-21 03:30:00,,20190900,124.265625,20190600,,20190900
2019-05-21 03:45:00,124.515625,20190900,124.234375,20190600,124.515625,20190900
2019-05-21 04:00:00,124.53125,20190900,124.25,20190600,124.53125,20190900
2019-05-21 04:15:00,124.515625,20190900,124.25,20190600,124.515625,20190900
2019-05-21 04:30:00,,20190900,124.25,20190600,,20190900
2019-05-21 04:45:00,124.515625,20190900,124.234375,20190600,124.515625,20190900
2019-05-21 05:15:00,,20190900,124.265625,20190600,,20190900
2019-05-21 05:30:00,124.515625,20190900,124.25,20190600,124.515625,20190900
2019-05-21 05:45:00,,20190900,124.25,20190600,,20190900
2019-05-21 06:15:00,124.546875,20190900,124.265625,20190600,124.546875,20190900
2019-05-21 06:30:00,124.546875,20190900,124.28125,20190600,124.546875,20190900
2019-05-21 06:45:00,124.5625,20190900,124.28125,20190600,124.5625,20190900
2019-05-21 07:00:00,124.59375,20190900,124.296875,20190600,124.59375,20190900
2019-05-21 07:15:00,124.578125,20190900,124.296875,20190600,124.578125,20190900
2019-05-21 07:30:00,124.515625,20190900,124.234375,20190600,124.515625,20190900
2019-05-21 07:45:00,124.515625,20190900,124.234375,20190600,124.515625,20190900
2019-05-21 08:00:00,124.53125,20190900,124.265625,20190600,124.53125,20190900
2019-05-21 08:15:00,124.59375,20190900,124.34375,20190600,124.59375,20190900
2019-05-21 08:30:00,124.578125,20190900,124.296875,20190600,124.578125,20190900
2019-05-21 08:45:00,124.578125,20190900,124.296875,20190600,124.578125,20190900
2019-05-21 09:00:00,124.625,20190900,124.34375,20190600,124.625,20190900
2019-05-21 09:15:00,124.578125,20190900,124.296875,20190600,124.578125,20190900
2019-05-21 09:30:00,124.578125,20190900,124.328125,20190600,124.578125,20190900
2019-05-21 09:45:00,124.578125,20190900,124.3125,20190600,124.578125,20190900
2019-05-21 10:00:00,124.609375,20190900,124.328125,20190600,124.609375,20190900
2019-05-21 10:15:00,124.5625,20190900,124.265625,20190600,124.5625,20190900
2019-05-21 10:30:00,124.5625,20190900,124.28125,20190600,124.5625,20190900
2019-05-21 10:45:00,124.546875,20190900,124.265625,20190600,124.546875,20190900
2019-05-21 11:00:00,124.515625,20190900,124.265625,20190600,124.515625,20190900
2019-05-21 11:15:00,124.546875,20190900,124.28125,20190600,124.546875,20190900
2019-05-21 11:30:00,124.53125,20190900,124.265625,20190600,124.53125,20190900
2019-05-21 11:45:00,124.5,20190900,124.21875,20190600,124.5,20190900
2019-05-21 12:00:00,124.5,20190900,124.21875,20190600,124.5,20190900
2019-05-21 12:15:00,124.453125,20190900,124.171875,20190600,124.453125,20190900
2019-05-21 12:30:00,124.46875,20190900,124.1875,20190600,124.46875,20190900
2019-05-21 12:45:00,124.4375,20190900,124.15625,20190600,124.4375,20190900
2019-05-21 13:00:00,124.390625,20190900,124.140625,20190600,124.390625,20190900
2019-05-21 13:15:00,124.421875,20190900,124.140625,20190600,124.421875,20190900
2019-05-21 13:30:00,124.390625,20190900,124.15625,20190600,124.390625,20190900
2019-05-21 13:45:00,124.421875,20190900,124.140625,20190600,124.421875,20190900
2019-05-21 14:00:00,124.46875,20190900,124.1875,20190600,124.46875,20190900
2019-05-21 14:15:00,124.484375,20190900,124.203125,20190600,124.484375,20190900
2019-05-21 14:30:00,124.46875,20190900,124.1875,20190600,124.46875,20190900
2019-05-21 14:45:00,124.5,20190900,124.21875,20190600,124.5,20190900
2019-05-21 15:00:00,124.5,20190900,124.21875,20190600,124.5,20190900
2019-05-21 15:15:00,124.46875,20190900,124.1875,20190600,124.46875,20190900
2019-05-21 15:30:00,124.421875,20190900,124.140625,20190600,124.421875,20190900
2019-05-21 15:45:00,124.328125,20190900,124.0625,20190600,124.328125,20190900
2019-05-21 16:00:00,124.390625,20190900,124.09375,20190600,124.390625,20190900
2019-05-21 16:15:00,124.390625,20190900,124.125,20190600,124.390625,20190900
2019-05-21 16:30:00,124.390625,20190900,124.125,20190600,124.390625,20190900
2019-05-21 16:45:00,124.40625,20190900,124.125,20190600,124.40625,20190900
2019-05-21 17:00:00,124.390625,20190900,124.109375,20190600,124.390625,20190900
2019-05-21 17:15:00,124.390625,20190900,124.125,20190600,124.390625,20190900
2019-05-21 17:30:00,124.4375,20190900,124.171875,20190600,124.4375,20190900
2019-05-21 17:45:00,124.421875,20190900,124.140625,20190600,124.421875,20190900
2019-05-21 18:00:00,124.40625,20190900,124.15625,20190600,124.40625,20190900
2019-05-21 18:15:00,124.40625,20190900,124.140625,20190600,124.40625,20190900
2019-05-21 18:30:00,124.390625,20190900,124.125,20190600,124.390625,20190900
2019-05-21 18:45:00,124.390625,20190900,124.140625,20190600,124.390625,20190900
2019-05-21 19:00:00,124.390625,20190900,124.125,20190600,124.390625,20190900
2019-05-21 19:15:00,124.359375,20190900,124.109375,20190600,124.359375,20190900
2019-05-21 19:30:00,124.375,20190900,124.109375,20190600,124.375,20190900
2019-05-21 19:45:00,124.40625,20190900,124.140625,20190600,124.40625,20190900
2019-05-21 20:00:00,124.390625,20190900,124.109375,20190600,124.390625,20190900
2019-05-21 20:15:00,124.375,20190900,124.125,20190600,124.375,20190900
2019-05-21 20:30:00,124.390625,20190900,124.109375,20190600,124.390625,20190900
2019-05-21 20:45:00,124.390625,20190900,124.109375,20190600,124.390625,20190900
2019-05-21 21:00:00,124.40625,20190900,124.140625,20190600,124.40625,20190900
2019-05-21 21:15:00,124.390625,20190900,124.109375,20190600,124.390625,20190900
2019-05-21 21:30:00,124.40625,20190900,124.140625,20190600,124.40625,20190900
2019-05-21 21:45:00,124.40625,20190900,124.140625,20190600,124.40625,20190900
2019-05-21 23:00:00,124.546875,20190900,124.265625,20190600,124.546875,20190900
2019-05-21 23:15:00,124.421875,20190900,124.15625,20190600,124.421875,20190900
2019-05-21 23:30:00,124.4375,20190900,124.140625,20190600,124.4375,20190900
2019-05-21 23:45:00,124.421875,20190900,124.15625,20190600,124.421875,20190900
2019-05-22 00:00:00,,20190900,124.15625,20190600,,20190900
2019-05-22 00:15:00,,20190900,124.15625,20190600,,20190900
2019-05-22 00:30:00,124.421875,20190900,124.140625,20190600,124.421875,20190900
2019-05-22 00:45:00,,20190900,124.140625,20190600,,20190900
2019-05-22 01:00:00,124.421875,20190900,124.140625,20190600,124.421875,20190900
2019-05-22 01:15:00,124.4375,20190900,124.171875,20190600,124.4375,20190900
2019-05-22 01:30:00,124.46875,20190900,124.203125,20190600,124.46875,20190900
2019-05-22 01:45:00,124.46875,20190900,124.203125,20190600,124.46875,20190900
2019-05-22 02:00:00,124.453125,20190900,124.1875,20190600,124.453125,20190900
2019-05-22 02:15:00,124.4375,20190900,124.171875,20190600,124.4375,20190900
2019-05-22 02:30:00,124.40625,20190900,124.140625,20190600,124.40625,20190900
2019-05-22 02:45:00,124.390625,20190900,124.109375,20190600,124.390625,20190900
2019-05-22 03:00:00,124.359375,20190900,124.09375,20190600,124.359375,20190900
2019-05-22 03:15:00,124.375,20190900,124.109375,20190600,124.375,20190900
2019-05-22 03:30:00,124.390625,20190900,124.125,20190600,124.390625,20190900
2019-05-22 03:45:00,124.390625,20190900,124.140625,20190600,124.390625,20190900
2019-05-22 04:00:00,124.390625,20190900,124.125,20190600,124.390625,20190900
2019-05-22 04:15:00,124.40625,20190900,124.140625,20190600,124.40625,20190900
2019-05-22 04:30:00,124.40625,20190900,124.15625,20190600,124.40625,20190900
2019-05-22 04:45:00,124.4375,20190900,124.15625,20190600,124.4375,20190900
2019-05-22 05:15:00,124.421875,20190900,124.171875,20190600,124.421875,20190900
2019-05-22 05:30:00,124.46875,20190900,124.171875,20190600,124.46875,20190900
2019-05-22 05:45:00,124.453125,20190900,124.1875,20190600,124.453125,20190900
2019-05-22 06:15:00,124.46875,20190900,124.203125,20190600,124.46875,20190900
2019-05-22 06:30:00,124.484375,20190900,124.203125,20190600,124.484375,20190900
2019-05-22 06:45:00,124.46875,20190900,124.1875,20190600,124.46875,20190900
2019-05-22 07:00:00,124.5,20190900,124.21875,20190600,124.5,20190900
2019-05-22 07:15:00,124.46875,20190900,124.1875,20190600,124.46875,20190900
2019-05-22 07:30:00,124.453125,20190900,124.171875,20190600,124.453125,20190900
2019-05-22 07:45:00,124.421875,20190900,124.15625,20190600,124.421875,20190900
2019-05-22 08:00:00,124.484375,20190900,124.203125,20190600,124.484375,20190900
2019-05-22 08:15:00,124.453125,20190900,124.171875,20190600,124.453125,20190900
2019-05-22 08:30:00,124.46875,20190900,124.203125,20190600,124.46875,20190900
2019-05-22 08:45:00,124.515625,20190900,124.234375,20190600,124.515625,20190900
2019-05-22 09:00:00,124.5,20190900,124.234375,20190600,124.5,20190900
2019-05-22 09:15:00,124.46875,20190900,124.203125,20190600,124.46875,20190900
2019-05-22 09:30:00,124.46875,20190900,124.203125,20190600,124.46875,20190900
2019-05-22 09:45:00,124.484375,20190900,124.203125,20190600,124.484375,20190900
2019-05-22 10:00:00,124.453125,20190900,124.1875,20190600,124.453125,20190900
2019-05-22 10:15:00,124.421875,20190900,124.15625,20190600,124.421875,20190900
2019-05-22 10:30:00,124.421875,20190900,124.140625,20190600,124.421875,20190900
2019-05-22 10:45:00,124.421875,20190900,124.140625,20190600,124.421875,20190900
2019-05-22 11:00:00,124.421875,20190900,124.15625,20190600,124.421875,20190900
2019-05-22 11:15:00,124.4375,20190900,124.15625,20190600,124.4375,20190900
2019-05-22 11:30:00,124.453125,20190900,124.171875,20190600,124.453125,20190900
2019-05-22 11:45:00,124.453125,20190900,124.203125,20190600,124.453125,20190900
2019-05-22 12:00:00,124.484375,20190900,124.21875,20190600,124.484375,20190900
2019-05-22 12:15:00,124.46875,20190900,124.1875,20190600,124.46875,20190900
2019-05-22 12:30:00,124.515625,20190900,124.25,20190600,124.515625,20190900
2019-05-22 12:45:00,124.5625,20190900,124.296875,20190600,124.5625,20190900
2019-05-22 13:00:00,124.578125,20190900,124.3125,20190600,124.578125,20190900
2019-05-22 13:15:00,124.625,20190900,124.359375,20190600,124.625,20190900
2019-05-22 13:30:00,124.640625,20190900,124.359375,20190600,124.640625,20190900
2019-05-22 13:45:00,124.59375,20190900,124.328125,20190600,124.59375,20190900
2019-05-22 14:00:00,124.59375,20190900,124.3125,20190600,124.59375,20190900
2019-05-22 14:15:00,124.5625,20190900,124.296875,20190600,124.5625,20190900
2019-05-22 14:30:00,124.640625,20190900,124.34375,20190600,124.640625,20190900
2019-05-22 14:45:00,124.625,20190900,124.34375,20190600,124.625,20190900
2019-05-22 15:00:00,124.6875,20190900,124.40625,20190600,124.6875,20190900
2019-05-22 15:15:00,124.625,20190900,124.359375,20190600,124.625,20190900
2019-05-22 15:30:00,124.703125,20190900,124.421875,20190600,124.703125,20190900
2019-05-22 15:45:00,124.703125,20190900,124.421875,20190600,124.703125,20190900
2019-05-22 16:00:00,124.703125,20190900,124.40625,20190600,124.703125,20190900
2019-05-22 16:15:00,124.671875,20190900,124.390625,20190600,124.671875,20190900
2019-05-22 16:30:00,124.71875,20190900,124.4375,20190600,124.71875,20190900
2019-05-22 16:45:00,124.734375,20190900,124.453125,20190600,124.734375,20190900
2019-05-22 17:00:00,124.734375,20190900,124.4375,20190600,124.734375,20190900
2019-05-22 17:15:00,124.75,20190900,124.453125,20190600,124.75,20190900
2019-05-22 17:30:00,124.75,20190900,124.46875,20190600,124.75,20190900
2019-05-22 17:45:00,124.734375,20190900,124.453125,20190600,124.734375,20190900
2019-05-22 18:00:00,124.75,20190900,124.46875,20190600,124.75,20190900
2019-05-22 18:15:00,124.75,20190900,124.453125,20190600,124.75,20190900
2019-05-22 18:30:00,124.703125,20190900,124.421875,20190600,124.703125,20190900
2019-05-22 18:45:00,124.71875,20190900,124.421875,20190600,124.71875,20190900
2019-05-22 19:00:00,124.75,20190900,124.453125,20190600,124.75,20190900
2019-05-22 19:15:00,124.765625,20190900,124.46875,20190600,124.765625,20190900
2019-05-22 19:30:00,124.75,20190900,124.453125,20190600,124.75,20190900
2019-05-22 19:45:00,124.734375,20190900,124.421875,20190600,124.734375,20190900
2019-05-22 20:00:00,124.734375,20190900,124.4375,20190600,124.734375,20190900
2019-05-22 20:15:00,124.71875,20190900,124.4375,20190600,124.71875,20190900
2019-05-22 20:30:00,124.734375,20190900,124.453125,20190600,124.734375,20190900
2019-05-22 20:45:00,124.75,20190900,124.46875,20190600,124.75,20190900
2019-05-22 21:00:00,124.75,20190900,124.46875,20190600,124.75,20190900
2019-05-22 21:15:00,124.78125,20190900,124.484375,20190600,124.78125,20190900
2019-05-22 21:30:00,124.796875,20190900,124.515625,20190600,124.796875,20190900
2019-05-22 21:45:00,124.78125,20190900,124.484375,20190600,124.78125,20190900
2019-05-22 23:00:00,124.78125,20190900,124.1875,20190600,124.78125,20190900
2019-05-22 23:15:00,124.78125,20190900,124.484375,20190600,124.78125,20190900
2019-05-22 23:30:00,124.78125,20190900,124.484375,20190600,124.78125,20190900
2019-05-22 23:45:00,124.78125,20190900,124.46875,20190600,124.78125,20190900
2019-05-23 00:00:00,124.78125,20190900,124.484375,20190600,124.78125,20190900
2019-05-23 00:15:00,124.78125,20190900,124.484375,20190600,124.78125,20190900
2019-05-23 00:30:00,124.796875,20190900,124.515625,20190600,124.796875,20190900
2019-05-23 00:45:00,124.78125,20190900,124.484375,20190600,124.78125,20190900
2019-05-23 01:00:00,124.78125,20190900,124.484375,20190600,124.78125,20190900
2019-05-23 01:15:00,124.78125,20190900,124.484375,20190600,124.78125,20190900
2019-05-23 01:30:00,124.78125,20190900,124.5,20190600,124.78125,20190900
2019-05-23 01:45:00,124.796875,20190900,124.515625,20190600,124.796875,20190900
2019-05-23 02:00:00,124.8125,20190900,124.515625,20190600,124.8125,20190900
2019-05-23 02:15:00,124.796875,20190900,124.515625,20190600,124.796875,20190900
2019-05-23 02:30:00,124.84375,20190900,124.546875,20190600,124.84375,20190900
2019-05-23 02:45:00,124.828125,20190900,124.546875,20190600,124.828125,20190900
2019-05-23 03:00:00,124.84375,20190900,124.546875,20190600,124.84375,20190900
2019-05-23 03:15:00,124.84375,20190900,124.546875,20190600,124.84375,20190900
2019-05-23 03:30:00,124.828125,20190900,124.546875,20190600,124.828125,20190900
2019-05-23 03:45:00,124.8125,20190900,124.53125,20190600,124.8125,20190900
2019-05-23 04:00:00,124.828125,20190900,124.515625,20190600,124.828125,20190900
2019-05-23 04:15:00,124.8125,20190900,124.515625,20190600,124.8125,20190900
2019-05-23 04:30:00,124.8125,20190900,124.53125,20190600,124.8125,20190900
2019-05-23 04:45:00,124.8125,20190900,124.515625,20190600,124.8125,20190900
2019-05-23 05:15:00,124.8125,20190900,124.515625,20190600,124.8125,20190900
2019-05-23 05:30:00,124.8125,20190900,124.515625,20190600,124.8125,20190900
2019-05-23 05:45:00,124.8125,20190900,124.515625,20190600,124.8125,20190900
2019-05-23 06:15:00,124.828125,20190900,124.546875,20190600,124.828125,20190900
2019-05-23 06:30:00,124.84375,20190900,124.546875,20190600,124.84375,20190900
2019-05-23 06:45:00,124.828125,20190900,124.53125,20190600,124.828125,20190900
2019-05-23 07:00:00,124.84375,20190900,124.546875,20190600,124.84375,20190900
2019-05-23 07:15:00,124.828125,20190900,124.546875,20190600,124.828125,20190900
2019-05-23 07:30:00,124.890625,20190900,124.59375,20190600,124.890625,20190900
2019-05-23 07:45:00,124.875,20190900,124.578125,20190600,124.875,20190900
2019-05-23 08:00:00,124.921875,20190900,124.609375,20190600,124.921875,20190900
2019-05-23 08:15:00,124.84375,20190900,124.546875,20190600,124.84375,20190900
2019-05-23 08:30:00,124.875,20190900,124.578125,20190600,124.875,20190900
2019-05-23 08:45:00,124.859375,20190900,124.546875,20190600,124.859375,20190900
2019-05-23 09:00:00,124.96875,20190900,124.671875,20190600,124.96875,20190900
2019-05-23 09:15:00,124.9375,20190900,124.65625,20190600,124.9375,20190900
2019-05-23 09:30:00,124.953125,20190900,124.65625,20190600,124.953125,20190900
2019-05-23 09:45:00,124.9375,20190900,124.625,20190600,124.9375,20190900
2019-05-23 10:00:00,124.9375,20190900,124.640625,20190600,124.9375,20190900
2019-05-23 10:15:00,125.0,20190900,124.703125,20190600,125.0,20190900
2019-05-23 10:30:00,125.015625,20190900,124.71875,20190600,125.015625,20190900
2019-05-23 10:45:00,125.015625,20190900,124.71875,20190600,125.015625,20190900
2019-05-23 11:00:00,125.046875,20190900,124.75,20190600,125.046875,20190900
2019-05-23 11:15:00,125.015625,20190900,124.71875,20190600,125.015625,20190900
2019-05-23 11:30:00,125.015625,20190900,124.71875,20190600,125.015625,20190900
2019-05-23 11:45:00,125.0625,20190900,124.75,20190600,125.0625,20190900
2019-05-23 12:00:00,125.015625,20190900,124.703125,20190600,125.015625,20190900
2019-05-23 12:15:00,124.96875,20190900,124.671875,20190600,124.96875,20190900
2019-05-23 12:30:00,124.984375,20190900,124.6875,20190600,124.984375,20190900
2019-05-23 12:45:00,124.984375,20190900,124.671875,20190600,124.984375,20190900
2019-05-23 13:00:00,125.0,20190900,124.703125,20190600,125.0,20190900
2019-05-23 13:15:00,124.96875,20190900,124.6875,20190600,124.96875,20190900
2019-05-23 13:30:00,124.953125,20190900,124.640625,20190600,124.953125,20190900
2019-05-23 13:45:00,124.984375,20190900,124.6875,20190600,124.984375,20190900
2019-05-23 14:00:00,125.015625,20190900,124.703125,20190600,125.015625,20190900
2019-05-23 14:15:00,124.96875,20190900,124.65625,20190600,124.96875,20190900
2019-05-23 14:30:00,125.0625,20190900,124.75,20190600,125.0625,20190900
2019-05-23 14:45:00,125.25,20190900,124.9375,20190600,125.25,20190900
2019-05-23 15:00:00,125.25,20190900,124.9375,20190600,125.25,20190900
2019-05-23 15:15:00,125.21875,20190900,124.90625,20190600,125.21875,20190900
2019-05-23 15:30:00,125.203125,20190900,124.90625,20190600,125.203125,20190900
2019-05-23 15:45:00,125.203125,20190900,124.875,20190600,125.203125,20190900
2019-05-23 16:00:00,125.25,20190900,124.921875,20190600,125.25,20190900
2019-05-23 16:15:00,125.265625,20190900,124.953125,20190600,125.265625,20190900
2019-05-23 16:30:00,125.296875,20190900,124.984375,20190600,125.296875,20190900
2019-05-23 16:45:00,125.359375,20190900,125.03125,20190600,125.359375,20190900
2019-05-23 17:00:00,125.359375,20190900,125.03125,20190600,125.359375,20190900
2019-05-23 17:15:00,125.421875,20190900,125.09375,20190600,125.421875,20190900
2019-05-23 17:30:00,125.40625,20190900,125.078125,20190600,125.40625,20190900
2019-05-23 17:45:00,125.453125,20190900,125.140625,20190600,125.453125,20190900
2019-05-23 18:00:00,125.515625,20190900,125.1875,20190600,125.515625,20190900
2019-05-23 18:15:00,125.4375,20190900,125.109375,20190600,125.4375,20190900
2019-05-23 18:30:00,125.4375,20190900,125.109375,20190600,125.4375,20190900
2019-05-23 18:45:00,125.4375,20190900,125.09375,20190600,125.4375,20190900
2019-05-23 19:00:00,125.484375,20190900,125.171875,20190600,125.484375,20190900
2019-05-23 19:15:00,125.484375,20190900,125.15625,20190600,125.484375,20190900
2019-05-23 19:30:00,125.515625,20190900,125.1875,20190600,125.515625,20190900
2019-05-23 19:45:00,125.53125,20190900,125.203125,20190600,125.53125,20190900
2019-05-23 20:00:00,125.46875,20190900,125.140625,20190600,125.46875,20190900
2019-05-23 20:15:00,125.375,20190900,125.0625,20190600,125.375,20190900
2019-05-23 20:30:00,125.40625,20190900,125.09375,20190600,125.40625,20190900
2019-05-23 20:45:00,125.34375,20190900,125.015625,20190600,125.34375,20190900
2019-05-23 21:00:00,125.375,20190900,125.046875,20190600,125.375,20190900
2019-05-23 21:15:00,125.328125,20190900,125.03125,20190600,125.328125,20190900
2019-05-23 21:30:00,125.265625,20190900,124.953125,20190600,125.265625,20190900
2019-05-23 21:45:00,125.265625,20190900,124.953125,20190600,125.265625,20190900
2019-05-23 23:00:00,124.828125,20190900,124.53125,20190600,124.828125,20190900
2019-05-23 23:15:00,125.234375,20190900,124.9375,20190600,125.234375,20190900
2019-05-23 23:30:00,125.265625,20190900,124.953125,20190600,125.265625,20190900
2019-05-23 23:45:00,125.3125,20190900,124.984375,20190600,125.3125,20190900
2019-05-24 00:00:00,125.296875,20190900,124.984375,20190600,125.296875,20190900
2019-05-24 00:15:00,125.3125,20190900,125.0,20190600,125.3125,20190900
2019-05-24 00:30:00,125.3125,20190900,125.015625,20190600,125.3125,20190900
2019-05-24 00:45:00,125.296875,20190900,125.0,20190600,125.296875,20190900
2019-05-24 01:00:00,125.25,20190900,124.953125,20190600,125.25,20190900
2019-05-24 01:15:00,125.234375,20190900,124.9375,20190600,125.234375,20190900
2019-05-24 01:30:00,125.1875,20190900,124.890625,20190600,125.1875,20190900
2019-05-24 01:45:00,125.1875,20190900,124.890625,20190600,125.1875,20190900
2019-05-24 02:00:00,125.203125,20190900,124.890625,20190600,125.203125,20190900
2019-05-24 02:15:00,125.21875,20190900,124.90625,20190600,125.21875,20190900
2019-05-24 02:30:00,125.1875,20190900,124.875,20190600,125.1875,20190900
2019-05-24 02:45:00,125.203125,20190900,124.890625,20190600,125.203125,20190900
2019-05-24 03:00:00,125.203125,20190900,124.90625,20190600,125.203125,20190900
2019-05-24 03:15:00,125.21875,20190900,124.90625,20190600,125.21875,20190900
2019-05-24 03:30:00,125.234375,20190900,124.921875,20190600,125.234375,20190900
2019-05-24 03:45:00,125.234375,20190900,124.921875,20190600,125.234375,20190900
2019-05-24 04:00:00,125.25,20190900,124.9375,20190600,125.25,20190900
2019-05-24 04:15:00,125.265625,20190900,124.953125,20190600,125.265625,20190900
2019-05-24 04:30:00,125.234375,20190900,124.9375,20190600,125.234375,20190900
2019-05-24 04:45:00,125.234375,20190900,124.921875,20190600,125.234375,20190900
2019-05-24 05:15:00,125.21875,20190900,124.90625,20190600,125.21875,20190900
2019-05-24 05:30:00,125.203125,20190900,124.90625,20190600,125.203125,20190900
2019-05-24 05:45:00,125.21875,20190900,124.921875,20190600,125.21875,20190900
2019-05-24 06:15:00,125.21875,20190900,124.921875,20190600,125.21875,20190900
2019-05-24 06:30:00,125.234375,20190900,124.9375,20190600,125.234375,20190900
2019-05-24 06:45:00,125.234375,20190900,124.921875,20190600,125.234375,20190900
2019-05-24 07:00:00,125.25,20190900,124.953125,20190600,125.25,20190900
2019-05-24 07:15:00,125.265625,20190900,124.96875,20190600,125.265625,20190900
2019-05-24 07:30:00,125.203125,20190900,124.890625,20190600,125.203125,20190900
2019-05-24 07:45:00,125.21875,20190900,124.921875,20190600,125.21875,20190900
2019-05-24 08:00:00,125.296875,20190900,124.984375,20190600,125.296875,20190900
2019-05-24 08:15:00,125.3125,20190900,125.0,20190600,125.3125,20190900
2019-05-24 08:30:00,125.296875,20190900,125.0,20190600,125.296875,20190900
2019-05-24 08:45:00,125.296875,20190900,124.96875,20190600,125.296875,20190900
2019-05-24 09:00:00,125.265625,20190900,124.9375,20190600,125.265625,20190900
2019-05-24 09:15:00,125.296875,20190900,124.96875,20190600,125.296875,20190900
2019-05-24 09:30:00,125.265625,20190900,124.9375,20190600,125.265625,20190900
2019-05-24 09:45:00,125.25,20190900,124.90625,20190600,125.25,20190900
2019-05-24 10:00:00,125.234375,20190900,124.921875,20190600,125.234375,20190900
2019-05-24 10:15:00,125.21875,20190900,124.921875,20190600,125.21875,20190900
2019-05-24 10:30:00,125.25,20190900,124.921875,20190600,125.25,20190900
2019-05-24 10:45:00,125.234375,20190900,124.90625,20190600,125.234375,20190900
2019-05-24 11:00:00,125.203125,20190900,124.859375,20190600,125.203125,20190900
2019-05-24 11:15:00,125.171875,20190900,124.859375,20190600,125.171875,20190900
2019-05-24 11:30:00,125.203125,20190900,124.90625,20190600,125.203125,20190900
2019-05-24 11:45:00,125.203125,20190900,124.890625,20190600,125.203125,20190900
2019-05-24 12:00:00,125.21875,20190900,124.90625,20190600,125.21875,20190900
2019-05-24 12:15:00,125.21875,20190900,124.890625,20190600,125.21875,20190900
2019-05-24 12:30:00,125.265625,20190900,124.9375,20190600,125.265625,20190900
2019-05-24 12:45:00,125.3125,20190900,125.0,20190600,125.3125,20190900
2019-05-24 13:00:00,125.296875,20190900,124.984375,20190600,125.296875,20190900
2019-05-24 13:15:00,125.328125,20190900,125.015625,20190600,125.328125,20190900
2019-05-24 13:30:00,125.390625,20190900,125.0625,20190600,125.390625,20190900
2019-05-24 13:45:00,125.3125,20190900,125.0,20190600,125.3125,20190900
2019-05-24 14:00:00,125.296875,20190900,124.984375,20190600,125.296875,20190900
2019-05-24 14:15:00,125.28125,20190900,124.96875,20190600,125.28125,20190900
2019-05-24 14:30:00,125.1875,20190900,124.890625,20190600,125.1875,20190900
2019-05-24 14:45:00,125.1875,20190900,124.890625,20190600,125.1875,20190900
2019-05-24 15:00:00,125.1875,20190900,124.890625,20190600,125.1875,20190900
2019-05-24 15:15:00,125.203125,20190900,124.890625,20190600,125.203125,20190900
2019-05-24 15:30:00,125.21875,20190900,124.921875,20190600,125.21875,20190900
2019-05-24 15:45:00,125.28125,20190900,124.984375,20190600,125.28125,20190900
2019-05-24 16:00:00,125.28125,20190900,124.96875,20190600,125.28125,20190900
2019-05-24 16:15:00,125.28125,20190900,124.984375,20190600,125.28125,20190900
2019-05-24 16:30:00,125.25,20190900,124.9375,20190600,125.25,20190900
2019-05-24 16:45:00,125.265625,20190900,124.9375,20190600,125.265625,20190900
2019-05-24 17:00:00,125.234375,20190900,124.90625,20190600,125.234375,20190900
2019-05-24 17:15:00,125.21875,20190900,124.921875,20190600,125.21875,20190900
2019-05-24 17:30:00,125.203125,20190900,124.90625,20190600,125.203125,20190900
2019-05-24 17:45:00,125.1875,20190900,124.875,20190600,125.1875,20190900
2019-05-24 18:00:00,125.234375,20190900,124.921875,20190600,125.234375,20190900
2019-05-24 18:15:00,125.234375,20190900,124.953125,20190600,125.234375,20190900
2019-05-24 18:30:00,125.234375,20190900,124.9375,20190600,125.234375,20190900
2019-05-24 18:45:00,125.234375,20190900,124.953125,20190600,125.234375,20190900
2019-05-24 19:00:00,125.265625,20190900,124.96875,20190600,125.265625,20190900
2019-05-24 19:15:00,125.234375,20190900,124.953125,20190600,125.234375,20190900
2019-05-24 19:30:00,125.25,20190900,124.9375,20190600,125.25,20190900
2019-05-24 19:45:00,125.25,20190900,124.9375,20190600,125.25,20190900
2019-05-24 20:00:00,125.28125,20190900,124.96875,20190600,125.28125,20190900
2019-05-24 20:15:00,125.296875,20190900,124.984375,20190600,125.296875,20190900
2019-05-24 20:30:00,125.3125,20190900,124.984375,20190600,125.3125,20190900
2019-05-24 20:45:00,125.296875,20190900,124.984375,20190600,125.296875,20190900
2019-05-24 21:00:00,125.28125,20190900,124.984375,20190600,125.28125,20190900
2019-05-24 21:15:00,125.296875,20190900,124.984375,20190600,125.296875,20190900
2019-05-24 21:30:00,125.296875,20190900,124.984375,20190600,125.296875,20190900
2019-05-24 21:45:00,125.3125,20190900,125.015625,20190600,125.3125,20190900
2019-05-24 23:00:00,125.234375,20190900,124.921875,20190600,125.234375,20190900
2019-05-26 23:00:00,125.34375,20190900,125.03125,20190600,125.34375,20190900
2019-05-26 23:15:00,125.34375,20190900,125.03125,20190600,125.34375,20190900
2019-05-26 23:30:00,,20191200,125.3125,20190900,,20191200
2019-05-26 23:45:00,,20191200,125.3125,20190900,,20191200
2019-05-27 00:00:00,,20191200,125.3125,20190900,,20191200
2019-05-27 00:15:00,,20191200,125.3125,20190900,,20191200
2019-05-27 00:30:00,,20191200,125.3125,20190900,,20191200
2019-05-27 00:45:00,,20191200,125.3125,20190900,,20191200
2019-05-27 01:00:00,,20191200,125.3125,20190900,,20191200
2019-05-27 01:15:00,,20191200,125.3125,20190900,,20191200
2019-05-27 01:30:00,,20191200,125.265625,20190900,,20191200
2019-05-27 01:45:00,,20191200,125.265625,20190900,,20191200
2019-05-27 02:00:00,,20191200,125.265625,20190900,,20191200
2019-05-27 02:15:00,,20191200,125.265625,20190900,,20191200
2019-05-27 02:30:00,,20191200,125.28125,20190900,,20191200
2019-05-27 03:00:00,,20191200,125.25,20190900,,20191200
2019-05-27 03:15:00,,20191200,125.25,20190900,,20191200
2019-05-27 03:30:00,,20191200,125.265625,20190900,,20191200
2019-05-27 03:45:00,,20191200,125.25,20190900,,20191200
2019-05-27 04:00:00,,20191200,125.25,20190900,,20191200
2019-05-27 04:15:00,,20191200,125.265625,20190900,,20191200
2019-05-27 04:30:00,,20191200,125.265625,20190900,,20191200
2019-05-27 04:45:00,,20191200,125.25,20190900,,20191200
2019-05-27 05:15:00,,20191200,125.25,20190900,,20191200
2019-05-27 05:30:00,,20191200,125.265625,20190900,,20191200
2019-05-27 05:45:00,,20191200,125.25,20190900,,20191200
2019-05-27 06:15:00,,20191200,125.25,20190900,,20191200
2019-05-27 06:30:00,,20191200,125.25,20190900,,20191200
2019-05-27 06:45:00,,20191200,125.21875,20190900,,20191200
2019-05-27 07:00:00,,20191200,125.21875,20190900,,20191200
2019-05-27 07:15:00,,20191200,125.234375,20190900,,20191200
2019-05-27 07:30:00,,20191200,125.234375,20190900,,20191200
2019-05-27 08:00:00,,20191200,125.25,20190900,,20191200
2019-05-27 08:15:00,,20191200,125.234375,20190900,,20191200
2019-05-27 08:30:00,,20191200,125.234375,20190900,,20191200
2019-05-27 08:45:00,,20191200,125.234375,20190900,,20191200
2019-05-27 09:00:00,,20191200,125.234375,20190900,,20191200
2019-05-27 09:15:00,,20191200,125.265625,20190900,,20191200
2019-05-27 09:30:00,,20191200,125.265625,20190900,,20191200
2019-05-27 09:45:00,,20191200,125.28125,20190900,,20191200
2019-05-27 10:00:00,,20191200,125.28125,20190900,,20191200
2019-05-27 10:15:00,,20191200,125.28125,20190900,,20191200
2019-05-27 10:30:00,,20191200,125.28125,20190900,,20191200
2019-05-27 10:45:00,,20191200,125.28125,20190900,,20191200
2019-05-27 11:00:00,,20191200,125.296875,20190900,,20191200
2019-05-27 11:15:00,,20191200,125.296875,20190900,,20191200
2019-05-27 11:30:00,,20191200,125.3125,20190900,,20191200
2019-05-27 11:45:00,,20191200,125.3125,20190900,,20191200
2019-05-27 12:00:00,,20191200,125.328125,20190900,,20191200
2019-05-27 12:15:00,,20191200,125.328125,20190900,,20191200
2019-05-27 12:30:00,,20191200,125.328125,20190900,,20191200
2019-05-27 12:45:00,,20191200,125.3125,20190900,,20191200
2019-05-27 13:00:00,,20191200,125.328125,20190900,,20191200
2019-05-27 13:15:00,,20191200,125.328125,20190900,,20191200
2019-05-27 13:30:00,,20191200,125.328125,20190900,,20191200
2019-05-27 13:45:00,,20191200,125.328125,20190900,,20191200
2019-05-27 14:00:00,,20191200,125.34375,20190900,,20191200
2019-05-27 14:15:00,,20191200,125.40625,20190900,,20191200
2019-05-27 14:30:00,,20191200,125.40625,20190900,,20191200
2019-05-27 14:45:00,,20191200,125.375,20190900,,20191200
2019-05-27 15:00:00,,20191200,125.375,20190900,,20191200
2019-05-27 15:15:00,,20191200,125.390625,20190900,,20191200
2019-05-27 15:30:00,,20191200,125.40625,20190900,,20191200
2019-05-27 15:45:00,,20191200,125.390625,20190900,,20191200
2019-05-27 16:00:00,,20191200,125.390625,20190900,,20191200
2019-05-27 16:15:00,,20191200,125.375,20190900,,20191200
2019-05-27 16:30:00,,20191200,125.390625,20190900,,20191200
2019-05-27 16:45:00,,20191200,125.390625,20190900,,20191200
2019-05-27 17:00:00,,20191200,125.390625,20190900,,20191200
2019-05-27 17:15:00,,20191200,125.375,20190900,,20191200
2019-05-27 17:30:00,,20191200,125.359375,20190900,,20191200
2019-05-27 17:45:00,,20191200,125.375,20190900,,20191200
2019-05-27 23:00:00,,20191200,125.25,20190900,,20191200
2019-05-27 23:15:00,,20191200,125.34375,20190900,,20191200
2019-05-27 23:30:00,,20191200,125.34375,20190900,,20191200
2019-05-27 23:45:00,,20191200,125.3125,20190900,,20191200
2019-05-28 00:00:00,,20191200,125.328125,20190900,,20191200
2019-05-28 00:15:00,,20191200,125.328125,20190900,,20191200
2019-05-28 00:30:00,,20191200,125.3125,20190900,,20191200
2019-05-28 00:45:00,,20191200,125.34375,20190900,,20191200
2019-05-28 01:00:00,,20191200,125.3125,20190900,,20191200
2019-05-28 01:15:00,,20191200,125.296875,20190900,,20191200
2019-05-28 01:30:00,,20191200,125.296875,20190900,,20191200
2019-05-28 01:45:00,,20191200,125.296875,20190900,,20191200
2019-05-28 02:00:00,,20191200,125.3125,20190900,,20191200
2019-05-28 02:15:00,,20191200,125.34375,20190900,,20191200
2019-05-28 02:30:00,,20191200,125.34375,20190900,,20191200
2019-05-28 02:45:00,,20191200,125.34375,20190900,,20191200
2019-05-28 03:00:00,,20191200,125.328125,20190900,,20191200
2019-05-28 03:15:00,,20191200,125.359375,20190900,,20191200
2019-05-28 03:30:00,,20191200,125.359375,20190900,,20191200
2019-05-28 03:45:00,,20191200,125.359375,20190900,,20191200
2019-05-28 04:00:00,,20191200,125.359375,20190900,,20191200
2019-05-28 04:15:00,,20191200,125.34375,20190900,,20191200
2019-05-28 04:30:00,,20191200,125.34375,20190900,,20191200
2019-05-28 04:45:00,,20191200,125.359375,20190900,,20191200
2019-05-28 05:15:00,,20191200,125.359375,20190900,,20191200
2019-05-28 05:30:00,,20191200,125.328125,20190900,,20191200
2019-05-28 05:45:00,,20191200,125.328125,20190900,,20191200
2019-05-28 06:15:00,,20191200,125.296875,20190900,,20191200
2019-05-28 06:30:00,,20191200,125.328125,20190900,,20191200
2019-05-28 06:45:00,,20191200,125.296875,20190900,,20191200
2019-05-28 07:00:00,,20191200,125.328125,20190900,,20191200
2019-05-28 07:15:00,,20191200,125.375,20190900,,20191200
2019-05-28 07:30:00,,20191200,125.390625,20190900,,20191200
2019-05-28 07:45:00,,20191200,125.390625,20190900,,20191200
2019-05-28 08:00:00,,20191200,125.5,20190900,,20191200
2019-05-28 08:15:00,,20191200,125.5,20190900,,20191200
2019-05-28 08:30:00,,20191200,125.515625,20190900,,20191200
2019-05-28 08:45:00,,20191200,125.5,20190900,,20191200
2019-05-28 09:00:00,,20191200,125.578125,20190900,,20191200
2019-05-28 09:15:00,,20191200,125.5625,20190900,,20191200
2019-05-28 09:30:00,,20191200,125.609375,20190900,,20191200
2019-05-28 09:45:00,,20191200,125.640625,20190900,,20191200
2019-05-28 10:00:00,,20191200,125.578125,20190900,,20191200
2019-05-28 10:15:00,,20191200,125.546875,20190900,,20191200
2019-05-28 10:30:00,,20191200,125.53125,20190900,,20191200
2019-05-28 10:45:00,,20191200,125.53125,20190900,,20191200
2019-05-28 11:00:00,,20191200,125.546875,20190900,,20191200
2019-05-28 11:15:00,,20191200,125.546875,20190900,,20191200
2019-05-28 11:30:00,,20191200,125.546875,20190900,,20191200
2019-05-28 11:45:00,,20191200,125.546875,20190900,,20191200
2019-05-28 12:00:00,,20191200,125.5,20190900,,20191200
2019-05-28 12:15:00,,20191200,125.53125,20190900,,20191200
2019-05-28 12:30:00,,20191200,125.5,20190900,,20191200
2019-05-28 12:45:00,,20191200,125.4375,20190900,,20191200
2019-05-28 13:00:00,,20191200,125.5,20190900,,20191200
2019-05-28 13:15:00,,20191200,125.46875,20190900,,20191200
2019-05-28 13:30:00,,20191200,125.53125,20190900,,20191200
2019-05-28 13:45:00,,20191200,125.5,20190900,,20191200
2019-05-28 14:00:00,,20191200,125.53125,20190900,,20191200
2019-05-28 14:15:00,,20191200,125.5625,20190900,,20191200
2019-05-28 14:30:00,,20191200,125.53125,20190900,,20191200
2019-05-28 14:45:00,,20191200,125.53125,20190900,,20191200
2019-05-28 15:00:00,,20191200,125.5,20190900,,20191200
2019-05-28 15:15:00,,20191200,125.53125,20190900,,20191200
2019-05-28 15:30:00,,20191200,125.578125,20190900,,20191200
2019-05-28 15:45:00,,20191200,125.59375,20190900,,20191200
2019-05-28 16:00:00,,20191200,125.59375,20190900,,20191200
2019-05-28 16:15:00,,20191200,125.59375,20190900,,20191200
2019-05-28 16:30:00,,20191200,125.6875,20190900,,20191200
2019-05-28 16:45:00,,20191200,125.703125,20190900,,20191200
2019-05-28 17:00:00,,20191200,125.671875,20190900,,20191200
2019-05-28 17:15:00,,20191200,125.6875,20190900,,20191200
2019-05-28 17:30:00,,20191200,125.6875,20190900,,20191200
2019-05-28 17:45:00,,20191200,125.671875,20190900,,20191200
2019-05-28 18:00:00,,20191200,125.65625,20190900,,20191200
2019-05-28 18:15:00,,20191200,125.65625,20190900,,20191200
2019-05-28 18:30:00,,20191200,125.671875,20190900,,20191200
2019-05-28 18:45:00,,20191200,125.671875,20190900,,20191200
2019-05-28 19:00:00,,20191200,125.71875,20190900,,20191200
2019-05-28 19:15:00,,20191200,125.703125,20190900,,20191200
2019-05-28 19:30:00,,20191200,125.734375,20190900,,20191200
2019-05-28 19:45:00,,20191200,125.71875,20190900,,20191200
2019-05-28 20:00:00,,20191200,125.75,20190900,,20191200
2019-05-28 20:15:00,,20191200,125.75,20190900,,20191200
2019-05-28 20:30:00,,20191200,125.75,20190900,,20191200
2019-05-28 20:45:00,,20191200,125.765625,20190900,,20191200
2019-05-28 21:00:00,,20191200,125.703125,20190900,,20191200
2019-05-28 21:15:00,,20191200,125.71875,20190900,,20191200
2019-05-28 21:30:00,,20191200,125.71875,20190900,,20191200
2019-05-28 21:45:00,,20191200,125.734375,20190900,,20191200
2019-05-28 23:00:00,,20191200,125.328125,20190900,,20191200
2019-05-28 23:15:00,,20191200,125.71875,20190900,,20191200
2019-05-28 23:30:00,,20191200,125.734375,20190900,,20191200
2019-05-28 23:45:00,,20191200,125.703125,20190900,,20191200
2019-05-29 00:00:00,,20191200,125.734375,20190900,,20191200
2019-05-29 00:15:00,,20191200,125.734375,20190900,,20191200
2019-05-29 00:30:00,,20191200,125.734375,20190900,,20191200
2019-05-29 00:45:00,,20191200,125.734375,20190900,,20191200
2019-05-29 01:00:00,,20191200,125.796875,20190900,,20191200
2019-05-29 01:15:00,,20191200,125.796875,20190900,,20191200
2019-05-29 01:30:00,,20191200,125.875,20190900,,20191200
2019-05-29 01:45:00,,20191200,125.84375,20190900,,20191200
2019-05-29 02:00:00,,20191200,125.828125,20190900,,20191200
2019-05-29 02:15:00,,20191200,125.8125,20190900,,20191200
2019-05-29 02:30:00,,20191200,125.90625,20190900,,20191200
2019-05-29 02:45:00,,20191200,125.9375,20190900,,20191200
2019-05-29 03:00:00,,20191200,125.890625,20190900,,20191200
2019-05-29 03:15:00,,20191200,125.90625,20190900,,20191200
2019-05-29 03:30:00,,20191200,125.890625,20190900,,20191200
2019-05-29 03:45:00,,20191200,125.890625,20190900,,20191200
2019-05-29 04:00:00,,20191200,125.90625,20190900,,20191200
2019-05-29 04:15:00,,20191200,125.90625,20190900,,20191200
2019-05-29 04:30:00,,20191200,125.90625,20190900,,20191200
2019-05-29 04:45:00,,20191200,125.90625,20190900,,20191200
2019-05-29 05:15:00,,20191200,125.90625,20190900,,20191200
2019-05-29 05:30:00,,20191200,125.90625,20190900,,20191200
2019-05-29 05:45:00,,20191200,125.9375,20190900,,20191200
2019-05-29 06:15:00,,20191200,125.921875,20190900,,20191200
2019-05-29 06:30:00,,20191200,125.90625,20190900,,20191200
2019-05-29 06:45:00,,20191200,125.9375,20190900,,20191200
2019-05-29 07:00:00,,20191200,125.984375,20190900,,20191200
2019-05-29 07:15:00,,20191200,126.015625,20190900,,20191200
2019-05-29 07:30:00,,20191200,125.984375,20190900,,20191200
2019-05-29 07:45:00,,20191200,126.046875,20190900,,20191200
2019-05-29 08:00:00,,20191200,126.046875,20190900,,20191200
2019-05-29 08:15:00,,20191200,125.984375,20190900,,20191200
2019-05-29 08:30:00,,20191200,126.015625,20190900,,20191200
2019-05-29 08:45:00,,20191200,126.078125,20190900,,20191200
2019-05-29 09:00:00,,20191200,126.03125,20190900,,20191200
2019-05-29 09:15:00,,20191200,126.046875,20190900,,20191200
2019-05-29 09:30:00,,20191200,126.0,20190900,,20191200
2019-05-29 09:45:00,,20191200,125.984375,20190900,,20191200
2019-05-29 10:00:00,,20191200,126.0,20190900,,20191200
2019-05-29 10:15:00,,20191200,126.0625,20190900,,20191200
2019-05-29 10:30:00,,20191200,126.046875,20190900,,20191200
2019-05-29 10:45:00,,20191200,126.03125,20190900,,20191200
2019-05-29 11:00:00,,20191200,125.96875,20190900,,20191200
2019-05-29 11:15:00,,20191200,125.953125,20190900,,20191200
2019-05-29 11:30:00,,20191200,125.96875,20190900,,20191200
2019-05-29 11:45:00,,20191200,125.921875,20190900,,20191200
2019-05-29 12:00:00,,20191200,125.96875,20190900,,20191200
2019-05-29 12:15:00,,20191200,126.015625,20190900,,20191200
2019-05-29 12:30:00,,20191200,125.984375,20190900,,20191200
2019-05-29 12:45:00,,20191200,126.015625,20190900,,20191200
2019-05-29 13:00:00,,20191200,126.046875,20190900,,20191200
2019-05-29 13:15:00,,20191200,126.0,20190900,,20191200
2019-05-29 13:30:00,,20191200,126.046875,20190900,,20191200
2019-05-29 13:45:00,,20191200,126.015625,20190900,,20191200
2019-05-29 14:00:00,,20191200,126.015625,20190900,,20191200
2019-05-29 14:15:00,,20191200,126.015625,20190900,,20191200
2019-05-29 14:30:00,,20191200,126.078125,20190900,,20191200
2019-05-29 14:45:00,,20191200,126.078125,20190900,,20191200
2019-05-29 15:00:00,,20191200,126.03125,20190900,,20191200
2019-05-29 15:15:00,,20191200,125.96875,20190900,,20191200
2019-05-29 15:30:00,,20191200,126.03125,20190900,,20191200
2019-05-29 15:45:00,,20191200,126.03125,20190900,,20191200
2019-05-29 16:00:00,,20191200,126.015625,20190900,,20191200
2019-05-29 16:15:00,,20191200,126.046875,20190900,,20191200
2019-05-29 16:30:00,,20191200,126.125,20190900,,20191200
2019-05-29 16:45:00,,20191200,126.140625,20190900,,20191200
2019-05-29 17:00:00,,20191200,126.125,20190900,,20191200
2019-05-29 17:15:00,,20191200,126.0625,20190900,,20191200
2019-05-29 17:30:00,,20191200,126.03125,20190900,,20191200
2019-05-29 17:45:00,,20191200,126.046875,20190900,,20191200
2019-05-29 18:00:00,,20191200,125.890625,20190900,,20191200
2019-05-29 18:15:00,,20191200,125.921875,20190900,,20191200
2019-05-29 18:30:00,,20191200,125.9375,20190900,,20191200
2019-05-29 18:45:00,,20191200,125.9375,20190900,,20191200
2019-05-29 19:00:00,,20191200,125.921875,20190900,,20191200
2019-05-29 19:15:00,,20191200,125.890625,20190900,,20191200
2019-05-29 19:30:00,,20191200,125.953125,20190900,,20191200
2019-05-29 19:45:00,,20191200,125.9375,20190900,,20191200
2019-05-29 20:00:00,,20191200,125.859375,20190900,,20191200
2019-05-29 20:15:00,,20191200,125.828125,20190900,,20191200
2019-05-29 20:30:00,,20191200,125.734375,20190900,,20191200
2019-05-29 20:45:00,,20191200,125.703125,20190900,,20191200
2019-05-29 21:00:00,,20191200,125.703125,20190900,,20191200
2019-05-29 21:15:00,,20191200,125.703125,20190900,,20191200
2019-05-29 21:30:00,,20191200,125.6875,20190900,,20191200
2019-05-29 21:45:00,,20191200,125.6875,20190900,,20191200
2019-05-29 23:00:00,,20191200,125.90625,20190900,,20191200
2019-05-29 23:15:00,,20191200,125.71875,20190900,,20191200
2019-05-29 23:30:00,,20191200,125.734375,20190900,,20191200
2019-05-29 23:45:00,,20191200,125.71875,20190900,,20191200
2019-05-30 00:00:00,,20191200,125.71875,20190900,,20191200
2019-05-30 00:15:00,,20191200,125.71875,20190900,,20191200
2019-05-30 00:30:00,,20191200,125.703125,20190900,,20191200
2019-05-30 00:45:00,,20191200,125.734375,20190900,,20191200
2019-05-30 01:00:00,,20191200,125.640625,20190900,,20191200
2019-05-30 01:15:00,,20191200,125.6875,20190900,,20191200
2019-05-30 01:30:00,,20191200,125.671875,20190900,,20191200
2019-05-30 01:45:00,,20191200,125.75,20190900,,20191200
2019-05-30 02:00:00,,20191200,125.71875,20190900,,20191200
2019-05-30 02:15:00,,20191200,125.703125,20190900,,20191200
2019-05-30 02:30:00,,20191200,125.6875,20190900,,20191200
2019-05-30 02:45:00,,20191200,125.6875,20190900,,20191200
2019-05-30 03:00:00,,20191200,125.671875,20190900,,20191200
2019-05-30 03:15:00,,20191200,125.671875,20190900,,20191200
2019-05-30 03:30:00,,20191200,125.6875,20190900,,20191200
2019-05-30 03:45:00,,20191200,125.671875,20190900,,20191200
2019-05-30 04:00:00,,20191200,125.640625,20190900,,20191200
2019-05-30 04:15:00,,20191200,125.625,20190900,,20191200
2019-05-30 04:30:00,,20191200,125.625,20190900,,20191200
2019-05-30 04:45:00,,20191200,125.65625,20190900,,20191200
2019-05-30 05:15:00,,20191200,125.640625,20190900,,20191200
2019-05-30 05:30:00,,20191200,125.640625,20190900,,20191200
2019-05-30 05:45:00,,20191200,125.625,20190900,,20191200
2019-05-30 06:15:00,,20191200,125.640625,20190900,,20191200
2019-05-30 06:30:00,,20191200,125.625,20190900,,20191200
2019-05-30 06:45:00,,20191200,125.65625,20190900,,20191200
2019-05-30 07:00:00,,20191200,125.65625,20190900,,20191200
2019-05-30 07:15:00,,20191200,125.65625,20190900,,20191200
2019-05-30 07:30:00,,20191200,125.671875,20190900,,20191200
2019-05-30 07:45:00,,20191200,125.578125,20190900,,20191200
2019-05-30 08:00:00,,20191200,125.546875,20190900,,20191200
2019-05-30 08:15:00,,20191200,125.546875,20190900,,20191200
2019-05-30 08:30:00,,20191200,125.5625,20190900,,20191200
2019-05-30 08:45:00,,20191200,125.578125,20190900,,20191200
2019-05-30 09:00:00,,20191200,125.59375,20190900,,20191200
2019-05-30 09:15:00,,20191200,125.59375,20190900,,20191200
2019-05-30 09:30:00,,20191200,125.59375,20190900,,20191200
2019-05-30 09:45:00,,20191200,125.640625,20190900,,20191200
2019-05-30 10:00:00,,20191200,125.65625,20190900,,20191200
2019-05-30 10:15:00,,20191200,125.640625,20190900,,20191200
2019-05-30 10:30:00,,20191200,125.6875,20190900,,20191200
2019-05-30 10:45:00,,20191200,125.671875,20190900,,20191200
2019-05-30 11:00:00,,20191200,125.671875,20190900,,20191200
2019-05-30 11:15:00,,20191200,125.6875,20190900,,20191200
2019-05-30 11:30:00,,20191200,125.703125,20190900,,20191200
2019-05-30 11:45:00,,20191200,125.671875,20190900,,20191200
2019-05-30 12:00:00,,20191200,125.6875,20190900,,20191200
2019-05-30 12:15:00,,20191200,125.6875,20190900,,20191200
2019-05-30 12:30:00,,20191200,125.6875,20190900,,20191200
2019-05-30 12:45:00,,20191200,125.6875,20190900,,20191200
2019-05-30 13:00:00,,20191200,125.703125,20190900,,20191200
2019-05-30 13:15:00,,20191200,125.765625,20190900,,20191200
2019-05-30 13:30:00,,20191200,125.71875,20190900,,20191200
2019-05-30 13:45:00,,20191200,125.75,20190900,,20191200
2019-05-30 14:00:00,,20191200,125.75,20190900,,20191200
2019-05-30 14:15:00,,20191200,125.703125,20190900,,20191200
2019-05-30 14:30:00,,20191200,125.640625,20190900,,20191200
2019-05-30 14:45:00,,20191200,125.59375,20190900,,20191200
2019-05-30 15:00:00,125.46875,20191200,125.59375,20190900,125.46875,20191200
2019-05-30 15:15:00,,20191200,125.609375,20190900,,20191200
2019-05-30 15:30:00,,20191200,125.640625,20190900,,20191200
2019-05-30 15:45:00,,20191200,125.671875,20190900,,20191200
2019-05-30 16:00:00,,20191200,125.734375,20190900,,20191200
2019-05-30 16:15:00,,20191200,125.796875,20190900,,20191200
2019-05-30 16:30:00,,20191200,125.8125,20190900,,20191200
2019-05-30 16:45:00,,20191200,125.828125,20190900,,20191200
2019-05-30 17:00:00,,20191200,125.84375,20190900,,20191200
2019-05-30 17:15:00,,20191200,125.84375,20190900,,20191200
2019-05-30 17:30:00,,20191200,125.828125,20190900,,20191200
2019-05-30 17:45:00,,20191200,125.828125,20190900,,20191200
2019-05-30 18:00:00,,20191200,125.828125,20190900,,20191200
2019-05-30 18:15:00,,20191200,125.859375,20190900,,20191200
2019-05-30 18:30:00,,20191200,125.859375,20190900,,20191200
2019-05-30 18:45:00,,20191200,125.875,20190900,,20191200
2019-05-30 19:00:00,,20191200,125.875,20190900,,20191200
2019-05-30 19:15:00,,20191200,125.90625,20190900,,20191200
2019-05-30 19:30:00,,20191200,126.0,20190900,,20191200
2019-05-30 19:45:00,,20191200,126.03125,20190900,,20191200
2019-05-30 20:00:00,,20191200,126.078125,20190900,,20191200
2019-05-30 20:15:00,,20191200,126.0625,20190900,,20191200
2019-05-30 20:30:00,,20191200,126.046875,20190900,,20191200
2019-05-30 20:45:00,,20191200,126.078125,20190900,,20191200
2019-05-30 21:00:00,,20191200,126.109375,20190900,,20191200
2019-05-30 21:15:00,,20191200,126.09375,20190900,,20191200
2019-05-30 21:30:00,,20191200,126.09375,20190900,,20191200
2019-05-30 21:45:00,,20191200,126.109375,20190900,,20191200
2019-05-30 23:00:00,125.46875,20191200,125.640625,20190900,125.46875,20191200
2019-05-30 23:15:00,,20191200,126.109375,20190900,,20191200
2019-05-30 23:30:00,,20191200,126.078125,20190900,,20191200
2019-05-30 23:45:00,,20191200,126.0625,20190900,,20191200
2019-05-31 00:00:00,,20191200,126.078125,20190900,,20191200
2019-05-31 00:15:00,,20191200,126.09375,20190900,,20191200
2019-05-31 00:30:00,,20191200,126.28125,20190900,,20191200
2019-05-31 00:45:00,,20191200,126.34375,20190900,,20191200
2019-05-31 01:00:00,,20191200,126.390625,20190900,,20191200
2019-05-31 01:15:00,,20191200,126.421875,20190900,,20191200
2019-05-31 01:30:00,,20191200,126.40625,20190900,,20191200
2019-05-31 01:45:00,,20191200,126.4375,20190900,,20191200
2019-05-31 02:00:00,,20191200,126.375,20190900,,20191200
2019-05-31 02:15:00,,20191200,126.3125,20190900,,20191200
2019-05-31 02:30:00,,20191200,126.34375,20190900,,20191200
2019-05-31 02:45:00,,20191200,126.359375,20190900,,20191200
2019-05-31 03:00:00,,20191200,126.34375,20190900,,20191200
2019-05-31 03:15:00,,20191200,126.375,20190900,,20191200
2019-05-31 03:30:00,,20191200,126.421875,20190900,,20191200
2019-05-31 03:45:00,,20191200,126.40625,20190900,,20191200
2019-05-31 04:00:00,,20191200,126.40625,20190900,,20191200
2019-05-31 04:15:00,,20191200,126.40625,20190900,,20191200
2019-05-31 04:30:00,,20191200,126.421875,20190900,,20191200
2019-05-31 04:45:00,,20191200,126.375,20190900,,20191200
2019-05-31 05:15:00,,20191200,126.421875,20190900,,20191200
2019-05-31 05:30:00,,20191200,126.421875,20190900,,20191200
2019-05-31 05:45:00,,20191200,126.46875,20190900,,20191200
2019-05-31 06:15:00,,20191200,126.484375,20190900,,20191200
2019-05-31 06:30:00,,20191200,126.484375,20190900,,20191200
2019-05-31 06:45:00,,20191200,126.515625,20190900,,20191200
2019-05-31 07:00:00,,20191200,126.46875,20190900,,20191200
2019-05-31 07:15:00,,20191200,126.453125,20190900,,20191200
2019-05-31 07:30:00,,20191200,126.453125,20190900,,20191200
2019-05-31 07:45:00,,20191200,126.453125,20190900,,20191200
2019-05-31 08:00:00,,20191200,126.53125,20190900,,20191200
2019-05-31 08:15:00,,20191200,126.484375,20190900,,20191200
2019-05-31 08:30:00,,20191200,126.453125,20190900,,20191200
2019-05-31 08:45:00,,20191200,126.53125,20190900,,20191200
2019-05-31 09:00:00,,20191200,126.515625,20190900,,20191200
2019-05-31 09:15:00,,20191200,126.5625,20190900,,20191200
2019-05-31 09:30:00,,20191200,126.578125,20190900,,20191200
2019-05-31 09:45:00,,20191200,126.609375,20190900,,20191200
2019-05-31 10:00:00,,20191200,126.578125,20190900,,20191200
2019-05-31 10:15:00,,20191200,126.578125,20190900,,20191200
2019-05-31 10:30:00,,20191200,126.65625,20190900,,20191200
2019-05-31 10:45:00,,20191200,126.6875,20190900,,20191200
2019-05-31 11:00:00,,20191200,126.65625,20190900,,20191200
2019-05-31 11:15:00,,20191200,126.625,20190900,,20191200
2019-05-31 11:30:00,,20191200,126.609375,20190900,,20191200
2019-05-31 11:45:00,,20191200,126.59375,20190900,,20191200
2019-05-31 12:00:00,,20191200,126.546875,20190900,,20191200
2019-05-31 12:15:00,,20191200,126.53125,20190900,,20191200
2019-05-31 12:30:00,,20191200,126.5625,20190900,,20191200
2019-05-31 12:45:00,,20191200,126.578125,20190900,,20191200
2019-05-31 13:00:00,,20191200,126.578125,20190900,,20191200
2019-05-31 13:15:00,,20191200,126.46875,20190900,,20191200
2019-05-31 13:30:00,,20191200,126.40625,20190900,,20191200
2019-05-31 13:45:00,,20191200,126.40625,20190900,,20191200
2019-05-31 14:00:00,,20191200,126.46875,20190900,,20191200
2019-05-31 14:15:00,,20191200,126.4375,20190900,,20191200
2019-05-31 14:30:00,,20191200,126.4375,20190900,,20191200
2019-05-31 14:45:00,,20191200,126.4375,20190900,,20191200
2019-05-31 15:00:00,,20191200,126.515625,20190900,,20191200
2019-05-31 15:15:00,,20191200,126.53125,20190900,,20191200
2019-05-31 15:30:00,,20191200,126.515625,20190900,,20191200
2019-05-31 15:45:00,,20191200,126.453125,20190900,,20191200
2019-05-31 16:00:00,,20191200,126.40625,20190900,,20191200
2019-05-31 16:15:00,,20191200,126.390625,20190900,,20191200
2019-05-31 16:30:00,,20191200,126.421875,20190900,,20191200
2019-05-31 16:45:00,,20191200,126.46875,20190900,,20191200
2019-05-31 17:00:00,,20191200,126.46875,20190900,,20191200
2019-05-31 17:15:00,,20191200,126.5,20190900,,20191200
2019-05-31 17:30:00,,20191200,126.53125,20190900,,20191200
2019-05-31 17:45:00,,20191200,126.546875,20190900,,20191200
2019-05-31 18:00:00,,20191200,126.5,20190900,,20191200
2019-05-31 18:15:00,,20191200,126.625,20190900,,20191200
2019-05-31 18:30:00,,20191200,126.65625,20190900,,20191200
2019-05-31 18:45:00,,20191200,126.625,20190900,,20191200
2019-05-31 19:00:00,,20191200,126.65625,20190900,,20191200
2019-05-31 19:15:00,,20191200,126.65625,20190900,,20191200
2019-05-31 19:30:00,,20191200,126.640625,20190900,,20191200
2019-05-31 19:45:00,,20191200,126.71875,20190900,,20191200
2019-05-31 20:00:00,,20191200,126.734375,20190900,,20191200
2019-05-31 20:15:00,,20191200,126.75,20190900,,20191200
2019-05-31 20:30:00,,20191200,126.828125,20190900,,20191200
2019-05-31 20:45:00,,20191200,126.796875,20190900,,20191200
2019-05-31 21:00:00,,20191200,126.796875,20190900,,20191200
2019-05-31 21:15:00,,20191200,126.859375,20190900,,20191200
2019-05-31 21:30:00,,20191200,126.828125,20190900,,20191200
2019-05-31 21:45:00,,20191200,126.859375,20190900,,20191200
2019-05-31 23:00:00,,20191200,126.46875,20190900,,20191200
2019-06-02 23:00:00,,20191200,126.859375,20190900,,20191200
2019-06-02 23:15:00,,20191200,126.9375,20190900,,20191200
2019-06-02 23:30:00,,20191200,126.953125,20190900,,20191200
2019-06-02 23:45:00,,20191200,126.96875,20190900,,20191200
2019-06-03 00:00:00,,20191200,126.875,20190900,,20191200
2019-06-03 00:15:00,,20191200,126.875,20190900,,20191200
2019-06-03 00:30:00,,20191200,126.890625,20190900,,20191200
2019-06-03 00:45:00,,20191200,126.90625,20190900,,20191200
2019-06-03 01:00:00,,20191200,126.859375,20190900,,20191200
2019-06-03 01:15:00,,20191200,126.90625,20190900,,20191200
2019-06-03 01:30:00,,20191200,126.890625,20190900,,20191200
2019-06-03 01:45:00,,20191200,126.875,20190900,,20191200
2019-06-03 02:00:00,,20191200,126.890625,20190900,,20191200
2019-06-03 02:15:00,,20191200,126.859375,20190900,,20191200
2019-06-03 02:30:00,,20191200,126.890625,20190900,,20191200
2019-06-03 02:45:00,,20191200,126.828125,20190900,,20191200
2019-06-03 03:00:00,,20191200,126.890625,20190900,,20191200
2019-06-03 03:15:00,,20191200,126.921875,20190900,,20191200
2019-06-03 03:30:00,,20191200,126.890625,20190900,,20191200
2019-06-03 03:45:00,,20191200,126.90625,20190900,,20191200
2019-06-03 04:00:00,,20191200,126.921875,20190900,,20191200
2019-06-03 04:15:00,,20191200,126.890625,20190900,,20191200
2019-06-03 04:30:00,,20191200,126.859375,20190900,,20191200
2019-06-03 04:45:00,,20191200,126.890625,20190900,,20191200
2019-06-03 05:15:00,,20191200,126.921875,20190900,,20191200
2019-06-03 05:30:00,,20191200,126.921875,20190900,,20191200
2019-06-03 05:45:00,,20191200,126.90625,20190900,,20191200
2019-06-03 06:15:00,,20191200,126.859375,20190900,,20191200
2019-06-03 06:30:00,,20191200,126.859375,20190900,,20191200
2019-06-03 06:45:00,,20191200,126.875,20190900,,20191200
2019-06-03 07:00:00,,20191200,126.84375,20190900,,20191200
2019-06-03 07:15:00,,20191200,126.828125,20190900,,20191200
2019-06-03 07:30:00,,20191200,126.84375,20190900,,20191200
2019-06-03 07:45:00,,20191200,126.890625,20190900,,20191200
2019-06-03 08:00:00,,20191200,127.1875,20190900,,20191200
2019-06-03 08:15:00,,20191200,127.125,20190900,,20191200
2019-06-03 08:30:00,,20191200,127.28125,20190900,,20191200
2019-06-03 08:45:00,,20191200,127.234375,20190900,,20191200
2019-06-03 09:00:00,,20191200,127.21875,20190900,,20191200
2019-06-03 09:15:00,,20191200,127.25,20190900,,20191200
2019-06-03 09:30:00,,20191200,127.25,20190900,,20191200
2019-06-03 09:45:00,,20191200,127.171875,20190900,,20191200
2019-06-03 10:00:00,,20191200,127.15625,20190900,,20191200
2019-06-03 10:15:00,,20191200,127.125,20190900,,20191200
2019-06-03 10:30:00,,20191200,127.125,20190900,,20191200
2019-06-03 10:45:00,,20191200,127.125,20190900,,20191200
2019-06-03 11:00:00,,20191200,127.078125,20190900,,20191200
2019-06-03 11:15:00,,20191200,127.078125,20190900,,20191200
2019-06-03 11:30:00,,20191200,127.109375,20190900,,20191200
2019-06-03 11:45:00,,20191200,127.125,20190900,,20191200
2019-06-03 12:00:00,,20191200,127.046875,20190900,,20191200
2019-06-03 12:15:00,,20191200,126.984375,20190900,,20191200
2019-06-03 12:30:00,,20191200,126.953125,20190900,,20191200
2019-06-03 12:45:00,,20191200,126.953125,20190900,,20191200
2019-06-03 13:00:00,,20191200,126.953125,20190900,,20191200
2019-06-03 13:15:00,,20191200,127.0,20190900,,20191200
2019-06-03 13:30:00,,20191200,127.015625,20190900,,20191200
2019-06-03 13:45:00,,20191200,126.953125,20190900,,20191200
2019-06-03 14:00:00,,20191200,127.015625,20190900,,20191200
2019-06-03 14:15:00,,20191200,126.96875,20190900,,20191200
2019-06-03 14:30:00,,20191200,126.96875,20190900,,20191200
2019-06-03 14:45:00,,20191200,127.09375,20190900,,20191200
2019-06-03 15:00:00,,20191200,127.0,20190900,,20191200
2019-06-03 15:15:00,,20191200,126.9375,20190900,,20191200
2019-06-03 15:30:00,,20191200,126.84375,20190900,,20191200
2019-06-03 15:45:00,,20191200,126.875,20190900,,20191200
2019-06-03 16:00:00,,20191200,126.90625,20190900,,20191200
2019-06-03 16:15:00,,20191200,126.890625,20190900,,20191200
2019-06-03 16:30:00,,20191200,126.875,20190900,,20191200
2019-06-03 16:45:00,,20191200,126.921875,20190900,,20191200
2019-06-03 17:00:00,,20191200,126.96875,20190900,,20191200
2019-06-03 17:15:00,,20191200,126.984375,20190900,,20191200
2019-06-03 17:30:00,,20191200,126.984375,20190900,,20191200
2019-06-03 17:45:00,,20191200,127.015625,20190900,,20191200
2019-06-03 18:00:00,,20191200,127.0,20190900,,20191200
2019-06-03 18:15:00,,20191200,127.109375,20190900,,20191200
2019-06-03 18:30:00,,20191200,127.125,20190900,,20191200
2019-06-03 18:45:00,,20191200,127.125,20190900,,20191200
2019-06-03 19:00:00,,20191200,127.09375,20190900,,20191200
2019-06-03 19:15:00,,20191200,127.109375,20190900,,20191200
2019-06-03 19:30:00,,20191200,127.1875,20190900,,20191200
2019-06-03 19:45:00,,20191200,127.296875,20190900,,20191200
2019-06-03 20:00:00,,20191200,127.40625,20190900,,20191200
2019-06-03 20:15:00,,20191200,127.421875,20190900,,20191200
2019-06-03 20:30:00,,20191200,127.328125,20190900,,20191200
2019-06-03 20:45:00,,20191200,127.3125,20190900,,20191200
2019-06-03 21:00:00,,20191200,127.28125,20190900,,20191200
2019-06-03 21:15:00,,20191200,127.328125,20190900,,20191200
2019-06-03 21:30:00,,20191200,127.3125,20190900,,20191200
2019-06-03 21:45:00,,20191200,127.34375,20190900,,20191200
2019-06-03 23:00:00,,20191200,126.890625,20190900,,20191200
2019-06-03 23:15:00,,20191200,127.375,20190900,,20191200
2019-06-03 23:30:00,,20191200,127.390625,20190900,,20191200
2019-06-03 23:45:00,,20191200,127.421875,20190900,,20191200
2019-06-04 00:00:00,,20191200,127.375,20190900,,20191200
2019-06-04 00:15:00,,20191200,127.328125,20190900,,20191200
2019-06-04 00:30:00,,20191200,127.296875,20190900,,20191200
2019-06-04 00:45:00,,20191200,127.25,20190900,,20191200
2019-06-04 01:00:00,,20191200,127.234375,20190900,,20191200
2019-06-04 01:15:00,,20191200,127.234375,20190900,,20191200
2019-06-04 01:30:00,,20191200,127.140625,20190900,,20191200
2019-06-04 01:45:00,,20191200,127.140625,20190900,,20191200
2019-06-04 02:00:00,,20191200,127.140625,20190900,,20191200
2019-06-04 02:15:00,,20191200,127.15625,20190900,,20191200
2019-06-04 02:30:00,,20191200,127.171875,20190900,,20191200
2019-06-04 02:45:00,,20191200,127.15625,20190900,,20191200
2019-06-04 03:00:00,,20191200,127.15625,20190900,,20191200
2019-06-04 03:15:00,,20191200,127.09375,20190900,,20191200
2019-06-04 03:30:00,,20191200,127.09375,20190900,,20191200
2019-06-04 03:45:00,,20191200,127.09375,20190900,,20191200
2019-06-04 04:00:00,,20191200,127.078125,20190900,,20191200
2019-06-04 04:15:00,,20191200,127.046875,20190900,,20191200
2019-06-04 04:30:00,,20191200,127.015625,20190900,,20191200
2019-06-04 04:45:00,,20191200,127.0,20190900,,20191200
2019-06-04 05:15:00,,20191200,127.03125,20190900,,20191200
2019-06-04 05:30:00,,20191200,127.046875,20190900,,20191200
2019-06-04 05:45:00,,20191200,127.0625,20190900,,20191200
2019-06-04 06:15:00,,20191200,127.0625,20190900,,20191200
2019-06-04 06:30:00,,20191200,127.0625,20190900,,20191200
2019-06-04 06:45:00,,20191200,127.078125,20190900,,20191200
2019-06-04 07:00:00,,20191200,127.171875,20190900,,20191200
2019-06-04 07:15:00,,20191200,127.21875,20190900,,20191200
2019-06-04 07:30:00,,20191200,127.234375,20190900,,20191200
2019-06-04 07:45:00,,20191200,127.171875,20190900,,20191200
2019-06-04 08:00:00,,20191200,127.125,20190900,,20191200
2019-06-04 08:15:00,,20191200,127.0625,20190900,,20191200
2019-06-04 08:30:00,,20191200,127.140625,20190900,,20191200
2019-06-04 08:45:00,,20191200,127.109375,20190900,,20191200
2019-06-04 09:00:00,,20191200,127.15625,20190900,,20191200
2019-06-04 09:15:00,,20191200,127.09375,20190900,,20191200
2019-06-04 09:30:00,,20191200,127.0625,20190900,,20191200
2019-06-04 09:45:00,,20191200,127.03125,20190900,,20191200
2019-06-04 10:00:00,,20191200,127.0,20190900,,20191200
2019-06-04 10:15:00,,20191200,127.015625,20190900,,20191200
2019-06-04 10:30:00,,20191200,127.09375,20190900,,20191200
2019-06-04 10:45:00,,20191200,127.09375,20190900,,20191200
2019-06-04 11:00:00,,20191200,127.046875,20190900,,20191200
2019-06-04 11:15:00,,20191200,127.078125,20190900,,20191200
2019-06-04 11:30:00,,20191200,127.09375,20190900,,20191200
2019-06-04 11:45:00,,20191200,127.125,20190900,,20191200
2019-06-04 12:00:00,,20191200,127.109375,20190900,,20191200
2019-06-04 12:15:00,,20191200,127.109375,20190900,,20191200
2019-06-04 12:30:00,,20191200,127.09375,20190900,,20191200
2019-06-04 12:45:00,,20191200,127.0,20190900,,20191200
2019-06-04 13:00:00,,20191200,126.890625,20190900,,20191200
2019-06-04 13:15:00,,20191200,126.90625,20190900,,20191200
2019-06-04 13:30:00,,20191200,126.890625,20190900,,20191200
2019-06-04 13:45:00,,20191200,126.890625,20190900,,20191200
2019-06-04 14:00:00,,20191200,126.796875,20190900,,20191200
2019-06-04 14:15:00,,20191200,126.859375,20190900,,20191200
2019-06-04 14:30:00,,20191200,126.859375,20190900,,20191200
2019-06-04 14:45:00,,20191200,126.984375,20190900,,20191200
2019-06-04 15:00:00,,20191200,127.0,20190900,,20191200
2019-06-04 15:15:00,,20191200,126.921875,20190900,,20191200
2019-06-04 15:30:00,,20191200,126.75,20190900,,20191200
2019-06-04 15:45:00,,20191200,126.6875,20190900,,20191200
2019-06-04 16:00:00,,20191200,126.734375,20190900,,20191200
2019-06-04 16:15:00,,20191200,126.71875,20190900,,20191200
2019-06-04 16:30:00,,20191200,126.734375,20190900,,20191200
2019-06-04 16:45:00,,20191200,126.75,20190900,,20191200
2019-06-04 17:00:00,,20191200,126.8125,20190900,,20191200
2019-06-04 17:15:00,,20191200,126.78125,20190900,,20191200
2019-06-04 17:30:00,,20191200,126.78125,20190900,,20191200
2019-06-04 17:45:00,,20191200,126.75,20190900,,20191200
2019-06-04 18:00:00,,20191200,126.75,20190900,,20191200
2019-06-04 18:15:00,,20191200,126.796875,20190900,,20191200
2019-06-04 18:30:00,,20191200,126.8125,20190900,,20191200
2019-06-04 18:45:00,,20191200,126.859375,20190900,,20191200
2019-06-04 19:00:00,,20191200,126.890625,20190900,,20191200
2019-06-04 19:15:00,,20191200,126.875,20190900,,20191200
2019-06-04 19:30:00,,20191200,126.90625,20190900,,20191200
2019-06-04 19:45:00,,20191200,126.953125,20190900,,20191200
2019-06-04 20:00:00,,20191200,126.890625,20190900,,20191200
2019-06-04 20:15:00,,20191200,126.90625,20190900,,20191200
2019-06-04 20:30:00,,20191200,127.0,20190900,,20191200
2019-06-04 20:45:00,,20191200,126.9375,20190900,,20191200
2019-06-04 21:00:00,,20191200,126.890625,20190900,,20191200
2019-06-04 21:15:00,,20191200,126.90625,20190900,,20191200
2019-06-04 21:30:00,,20191200,126.921875,20190900,,20191200
2019-06-04 21:45:00,,20191200,126.8125,20190900,,20191200
2019-06-04 23:00:00,126.53125,20191200,127.0625,20190900,126.53125,20191200
2019-06-04 23:15:00,,20191200,126.796875,20190900,,20191200
2019-06-04 23:30:00,,20191200,126.828125,20190900,,20191200
2019-06-04 23:45:00,,20191200,126.84375,20190900,,20191200
2019-06-05 00:00:00,,20191200,126.8125,20190900,,20191200
2019-06-05 00:15:00,,20191200,126.859375,20190900,,20191200
2019-06-05 00:30:00,,20191200,126.859375,20190900,,20191200
2019-06-05 00:45:00,,20191200,126.828125,20190900,,20191200
2019-06-05 01:00:00,,20191200,126.90625,20190900,,20191200
2019-06-05 01:15:00,,20191200,126.90625,20190900,,20191200
2019-06-05 01:30:00,,20191200,126.890625,20190900,,20191200
2019-06-05 01:45:00,,20191200,126.875,20190900,,20191200
2019-06-05 02:00:00,,20191200,126.890625,20190900,,20191200
2019-06-05 02:15:00,,20191200,126.90625,20190900,,20191200
2019-06-05 02:30:00,,20191200,126.9375,20190900,,20191200
2019-06-05 02:45:00,,20191200,126.953125,20190900,,20191200
2019-06-05 03:00:00,,20191200,126.90625,20190900,,20191200
2019-06-05 03:15:00,,20191200,126.90625,20190900,,20191200
2019-06-05 03:30:00,,20191200,126.96875,20190900,,20191200
2019-06-05 03:45:00,,20191200,126.953125,20190900,,20191200
2019-06-05 04:00:00,,20191200,126.953125,20190900,,20191200
2019-06-05 04:15:00,,20191200,126.953125,20190900,,20191200
2019-06-05 04:30:00,,20191200,126.96875,20190900,,20191200
2019-06-05 04:45:00,,20191200,126.984375,20190900,,20191200
2019-06-05 05:15:00,,20191200,127.0,20190900,,20191200
2019-06-05 05:30:00,,20191200,127.0,20190900,,20191200
2019-06-05 05:45:00,,20191200,127.015625,20190900,,20191200
2019-06-05 06:15:00,,20191200,127.0,20190900,,20191200
2019-06-05 06:30:00,,20191200,127.046875,20190900,,20191200
2019-06-05 06:45:00,,20191200,127.078125,20190900,,20191200
2019-06-05 07:00:00,,20191200,127.109375,20190900,,20191200
2019-06-05 07:15:00,,20191200,127.171875,20190900,,20191200
2019-06-05 07:30:00,,20191200,127.171875,20190900,,20191200
2019-06-05 07:45:00,,20191200,127.125,20190900,,20191200
2019-06-05 08:00:00,,20191200,127.09375,20190900,,20191200
2019-06-05 08:15:00,,20191200,127.046875,20190900,,20191200
2019-06-05 08:30:00,,20191200,126.984375,20190900,,20191200
2019-06-05 08:45:00,,20191200,126.96875,20190900,,20191200
2019-06-05 09:00:00,,20191200,126.890625,20190900,,20191200
2019-06-05 09:15:00,,20191200,126.90625,20190900,,20191200
2019-06-05 09:30:00,,20191200,126.90625,20190900,,20191200
2019-06-05 09:45:00,,20191200,126.9375,20190900,,20191200
2019-06-05 10:00:00,,20191200,126.9375,20190900,,20191200
2019-06-05 10:15:00,,20191200,126.890625,20190900,,20191200
2019-06-05 10:30:00,,20191200,126.921875,20190900,,20191200
2019-06-05 10:45:00,,20191200,126.890625,20190900,,20191200
2019-06-05 11:00:00,,20191200,126.890625,20190900,,20191200
2019-06-05 11:15:00,,20191200,126.9375,20190900,,20191200
2019-06-05 11:30:00,,20191200,126.984375,20190900,,20191200
2019-06-05 11:45:00,,20191200,126.984375,20190900,,20191200
2019-06-05 12:00:00,,20191200,126.96875,20190900,,20191200
2019-06-05 12:15:00,,20191200,126.984375,20190900,,20191200
2019-06-05 12:30:00,,20191200,126.984375,20190900,,20191200
2019-06-05 12:45:00,,20191200,127.0,20190900,,20191200
2019-06-05 13:00:00,,20191200,127.03125,20190900,,20191200
2019-06-05 13:15:00,,20191200,127.296875,20190900,,20191200
2019-06-05 13:30:00,,20191200,127.265625,20190900,,20191200
2019-06-05 13:45:00,,20191200,127.328125,20190900,,20191200
2019-06-05 14:00:00,,20191200,127.28125,20190900,,20191200
2019-06-05 14:15:00,,20191200,127.125,20190900,,20191200
2019-06-05 14:30:00,,20191200,127.203125,20190900,,20191200
2019-06-05 14:45:00,,20191200,127.296875,20190900,,20191200
2019-06-05 15:00:00,,20191200,127.09375,20190900,,20191200
2019-06-05 15:15:00,,20191200,127.125,20190900,,20191200
2019-06-05 15:30:00,,20191200,127.15625,20190900,,20191200
2019-06-05 15:45:00,,20191200,127.109375,20190900,,20191200
2019-06-05 16:00:00,,20191200,127.109375,20190900,,20191200
2019-06-05 16:15:00,,20191200,126.96875,20190900,,20191200
2019-06-05 16:30:00,,20191200,126.953125,20190900,,20191200
2019-06-05 16:45:00,,20191200,127.0,20190900,,20191200
2019-06-05 17:00:00,,20191200,127.0,20190900,,20191200
2019-06-05 17:15:00,,20191200,127.046875,20190900,,20191200
2019-06-05 17:30:00,,20191200,126.96875,20190900,,20191200
2019-06-05 17:45:00,,20191200,126.9375,20190900,,20191200
2019-06-05 18:00:00,,20191200,126.9375,20190900,,20191200
2019-06-05 18:15:00,,20191200,126.9375,20190900,,20191200
2019-06-05 18:30:00,,20191200,126.953125,20190900,,20191200
2019-06-05 18:45:00,,20191200,126.984375,20190900,,20191200
2019-06-05 19:00:00,,20191200,126.96875,20190900,,20191200
2019-06-05 19:15:00,,20191200,126.984375,20190900,,20191200
2019-06-05 19:30:00,,20191200,126.9375,20190900,,20191200
2019-06-05 19:45:00,,20191200,126.984375,20190900,,20191200
2019-06-05 20:00:00,,20191200,127.03125,20190900,,20191200
2019-06-05 20:15:00,,20191200,127.015625,20190900,,20191200
2019-06-05 20:30:00,,20191200,127.046875,20190900,,20191200
2019-06-05 20:45:00,,20191200,126.984375,20190900,,20191200
2019-06-05 21:00:00,,20191200,127.015625,20190900,,20191200
2019-06-05 21:15:00,,20191200,127.0,20190900,,20191200
2019-06-05 21:30:00,,20191200,126.921875,20190900,,20191200
2019-06-05 21:45:00,,20191200,126.875,20190900,,20191200
2019-06-05 23:00:00,,20191200,127.0,20190900,,20191200
2019-06-05 23:15:00,,20191200,127.078125,20190900,,20191200
2019-06-05 23:30:00,,20191200,127.015625,20190900,,20191200
2019-06-05 23:45:00,,20191200,127.03125,20190900,,20191200
2019-06-06 00:00:00,,20191200,127.03125,20190900,,20191200
2019-06-06 00:15:00,,20191200,127.046875,20190900,,20191200
2019-06-06 00:30:00,,20191200,126.984375,20190900,,20191200
2019-06-06 00:45:00,,20191200,126.984375,20190900,,20191200
2019-06-06 01:00:00,,20191200,126.953125,20190900,,20191200
2019-06-06 01:15:00,,20191200,126.921875,20190900,,20191200
2019-06-06 01:30:00,,20191200,126.953125,20190900,,20191200
2019-06-06 01:45:00,,20191200,126.96875,20190900,,20191200
2019-06-06 02:00:00,,20191200,126.984375,20190900,,20191200
2019-06-06 02:15:00,,20191200,127.0,20190900,,20191200
2019-06-06 02:30:00,,20191200,127.03125,20190900,,20191200
2019-06-06 02:45:00,,20191200,127.03125,20190900,,20191200
2019-06-06 03:00:00,,20191200,127.015625,20190900,,20191200
2019-06-06 03:15:00,,20191200,127.015625,20190900,,20191200
2019-06-06 03:30:00,,20191200,127.015625,20190900,,20191200
2019-06-06 03:45:00,,20191200,127.03125,20190900,,20191200
2019-06-06 04:00:00,,20191200,127.046875,20190900,,20191200
2019-06-06 04:15:00,,20191200,127.046875,20190900,,20191200
2019-06-06 04:30:00,,20191200,127.078125,20190900,,20191200
2019-06-06 04:45:00,,20191200,127.078125,20190900,,20191200
2019-06-06 05:15:00,,20191200,127.09375,20190900,,20191200
2019-06-06 05:30:00,,20191200,127.0625,20190900,,20191200
2019-06-06 05:45:00,,20191200,127.09375,20190900,,20191200
2019-06-06 06:15:00,,20191200,127.078125,20190900,,20191200
2019-06-06 06:30:00,,20191200,127.09375,20190900,,20191200
2019-06-06 06:45:00,,20191200,127.109375,20190900,,20191200
2019-06-06 07:00:00,,20191200,127.109375,20190900,,20191200
2019-06-06 07:15:00,,20191200,127.09375,20190900,,20191200
2019-06-06 07:30:00,,20191200,127.078125,20190900,,20191200
2019-06-06 07:45:00,,20191200,127.0625,20190900,,20191200
2019-06-06 08:00:00,,20191200,127.046875,20190900,,20191200
2019-06-06 08:15:00,,20191200,127.09375,20190900,,20191200
2019-06-06 08:30:00,,20191200,127.09375,20190900,,20191200
2019-06-06 08:45:00,,20191200,127.109375,20190900,,20191200
2019-06-06 09:00:00,,20191200,127.0625,20190900,,20191200
2019-06-06 09:15:00,,20191200,127.0625,20190900,,20191200
2019-06-06 09:30:00,,20191200,127.0625,20190900,,20191200
2019-06-06 09:45:00,,20191200,127.15625,20190900,,20191200
2019-06-06 10:00:00,,20191200,127.1875,20190900,,20191200
2019-06-06 10:15:00,,20191200,127.15625,20190900,,20191200
2019-06-06 10:30:00,,20191200,127.171875,20190900,,20191200
2019-06-06 10:45:00,,20191200,127.140625,20190900,,20191200
2019-06-06 11:00:00,,20191200,127.125,20190900,,20191200
2019-06-06 11:15:00,,20191200,127.140625,20190900,,20191200
2019-06-06 11:30:00,,20191200,127.15625,20190900,,20191200
2019-06-06 11:45:00,,20191200,127.1875,20190900,,20191200
2019-06-06 12:00:00,,20191200,127.21875,20190900,,20191200
2019-06-06 12:15:00,,20191200,127.15625,20190900,,20191200
2019-06-06 12:30:00,,20191200,127.171875,20190900,,20191200
2019-06-06 12:45:00,,20191200,127.046875,20190900,,20191200
2019-06-06 13:00:00,,20191200,127.109375,20190900,,20191200
2019-06-06 13:15:00,,20191200,127.15625,20190900,,20191200
2019-06-06 13:30:00,,20191200,127.140625,20190900,,20191200
2019-06-06 13:45:00,,20191200,127.109375,20190900,,20191200
2019-06-06 14:00:00,,20191200,127.0625,20190900,,20191200
2019-06-06 14:15:00,,20191200,126.984375,20190900,,20191200
2019-06-06 14:30:00,,20191200,126.984375,20190900,,20191200
2019-06-06 14:45:00,,20191200,127.140625,20190900,,20191200
2019-06-06 15:00:00,,20191200,127.125,20190900,,20191200
2019-06-06 15:15:00,,20191200,127.140625,20190900,,20191200
2019-06-06 15:30:00,,20191200,127.125,20190900,,20191200
2019-06-06 15:45:00,,20191200,127.171875,20190900,,20191200
2019-06-06 16:00:00,,20191200,127.109375,20190900,,20191200
2019-06-06 16:15:00,,20191200,127.078125,20190900,,20191200
2019-06-06 16:30:00,,20191200,127.171875,20190900,,20191200
2019-06-06 16:45:00,,20191200,127.171875,20190900,,20191200
2019-06-06 17:00:00,,20191200,127.15625,20190900,,20191200
2019-06-06 17:15:00,,20191200,127.125,20190900,,20191200
2019-06-06 17:30:00,,20191200,127.140625,20190900,,20191200
2019-06-06 17:45:00,,20191200,127.140625,20190900,,20191200
2019-06-06 18:00:00,,20191200,127.125,20190900,,20191200
2019-06-06 18:15:00,,20191200,127.078125,20190900,,20191200
2019-06-06 18:30:00,,20191200,127.046875,20190900,,20191200
2019-06-06 18:45:00,,20191200,127.09375,20190900,,20191200
2019-06-06 19:00:00,,20191200,127.015625,20190900,,20191200
2019-06-06 19:15:00,,20191200,127.015625,20190900,,20191200
2019-06-06 19:30:00,,20191200,126.90625,20190900,,20191200
2019-06-06 19:45:00,,20191200,126.96875,20190900,,20191200
2019-06-06 20:00:00,,20191200,126.921875,20190900,,20191200
2019-06-06 20:15:00,,20191200,126.953125,20190900,,20191200
2019-06-06 20:30:00,,20191200,126.890625,20190900,,20191200
2019-06-06 20:45:00,,20191200,126.90625,20190900,,20191200
2019-06-06 21:00:00,,20191200,126.890625,20190900,,20191200
2019-06-06 21:15:00,,20191200,126.875,20190900,,20191200
2019-06-06 21:30:00,,20191200,126.96875,20190900,,20191200
2019-06-06 21:45:00,,20191200,126.96875,20190900,,20191200
2019-06-06 23:00:00,,20191200,127.078125,20190900,,20191200
2019-06-06 23:15:00,,20191200,127.03125,20190900,,20191200
2019-06-06 23:30:00,,20191200,127.015625,20190900,,20191200
2019-06-06 23:45:00,,20191200,127.046875,20190900,,20191200
2019-06-07 00:00:00,,20191200,126.921875,20190900,,20191200
2019-06-07 00:15:00,,20191200,126.9375,20190900,,20191200
2019-06-07 00:30:00,,20191200,126.90625,20190900,,20191200
2019-06-07 00:45:00,,20191200,126.90625,20190900,,20191200
2019-06-07 01:00:00,,20191200,126.953125,20190900,,20191200
2019-06-07 01:15:00,,20191200,126.921875,20190900,,20191200
2019-06-07 01:30:00,,20191200,126.90625,20190900,,20191200
2019-06-07 01:45:00,,20191200,126.921875,20190900,,20191200
2019-06-07 02:00:00,,20191200,126.953125,20190900,,20191200
2019-06-07 02:15:00,,20191200,126.96875,20190900,,20191200
2019-06-07 02:30:00,,20191200,126.9375,20190900,,20191200
2019-06-07 02:45:00,,20191200,126.9375,20190900,,20191200
2019-06-07 03:00:00,,20191200,126.953125,20190900,,20191200
2019-06-07 03:15:00,,20191200,126.96875,20190900,,20191200
2019-06-07 03:30:00,,20191200,126.90625,20190900,,20191200
2019-06-07 03:45:00,,20191200,126.921875,20190900,,20191200
2019-06-07 04:00:00,,20191200,126.9375,20190900,,20191200
2019-06-07 04:15:00,,20191200,126.9375,20190900,,20191200
2019-06-07 04:30:00,,20191200,126.9375,20190900,,20191200
2019-06-07 04:45:00,,20191200,126.96875,20190900,,20191200
2019-06-07 05:15:00,,20191200,126.953125,20190900,,20191200
2019-06-07 05:30:00,,20191200,126.953125,20190900,,20191200
2019-06-07 05:45:00,,20191200,126.953125,20190900,,20191200
2019-06-07 06:15:00,,20191200,126.96875,20190900,,20191200
2019-06-07 06:30:00,,20191200,126.96875,20190900,,20191200
2019-06-07 06:45:00,,20191200,126.953125,20190900,,20191200
2019-06-07 07:00:00,,20191200,126.96875,20190900,,20191200
2019-06-07 07:15:00,,20191200,126.953125,20190900,,20191200
2019-06-07 07:30:00,,20191200,126.9375,20190900,,20191200
2019-06-07 07:45:00,,20191200,126.921875,20190900,,20191200
2019-06-07 08:00:00,,20191200,126.9375,20190900,,20191200
2019-06-07 08:15:00,,20191200,126.984375,20190900,,20191200
2019-06-07 08:30:00,,20191200,126.984375,20190900,,20191200
2019-06-07 08:45:00,,20191200,127.0,20190900,,20191200
2019-06-07 09:00:00,,20191200,127.0,20190900,,20191200
2019-06-07 09:15:00,,20191200,126.984375,20190900,,20191200
2019-06-07 09:30:00,,20191200,127.0,20190900,,20191200
2019-06-07 09:45:00,,20191200,127.015625,20190900,,20191200
2019-06-07 10:00:00,,20191200,127.015625,20190900,,20191200
2019-06-07 10:15:00,,20191200,127.0,20190900,,20191200
2019-06-07 10:30:00,,20191200,126.984375,20190900,,20191200
2019-06-07 10:45:00,,20191200,126.953125,20190900,,20191200
2019-06-07 11:00:00,,20191200,126.953125,20190900,,20191200
2019-06-07 11:15:00,,20191200,126.921875,20190900,,20191200
2019-06-07 11:30:00,,20191200,126.921875,20190900,,20191200
2019-06-07 11:45:00,,20191200,126.953125,20190900,,20191200
2019-06-07 12:00:00,,20191200,126.984375,20190900,,20191200
2019-06-07 12:15:00,,20191200,126.96875,20190900,,20191200
2019-06-07 12:30:00,,20191200,127.0,20190900,,20191200
2019-06-07 12:45:00,,20191200,127.015625,20190900,,20191200
2019-06-07 13:00:00,,20191200,127.09375,20190900,,20191200
2019-06-07 13:15:00,,20191200,127.078125,20190900,,20191200
2019-06-07 13:30:00,,20191200,127.59375,20190900,,20191200
2019-06-07 13:45:00,,20191200,127.5,20190900,,20191200
2019-06-07 14:00:00,,20191200,127.5,20190900,,20191200
2019-06-07 14:15:00,,20191200,127.46875,20190900,,20191200
2019-06-07 14:30:00,,20191200,127.375,20190900,,20191200
2019-06-07 14:45:00,,20191200,127.40625,20190900,,20191200
2019-06-07 15:00:00,,20191200,127.40625,20190900,,20191200
2019-06-07 15:15:00,,20191200,127.421875,20190900,,20191200
2019-06-07 15:30:00,,20191200,127.4375,20190900,,20191200
2019-06-07 15:45:00,,20191200,127.4375,20190900,,20191200
2019-06-07 16:00:00,,20191200,127.453125,20190900,,20191200
2019-06-07 16:15:00,,20191200,127.390625,20190900,,20191200
2019-06-07 16:30:00,,20191200,127.296875,20190900,,20191200
2019-06-07 16:45:00,,20191200,127.234375,20190900,,20191200
2019-06-07 17:00:00,,20191200,127.328125,20190900,,20191200
2019-06-07 17:15:00,,20191200,127.359375,20190900,,20191200
2019-06-07 17:30:00,,20191200,127.34375,20190900,,20191200
2019-06-07 17:45:00,,20191200,127.34375,20190900,,20191200
2019-06-07 18:00:00,,20191200,127.34375,20190900,,20191200
2019-06-07 18:15:00,,20191200,127.203125,20190900,,20191200
2019-06-07 18:30:00,,20191200,127.265625,20190900,,20191200
2019-06-07 18:45:00,,20191200,127.234375,20190900,,20191200
2019-06-07 19:00:00,,20191200,127.1875,20190900,,20191200
2019-06-07 19:15:00,,20191200,127.21875,20190900,,20191200
2019-06-07 19:30:00,,20191200,127.15625,20190900,,20191200
2019-06-07 19:45:00,,20191200,127.21875,20190900,,20191200
2019-06-07 20:00:00,,20191200,127.25,20190900,,20191200
2019-06-07 20:15:00,,20191200,127.234375,20190900,,20191200
2019-06-07 20:30:00,,20191200,127.203125,20190900,,20191200
2019-06-07 20:45:00,,20191200,127.265625,20190900,,20191200
2019-06-07 21:00:00,,20191200,127.21875,20190900,,20191200
2019-06-07 21:15:00,,20191200,127.234375,20190900,,20191200
2019-06-07 21:30:00,,20191200,127.234375,20190900,,20191200
2019-06-07 21:45:00,,20191200,127.234375,20190900,,20191200
2019-06-07 23:00:00,,20191200,126.953125,20190900,,20191200
2019-06-09 23:00:00,,20191200,126.78125,20190900,,20191200
2019-06-09 23:15:00,,20191200,126.8125,20190900,,20191200
2019-06-09 23:30:00,,20191200,126.859375,20190900,,20191200
2019-06-09 23:45:00,,20191200,126.84375,20190900,,20191200
2019-06-10 00:00:00,,20191200,126.84375,20190900,,20191200
2019-06-10 00:15:00,,20191200,126.875,20190900,,20191200
2019-06-10 00:30:00,,20191200,126.890625,20190900,,20191200
2019-06-10 00:45:00,,20191200,126.875,20190900,,20191200
2019-06-10 01:00:00,,20191200,126.875,20190900,,20191200
2019-06-10 01:15:00,,20191200,126.9375,20190900,,20191200
2019-06-10 01:30:00,,20191200,126.9375,20190900,,20191200
2019-06-10 01:45:00,,20191200,126.953125,20190900,,20191200
2019-06-10 02:00:00,,20191200,126.953125,20190900,,20191200
2019-06-10 02:15:00,,20191200,126.953125,20190900,,20191200
2019-06-10 02:30:00,,20191200,126.890625,20190900,,20191200
2019-06-10 02:45:00,,20191200,126.921875,20190900,,20191200
2019-06-10 03:00:00,,20191200,126.90625,20190900,,20191200
2019-06-10 03:15:00,,20191200,126.9375,20190900,,20191200
2019-06-10 03:30:00,,20191200,126.9375,20190900,,20191200
2019-06-10 03:45:00,,20191200,126.9375,20190900,,20191200
2019-06-10 04:00:00,,20191200,126.96875,20190900,,20191200
2019-06-10 04:15:00,,20191200,126.96875,20190900,,20191200
2019-06-10 04:30:00,,20191200,126.953125,20190900,,20191200
2019-06-10 04:45:00,,20191200,126.921875,20190900,,20191200
2019-06-10 05:15:00,,20191200,126.890625,20190900,,20191200
2019-06-10 05:30:00,,20191200,126.890625,20190900,,20191200
2019-06-10 05:45:00,,20191200,126.875,20190900,,20191200
2019-06-10 06:15:00,,20191200,126.859375,20190900,,20191200
2019-06-10 06:30:00,,20191200,126.890625,20190900,,20191200
2019-06-10 06:45:00,,20191200,126.890625,20190900,,20191200
2019-06-10 07:00:00,,20191200,126.890625,20190900,,20191200
2019-06-10 07:15:00,,20191200,126.828125,20190900,,20191200
2019-06-10 07:30:00,,20191200,126.8125,20190900,,20191200
2019-06-10 07:45:00,,20191200,126.828125,20190900,,20191200
2019-06-10 08:00:00,,20191200,126.859375,20190900,,20191200
2019-06-10 08:15:00,,20191200,126.8125,20190900,,20191200
2019-06-10 08:30:00,,20191200,126.8125,20190900,,20191200
2019-06-10 08:45:00,,20191200,126.796875,20190900,,20191200
2019-06-10 09:00:00,,20191200,126.828125,20190900,,20191200
2019-06-10 09:15:00,,20191200,126.84375,20190900,,20191200
2019-06-10 09:30:00,,20191200,126.875,20190900,,20191200
2019-06-10 09:45:00,,20191200,126.828125,20190900,,20191200
2019-06-10 10:00:00,,20191200,126.84375,20190900,,20191200
2019-06-10 10:15:00,,20191200,126.84375,20190900,,20191200
2019-06-10 10:30:00,,20191200,126.828125,20190900,,20191200
2019-06-10 10:45:00,,20191200,126.796875,20190900,,20191200
2019-06-10 11:00:00,,20191200,126.765625,20190900,,20191200
2019-06-10 11:15:00,,20191200,126.78125,20190900,,20191200
2019-06-10 11:30:00,,20191200,126.765625,20190900,,20191200
2019-06-10 11:45:00,,20191200,126.8125,20190900,,20191200
2019-06-10 12:00:00,,20191200,126.796875,20190900,,20191200
2019-06-10 12:15:00,,20191200,126.75,20190900,,20191200
2019-06-10 12:30:00,,20191200,126.765625,20190900,,20191200
2019-06-10 12:45:00,,20191200,126.765625,20190900,,20191200
2019-06-10 13:00:00,,20191200,126.796875,20190900,,20191200
2019-06-10 13:15:00,,20191200,126.859375,20190900,,20191200
2019-06-10 13:30:00,,20191200,126.90625,20190900,,20191200
2019-06-10 13:45:00,,20191200,126.984375,20190900,,20191200
2019-06-10 14:00:00,,20191200,126.921875,20190900,,20191200
2019-06-10 14:15:00,,20191200,126.921875,20190900,,20191200
2019-06-10 14:30:00,,20191200,126.84375,20190900,,20191200
2019-06-10 14:45:00,,20191200,126.84375,20190900,,20191200
2019-06-10 15:00:00,,20191200,126.8125,20190900,,20191200
2019-06-10 15:15:00,,20191200,126.84375,20190900,,20191200
2019-06-10 15:30:00,,20191200,126.859375,20190900,,20191200
2019-06-10 15:45:00,,20191200,126.828125,20190900,,20191200
2019-06-10 16:00:00,,20191200,126.828125,20190900,,20191200
2019-06-10 16:15:00,,20191200,126.859375,20190900,,20191200
2019-06-10 16:30:00,,20191200,126.78125,20190900,,20191200
2019-06-10 16:45:00,,20191200,126.765625,20190900,,20191200
2019-06-10 17:00:00,,20191200,126.796875,20190900,,20191200
2019-06-10 17:15:00,,20191200,126.828125,20190900,,20191200
2019-06-10 17:30:00,,20191200,126.828125,20190900,,20191200
2019-06-10 17:45:00,,20191200,126.8125,20190900,,20191200
2019-06-10 18:00:00,,20191200,126.78125,20190900,,20191200
2019-06-10 18:15:00,,20191200,126.78125,20190900,,20191200
2019-06-10 18:30:00,,20191200,126.828125,20190900,,20191200
2019-06-10 18:45:00,,20191200,126.84375,20190900,,20191200
2019-06-10 19:00:00,,20191200,126.875,20190900,,20191200
2019-06-10 19:15:00,,20191200,126.828125,20190900,,20191200
2019-06-10 19:30:00,,20191200,126.8125,20190900,,20191200
2019-06-10 19:45:00,,20191200,126.75,20190900,,20191200
2019-06-10 20:00:00,,20191200,126.75,20190900,,20191200
2019-06-10 20:15:00,,20191200,126.75,20190900,,20191200
2019-06-10 20:30:00,,20191200,126.75,20190900,,20191200
2019-06-10 20:45:00,,20191200,126.734375,20190900,,20191200
2019-06-10 21:00:00,,20191200,126.75,20190900,,20191200
2019-06-10 21:15:00,,20191200,126.71875,20190900,,20191200
2019-06-10 21:30:00,,20191200,126.703125,20190900,,20191200
2019-06-10 21:45:00,,20191200,126.703125,20190900,,20191200
2019-06-10 23:00:00,,20191200,126.859375,20190900,,20191200
2019-06-10 23:15:00,,20191200,126.734375,20190900,,20191200
2019-06-10 23:30:00,,20191200,126.75,20190900,,20191200
2019-06-10 23:45:00,,20191200,126.75,20190900,,20191200
2019-06-11 00:00:00,,20191200,126.78125,20190900,,20191200
2019-06-11 00:15:00,,20191200,126.78125,20190900,,20191200
2019-06-11 00:30:00,,20191200,126.78125,20190900,,20191200
2019-06-11 00:45:00,,20191200,126.796875,20190900,,20191200
2019-06-11 01:00:00,,20191200,126.796875,20190900,,20191200
2019-06-11 01:15:00,,20191200,126.78125,20190900,,20191200
2019-06-11 01:30:00,,20191200,126.796875,20190900,,20191200
2019-06-11 01:45:00,,20191200,126.75,20190900,,20191200
2019-06-11 02:00:00,,20191200,126.71875,20190900,,20191200
2019-06-11 02:15:00,,20191200,126.703125,20190900,,20191200
2019-06-11 02:30:00,,20191200,126.71875,20190900,,20191200
2019-06-11 02:45:00,,20191200,126.703125,20190900,,20191200
2019-06-11 03:00:00,,20191200,126.703125,20190900,,20191200
2019-06-11 03:15:00,,20191200,126.703125,20190900,,20191200
2019-06-11 03:30:00,,20191200,126.703125,20190900,,20191200
2019-06-11 03:45:00,,20191200,126.6875,20190900,,20191200
2019-06-11 04:00:00,,20191200,126.703125,20190900,,20191200
2019-06-11 04:15:00,,20191200,126.703125,20190900,,20191200
2019-06-11 04:30:00,,20191200,126.71875,20190900,,20191200
2019-06-11 04:45:00,,20191200,126.703125,20190900,,20191200
2019-06-11 05:15:00,,20191200,126.71875,20190900,,20191200
2019-06-11 05:30:00,,20191200,126.703125,20190900,,20191200
2019-06-11 05:45:00,,20191200,126.703125,20190900,,20191200
2019-06-11 06:15:00,,20191200,126.734375,20190900,,20191200
2019-06-11 06:30:00,,20191200,126.75,20190900,,20191200
2019-06-11 06:45:00,,20191200,126.75,20190900,,20191200
2019-06-11 07:00:00,,20191200,126.734375,20190900,,20191200
2019-06-11 07:15:00,,20191200,126.75,20190900,,20191200
2019-06-11 07:30:00,,20191200,126.765625,20190900,,20191200
2019-06-11 07:45:00,,20191200,126.78125,20190900,,20191200
2019-06-11 08:00:00,,20191200,126.75,20190900,,20191200
2019-06-11 08:15:00,,20191200,126.765625,20190900,,20191200
2019-06-11 08:30:00,,20191200,126.71875,20190900,,20191200
2019-06-11 08:45:00,,20191200,126.6875,20190900,,20191200
2019-06-11 09:00:00,,20191200,126.734375,20190900,,20191200
2019-06-11 09:15:00,,20191200,126.71875,20190900,,20191200
2019-06-11 09:30:00,,20191200,126.671875,20190900,,20191200
2019-06-11 09:45:00,,20191200,126.671875,20190900,,20191200
2019-06-11 10:00:00,,20191200,126.6875,20190900,,20191200
2019-06-11 10:15:00,,20191200,126.640625,20190900,,20191200
2019-06-11 10:30:00,,20191200,126.609375,20190900,,20191200
2019-06-11 10:45:00,,20191200,126.578125,20190900,,20191200
2019-06-11 11:00:00,,20191200,126.53125,20190900,,20191200
2019-06-11 11:15:00,,20191200,126.515625,20190900,,20191200
2019-06-11 11:30:00,,20191200,126.53125,20190900,,20191200
2019-06-11 11:45:00,,20191200,126.5,20190900,,20191200
2019-06-11 12:00:00,,20191200,126.5625,20190900,,20191200
2019-06-11 12:15:00,,20191200,126.5625,20190900,,20191200
2019-06-11 12:30:00,,20191200,126.546875,20190900,,20191200
2019-06-11 12:45:00,,20191200,126.5625,20190900,,20191200
2019-06-11 13:00:00,,20191200,126.5625,20190900,,20191200
2019-06-11 13:15:00,,20191200,126.578125,20190900,,20191200
2019-06-11 13:30:00,,20191200,126.59375,20190900,,20191200
2019-06-11 13:45:00,,20191200,126.671875,20190900,,20191200
2019-06-11 14:00:00,,20191200,126.609375,20190900,,20191200
2019-06-11 14:15:00,,20191200,126.625,20190900,,20191200
2019-06-11 14:30:00,,20191200,126.671875,20190900,,20191200
2019-06-11 14:45:00,,20191200,126.65625,20190900,,20191200
2019-06-11 15:00:00,,20191200,126.671875,20190900,,20191200
2019-06-11 15:15:00,,20191200,126.625,20190900,,20191200
2019-06-11 15:30:00,,20191200,126.6875,20190900,,20191200
2019-06-11 15:45:00,,20191200,126.640625,20190900,,20191200
2019-06-11 16:00:00,,20191200,126.625,20190900,,20191200
2019-06-11 16:15:00,,20191200,126.625,20190900,,20191200
2019-06-11 16:30:00,,20191200,126.671875,20190900,,20191200
2019-06-11 16:45:00,,20191200,126.6875,20190900,,20191200
2019-06-11 17:00:00,,20191200,126.6875,20190900,,20191200
2019-06-11 17:15:00,,20191200,126.71875,20190900,,20191200
2019-06-11 17:30:00,,20191200,126.71875,20190900,,20191200
2019-06-11 17:45:00,,20191200,126.75,20190900,,20191200
2019-06-11 18:00:00,,20191200,126.75,20190900,,20191200
2019-06-11 18:15:00,,20191200,126.765625,20190900,,20191200
2019-06-11 18:30:00,,20191200,126.78125,20190900,,20191200
2019-06-11 18:45:00,,20191200,126.75,20190900,,20191200
2019-06-11 19:00:00,,20191200,126.75,20190900,,20191200
2019-06-11 19:15:00,,20191200,126.78125,20190900,,20191200
2019-06-11 19:30:00,,20191200,126.796875,20190900,,20191200
2019-06-11 19:45:00,,20191200,126.796875,20190900,,20191200
2019-06-11 20:00:00,,20191200,126.734375,20190900,,20191200
2019-06-11 20:15:00,,20191200,126.71875,20190900,,20191200
2019-06-11 20:30:00,,20191200,126.71875,20190900,,20191200
2019-06-11 20:45:00,,20191200,126.71875,20190900,,20191200
2019-06-11 21:00:00,,20191200,126.75,20190900,,20191200
2019-06-11 21:15:00,,20191200,126.734375,20190900,,20191200
2019-06-11 21:30:00,,20191200,126.75,20190900,,20191200
2019-06-11 21:45:00,,20191200,126.765625,20190900,,20191200
2019-06-11 23:00:00,,20191200,126.71875,20190900,,20191200
2019-06-11 23:15:00,,20191200,126.765625,20190900,,20191200
2019-06-11 23:30:00,,20191200,126.765625,20190900,,20191200
2019-06-11 23:45:00,,20191200,126.765625,20190900,,20191200
2019-06-12 00:00:00,,20191200,126.765625,20190900,,20191200
2019-06-12 00:15:00,,20191200,126.78125,20190900,,20191200
2019-06-12 00:30:00,,20191200,126.765625,20190900,,20191200
2019-06-12 00:45:00,,20191200,126.796875,20190900,,20191200
2019-06-12 01:00:00,,20191200,126.796875,20190900,,20191200
2019-06-12 01:15:00,,20191200,126.765625,20190900,,20191200
2019-06-12 01:30:00,,20191200,126.765625,20190900,,20191200
2019-06-12 01:45:00,,20191200,126.78125,20190900,,20191200
2019-06-12 02:00:00,,20191200,126.765625,20190900,,20191200
2019-06-12 02:15:00,,20191200,126.78125,20190900,,20191200
2019-06-12 02:30:00,,20191200,126.796875,20190900,,20191200
2019-06-12 02:45:00,,20191200,126.78125,20190900,,20191200
2019-06-12 03:00:00,,20191200,126.78125,20190900,,20191200
2019-06-12 03:15:00,,20191200,126.765625,20190900,,20191200
2019-06-12 03:30:00,,20191200,126.78125,20190900,,20191200
2019-06-12 03:45:00,,20191200,126.78125,20190900,,20191200
2019-06-12 04:00:00,,20191200,126.78125,20190900,,20191200
2019-06-12 04:15:00,,20191200,126.78125,20190900,,20191200
2019-06-12 04:30:00,,20191200,126.796875,20190900,,20191200
2019-06-12 04:45:00,,20191200,126.796875,20190900,,20191200
2019-06-12 05:15:00,,20191200,126.828125,20190900,,20191200
2019-06-12 05:30:00,,20191200,126.8125,20190900,,20191200
2019-06-12 05:45:00,,20191200,126.84375,20190900,,20191200
2019-06-12 06:15:00,,20191200,126.84375,20190900,,20191200
2019-06-12 06:30:00,,20191200,126.859375,20190900,,20191200
2019-06-12 06:45:00,,20191200,126.890625,20190900,,20191200
2019-06-12 07:00:00,,20191200,126.890625,20190900,,20191200
2019-06-12 07:15:00,,20191200,126.9375,20190900,,20191200
2019-06-12 07:30:00,,20191200,126.9375,20190900,,20191200
2019-06-12 07:45:00,,20191200,126.890625,20190900,,20191200
2019-06-12 08:00:00,,20191200,126.90625,20190900,,20191200
2019-06-12 08:15:00,,20191200,126.875,20190900,,20191200
2019-06-12 08:30:00,,20191200,126.890625,20190900,,20191200
2019-06-12 08:45:00,,20191200,126.921875,20190900,,20191200
2019-06-12 09:00:00,,20191200,126.953125,20190900,,20191200
2019-06-12 09:15:00,,20191200,126.984375,20190900,,20191200
2019-06-12 09:30:00,,20191200,127.0,20190900,,20191200
2019-06-12 09:45:00,,20191200,127.015625,20190900,,20191200
2019-06-12 10:00:00,,20191200,126.984375,20190900,,20191200
2019-06-12 10:15:00,,20191200,126.984375,20190900,,20191200
2019-06-12 10:30:00,,20191200,127.0,20190900,,20191200
2019-06-12 10:45:00,,20191200,127.0,20190900,,20191200
2019-06-12 11:00:00,,20191200,126.96875,20190900,,20191200
2019-06-12 11:15:00,,20191200,126.953125,20190900,,20191200
2019-06-12 11:30:00,,20191200,126.9375,20190900,,20191200
2019-06-12 11:45:00,,20191200,126.953125,20190900,,20191200
2019-06-12 12:00:00,,20191200,126.96875,20190900,,20191200
2019-06-12 12:15:00,,20191200,126.953125,20190900,,20191200
2019-06-12 12:30:00,,20191200,126.921875,20190900,,20191200
2019-06-12 12:45:00,,20191200,126.953125,20190900,,20191200
2019-06-12 13:00:00,,20191200,126.96875,20190900,,20191200
2019-06-12 13:15:00,,20191200,126.921875,20190900,,20191200
2019-06-12 13:30:00,,20191200,127.03125,20190900,,20191200
2019-06-12 13:45:00,,20191200,126.953125,20190900,,20191200
2019-06-12 14:00:00,,20191200,126.921875,20190900,,20191200
2019-06-12 14:15:00,,20191200,126.84375,20190900,,20191200
2019-06-12 14:30:00,,20191200,126.890625,20190900,,20191200
2019-06-12 14:45:00,,20191200,126.9375,20190900,,20191200
2019-06-12 15:00:00,,20191200,127.0,20190900,,20191200
2019-06-12 15:15:00,,20191200,127.0,20190900,,20191200
2019-06-12 15:30:00,,20191200,127.03125,20190900,,20191200
2019-06-12 15:45:00,,20191200,127.046875,20190900,,20191200
2019-06-12 16:00:00,,20191200,127.03125,20190900,,20191200
2019-06-12 16:15:00,,20191200,126.984375,20190900,,20191200
2019-06-12 16:30:00,,20191200,126.984375,20190900,,20191200
2019-06-12 16:45:00,,20191200,127.046875,20190900,,20191200
2019-06-12 17:00:00,,20191200,127.046875,20190900,,20191200
2019-06-12 17:15:00,,20191200,126.984375,20190900,,20191200
2019-06-12 17:30:00,,20191200,126.984375,20190900,,20191200
2019-06-12 17:45:00,,20191200,126.984375,20190900,,20191200
2019-06-12 18:00:00,,20191200,127.015625,20190900,,20191200
2019-06-12 18:15:00,,20191200,127.015625,20190900,,20191200
2019-06-12 18:30:00,,20191200,127.015625,20190900,,20191200
2019-06-12 18:45:00,,20191200,127.0,20190900,,20191200
2019-06-12 19:00:00,,20191200,127.03125,20190900,,20191200
2019-06-12 19:15:00,,20191200,127.046875,20190900,,20191200
2019-06-12 19:30:00,,20191200,127.03125,20190900,,20191200
2019-06-12 19:45:00,,20191200,126.984375,20190900,,20191200
2019-06-12 20:00:00,,20191200,127.0,20190900,,20191200
2019-06-12 20:15:00,,20191200,127.015625,20190900,,20191200
2019-06-12 20:30:00,,20191200,127.03125,20190900,,20191200
2019-06-12 20:45:00,,20191200,127.046875,20190900,,20191200
2019-06-12 21:00:00,,20191200,127.046875,20190900,,20191200
2019-06-12 21:15:00,,20191200,127.0625,20190900,,20191200
2019-06-12 21:30:00,,20191200,127.03125,20190900,,20191200
2019-06-12 21:45:00,,20191200,127.046875,20190900,,20191200
2019-06-12 23:00:00,,20191200,126.828125,20190900,,20191200
2019-06-12 23:15:00,,20191200,127.015625,20190900,,20191200
2019-06-12 23:30:00,,20191200,127.015625,20190900,,20191200
2019-06-12 23:45:00,,20191200,127.03125,20190900,,20191200
2019-06-13 00:00:00,,20191200,127.0,20190900,,20191200
2019-06-13 00:15:00,,20191200,127.0,20190900,,20191200
2019-06-13 00:30:00,,20191200,127.03125,20190900,,20191200
2019-06-13 00:45:00,,20191200,127.015625,20190900,,20191200
2019-06-13 01:00:00,,20191200,127.046875,20190900,,20191200
2019-06-13 01:15:00,,20191200,127.03125,20190900,,20191200
2019-06-13 01:30:00,,20191200,127.03125,20190900,,20191200
2019-06-13 01:45:00,,20191200,127.03125,20190900,,20191200
2019-06-13 02:00:00,,20191200,127.046875,20190900,,20191200
2019-06-13 02:15:00,,20191200,127.046875,20190900,,20191200
2019-06-13 02:30:00,,20191200,127.09375,20190900,,20191200
2019-06-13 02:45:00,,20191200,127.15625,20190900,,20191200
2019-06-13 03:00:00,,20191200,127.25,20190900,,20191200
2019-06-13 03:15:00,,20191200,127.234375,20190900,,20191200
2019-06-13 03:30:00,,20191200,127.203125,20190900,,20191200
2019-06-13 03:45:00,,20191200,127.1875,20190900,,20191200
2019-06-13 04:00:00,,20191200,127.171875,20190900,,20191200
2019-06-13 04:15:00,,20191200,127.125,20190900,,20191200
2019-06-13 04:30:00,,20191200,127.09375,20190900,,20191200
2019-06-13 04:45:00,,20191200,127.125,20190900,,20191200
2019-06-13 05:15:00,,20191200,127.140625,20190900,,20191200
2019-06-13 05:30:00,,20191200,127.125,20190900,,20191200
2019-06-13 05:45:00,,20191200,127.140625,20190900,,20191200
2019-06-13 06:15:00,,20191200,127.15625,20190900,,20191200
2019-06-13 06:30:00,,20191200,127.140625,20190900,,20191200
2019-06-13 06:45:00,,20191200,127.140625,20190900,,20191200
2019-06-13 07:00:00,,20191200,127.140625,20190900,,20191200
2019-06-13 07:15:00,,20191200,127.15625,20190900,,20191200
2019-06-13 07:30:00,,20191200,127.09375,20190900,,20191200
2019-06-13 07:45:00,,20191200,127.125,20190900,,20191200
2019-06-13 08:00:00,,20191200,127.1875,20190900,,20191200
2019-06-13 08:15:00,,20191200,127.171875,20190900,,20191200
2019-06-13 08:30:00,,20191200,127.15625,20190900,,20191200
2019-06-13 08:45:00,,20191200,127.15625,20190900,,20191200
2019-06-13 09:00:00,,20191200,127.171875,20190900,,20191200
2019-06-13 09:15:00,,20191200,127.140625,20190900,,20191200
2019-06-13 09:30:00,,20191200,127.109375,20190900,,20191200
2019-06-13 09:45:00,,20191200,127.125,20190900,,20191200
2019-06-13 10:00:00,,20191200,127.125,20190900,,20191200
2019-06-13 10:15:00,,20191200,127.140625,20190900,,20191200
2019-06-13 10:30:00,,20191200,127.125,20190900,,20191200
2019-06-13 10:45:00,,20191200,127.15625,20190900,,20191200
2019-06-13 11:00:00,,20191200,127.15625,20190900,,20191200
2019-06-13 11:15:00,,20191200,127.109375,20190900,,20191200
2019-06-13 11:30:00,,20191200,127.109375,20190900,,20191200
2019-06-13 11:45:00,,20191200,127.109375,20190900,,20191200
2019-06-13 12:00:00,,20191200,127.109375,20190900,,20191200
2019-06-13 12:15:00,,20191200,127.125,20190900,,20191200
2019-06-13 12:30:00,,20191200,127.125,20190900,,20191200
2019-06-13 12:45:00,,20191200,127.140625,20190900,,20191200
2019-06-13 13:00:00,,20191200,127.15625,20190900,,20191200
2019-06-13 13:15:00,,20191200,127.1875,20190900,,20191200
2019-06-13 13:30:00,,20191200,127.1875,20190900,,20191200
2019-06-13 13:45:00,,20191200,127.125,20190900,,20191200
2019-06-13 14:00:00,,20191200,127.109375,20190900,,20191200
2019-06-13 14:15:00,,20191200,127.140625,20190900,,20191200
2019-06-13 14:30:00,,20191200,127.171875,20190900,,20191200
2019-06-13 14:45:00,,20191200,127.125,20190900,,20191200
2019-06-13 15:00:00,,20191200,127.171875,20190900,,20191200
2019-06-13 15:15:00,,20191200,127.109375,20190900,,20191200
2019-06-13 15:30:00,,20191200,127.15625,20190900,,20191200
2019-06-13 15:45:00,,20191200,127.15625,20190900,,20191200
2019-06-13 16:00:00,,20191200,127.171875,20190900,,20191200
2019-06-13 16:15:00,,20191200,127.21875,20190900,,20191200
2019-06-13 16:30:00,,20191200,127.203125,20190900,,20191200
2019-06-13 16:45:00,,20191200,127.1875,20190900,,20191200
2019-06-13 17:00:00,,20191200,127.234375,20190900,,20191200
2019-06-13 17:15:00,,20191200,127.25,20190900,,20191200
2019-06-13 17:30:00,,20191200,127.234375,20190900,,20191200
2019-06-13 17:45:00,,20191200,127.1875,20190900,,20191200
2019-06-13 18:00:00,,20191200,127.25,20190900,,20191200
2019-06-13 18:15:00,,20191200,127.296875,20190900,,20191200
2019-06-13 18:30:00,,20191200,127.328125,20190900,,20191200
2019-06-13 18:45:00,,20191200,127.34375,20190900,,20191200
2019-06-13 19:00:00,,20191200,127.375,20190900,,20191200
2019-06-13 19:15:00,,20191200,127.359375,20190900,,20191200
2019-06-13 19:30:00,,20191200,127.375,20190900,,20191200
2019-06-13 19:45:00,,20191200,127.359375,20190900,,20191200
2019-06-13 20:00:00,,20191200,127.375,20190900,,20191200
2019-06-13 20:15:00,,20191200,127.328125,20190900,,20191200
2019-06-13 20:30:00,,20191200,127.328125,20190900,,20191200
2019-06-13 20:45:00,,20191200,127.328125,20190900,,20191200
2019-06-13 21:00:00,,20191200,127.328125,20190900,,20191200
2019-06-13 21:15:00,,20191200,127.359375,20190900,,20191200
2019-06-13 21:30:00,,20191200,127.359375,20190900,,20191200
2019-06-13 21:45:00,,20191200,127.3125,20190900,,20191200
2019-06-13 23:00:00,,20191200,127.140625,20190900,,20191200
2019-06-13 23:15:00,,20191200,127.359375,20190900,,20191200
2019-06-13 23:30:00,,20191200,127.359375,20190900,,20191200
2019-06-13 23:45:00,,20191200,127.375,20190900,,20191200
2019-06-14 00:00:00,,20191200,127.390625,20190900,,20191200
2019-06-14 00:15:00,,20191200,127.390625,20190900,,20191200
2019-06-14 00:30:00,,20191200,127.390625,20190900,,20191200
2019-06-14 00:45:00,,20191200,127.421875,20190900,,20191200
2019-06-14 01:00:00,,20191200,127.421875,20190900,,20191200
2019-06-14 01:15:00,,20191200,127.390625,20190900,,20191200
2019-06-14 01:30:00,,20191200,127.40625,20190900,,20191200
2019-06-14 01:45:00,,20191200,127.390625,20190900,,20191200
2019-06-14 02:00:00,,20191200,127.390625,20190900,,20191200
2019-06-14 02:15:00,,20191200,127.421875,20190900,,20191200
2019-06-14 02:30:00,,20191200,127.375,20190900,,20191200
2019-06-14 02:45:00,,20191200,127.375,20190900,,20191200
2019-06-14 03:00:00,,20191200,127.390625,20190900,,20191200
2019-06-14 03:15:00,,20191200,127.375,20190900,,20191200
2019-06-14 03:30:00,,20191200,127.390625,20190900,,20191200
2019-06-14 03:45:00,,20191200,127.390625,20190900,,20191200
2019-06-14 04:00:00,,20191200,127.390625,20190900,,20191200
2019-06-14 04:15:00,,20191200,127.390625,20190900,,20191200
2019-06-14 04:30:00,,20191200,127.40625,20190900,,20191200
2019-06-14 04:45:00,,20191200,127.421875,20190900,,20191200
2019-06-14 05:15:00,,20191200,127.421875,20190900,,20191200
2019-06-14 05:30:00,,20191200,127.40625,20190900,,20191200
2019-06-14 05:45:00,,20191200,127.40625,20190900,,20191200
2019-06-14 06:15:00,,20191200,127.40625,20190900,,20191200
2019-06-14 06:30:00,,20191200,127.390625,20190900,,20191200
2019-06-14 06:45:00,,20191200,127.390625,20190900,,20191200
2019-06-14 07:00:00,,20191200,127.453125,20190900,,20191200
2019-06-14 07:15:00,,20191200,127.453125,20190900,,20191200
2019-06-14 07:30:00,,20191200,127.53125,20190900,,20191200
2019-06-14 07:45:00,,20191200,127.5625,20190900,,20191200
2019-06-14 08:00:00,,20191200,127.53125,20190900,,20191200
2019-06-14 08:15:00,,20191200,127.609375,20190900,,20191200
2019-06-14 08:30:00,,20191200,127.625,20190900,,20191200
2019-06-14 08:45:00,,20191200,127.578125,20190900,,20191200
2019-06-14 09:00:00,,20191200,127.609375,20190900,,20191200
2019-06-14 09:15:00,,20191200,127.59375,20190900,,20191200
2019-06-14 09:30:00,,20191200,127.59375,20190900,,20191200
2019-06-14 09:45:00,,20191200,127.578125,20190900,,20191200
2019-06-14 10:00:00,,20191200,127.578125,20190900,,20191200
2019-06-14 10:15:00,,20191200,127.59375,20190900,,20191200
2019-06-14 10:30:00,,20191200,127.640625,20190900,,20191200
2019-06-14 10:45:00,,20191200,127.609375,20190900,,20191200
2019-06-14 11:00:00,,20191200,127.59375,20190900,,20191200
2019-06-14 11:15:00,,20191200,127.640625,20190900,,20191200
2019-06-14 11:30:00,,20191200,127.625,20190900,,20191200
2019-06-14 11:45:00,,20191200,127.625,20190900,,20191200
2019-06-14 12:00:00,,20191200,127.578125,20190900,,20191200
2019-06-14 12:15:00,,20191200,127.578125,20190900,,20191200
2019-06-14 12:30:00,,20191200,127.59375,20190900,,20191200
2019-06-14 12:45:00,,20191200,127.578125,20190900,,20191200
2019-06-14 13:00:00,,20191200,127.546875,20190900,,20191200
2019-06-14 13:15:00,,20191200,127.546875,20190900,,20191200
2019-06-14 13:30:00,,20191200,127.296875,20190900,,20191200
2019-06-14 13:45:00,,20191200,127.265625,20190900,,20191200
2019-06-14 14:00:00,,20191200,127.28125,20190900,,20191200
2019-06-14 14:15:00,,20191200,127.21875,20190900,,20191200
2019-06-14 14:30:00,,20191200,127.3125,20190900,,20191200
2019-06-14 14:45:00,,20191200,127.34375,20190900,,20191200
2019-06-14 15:00:00,,20191200,127.40625,20190900,,20191200
2019-06-14 15:15:00,,20191200,127.421875,20190900,,20191200
2019-06-14 15:30:00,,20191200,127.375,20190900,,20191200
2019-06-14 15:45:00,,20191200,127.34375,20190900,,20191200
2019-06-14 16:00:00,,20191200,127.40625,20190900,,20191200
2019-06-14 16:15:00,,20191200,127.390625,20190900,,20191200
2019-06-14 16:30:00,,20191200,127.359375,20190900,,20191200
2019-06-14 16:45:00,,20191200,127.359375,20190900,,20191200
2019-06-14 17:00:00,,20191200,127.34375,20190900,,20191200
2019-06-14 17:15:00,,20191200,127.359375,20190900,,20191200
2019-06-14 17:30:00,,20191200,127.390625,20190900,,20191200
2019-06-14 17:45:00,,20191200,127.40625,20190900,,20191200
2019-06-14 18:00:00,,20191200,127.359375,20190900,,20191200
2019-06-14 18:15:00,,20191200,127.34375,20190900,,20191200
2019-06-14 18:30:00,,20191200,127.296875,20190900,,20191200
2019-06-14 18:45:00,,20191200,127.3125,20190900,,20191200
2019-06-14 19:00:00,,20191200,127.3125,20190900,,20191200
2019-06-14 19:15:00,,20191200,127.28125,20190900,,20191200
2019-06-14 19:30:00,,20191200,127.328125,20190900,,20191200
2019-06-14 19:45:00,,20191200,127.296875,20190900,,20191200
2019-06-14 20:00:00,,20191200,127.3125,20190900,,20191200
2019-06-14 20:15:00,,20191200,127.3125,20190900,,20191200
2019-06-14 20:30:00,,20191200,127.296875,20190900,,20191200
2019-06-14 20:45:00,,20191200,127.359375,20190900,,20191200
2019-06-14 21:00:00,,20191200,127.390625,20190900,,20191200
2019-06-14 21:15:00,,20191200,127.40625,20190900,,20191200
2019-06-14 21:30:00,,20191200,127.390625,20190900,,20191200
2019-06-14 21:45:00,,20191200,127.421875,20190900,,20191200
2019-06-14 23:00:00,,20191200,127.40625,20190900,,20191200
2019-06-16 23:00:00,,20191200,127.359375,20190900,,20191200
2019-06-16 23:15:00,,20191200,127.375,20190900,,20191200
2019-06-16 23:30:00,,20191200,127.328125,20190900,,20191200
2019-06-16 23:45:00,,20191200,127.34375,20190900,,20191200
2019-06-17 00:00:00,,20191200,127.34375,20190900,,20191200
2019-06-17 00:15:00,,20191200,127.34375,20190900,,20191200
2019-06-17 00:30:00,,20191200,127.34375,20190900,,20191200
2019-06-17 00:45:00,,20191200,127.296875,20190900,,20191200
2019-06-17 01:00:00,,20191200,127.296875,20190900,,20191200
2019-06-17 01:15:00,,20191200,127.28125,20190900,,20191200
2019-06-17 01:30:00,,20191200,127.21875,20190900,,20191200
2019-06-17 01:45:00,,20191200,127.203125,20190900,,20191200
2019-06-17 02:00:00,,20191200,127.1875,20190900,,20191200
2019-06-17 02:15:00,,20191200,127.1875,20190900,,20191200
2019-06-17 02:30:00,,20191200,127.125,20190900,,20191200
2019-06-17 02:45:00,,20191200,127.171875,20190900,,20191200
2019-06-17 03:00:00,,20191200,127.171875,20190900,,20191200
2019-06-17 03:15:00,,20191200,127.15625,20190900,,20191200
2019-06-17 03:30:00,,20191200,127.171875,20190900,,20191200
2019-06-17 03:45:00,,20191200,127.171875,20190900,,20191200
2019-06-17 04:00:00,,20191200,127.171875,20190900,,20191200
2019-06-17 04:15:00,,20191200,127.1875,20190900,,20191200
2019-06-17 04:30:00,,20191200,127.1875,20190900,,20191200
2019-06-17 04:45:00,,20191200,127.1875,20190900,,20191200
2019-06-17 05:15:00,,20191200,127.171875,20190900,,20191200
2019-06-17 05:30:00,,20191200,127.203125,20190900,,20191200
2019-06-17 05:45:00,,20191200,127.203125,20190900,,20191200
2019-06-17 06:15:00,,20191200,127.1875,20190900,,20191200
2019-06-17 06:30:00,,20191200,127.1875,20190900,,20191200
2019-06-17 06:45:00,,20191200,127.203125,20190900,,20191200
2019-06-17 07:00:00,,20191200,127.234375,20190900,,20191200
2019-06-17 07:15:00,,20191200,127.234375,20190900,,20191200
2019-06-17 07:30:00,,20191200,127.234375,20190900,,20191200
2019-06-17 07:45:00,,20191200,127.1875,20190900,,20191200
2019-06-17 08:00:00,,20191200,127.21875,20190900,,20191200
2019-06-17 08:15:00,,20191200,127.203125,20190900,,20191200
2019-06-17 08:30:00,,20191200,127.21875,20190900,,20191200
2019-06-17 08:45:00,,20191200,127.21875,20190900,,20191200
2019-06-17 09:00:00,,20191200,127.15625,20190900,,20191200
2019-06-17 09:15:00,,20191200,127.171875,20190900,,20191200
2019-06-17 09:30:00,,20191200,127.171875,20190900,,20191200
2019-06-17 09:45:00,,20191200,127.171875,20190900,,20191200
2019-06-17 10:00:00,,20191200,127.15625,20190900,,20191200
2019-06-17 10:15:00,,20191200,127.140625,20190900,,20191200
2019-06-17 10:30:00,,20191200,127.140625,20190900,,20191200
2019-06-17 10:45:00,,20191200,127.125,20190900,,20191200
2019-06-17 11:00:00,,20191200,127.140625,20190900,,20191200
2019-06-17 11:15:00,,20191200,127.140625,20190900,,20191200
2019-06-17 11:30:00,,20191200,127.109375,20190900,,20191200
2019-06-17 11:45:00,,20191200,127.109375,20190900,,20191200
2019-06-17 12:00:00,,20191200,127.15625,20190900,,20191200
2019-06-17 12:15:00,,20191200,127.15625,20190900,,20191200
2019-06-17 12:30:00,,20191200,127.140625,20190900,,20191200
2019-06-17 12:45:00,,20191200,127.171875,20190900,,20191200
2019-06-17 13:00:00,,20191200,127.234375,20190900,,20191200
2019-06-17 13:15:00,,20191200,127.234375,20190900,,20191200
2019-06-17 13:30:00,,20191200,127.28125,20190900,,20191200
2019-06-17 13:45:00,,20191200,127.265625,20190900,,20191200
2019-06-17 14:00:00,,20191200,127.328125,20190900,,20191200
2019-06-17 14:15:00,,20191200,127.328125,20190900,,20191200
2019-06-17 14:30:00,,20191200,127.3125,20190900,,20191200
2019-06-17 14:45:00,,20191200,127.234375,20190900,,20191200
2019-06-17 15:00:00,,20191200,127.234375,20190900,,20191200
2019-06-17 15:15:00,,20191200,127.234375,20190900,,20191200
2019-06-17 15:30:00,,20191200,127.25,20190900,,20191200
2019-06-17 15:45:00,,20191200,127.296875,20190900,,20191200
2019-06-17 16:00:00,,20191200,127.328125,20190900,,20191200
2019-06-17 16:15:00,,20191200,127.359375,20190900,,20191200
2019-06-17 16:30:00,,20191200,127.359375,20190900,,20191200
2019-06-17 16:45:00,,20191200,127.375,20190900,,20191200
2019-06-17 17:00:00,,20191200,127.390625,20190900,,20191200
2019-06-17 17:15:00,,20191200,127.375,20190900,,20191200
2019-06-17 17:30:00,,20191200,127.359375,20190900,,20191200
2019-06-17 17:45:00,,20191200,127.328125,20190900,,20191200
2019-06-17 18:00:00,,20191200,127.359375,20190900,,20191200
2019-06-17 18:15:00,,20191200,127.328125,20190900,,20191200
2019-06-17 18:30:00,,20191200,127.328125,20190900,,20191200
2019-06-17 18:45:00,,20191200,127.3125,20190900,,20191200
2019-06-17 19:00:00,,20191200,127.328125,20190900,,20191200
2019-06-17 19:15:00,,20191200,127.359375,20190900,,20191200
2019-06-17 19:30:00,,20191200,127.328125,20190900,,20191200
2019-06-17 19:45:00,,20191200,127.328125,20190900,,20191200
2019-06-17 20:00:00,,20191200,127.328125,20190900,,20191200
2019-06-17 20:15:00,,20191200,127.296875,20190900,,20191200
2019-06-17 20:30:00,,20191200,127.296875,20190900,,20191200
2019-06-17 20:45:00,,20191200,127.296875,20190900,,20191200
2019-06-17 21:00:00,,20191200,127.28125,20190900,,20191200
2019-06-17 21:15:00,,20191200,127.28125,20190900,,20191200
2019-06-17 21:30:00,,20191200,127.265625,20190900,,20191200
2019-06-17 21:45:00,,20191200,127.21875,20190900,,20191200
2019-06-17 23:00:00,,20191200,127.1875,20190900,,20191200
2019-06-17 23:15:00,,20191200,127.265625,20190900,,20191200
2019-06-17 23:30:00,,20191200,127.296875,20190900,,20191200
2019-06-17 23:45:00,,20191200,127.296875,20190900,,20191200
2019-06-18 00:00:00,,20191200,127.25,20190900,,20191200
2019-06-18 00:15:00,,20191200,127.25,20190900,,20191200
2019-06-18 00:30:00,,20191200,127.28125,20190900,,20191200
2019-06-18 00:45:00,,20191200,127.28125,20190900,,20191200
2019-06-18 01:00:00,,20191200,127.234375,20190900,,20191200
2019-06-18 01:15:00,,20191200,127.25,20190900,,20191200
2019-06-18 01:30:00,,20191200,127.265625,20190900,,20191200
2019-06-18 01:45:00,,20191200,127.25,20190900,,20191200
2019-06-18 02:00:00,,20191200,127.25,20190900,,20191200
2019-06-18 02:15:00,,20191200,127.265625,20190900,,20191200
2019-06-18 02:30:00,,20191200,127.3125,20190900,,20191200
2019-06-18 02:45:00,,20191200,127.3125,20190900,,20191200
2019-06-18 03:00:00,,20191200,127.328125,20190900,,20191200
2019-06-18 03:15:00,,20191200,127.34375,20190900,,20191200
2019-06-18 03:30:00,,20191200,127.34375,20190900,,20191200
2019-06-18 03:45:00,,20191200,127.328125,20190900,,20191200
2019-06-18 04:00:00,,20191200,127.34375,20190900,,20191200
2019-06-18 04:15:00,,20191200,127.328125,20190900,,20191200
2019-06-18 04:30:00,,20191200,127.359375,20190900,,20191200
2019-06-18 04:45:00,,20191200,127.375,20190900,,20191200
2019-06-18 05:15:00,,20191200,127.375,20190900,,20191200
2019-06-18 05:30:00,,20191200,127.375,20190900,,20191200
2019-06-18 05:45:00,,20191200,127.375,20190900,,20191200
2019-06-18 06:15:00,,20191200,127.40625,20190900,,20191200
2019-06-18 06:30:00,,20191200,127.40625,20190900,,20191200
2019-06-18 06:45:00,,20191200,127.40625,20190900,,20191200
2019-06-18 07:00:00,,20191200,127.40625,20190900,,20191200
2019-06-18 07:15:00,,20191200,127.390625,20190900,,20191200
2019-06-18 07:30:00,,20191200,127.40625,20190900,,20191200
2019-06-18 07:45:00,,20191200,127.40625,20190900,,20191200
2019-06-18 08:00:00,,20191200,127.421875,20190900,,20191200
2019-06-18 08:15:00,,20191200,127.421875,20190900,,20191200
2019-06-18 08:30:00,,20191200,127.40625,20190900,,20191200
2019-06-18 08:45:00,,20191200,127.375,20190900,,20191200
2019-06-18 09:00:00,,20191200,127.5,20190900,,20191200
2019-06-18 09:15:00,,20191200,127.53125,20190900,,20191200
2019-06-18 09:30:00,,20191200,127.5625,20190900,,20191200
2019-06-18 09:45:00,,20191200,127.609375,20190900,,20191200
2019-06-18 10:00:00,,20191200,127.671875,20190900,,20191200
2019-06-18 10:15:00,,20191200,127.609375,20190900,,20191200
2019-06-18 10:30:00,,20191200,127.59375,20190900,,20191200
2019-06-18 10:45:00,,20191200,127.6875,20190900,,20191200
2019-06-18 11:00:00,,20191200,127.609375,20190900,,20191200
2019-06-18 11:15:00,,20191200,127.59375,20190900,,20191200
2019-06-18 11:30:00,,20191200,127.609375,20190900,,20191200
2019-06-18 11:45:00,,20191200,127.640625,20190900,,20191200
2019-06-18 12:00:00,,20191200,127.671875,20190900,,20191200
2019-06-18 12:15:00,,20191200,127.75,20190900,,20191200
2019-06-18 12:30:00,,20191200,127.828125,20190900,,20191200
2019-06-18 12:45:00,,20191200,127.890625,20190900,,20191200
2019-06-18 13:00:00,,20191200,127.78125,20190900,,20191200
2019-06-18 13:15:00,,20191200,127.734375,20190900,,20191200
2019-06-18 13:30:00,,20191200,127.796875,20190900,,20191200
2019-06-18 13:45:00,,20191200,127.71875,20190900,,20191200
2019-06-18 14:00:00,,20191200,127.765625,20190900,,20191200
2019-06-18 14:15:00,,20191200,127.75,20190900,,20191200
2019-06-18 14:30:00,,20191200,127.421875,20190900,,20191200
2019-06-18 14:45:00,,20191200,127.40625,20190900,,20191200
2019-06-18 15:00:00,,20191200,127.453125,20190900,,20191200
2019-06-18 15:15:00,,20191200,127.453125,20190900,,20191200
2019-06-18 15:30:00,,20191200,127.5,20190900,,20191200
2019-06-18 15:45:00,,20191200,127.625,20190900,,20191200
2019-06-18 16:00:00,,20191200,127.671875,20190900,,20191200
2019-06-18 16:15:00,,20191200,127.625,20190900,,20191200
2019-06-18 16:30:00,,20191200,127.53125,20190900,,20191200
2019-06-18 16:45:00,,20191200,127.5625,20190900,,20191200
2019-06-18 17:00:00,,20191200,127.546875,20190900,,20191200
2019-06-18 17:15:00,,20191200,127.515625,20190900,,20191200
2019-06-18 17:30:00,,20191200,127.453125,20190900,,20191200
2019-06-18 17:45:00,,20191200,127.5,20190900,,20191200
2019-06-18 18:00:00,,20191200,127.484375,20190900,,20191200
2019-06-18 18:15:00,,20191200,127.515625,20190900,,20191200
2019-06-18 18:30:00,,20191200,127.484375,20190900,,20191200
2019-06-18 18:45:00,,20191200,127.484375,20190900,,20191200
2019-06-18 19:00:00,,20191200,127.515625,20190900,,20191200
2019-06-18 19:15:00,,20191200,127.5,20190900,,20191200
2019-06-18 19:30:00,,20191200,127.53125,20190900,,20191200
2019-06-18 19:45:00,,20191200,127.515625,20190900,,20191200
2019-06-18 20:00:00,,20191200,127.484375,20190900,,20191200
2019-06-18 20:15:00,,20191200,127.515625,20190900,,20191200
2019-06-18 20:30:00,,20191200,127.515625,20190900,,20191200
2019-06-18 20:45:00,,20191200,127.453125,20190900,,20191200
2019-06-18 21:00:00,,20191200,127.484375,20190900,,20191200
2019-06-18 21:15:00,,20191200,127.5,20190900,,20191200
2019-06-18 21:30:00,,20191200,127.5,20190900,,20191200
2019-06-18 21:45:00,,20191200,127.5,20190900,,20191200
2019-06-18 23:00:00,,20191200,127.375,20190900,,20191200
2019-06-18 23:15:00,,20191200,127.546875,20190900,,20191200
2019-06-18 23:30:00,,20191200,127.53125,20190900,,20191200
2019-06-18 23:45:00,,20191200,127.484375,20190900,,20191200
2019-06-19 00:00:00,,20191200,127.515625,20190900,,20191200
2019-06-19 00:15:00,,20191200,127.484375,20190900,,20191200
2019-06-19 00:30:00,,20191200,127.46875,20190900,,20191200
2019-06-19 00:45:00,,20191200,127.46875,20190900,,20191200
2019-06-19 01:00:00,,20191200,127.515625,20190900,,20191200
2019-06-19 01:15:00,,20191200,127.421875,20190900,,20191200
2019-06-19 01:30:00,,20191200,127.4375,20190900,,20191200
2019-06-19 01:45:00,,20191200,127.421875,20190900,,20191200
2019-06-19 02:00:00,,20191200,127.40625,20190900,,20191200
2019-06-19 02:15:00,,20191200,127.40625,20190900,,20191200
2019-06-19 02:30:00,,20191200,127.40625,20190900,,20191200
2019-06-19 02:45:00,,20191200,127.4375,20190900,,20191200
2019-06-19 03:00:00,,20191200,127.453125,20190900,,20191200
2019-06-19 03:15:00,,20191200,127.4375,20190900,,20191200
2019-06-19 03:30:00,,20191200,127.453125,20190900,,20191200
2019-06-19 03:45:00,,20191200,127.453125,20190900,,20191200
2019-06-19 04:00:00,,20191200,127.46875,20190900,,20191200
2019-06-19 04:15:00,,20191200,127.4375,20190900,,20191200
2019-06-19 04:30:00,,20191200,127.453125,20190900,,20191200
2019-06-19 04:45:00,,20191200,127.421875,20190900,,20191200
2019-06-19 05:15:00,,20191200,127.453125,20190900,,20191200
2019-06-19 05:30:00,,20191200,127.453125,20190900,,20191200
2019-06-19 05:45:00,,20191200,127.4375,20190900,,20191200
2019-06-19 06:15:00,,20191200,127.390625,20190900,,20191200
2019-06-19 06:30:00,,20191200,127.375,20190900,,20191200
2019-06-19 06:45:00,,20191200,127.359375,20190900,,20191200
2019-06-19 07:00:00,,20191200,127.390625,20190900,,20191200
2019-06-19 07:15:00,,20191200,127.40625,20190900,,20191200
2019-06-19 07:30:00,,20191200,127.46875,20190900,,20191200
2019-06-19 07:45:00,,20191200,127.46875,20190900,,20191200
2019-06-19 08:00:00,,20191200,127.453125,20190900,,20191200
2019-06-19 08:15:00,,20191200,127.421875,20190900,,20191200
2019-06-19 08:30:00,,20191200,127.390625,20190900,,20191200
2019-06-19 08:45:00,,20191200,127.390625,20190900,,20191200
2019-06-19 09:00:00,,20191200,127.34375,20190900,,20191200
2019-06-19 09:15:00,,20191200,127.359375,20190900,,20191200
2019-06-19 09:30:00,,20191200,127.3125,20190900,,20191200
2019-06-19 09:45:00,,20191200,127.28125,20190900,,20191200
2019-06-19 10:00:00,,20191200,127.328125,20190900,,20191200
2019-06-19 10:15:00,,20191200,127.328125,20190900,,20191200
2019-06-19 10:30:00,,20191200,127.34375,20190900,,20191200
2019-06-19 10:45:00,,20191200,127.28125,20190900,,20191200
2019-06-19 11:00:00,,20191200,127.28125,20190900,,20191200
2019-06-19 11:15:00,,20191200,127.25,20190900,,20191200
2019-06-19 11:30:00,,20191200,127.234375,20190900,,20191200
2019-06-19 11:45:00,,20191200,127.25,20190900,,20191200
2019-06-19 12:00:00,,20191200,127.3125,20190900,,20191200
2019-06-19 12:15:00,,20191200,127.265625,20190900,,20191200
2019-06-19 12:30:00,,20191200,127.28125,20190900,,20191200
2019-06-19 12:45:00,,20191200,127.296875,20190900,,20191200
2019-06-19 13:00:00,,20191200,127.296875,20190900,,20191200
2019-06-19 13:15:00,,20191200,127.234375,20190900,,20191200
2019-06-19 13:30:00,,20191200,127.203125,20190900,,20191200
2019-06-19 13:45:00,,20191200,127.21875,20190900,,20191200
2019-06-19 14:00:00,,20191200,127.25,20190900,,20191200
2019-06-19 14:15:00,,20191200,127.234375,20190900,,20191200
2019-06-19 14:30:00,,20191200,127.234375,20190900,,20191200
2019-06-19 14:45:00,,20191200,127.171875,20190900,,20191200
2019-06-19 15:00:00,,20191200,127.203125,20190900,,20191200
2019-06-19 15:15:00,,20191200,127.1875,20190900,,20191200
2019-06-19 15:30:00,,20191200,127.1875,20190900,,20191200
2019-06-19 15:45:00,,20191200,127.15625,20190900,,20191200
2019-06-19 16:00:00,,20191200,127.1875,20190900,,20191200
2019-06-19 16:15:00,,20191200,127.234375,20190900,,20191200
2019-06-19 16:30:00,,20191200,127.25,20190900,,20191200
2019-06-19 16:45:00,,20191200,127.203125,20190900,,20191200
2019-06-19 17:00:00,,20191200,127.25,20190900,,20191200
2019-06-19 17:15:00,,20191200,127.28125,20190900,,20191200
2019-06-19 17:30:00,,20191200,127.234375,20190900,,20191200
2019-06-19 17:45:00,,20191200,127.25,20190900,,20191200
2019-06-19 18:00:00,,20191200,127.25,20190900,,20191200
2019-06-19 18:15:00,,20191200,127.265625,20190900,,20191200
2019-06-19 18:30:00,,20191200,127.234375,20190900,,20191200
2019-06-19 18:45:00,,20191200,127.296875,20190900,,20191200
2019-06-19 19:00:00,,20191200,127.671875,20190900,,20191200
2019-06-19 19:15:00,,20191200,127.6875,20190900,,20191200
2019-06-19 19:30:00,,20191200,127.765625,20190900,,20191200
2019-06-19 19:45:00,,20191200,127.859375,20190900,,20191200
2019-06-19 20:00:00,,20191200,127.765625,20190900,,20191200
2019-06-19 20:15:00,,20191200,127.84375,20190900,,20191200
2019-06-19 20:30:00,,20191200,127.84375,20190900,,20191200
2019-06-19 20:45:00,,20191200,127.8125,20190900,,20191200
2019-06-19 21:00:00,,20191200,127.796875,20190900,,20191200
2019-06-19 21:15:00,,20191200,127.828125,20190900,,20191200
2019-06-19 21:30:00,,20191200,127.84375,20190900,,20191200
2019-06-19 21:45:00,,20191200,127.859375,20190900,,20191200
2019-06-19 23:00:00,,20191200,127.4375,20190900,,20191200
2019-06-19 23:15:00,,20191200,127.890625,20190900,,20191200
2019-06-19 23:30:00,,20191200,127.84375,20190900,,20191200
2019-06-19 23:45:00,,20191200,127.84375,20190900,,20191200
2019-06-20 00:00:00,,20191200,127.828125,20190900,,20191200
2019-06-20 00:15:00,,20191200,127.84375,20190900,,20191200
2019-06-20 00:30:00,,20191200,127.828125,20190900,,20191200
2019-06-20 00:45:00,,20191200,127.84375,20190900,,20191200
2019-06-20 01:00:00,,20191200,128.03125,20190900,,20191200
2019-06-20 01:15:00,,20191200,128.140625,20190900,,20191200
2019-06-20 01:30:00,,20191200,128.109375,20190900,,20191200
2019-06-20 01:45:00,,20191200,128.171875,20190900,,20191200
2019-06-20 02:00:00,,20191200,128.1875,20190900,,20191200
2019-06-20 02:15:00,,20191200,128.234375,20190900,,20191200
2019-06-20 02:30:00,,20191200,128.1875,20190900,,20191200
2019-06-20 02:45:00,,20191200,128.1875,20190900,,20191200
2019-06-20 03:00:00,,20191200,128.203125,20190900,,20191200
2019-06-20 03:15:00,,20191200,128.1875,20190900,,20191200
2019-06-20 03:30:00,,20191200,128.171875,20190900,,20191200
2019-06-20 03:45:00,,20191200,128.234375,20190900,,20191200
2019-06-20 04:00:00,,20191200,128.234375,20190900,,20191200
2019-06-20 04:15:00,,20191200,128.171875,20190900,,20191200
2019-06-20 04:30:00,,20191200,128.15625,20190900,,20191200
2019-06-20 04:45:00,,20191200,128.171875,20190900,,20191200
2019-06-20 05:15:00,,20191200,128.125,20190900,,20191200
2019-06-20 05:30:00,,20191200,128.15625,20190900,,20191200
2019-06-20 05:45:00,,20191200,128.140625,20190900,,20191200
2019-06-20 06:15:00,,20191200,128.15625,20190900,,20191200
2019-06-20 06:30:00,,20191200,128.15625,20190900,,20191200
2019-06-20 06:45:00,,20191200,128.171875,20190900,,20191200
2019-06-20 07:00:00,,20191200,128.203125,20190900,,20191200
2019-06-20 07:15:00,,20191200,128.09375,20190900,,20191200
2019-06-20 07:30:00,,20191200,128.09375,20190900,,20191200
2019-06-20 07:45:00,,20191200,128.125,20190900,,20191200
2019-06-20 08:00:00,,20191200,128.015625,20190900,,20191200
2019-06-20 08:15:00,,20191200,128.046875,20190900,,20191200
2019-06-20 08:30:00,,20191200,128.078125,20190900,,20191200
2019-06-20 08:45:00,,20191200,128.078125,20190900,,20191200
2019-06-20 09:00:00,,20191200,128.0,20190900,,20191200
2019-06-20 09:15:00,,20191200,128.015625,20190900,,20191200
2019-06-20 09:30:00,,20191200,127.96875,20190900,,20191200
2019-06-20 09:45:00,,20191200,128.0,20190900,,20191200
2019-06-20 10:00:00,,20191200,128.0625,20190900,,20191200
2019-06-20 10:15:00,,20191200,128.078125,20190900,,20191200
2019-06-20 10:30:00,,20191200,128.015625,20190900,,20191200
2019-06-20 10:45:00,,20191200,128.03125,20190900,,20191200
2019-06-20 11:00:00,,20191200,128.0,20190900,,20191200
2019-06-20 11:15:00,,20191200,127.984375,20190900,,20191200
2019-06-20 11:30:00,,20191200,128.0,20190900,,20191200
2019-06-20 11:45:00,,20191200,127.953125,20190900,,20191200
2019-06-20 12:00:00,,20191200,128.015625,20190900,,20191200
2019-06-20 12:15:00,,20191200,127.96875,20190900,,20191200
2019-06-20 12:30:00,,20191200,128.015625,20190900,,20191200
2019-06-20 12:45:00,,20191200,128.109375,20190900,,20191200
2019-06-20 13:00:00,,20191200,128.125,20190900,,20191200
2019-06-20 13:15:00,,20191200,128.03125,20190900,,20191200
2019-06-20 13:30:00,,20191200,127.953125,20190900,,20191200
2019-06-20 13:45:00,,20191200,128.046875,20190900,,20191200
2019-06-20 14:00:00,,20191200,128.046875,20190900,,20191200
2019-06-20 14:15:00,,20191200,128.03125,20190900,,20191200
2019-06-20 14:30:00,,20191200,128.09375,20190900,,20191200
2019-06-20 14:45:00,,20191200,128.09375,20190900,,20191200
2019-06-20 15:00:00,,20191200,128.046875,20190900,,20191200
2019-06-20 15:15:00,,20191200,128.125,20190900,,20191200
2019-06-20 15:30:00,,20191200,128.140625,20190900,,20191200
2019-06-20 15:45:00,,20191200,128.15625,20190900,,20191200
2019-06-20 16:00:00,,20191200,128.203125,20190900,,20191200
2019-06-20 16:15:00,,20191200,128.234375,20190900,,20191200
2019-06-20 16:30:00,,20191200,128.203125,20190900,,20191200
2019-06-20 16:45:00,,20191200,128.203125,20190900,,20191200
2019-06-20 17:00:00,,20191200,128.1875,20190900,,20191200
2019-06-20 17:15:00,,20191200,128.078125,20190900,,20191200
2019-06-20 17:30:00,,20191200,128.078125,20190900,,20191200
2019-06-20 17:45:00,,20191200,128.125,20190900,,20191200
2019-06-20 18:00:00,,20191200,128.09375,20190900,,20191200
2019-06-20 18:15:00,,20191200,128.046875,20190900,,20191200
2019-06-20 18:30:00,,20191200,128.109375,20190900,,20191200
2019-06-20 18:45:00,,20191200,128.046875,20190900,,20191200
2019-06-20 19:00:00,,20191200,128.046875,20190900,,20191200
2019-06-20 19:15:00,,20191200,128.0625,20190900,,20191200
2019-06-20 19:30:00,,20191200,128.0625,20190900,,20191200
2019-06-20 19:45:00,,20191200,128.046875,20190900,,20191200
2019-06-20 20:00:00,,20191200,128.078125,20190900,,20191200
2019-06-20 20:15:00,,20191200,128.015625,20190900,,20191200
2019-06-20 20:30:00,,20191200,128.015625,20190900,,20191200
2019-06-20 20:45:00,,20191200,127.953125,20190900,,20191200
2019-06-20 21:00:00,,20191200,127.890625,20190900,,20191200
2019-06-20 21:15:00,,20191200,127.71875,20190900,,20191200
2019-06-20 21:30:00,,20191200,127.84375,20190900,,20191200
2019-06-20 21:45:00,,20191200,127.78125,20190900,,20191200
2019-06-20 23:00:00,128.375,20191200,128.125,20190900,128.375,20191200
2019-06-20 23:15:00,,20191200,127.859375,20190900,,20191200
2019-06-20 23:30:00,,20191200,127.828125,20190900,,20191200
2019-06-20 23:45:00,,20191200,127.859375,20190900,,20191200
2019-06-21 00:00:00,,20191200,127.859375,20190900,,20191200
2019-06-21 00:15:00,,20191200,127.875,20190900,,20191200
2019-06-21 00:30:00,,20191200,127.875,20190900,,20191200
2019-06-21 00:45:00,,20191200,127.875,20190900,,20191200
2019-06-21 01:00:00,,20191200,127.921875,20190900,,20191200
2019-06-21 01:15:00,,20191200,127.921875,20190900,,20191200
2019-06-21 01:30:00,,20191200,127.953125,20190900,,20191200
2019-06-21 01:45:00,,20191200,127.921875,20190900,,20191200
2019-06-21 02:00:00,,20191200,127.953125,20190900,,20191200
2019-06-21 02:15:00,,20191200,127.9375,20190900,,20191200
2019-06-21 02:30:00,,20191200,127.9375,20190900,,20191200
2019-06-21 02:45:00,,20191200,127.984375,20190900,,20191200
2019-06-21 03:00:00,,20191200,127.9375,20190900,,20191200
2019-06-21 03:15:00,,20191200,127.9375,20190900,,20191200
2019-06-21 03:30:00,,20191200,127.96875,20190900,,20191200
2019-06-21 03:45:00,,20191200,127.96875,20190900,,20191200
2019-06-21 04:00:00,,20191200,127.984375,20190900,,20191200
2019-06-21 04:15:00,,20191200,128.015625,20190900,,20191200
2019-06-21 04:30:00,,20191200,127.984375,20190900,,20191200
2019-06-21 04:45:00,,20191200,128.0,20190900,,20191200
2019-06-21 05:15:00,,20191200,127.984375,20190900,,20191200
2019-06-21 05:30:00,,20191200,127.953125,20190900,,20191200
2019-06-21 05:45:00,,20191200,127.953125,20190900,,20191200
2019-06-21 06:15:00,,20191200,128.0,20190900,,20191200
2019-06-21 06:30:00,,20191200,127.984375,20190900,,20191200
2019-06-21 06:45:00,,20191200,127.921875,20190900,,20191200
2019-06-21 07:00:00,,20191200,127.953125,20190900,,20191200
2019-06-21 07:15:00,,20191200,127.90625,20190900,,20191200
2019-06-21 07:30:00,,20191200,127.828125,20190900,,20191200
2019-06-21 07:45:00,,20191200,127.859375,20190900,,20191200
2019-06-21 08:00:00,,20191200,127.875,20190900,,20191200
2019-06-21 08:15:00,,20191200,127.765625,20190900,,20191200
2019-06-21 08:30:00,,20191200,127.640625,20190900,,20191200
2019-06-21 08:45:00,,20191200,127.5625,20190900,,20191200
2019-06-21 09:00:00,,20191200,127.6875,20190900,,20191200
2019-06-21 09:15:00,,20191200,127.75,20190900,,20191200
2019-06-21 09:30:00,,20191200,127.71875,20190900,,20191200
2019-06-21 09:45:00,,20191200,127.734375,20190900,,20191200
2019-06-21 10:00:00,,20191200,127.71875,20190900,,20191200
2019-06-21 10:15:00,,20191200,127.65625,20190900,,20191200
2019-06-21 10:30:00,,20191200,127.671875,20190900,,20191200
2019-06-21 10:45:00,,20191200,127.640625,20190900,,20191200
2019-06-21 11:00:00,,20191200,127.640625,20190900,,20191200
2019-06-21 11:15:00,,20191200,127.671875,20190900,,20191200
2019-06-21 11:30:00,,20191200,127.734375,20190900,,20191200
2019-06-21 11:45:00,,20191200,127.671875,20190900,,20191200
2019-06-21 12:00:00,,20191200,127.71875,20190900,,20191200
2019-06-21 12:15:00,,20191200,127.75,20190900,,20191200
2019-06-21 12:30:00,,20191200,127.796875,20190900,,20191200
2019-06-21 12:45:00,,20191200,127.796875,20190900,,20191200
2019-06-21 13:00:00,,20191200,127.765625,20190900,,20191200
2019-06-21 13:15:00,,20191200,127.828125,20190900,,20191200
2019-06-21 13:30:00,,20191200,127.75,20190900,,20191200
2019-06-21 13:45:00,,20191200,127.765625,20190900,,20191200
2019-06-21 14:00:00,,20191200,127.703125,20190900,,20191200
2019-06-21 14:15:00,,20191200,127.6875,20190900,,20191200
2019-06-21 14:30:00,,20191200,127.671875,20190900,,20191200
2019-06-21 14:45:00,,20191200,127.515625,20190900,,20191200
2019-06-21 15:00:00,,20191200,127.53125,20190900,,20191200
2019-06-21 15:15:00,,20191200,127.546875,20190900,,20191200
2019-06-21 15:30:00,,20191200,127.5,20190900,,20191200
2019-06-21 15:45:00,,20191200,127.46875,20190900,,20191200
2019-06-21 16:00:00,,20191200,127.515625,20190900,,20191200
2019-06-21 16:15:00,,20191200,127.5625,20190900,,20191200
2019-06-21 16:30:00,,20191200,127.59375,20190900,,20191200
2019-06-21 16:45:00,,20191200,127.5625,20190900,,20191200
2019-06-21 17:00:00,,20191200,127.59375,20190900,,20191200
2019-06-21 17:15:00,,20191200,127.5625,20190900,,20191200
2019-06-21 17:30:00,,20191200,127.546875,20190900,,20191200
2019-06-21 17:45:00,,20191200,127.53125,20190900,,20191200
2019-06-21 18:00:00,,20191200,127.546875,20190900,,20191200
2019-06-21 18:15:00,,20191200,127.546875,20190900,,20191200
2019-06-21 18:30:00,,20191200,127.546875,20190900,,20191200
2019-06-21 18:45:00,,20191200,127.5,20190900,,20191200
2019-06-21 19:00:00,,20191200,127.53125,20190900,,20191200
2019-06-21 19:15:00,,20191200,127.515625,20190900,,20191200
2019-06-21 19:30:00,,20191200,127.53125,20190900,,20191200
2019-06-21 19:45:00,,20191200,127.515625,20190900,,20191200
2019-06-21 20:00:00,,20191200,127.515625,20190900,,20191200
2019-06-21 20:15:00,,20191200,127.546875,20190900,,20191200
2019-06-21 20:30:00,,20191200,127.5625,20190900,,20191200
2019-06-21 20:45:00,,20191200,127.578125,20190900,,20191200
2019-06-21 21:00:00,,20191200,127.59375,20190900,,20191200
2019-06-21 21:15:00,,20191200,127.578125,20190900,,20191200
2019-06-21 21:30:00,,20191200,127.59375,20190900,,20191200
2019-06-21 21:45:00,,20191200,127.609375,20190900,,20191200
2019-06-21 23:00:00,127.796875,20191200,128.0,20190900,127.796875,20191200
2019-06-23 23:00:00,,20191200,127.625,20190900,,20191200
2019-06-23 23:15:00,,20191200,127.640625,20190900,,20191200
2019-06-23 23:30:00,,20191200,127.640625,20190900,,20191200
2019-06-23 23:45:00,,20191200,127.640625,20190900,,20191200
2019-06-24 00:00:00,127.8125,20191200,127.609375,20190900,127.8125,20191200
2019-06-24 00:15:00,,20191200,127.609375,20190900,,20191200
2019-06-24 00:30:00,,20191200,127.625,20190900,,20191200
2019-06-24 00:45:00,,20191200,127.59375,20190900,,20191200
2019-06-24 01:00:00,,20191200,127.59375,20190900,,20191200
2019-06-24 01:15:00,,20191200,127.609375,20190900,,20191200
2019-06-24 01:30:00,,20191200,127.578125,20190900,,20191200
2019-06-24 01:45:00,,20191200,127.578125,20190900,,20191200
2019-06-24 02:00:00,,20191200,127.609375,20190900,,20191200
2019-06-24 02:15:00,,20191200,127.625,20190900,,20191200
2019-06-24 02:30:00,,20191200,127.625,20190900,,20191200
2019-06-24 02:45:00,,20191200,127.609375,20190900,,20191200
2019-06-24 03:00:00,,20191200,127.609375,20190900,,20191200
2019-06-24 03:15:00,,20191200,127.609375,20190900,,20191200
2019-06-24 03:30:00,,20191200,127.59375,20190900,,20191200
2019-06-24 03:45:00,,20191200,127.640625,20190900,,20191200
2019-06-24 04:00:00,127.90625,20191200,127.640625,20190900,127.90625,20191200
2019-06-24 04:15:00,,20191200,127.625,20190900,,20191200
2019-06-24 04:30:00,,20191200,127.625,20190900,,20191200
2019-06-24 04:45:00,,20191200,127.625,20190900,,20191200
2019-06-24 05:15:00,,20191200,127.640625,20190900,,20191200
2019-06-24 05:30:00,,20191200,127.640625,20190900,,20191200
2019-06-24 05:45:00,,20191200,127.640625,20190900,,20191200
2019-06-24 06:15:00,,20191200,127.65625,20190900,,20191200
2019-06-24 06:30:00,,20191200,127.671875,20190900,,20191200
2019-06-24 06:45:00,,20191200,127.671875,20190900,,20191200
2019-06-24 07:00:00,,20191200,127.78125,20190900,,20191200
2019-06-24 07:15:00,,20191200,127.71875,20190900,,20191200
2019-06-24 07:30:00,,20191200,127.75,20190900,,20191200
2019-06-24 07:45:00,,20191200,127.6875,20190900,,20191200
2019-06-24 08:00:00,,20191200,127.640625,20190900,,20191200
2019-06-24 08:15:00,,20191200,127.671875,20190900,,20191200
2019-06-24 08:30:00,,20191200,127.703125,20190900,,20191200
2019-06-24 08:45:00,,20191200,127.71875,20190900,,20191200
2019-06-24 09:00:00,,20191200,127.6875,20190900,,20191200
2019-06-24 09:15:00,,20191200,127.640625,20190900,,20191200
2019-06-24 09:30:00,,20191200,127.6875,20190900,,20191200
2019-06-24 09:45:00,,20191200,127.734375,20190900,,20191200
2019-06-24 10:00:00,,20191200,127.75,20190900,,20191200
2019-06-24 10:15:00,,20191200,127.765625,20190900,,20191200
2019-06-24 10:30:00,,20191200,127.78125,20190900,,20191200
2019-06-24 10:45:00,,20191200,127.765625,20190900,,20191200
2019-06-24 11:00:00,,20191200,127.75,20190900,,20191200
2019-06-24 11:15:00,,20191200,127.765625,20190900,,20191200
2019-06-24 11:30:00,,20191200,127.75,20190900,,20191200
2019-06-24 11:45:00,,20191200,127.765625,20190900,,20191200
2019-06-24 12:00:00,,20191200,127.796875,20190900,,20191200
2019-06-24 12:15:00,,20191200,127.796875,20190900,,20191200
2019-06-24 12:30:00,,20191200,127.796875,20190900,,20191200
2019-06-24 12:45:00,,20191200,127.78125,20190900,,20191200
2019-06-24 13:00:00,,20191200,127.84375,20190900,,20191200
2019-06-24 13:15:00,,20191200,127.828125,20190900,,20191200
2019-06-24 13:30:00,,20191200,127.78125,20190900,,20191200
2019-06-24 13:45:00,,20191200,127.75,20190900,,20191200
2019-06-24 14:00:00,,20191200,127.765625,20190900,,20191200
2019-06-24 14:15:00,,20191200,127.75,20190900,,20191200
2019-06-24 14:30:00,,20191200,127.734375,20190900,,20191200
2019-06-24 14:45:00,,20191200,127.734375,20190900,,20191200
2019-06-24 15:00:00,,20191200,127.734375,20190900,,20191200
2019-06-24 15:15:00,,20191200,127.78125,20190900,,20191200
2019-06-24 15:30:00,,20191200,127.84375,20190900,,20191200
2019-06-24 15:45:00,,20191200,127.9375,20190900,,20191200
2019-06-24 16:00:00,128.296875,20191200,127.921875,20190900,128.296875,20191200
2019-06-24 16:15:00,,20191200,127.96875,20190900,,20191200
2019-06-24 16:30:00,,20191200,127.9375,20190900,,20191200
2019-06-24 16:45:00,,20191200,127.953125,20190900,,20191200
2019-06-24 17:00:00,,20191200,127.9375,20190900,,20191200
2019-06-24 17:15:00,,20191200,127.921875,20190900,,20191200
2019-06-24 17:30:00,,20191200,127.90625,20190900,,20191200
2019-06-24 17:45:00,,20191200,127.921875,20190900,,20191200
2019-06-24 18:00:00,128.203125,20191200,127.890625,20190900,128.203125,20191200
2019-06-24 18:15:00,,20191200,127.875,20190900,,20191200
2019-06-24 18:30:00,,20191200,127.875,20190900,,20191200
2019-06-24 18:45:00,,20191200,127.875,20190900,,20191200
2019-06-24 19:00:00,128.25,20191200,127.875,20190900,128.25,20191200
2019-06-24 19:15:00,,20191200,127.875,20190900,,20191200
2019-06-24 19:30:00,,20191200,127.921875,20190900,,20191200
2019-06-24 19:45:00,,20191200,127.9375,20190900,,20191200
2019-06-24 20:00:00,,20191200,127.9375,20190900,,20191200
2019-06-24 20:15:00,,20191200,127.953125,20190900,,20191200
2019-06-24 20:30:00,,20191200,127.921875,20190900,,20191200
2019-06-24 20:45:00,,20191200,127.953125,20190900,,20191200
2019-06-24 21:00:00,,20191200,127.96875,20190900,,20191200
2019-06-24 21:15:00,,20191200,127.953125,20190900,,20191200
2019-06-24 21:30:00,,20191200,127.953125,20190900,,20191200
2019-06-24 21:45:00,,20191200,127.96875,20190900,,20191200
2019-06-24 23:00:00,128.53125,20191200,127.640625,20190900,128.53125,20191200
2019-06-24 23:15:00,,20191200,127.921875,20190900,,20191200
2019-06-24 23:30:00,,20191200,127.96875,20190900,,20191200
2019-06-24 23:45:00,,20191200,127.9375,20190900,,20191200
2019-06-25 00:00:00,,20191200,127.9375,20190900,,20191200
2019-06-25 00:15:00,,20191200,127.9375,20190900,,20191200
2019-06-25 00:30:00,,20191200,127.96875,20190900,,20191200
2019-06-25 00:45:00,,20191200,127.984375,20190900,,20191200
2019-06-25 01:00:00,,20191200,127.96875,20190900,,20191200
2019-06-25 01:15:00,,20191200,127.953125,20190900,,20191200
2019-06-25 01:30:00,,20191200,128.0,20190900,,20191200
2019-06-25 01:45:00,,20191200,127.96875,20190900,,20191200
2019-06-25 02:00:00,,20191200,127.984375,20190900,,20191200
2019-06-25 02:15:00,,20191200,127.953125,20190900,,20191200
2019-06-25 02:30:00,,20191200,127.921875,20190900,,20191200
2019-06-25 02:45:00,,20191200,127.9375,20190900,,20191200
2019-06-25 03:00:00,,20191200,127.9375,20190900,,20191200
2019-06-25 03:15:00,,20191200,127.953125,20190900,,20191200
2019-06-25 03:30:00,,20191200,127.921875,20190900,,20191200
2019-06-25 03:45:00,,20191200,127.984375,20190900,,20191200
2019-06-25 04:00:00,,20191200,127.96875,20190900,,20191200
2019-06-25 04:15:00,,20191200,127.984375,20190900,,20191200
2019-06-25 04:30:00,,20191200,127.984375,20190900,,20191200
2019-06-25 04:45:00,,20191200,128.03125,20190900,,20191200
2019-06-25 05:15:00,,20191200,128.109375,20190900,,20191200
2019-06-25 05:30:00,,20191200,128.125,20190900,,20191200
2019-06-25 05:45:00,,20191200,128.171875,20190900,,20191200
2019-06-25 06:15:00,,20191200,128.140625,20190900,,20191200
2019-06-25 06:30:00,,20191200,128.125,20190900,,20191200
2019-06-25 06:45:00,,20191200,128.078125,20190900,,20191200
2019-06-25 07:00:00,,20191200,128.0625,20190900,,20191200
2019-06-25 07:15:00,,20191200,128.0625,20190900,,20191200
2019-06-25 07:30:00,,20191200,128.046875,20190900,,20191200
2019-06-25 07:45:00,,20191200,128.015625,20190900,,20191200
2019-06-25 08:00:00,,20191200,128.03125,20190900,,20191200
2019-06-25 08:15:00,,20191200,128.078125,20190900,,20191200
2019-06-25 08:30:00,,20191200,128.03125,20190900,,20191200
2019-06-25 08:45:00,,20191200,128.03125,20190900,,20191200
2019-06-25 09:00:00,,20191200,128.046875,20190900,,20191200
2019-06-25 09:15:00,,20191200,128.015625,20190900,,20191200
2019-06-25 09:30:00,,20191200,127.9375,20190900,,20191200
2019-06-25 09:45:00,,20191200,127.96875,20190900,,20191200
2019-06-25 10:00:00,,20191200,127.96875,20190900,,20191200
2019-06-25 10:15:00,,20191200,127.96875,20190900,,20191200
2019-06-25 10:30:00,,20191200,127.890625,20190900,,20191200
2019-06-25 10:45:00,,20191200,127.921875,20190900,,20191200
2019-06-25 11:00:00,,20191200,127.96875,20190900,,20191200
2019-06-25 11:15:00,,20191200,128.0,20190900,,20191200
2019-06-25 11:30:00,,20191200,128.015625,20190900,,20191200
2019-06-25 11:45:00,,20191200,128.015625,20190900,,20191200
2019-06-25 12:00:00,,20191200,127.96875,20190900,,20191200
2019-06-25 12:15:00,,20191200,128.015625,20190900,,20191200
2019-06-25 12:30:00,,20191200,128.0,20190900,,20191200
2019-06-25 12:45:00,,20191200,127.96875,20190900,,20191200
2019-06-25 13:00:00,,20191200,127.96875,20190900,,20191200
2019-06-25 13:15:00,,20191200,128.046875,20190900,,20191200
2019-06-25 13:30:00,,20191200,128.015625,20190900,,20191200
2019-06-25 13:45:00,,20191200,128.03125,20190900,,20191200
2019-06-25 14:00:00,128.5,20191200,128.046875,20190900,128.5,20191200
2019-06-25 14:15:00,,20191200,128.0625,20190900,,20191200
2019-06-25 14:30:00,,20191200,128.140625,20190900,,20191200
2019-06-25 14:45:00,,20191200,128.125,20190900,,20191200
2019-06-25 15:00:00,128.484375,20191200,128.203125,20190900,128.484375,20191200
2019-06-25 15:15:00,,20191200,128.171875,20190900,,20191200
2019-06-25 15:30:00,,20191200,128.171875,20190900,,20191200
2019-06-25 15:45:00,,20191200,128.21875,20190900,,20191200
2019-06-25 16:00:00,,20191200,128.234375,20190900,,20191200
2019-06-25 16:15:00,,20191200,128.203125,20190900,,20191200
2019-06-25 16:30:00,,20191200,128.1875,20190900,,20191200
2019-06-25 16:45:00,,20191200,128.21875,20190900,,20191200
2019-06-25 17:00:00,,20191200,128.203125,20190900,,20191200
2019-06-25 17:15:00,,20191200,128.21875,20190900,,20191200
2019-06-25 17:30:00,,20191200,128.0625,20190900,,20191200
2019-06-25 17:45:00,,20191200,128.078125,20190900,,20191200
2019-06-25 18:00:00,,20191200,127.984375,20190900,,20191200
2019-06-25 18:15:00,,20191200,128.0,20190900,,20191200
2019-06-25 18:30:00,,20191200,128.109375,20190900,,20191200
2019-06-25 18:45:00,,20191200,128.125,20190900,,20191200
2019-06-25 19:00:00,,20191200,128.09375,20190900,,20191200
2019-06-25 19:15:00,,20191200,128.140625,20190900,,20191200
2019-06-25 19:30:00,,20191200,128.15625,20190900,,20191200
2019-06-25 19:45:00,,20191200,128.125,20190900,,20191200
2019-06-25 20:00:00,128.515625,20191200,128.140625,20190900,128.515625,20191200
2019-06-25 20:15:00,,20191200,128.109375,20190900,,20191200
2019-06-25 20:30:00,,20191200,128.140625,20190900,,20191200
2019-06-25 20:45:00,,20191200,128.125,20190900,,20191200
2019-06-25 21:00:00,128.484375,20191200,128.125,20190900,128.484375,20191200
2019-06-25 21:15:00,,20191200,128.125,20190900,,20191200
2019-06-25 21:30:00,,20191200,128.15625,20190900,,20191200
2019-06-25 21:45:00,,20191200,128.15625,20190900,,20191200
2019-06-25 23:00:00,128.40625,20191200,128.140625,20190900,128.40625,20191200
2019-06-25 23:15:00,,20191200,128.078125,20190900,,20191200
2019-06-25 23:30:00,,20191200,128.09375,20190900,,20191200
2019-06-25 23:45:00,,20191200,128.046875,20190900,,20191200
2019-06-26 00:00:00,,20191200,128.09375,20190900,,20191200
2019-06-26 00:15:00,,20191200,128.109375,20190900,,20191200
2019-06-26 00:30:00,,20191200,128.109375,20190900,,20191200
2019-06-26 00:45:00,,20191200,128.0625,20190900,,20191200
2019-06-26 01:00:00,128.4375,20191200,128.015625,20190900,128.4375,20191200
2019-06-26 01:15:00,,20191200,127.984375,20190900,,20191200
2019-06-26 01:30:00,,20191200,127.96875,20190900,,20191200
2019-06-26 01:45:00,,20191200,127.953125,20190900,,20191200
2019-06-26 02:00:00,,20191200,127.984375,20190900,,20191200
2019-06-26 02:15:00,,20191200,128.0,20190900,,20191200
2019-06-26 02:30:00,,20191200,127.96875,20190900,,20191200
2019-06-26 02:45:00,,20191200,127.96875,20190900,,20191200
2019-06-26 03:00:00,,20191200,127.953125,20190900,,20191200
2019-06-26 03:15:00,,20191200,127.953125,20190900,,20191200
2019-06-26 03:30:00,,20191200,127.953125,20190900,,20191200
2019-06-26 03:45:00,,20191200,127.96875,20190900,,20191200
2019-06-26 04:00:00,,20191200,127.96875,20190900,,20191200
2019-06-26 04:15:00,,20191200,127.96875,20190900,,20191200
2019-06-26 04:30:00,,20191200,127.96875,20190900,,20191200
2019-06-26 04:45:00,,20191200,127.96875,20190900,,20191200
2019-06-26 05:15:00,,20191200,127.953125,20190900,,20191200
2019-06-26 05:30:00,,20191200,127.953125,20190900,,20191200
2019-06-26 05:45:00,,20191200,127.953125,20190900,,20191200
2019-06-26 06:15:00,,20191200,127.984375,20190900,,20191200
2019-06-26 06:30:00,,20191200,127.984375,20190900,,20191200
2019-06-26 06:45:00,,20191200,127.96875,20190900,,20191200
2019-06-26 07:00:00,,20191200,127.9375,20190900,,20191200
2019-06-26 07:15:00,,20191200,128.0,20190900,,20191200
2019-06-26 07:30:00,,20191200,128.03125,20190900,,20191200
2019-06-26 07:45:00,,20191200,127.96875,20190900,,20191200
2019-06-26 08:00:00,,20191200,127.921875,20190900,,20191200
2019-06-26 08:15:00,,20191200,127.9375,20190900,,20191200
2019-06-26 08:30:00,,20191200,127.921875,20190900,,20191200
2019-06-26 08:45:00,,20191200,127.90625,20190900,,20191200
2019-06-26 09:00:00,,20191200,127.9375,20190900,,20191200
2019-06-26 09:15:00,,20191200,127.9375,20190900,,20191200
2019-06-26 09:30:00,,20191200,127.921875,20190900,,20191200
2019-06-26 09:45:00,,20191200,127.953125,20190900,,20191200
2019-06-26 10:00:00,,20191200,127.75,20190900,,20191200
2019-06-26 10:15:00,,20191200,127.828125,20190900,,20191200
2019-06-26 10:30:00,,20191200,127.78125,20190900,,20191200
2019-06-26 10:45:00,,20191200,127.796875,20190900,,20191200
2019-06-26 11:00:00,,20191200,127.8125,20190900,,20191200
2019-06-26 11:15:00,,20191200,127.78125,20190900,,20191200
2019-06-26 11:30:00,,20191200,127.828125,20190900,,20191200
2019-06-26 11:45:00,,20191200,127.84375,20190900,,20191200
2019-06-26 12:00:00,,20191200,127.828125,20190900,,20191200
2019-06-26 12:15:00,,20191200,127.84375,20190900,,20191200
2019-06-26 12:30:00,,20191200,127.859375,20190900,,20191200
2019-06-26 12:45:00,,20191200,127.859375,20190900,,20191200
2019-06-26 13:00:00,,20191200,127.84375,20190900,,20191200
2019-06-26 13:15:00,,20191200,127.921875,20190900,,20191200
2019-06-26 13:30:00,,20191200,127.96875,20190900,,20191200
2019-06-26 13:45:00,,20191200,127.96875,20190900,,20191200
2019-06-26 14:00:00,,20191200,127.9375,20190900,,20191200
2019-06-26 14:15:00,,20191200,127.9375,20190900,,20191200
2019-06-26 14:30:00,,20191200,127.890625,20190900,,20191200
2019-06-26 14:45:00,,20191200,127.84375,20190900,,20191200
2019-06-26 15:00:00,,20191200,127.859375,20190900,,20191200
2019-06-26 15:15:00,,20191200,127.796875,20190900,,20191200
2019-06-26 15:30:00,,20191200,127.765625,20190900,,20191200
2019-06-26 15:45:00,,20191200,127.734375,20190900,,20191200
2019-06-26 16:00:00,128.109375,20191200,127.8125,20190900,128.109375,20191200
2019-06-26 16:15:00,,20191200,127.765625,20190900,,20191200
2019-06-26 16:30:00,,20191200,127.765625,20190900,,20191200
2019-06-26 16:45:00,,20191200,127.734375,20190900,,20191200
2019-06-26 17:00:00,128.09375,20191200,127.734375,20190900,128.09375,20191200
2019-06-26 17:15:00,,20191200,127.765625,20190900,,20191200
2019-06-26 17:30:00,,20191200,127.75,20190900,,20191200
2019-06-26 17:45:00,,20191200,127.734375,20190900,,20191200
2019-06-26 18:00:00,,20191200,127.71875,20190900,,20191200
2019-06-26 18:15:00,,20191200,127.71875,20190900,,20191200
2019-06-26 18:30:00,,20191200,127.703125,20190900,,20191200
2019-06-26 18:45:00,,20191200,127.671875,20190900,,20191200
2019-06-26 19:00:00,,20191200,127.640625,20190900,,20191200
2019-06-26 19:15:00,,20191200,127.625,20190900,,20191200
2019-06-26 19:30:00,,20191200,127.609375,20190900,,20191200
2019-06-26 19:45:00,,20191200,127.578125,20190900,,20191200
2019-06-26 20:00:00,127.90625,20191200,127.59375,20190900,127.90625,20191200
2019-06-26 20:15:00,,20191200,127.59375,20190900,,20191200
2019-06-26 20:30:00,,20191200,127.59375,20190900,,20191200
2019-06-26 20:45:00,,20191200,127.625,20190900,,20191200
2019-06-26 21:00:00,127.9375,20191200,127.59375,20190900,127.9375,20191200
2019-06-26 21:15:00,,20191200,127.59375,20190900,,20191200
2019-06-26 21:30:00,,20191200,127.609375,20190900,,20191200
2019-06-26 21:45:00,,20191200,127.625,20190900,,20191200
2019-06-26 23:00:00,127.90625,20191200,127.984375,20190900,127.90625,20191200
2019-06-26 23:15:00,,20191200,127.640625,20190900,,20191200
2019-06-26 23:30:00,,20191200,127.65625,20190900,,20191200
2019-06-26 23:45:00,,20191200,127.640625,20190900,,20191200
2019-06-27 00:00:00,,20191200,127.65625,20190900,,20191200
2019-06-27 00:15:00,,20191200,127.640625,20190900,,20191200
2019-06-27 00:30:00,,20191200,127.65625,20190900,,20191200
2019-06-27 00:45:00,,20191200,127.640625,20190900,,20191200
2019-06-27 01:00:00,,20191200,127.671875,20190900,,20191200
2019-06-27 01:15:00,,20191200,127.671875,20190900,,20191200
2019-06-27 01:30:00,,20191200,127.625,20190900,,20191200
2019-06-27 01:45:00,,20191200,127.65625,20190900,,20191200
2019-06-27 02:00:00,127.984375,20191200,127.65625,20190900,127.984375,20191200
2019-06-27 02:15:00,,20191200,127.65625,20190900,,20191200
2019-06-27 02:30:00,,20191200,127.578125,20190900,,20191200
2019-06-27 02:45:00,,20191200,127.578125,20190900,,20191200
2019-06-27 03:00:00,127.890625,20191200,127.40625,20190900,127.890625,20191200
2019-06-27 03:15:00,,20191200,127.4375,20190900,,20191200
2019-06-27 03:30:00,,20191200,127.453125,20190900,,20191200
2019-06-27 03:45:00,,20191200,127.453125,20190900,,20191200
2019-06-27 04:00:00,,20191200,127.46875,20190900,,20191200
2019-06-27 04:15:00,,20191200,127.453125,20190900,,20191200
2019-06-27 04:30:00,,20191200,127.46875,20190900,,20191200
2019-06-27 04:45:00,,20191200,127.484375,20190900,,20191200
2019-06-27 05:15:00,,20191200,127.484375,20190900,,20191200
2019-06-27 05:30:00,,20191200,127.5,20190900,,20191200
2019-06-27 05:45:00,,20191200,127.515625,20190900,,20191200
2019-06-27 06:15:00,,20191200,127.546875,20190900,,20191200
2019-06-27 06:30:00,,20191200,127.484375,20190900,,20191200
2019-06-27 06:45:00,,20191200,127.484375,20190900,,20191200
2019-06-27 07:00:00,,20191200,127.46875,20190900,,20191200
2019-06-27 07:15:00,,20191200,127.5,20190900,,20191200
2019-06-27 07:30:00,,20191200,127.46875,20190900,,20191200
2019-06-27 07:45:00,,20191200,127.5,20190900,,20191200
2019-06-27 08:00:00,,20191200,127.4375,20190900,,20191200
2019-06-27 08:15:00,,20191200,127.53125,20190900,,20191200
2019-06-27 08:30:00,,20191200,127.5,20190900,,20191200
2019-06-27 08:45:00,,20191200,127.46875,20190900,,20191200
2019-06-27 09:00:00,,20191200,127.5625,20190900,,20191200
2019-06-27 09:15:00,,20191200,127.53125,20190900,,20191200
2019-06-27 09:30:00,,20191200,127.546875,20190900,,20191200
2019-06-27 09:45:00,,20191200,127.5,20190900,,20191200
2019-06-27 10:00:00,127.890625,20191200,127.5,20190900,127.890625,20191200
2019-06-27 10:15:00,,20191200,127.484375,20190900,,20191200
2019-06-27 10:30:00,,20191200,127.5,20190900,,20191200
2019-06-27 10:45:00,,20191200,127.578125,20190900,,20191200
2019-06-27 11:00:00,,20191200,127.59375,20190900,,20191200
2019-06-27 11:15:00,,20191200,127.640625,20190900,,20191200
2019-06-27 11:30:00,,20191200,127.65625,20190900,,20191200
2019-06-27 11:45:00,,20191200,127.671875,20190900,,20191200
2019-06-27 12:00:00,127.96875,20191200,127.65625,20190900,127.96875,20191200
2019-06-27 12:15:00,,20191200,127.640625,20190900,,20191200
2019-06-27 12:30:00,,20191200,127.640625,20190900,,20191200
2019-06-27 12:45:00,,20191200,127.671875,20190900,,20191200
2019-06-27 13:00:00,128.03125,20191200,127.6875,20190900,128.03125,20191200
2019-06-27 13:15:00,,20191200,127.71875,20190900,,20191200
2019-06-27 13:30:00,,20191200,127.703125,20190900,,20191200
2019-06-27 13:45:00,,20191200,127.796875,20190900,,20191200
2019-06-27 14:00:00,,20191200,127.75,20190900,,20191200
2019-06-27 14:15:00,,20191200,127.71875,20190900,,20191200
2019-06-27 14:30:00,,20191200,127.671875,20190900,,20191200
2019-06-27 14:45:00,,20191200,127.65625,20190900,,20191200
2019-06-27 15:00:00,,20191200,127.71875,20190900,,20191200
2019-06-27 15:15:00,,20191200,127.703125,20190900,,20191200
2019-06-27 15:30:00,,20191200,127.71875,20190900,,20191200
2019-06-27 15:45:00,,20191200,127.734375,20190900,,20191200
2019-06-27 16:00:00,,20191200,127.75,20190900,,20191200
2019-06-27 16:15:00,,20191200,127.78125,20190900,,20191200
2019-06-27 16:30:00,,20191200,127.796875,20190900,,20191200
2019-06-27 16:45:00,,20191200,127.828125,20190900,,20191200
2019-06-27 17:00:00,,20191200,127.828125,20190900,,20191200
2019-06-27 17:15:00,,20191200,127.8125,20190900,,20191200
2019-06-27 17:30:00,,20191200,127.84375,20190900,,20191200
2019-06-27 17:45:00,,20191200,127.8125,20190900,,20191200
2019-06-27 18:00:00,128.234375,20191200,127.828125,20190900,128.234375,20191200
2019-06-27 18:15:00,,20191200,127.875,20190900,,20191200
2019-06-27 18:30:00,,20191200,127.859375,20190900,,20191200
2019-06-27 18:45:00,,20191200,127.859375,20190900,,20191200
2019-06-27 19:00:00,,20191200,127.84375,20190900,,20191200
2019-06-27 19:15:00,,20191200,127.859375,20190900,,20191200
2019-06-27 19:30:00,,20191200,127.90625,20190900,,20191200
2019-06-27 19:45:00,,20191200,127.921875,20190900,,20191200
2019-06-27 20:00:00,,20191200,127.890625,20190900,,20191200
2019-06-27 20:15:00,,20191200,127.890625,20190900,,20191200
2019-06-27 20:30:00,,20191200,127.875,20190900,,20191200
2019-06-27 20:45:00,,20191200,127.875,20190900,,20191200
2019-06-27 21:00:00,,20191200,127.859375,20190900,,20191200
2019-06-27 21:15:00,,20191200,127.890625,20190900,,20191200
2019-06-27 21:30:00,,20191200,127.859375,20190900,,20191200
2019-06-27 21:45:00,,20191200,127.84375,20190900,,20191200
2019-06-27 23:00:00,128.234375,20191200,127.515625,20190900,128.234375,20191200
2019-06-27 23:15:00,,20191200,127.875,20190900,,20191200
2019-06-27 23:30:00,,20191200,127.8125,20190900,,20191200
2019-06-27 23:45:00,,20191200,127.828125,20190900,,20191200
2019-06-28 00:00:00,,20191200,127.859375,20190900,,20191200
2019-06-28 00:15:00,,20191200,127.859375,20190900,,20191200
2019-06-28 00:30:00,,20191200,127.859375,20190900,,20191200
2019-06-28 00:45:00,,20191200,127.859375,20190900,,20191200
2019-06-28 01:00:00,128.21875,20191200,127.859375,20190900,128.21875,20191200
2019-06-28 01:15:00,,20191200,127.875,20190900,,20191200
2019-06-28 01:30:00,,20191200,127.875,20190900,,20191200
2019-06-28 01:45:00,,20191200,127.84375,20190900,,20191200
2019-06-28 02:00:00,,20191200,127.859375,20190900,,20191200
2019-06-28 02:15:00,,20191200,127.84375,20190900,,20191200
2019-06-28 02:30:00,,20191200,127.859375,20190900,,20191200
2019-06-28 02:45:00,,20191200,127.84375,20190900,,20191200
2019-06-28 03:00:00,,20191200,127.875,20190900,,20191200
2019-06-28 03:15:00,,20191200,127.875,20190900,,20191200
2019-06-28 03:30:00,,20191200,127.890625,20190900,,20191200
2019-06-28 03:45:00,,20191200,127.875,20190900,,20191200
2019-06-28 04:00:00,,20191200,127.890625,20190900,,20191200
2019-06-28 04:15:00,,20191200,127.890625,20190900,,20191200
2019-06-28 04:30:00,,20191200,127.875,20190900,,20191200
2019-06-28 04:45:00,,20191200,127.890625,20190900,,20191200
2019-06-28 05:15:00,,20191200,127.875,20190900,,20191200
2019-06-28 05:30:00,,20191200,127.875,20190900,,20191200
2019-06-28 05:45:00,,20191200,127.890625,20190900,,20191200
2019-06-28 06:15:00,,20191200,127.875,20190900,,20191200
2019-06-28 06:30:00,,20191200,127.859375,20190900,,20191200
2019-06-28 06:45:00,,20191200,127.84375,20190900,,20191200
2019-06-28 07:00:00,,20191200,127.84375,20190900,,20191200
2019-06-28 07:15:00,,20191200,127.8125,20190900,,20191200
2019-06-28 07:30:00,,20191200,127.75,20190900,,20191200
2019-06-28 07:45:00,,20191200,127.765625,20190900,,20191200
2019-06-28 08:00:00,,20191200,127.75,20190900,,20191200
2019-06-28 08:15:00,,20191200,127.75,20190900,,20191200
2019-06-28 08:30:00,,20191200,127.796875,20190900,,20191200
2019-06-28 08:45:00,,20191200,127.8125,20190900,,20191200
2019-06-28 09:00:00,,20191200,127.8125,20190900,,20191200
2019-06-28 09:15:00,,20191200,127.8125,20190900,,20191200
2019-06-28 09:30:00,,20191200,127.78125,20190900,,20191200
2019-06-28 09:45:00,,20191200,127.8125,20190900,,20191200
2019-06-28 10:00:00,,20191200,127.78125,20190900,,20191200
2019-06-28 10:15:00,,20191200,127.765625,20190900,,20191200
2019-06-28 10:30:00,,20191200,127.828125,20190900,,20191200
2019-06-28 10:45:00,,20191200,127.828125,20190900,,20191200
2019-06-28 11:00:00,,20191200,127.84375,20190900,,20191200
2019-06-28 11:15:00,,20191200,127.84375,20190900,,20191200
2019-06-28 11:30:00,,20191200,127.84375,20190900,,20191200
2019-06-28 11:45:00,,20191200,127.828125,20190900,,20191200
2019-06-28 12:00:00,,20191200,127.828125,20190900,,20191200
2019-06-28 12:15:00,,20191200,127.828125,20190900,,20191200
2019-06-28 12:30:00,,20191200,127.796875,20190900,,20191200
2019-06-28 12:45:00,,20191200,127.8125,20190900,,20191200
2019-06-28 13:00:00,,20191200,127.859375,20190900,,20191200
2019-06-28 13:15:00,,20191200,127.875,20190900,,20191200
2019-06-28 13:30:00,,20191200,127.765625,20190900,,20191200
2019-06-28 13:45:00,,20191200,127.734375,20190900,,20191200
2019-06-28 14:00:00,,20191200,127.796875,20190900,,20191200
2019-06-28 14:15:00,,20191200,127.765625,20190900,,20191200
2019-06-28 14:30:00,,20191200,127.703125,20190900,,20191200
2019-06-28 14:45:00,,20191200,127.796875,20190900,,20191200
2019-06-28 15:00:00,,20191200,127.84375,20190900,,20191200
2019-06-28 15:15:00,,20191200,127.890625,20190900,,20191200
2019-06-28 15:30:00,,20191200,127.9375,20190900,,20191200
2019-06-28 15:45:00,,20191200,127.890625,20190900,,20191200
2019-06-28 16:00:00,,20191200,127.90625,20190900,,20191200
2019-06-28 16:15:00,,20191200,127.90625,20190900,,20191200
2019-06-28 16:30:00,,20191200,127.90625,20190900,,20191200
2019-06-28 16:45:00,,20191200,127.921875,20190900,,20191200
2019-06-28 17:00:00,128.3125,20191200,127.9375,20190900,128.3125,20191200
2019-06-28 17:15:00,,20191200,127.90625,20190900,,20191200
2019-06-28 17:30:00,,20191200,127.90625,20190900,,20191200
2019-06-28 17:45:00,,20191200,127.953125,20190900,,20191200
2019-06-28 18:00:00,,20191200,127.96875,20190900,,20191200
2019-06-28 18:15:00,,20191200,127.9375,20190900,,20191200
2019-06-28 18:30:00,,20191200,127.9375,20190900,,20191200
2019-06-28 18:45:00,,20191200,127.90625,20190900,,20191200
2019-06-28 19:00:00,,20191200,127.921875,20190900,,20191200
2019-06-28 19:15:00,,20191200,127.921875,20190900,,20191200
2019-06-28 19:30:00,,20191200,127.96875,20190900,,20191200
2019-06-28 19:45:00,,20191200,127.984375,20190900,,20191200
2019-06-28 20:00:00,,20191200,127.953125,20190900,,20191200
2019-06-28 20:15:00,,20191200,127.953125,20190900,,20191200
2019-06-28 20:30:00,,20191200,127.96875,20190900,,20191200
2019-06-28 20:45:00,,20191200,127.90625,20190900,,20191200
2019-06-28 21:00:00,,20191200,127.921875,20190900,,20191200
2019-06-28 21:15:00,,20191200,127.921875,20190900,,20191200
2019-06-28 21:30:00,,20191200,127.90625,20190900,,20191200
2019-06-28 21:45:00,,20191200,127.90625,20190900,,20191200
2019-06-28 23:00:00,128.3125,20191200,127.890625,20190900,128.3125,20191200
2019-06-30 23:00:00,127.96875,20191200,127.5625,20190900,127.96875,20191200
2019-06-30 23:15:00,,20191200,127.5625,20190900,,20191200
2019-06-30 23:30:00,,20191200,127.59375,20190900,,20191200
2019-06-30 23:45:00,,20191200,127.59375,20190900,,20191200
2019-07-01 00:00:00,127.875,20191200,127.609375,20190900,127.875,20191200
2019-07-01 00:15:00,,20191200,127.625,20190900,,20191200
2019-07-01 00:30:00,,20191200,127.59375,20190900,,20191200
2019-07-01 00:45:00,,20191200,127.5625,20190900,,20191200
2019-07-01 01:00:00,,20191200,127.59375,20190900,,20191200
2019-07-01 01:15:00,,20191200,127.640625,20190900,,20191200
2019-07-01 01:30:00,,20191200,127.640625,20190900,,20191200
2019-07-01 01:45:00,,20191200,127.65625,20190900,,20191200
2019-07-01 02:00:00,,20191200,127.609375,20190900,,20191200
2019-07-01 02:15:00,,20191200,127.609375,20190900,,20191200
2019-07-01 02:30:00,,20191200,127.671875,20190900,,20191200
2019-07-01 02:45:00,,20191200,127.703125,20190900,,20191200
2019-07-01 03:00:00,,20191200,127.671875,20190900,,20191200
2019-07-01 03:15:00,,20191200,127.671875,20190900,,20191200
2019-07-01 03:30:00,,20191200,127.671875,20190900,,20191200
2019-07-01 03:45:00,,20191200,127.703125,20190900,,20191200
2019-07-01 04:00:00,,20191200,127.6875,20190900,,20191200
2019-07-01 04:15:00,,20191200,127.671875,20190900,,20191200
2019-07-01 04:30:00,,20191200,127.703125,20190900,,20191200
2019-07-01 04:45:00,,20191200,127.703125,20190900,,20191200
2019-07-01 05:15:00,,20191200,127.6875,20190900,,20191200
2019-07-01 05:30:00,,20191200,127.671875,20190900,,20191200
2019-07-01 05:45:00,,20191200,127.671875,20190900,,20191200
2019-07-01 06:15:00,,20191200,127.640625,20190900,,20191200
2019-07-01 06:30:00,,20191200,127.640625,20190900,,20191200
2019-07-01 06:45:00,,20191200,127.65625,20190900,,20191200
2019-07-01 07:00:00,,20191200,127.640625,20190900,,20191200
2019-07-01 07:15:00,,20191200,127.578125,20190900,,20191200
2019-07-01 07:30:00,,20191200,127.546875,20190900,,20191200
2019-07-01 07:45:00,,20191200,127.578125,20190900,,20191200
2019-07-01 08:00:00,,20191200,127.640625,20190900,,20191200
2019-07-01 08:15:00,,20191200,127.703125,20190900,,20191200
2019-07-01 08:30:00,,20191200,127.625,20190900,,20191200
2019-07-01 08:45:00,,20191200,127.71875,20190900,,20191200
2019-07-01 09:00:00,,20191200,127.75,20190900,,20191200
2019-07-01 09:15:00,,20191200,127.71875,20190900,,20191200
2019-07-01 09:30:00,,20191200,127.765625,20190900,,20191200
2019-07-01 09:45:00,,20191200,127.796875,20190900,,20191200
2019-07-01 10:00:00,128.15625,20191200,127.828125,20190900,128.15625,20191200
2019-07-01 10:15:00,,20191200,127.8125,20190900,,20191200
2019-07-01 10:30:00,,20191200,127.796875,20190900,,20191200
2019-07-01 10:45:00,,20191200,127.8125,20190900,,20191200
2019-07-01 11:00:00,128.09375,20191200,127.828125,20190900,128.09375,20191200
2019-07-01 11:15:00,,20191200,127.78125,20190900,,20191200
2019-07-01 11:30:00,,20191200,127.828125,20190900,,20191200
2019-07-01 11:45:00,,20191200,127.84375,20190900,,20191200
2019-07-01 12:00:00,,20191200,127.828125,20190900,,20191200
2019-07-01 12:15:00,,20191200,127.828125,20190900,,20191200
2019-07-01 12:30:00,,20191200,127.796875,20190900,,20191200
2019-07-01 12:45:00,,20191200,127.796875,20190900,,20191200
2019-07-01 13:00:00,,20191200,127.78125,20190900,,20191200
2019-07-01 13:15:00,,20191200,127.765625,20190900,,20191200
2019-07-01 13:30:00,,20191200,127.765625,20190900,,20191200
2019-07-01 13:45:00,,20191200,127.75,20190900,,20191200
2019-07-01 14:00:00,128.296875,20191200,127.828125,20190900,128.296875,20191200
2019-07-01 14:15:00,,20191200,127.90625,20190900,,20191200
2019-07-01 14:30:00,,20191200,127.953125,20190900,,20191200
2019-07-01 14:45:00,,20191200,127.84375,20190900,,20191200
2019-07-01 15:00:00,,20191200,127.828125,20190900,,20191200
2019-07-01 15:15:00,,20191200,127.90625,20190900,,20191200
2019-07-01 15:30:00,,20191200,127.875,20190900,,20191200
2019-07-01 15:45:00,,20191200,127.921875,20190900,,20191200
2019-07-01 16:00:00,,20191200,127.890625,20190900,,20191200
2019-07-01 16:15:00,,20191200,127.875,20190900,,20191200
2019-07-01 16:30:00,,20191200,127.78125,20190900,,20191200
2019-07-01 16:45:00,,20191200,127.75,20190900,,20191200
2019-07-01 17:00:00,,20191200,127.671875,20190900,,20191200
2019-07-01 17:15:00,,20191200,127.65625,20190900,,20191200
2019-07-01 17:30:00,,20191200,127.609375,20190900,,20191200
2019-07-01 17:45:00,,20191200,127.578125,20190900,,20191200
2019-07-01 18:00:00,,20191200,127.65625,20190900,,20191200
2019-07-01 18:15:00,,20191200,127.625,20190900,,20191200
2019-07-01 18:30:00,,20191200,127.625,20190900,,20191200
2019-07-01 18:45:00,,20191200,127.609375,20190900,,20191200
2019-07-01 19:00:00,,20191200,127.671875,20190900,,20191200
2019-07-01 19:15:00,,20191200,127.671875,20190900,,20191200
2019-07-01 19:30:00,,20191200,127.671875,20190900,,20191200
2019-07-01 19:45:00,,20191200,127.6875,20190900,,20191200
2019-07-01 20:00:00,,20191200,127.703125,20190900,,20191200
2019-07-01 20:15:00,,20191200,127.71875,20190900,,20191200
2019-07-01 20:30:00,,20191200,127.734375,20190900,,20191200
2019-07-01 20:45:00,,20191200,127.765625,20190900,,20191200
2019-07-01 21:00:00,128.109375,20191200,127.71875,20190900,128.109375,20191200
2019-07-01 21:15:00,,20191200,127.703125,20190900,,20191200
2019-07-01 21:30:00,,20191200,127.6875,20190900,,20191200
2019-07-01 21:45:00,,20191200,127.734375,20190900,,20191200
2019-07-01 23:00:00,128.03125,20191200,127.640625,20190900,128.03125,20191200
2019-07-01 23:15:00,,20191200,127.9375,20190900,,20191200
2019-07-01 23:30:00,,20191200,127.875,20190900,,20191200
2019-07-01 23:45:00,,20191200,127.875,20190900,,20191200
2019-07-02 00:00:00,,20191200,127.859375,20190900,,20191200
2019-07-02 00:15:00,,20191200,127.859375,20190900,,20191200
2019-07-02 00:30:00,,20191200,127.828125,20190900,,20191200
2019-07-02 00:45:00,,20191200,127.828125,20190900,,20191200
2019-07-02 01:00:00,,20191200,127.8125,20190900,,20191200
2019-07-02 01:15:00,,20191200,127.8125,20190900,,20191200
2019-07-02 01:30:00,,20191200,127.828125,20190900,,20191200
2019-07-02 01:45:00,,20191200,127.828125,20190900,,20191200
2019-07-02 02:00:00,,20191200,127.828125,20190900,,20191200
2019-07-02 02:15:00,,20191200,127.84375,20190900,,20191200
2019-07-02 02:30:00,,20191200,127.8125,20190900,,20191200
2019-07-02 02:45:00,,20191200,127.8125,20190900,,20191200
2019-07-02 03:00:00,,20191200,127.859375,20190900,,20191200
2019-07-02 03:15:00,,20191200,127.84375,20190900,,20191200
2019-07-02 03:30:00,,20191200,127.828125,20190900,,20191200
2019-07-02 03:45:00,,20191200,127.828125,20190900,,20191200
2019-07-02 04:00:00,,20191200,127.828125,20190900,,20191200
2019-07-02 04:15:00,,20191200,127.828125,20190900,,20191200
2019-07-02 04:30:00,,20191200,127.84375,20190900,,20191200
2019-07-02 04:45:00,,20191200,127.828125,20190900,,20191200
2019-07-02 05:15:00,,20191200,127.84375,20190900,,20191200
2019-07-02 05:30:00,,20191200,127.84375,20190900,,20191200
2019-07-02 05:45:00,,20191200,127.84375,20190900,,20191200
2019-07-02 06:15:00,,20191200,127.859375,20190900,,20191200
2019-07-02 06:30:00,,20191200,127.84375,20190900,,20191200
2019-07-02 06:45:00,,20191200,127.828125,20190900,,20191200
2019-07-02 07:00:00,,20191200,127.8125,20190900,,20191200
2019-07-02 07:15:00,,20191200,127.8125,20190900,,20191200
2019-07-02 07:30:00,,20191200,127.796875,20190900,,20191200
2019-07-02 07:45:00,,20191200,127.8125,20190900,,20191200
2019-07-02 08:00:00,,20191200,127.84375,20190900,,20191200
2019-07-02 08:15:00,,20191200,127.890625,20190900,,20191200
2019-07-02 08:30:00,,20191200,127.875,20190900,,20191200
2019-07-02 08:45:00,,20191200,127.859375,20190900,,20191200
2019-07-02 09:00:00,,20191200,127.875,20190900,,20191200
2019-07-02 09:15:00,,20191200,127.859375,20190900,,20191200
2019-07-02 09:30:00,,20191200,127.875,20190900,,20191200
2019-07-02 09:45:00,,20191200,127.875,20190900,,20191200
2019-07-02 10:00:00,,20191200,127.90625,20190900,,20191200
2019-07-02 10:15:00,,20191200,127.90625,20190900,,20191200
2019-07-02 10:30:00,,20191200,127.921875,20190900,,20191200
2019-07-02 10:45:00,,20191200,127.84375,20190900,,20191200
2019-07-02 11:00:00,,20191200,127.890625,20190900,,20191200
2019-07-02 11:15:00,,20191200,127.890625,20190900,,20191200
2019-07-02 11:30:00,,20191200,127.875,20190900,,20191200
2019-07-02 11:45:00,,20191200,127.890625,20190900,,20191200
2019-07-02 12:00:00,,20191200,127.875,20190900,,20191200
2019-07-02 12:15:00,,20191200,127.84375,20190900,,20191200
2019-07-02 12:30:00,,20191200,127.828125,20190900,,20191200
2019-07-02 12:45:00,,20191200,127.796875,20190900,,20191200
2019-07-02 13:00:00,,20191200,127.796875,20190900,,20191200
2019-07-02 13:15:00,,20191200,127.84375,20190900,,20191200
2019-07-02 13:30:00,,20191200,127.90625,20190900,,20191200
2019-07-02 13:45:00,,20191200,127.90625,20190900,,20191200
2019-07-02 14:00:00,,20191200,127.875,20190900,,20191200
2019-07-02 14:15:00,,20191200,127.875,20190900,,20191200
2019-07-02 14:30:00,,20191200,127.859375,20190900,,20191200
2019-07-02 14:45:00,,20191200,127.875,20190900,,20191200
2019-07-02 15:00:00,,20191200,127.828125,20190900,,20191200
2019-07-02 15:15:00,,20191200,127.84375,20190900,,20191200
2019-07-02 15:30:00,,20191200,128.0,20190900,,20191200
2019-07-02 15:45:00,,20191200,128.046875,20190900,,20191200
2019-07-02 16:00:00,,20191200,128.03125,20190900,,20191200
2019-07-02 16:15:00,,20191200,128.0625,20190900,,20191200
2019-07-02 16:30:00,,20191200,128.0625,20190900,,20191200
2019-07-02 16:45:00,,20191200,128.0625,20190900,,20191200
2019-07-02 17:00:00,128.515625,20191200,128.09375,20190900,128.515625,20191200
2019-07-02 17:15:00,,20191200,128.15625,20190900,,20191200
2019-07-02 17:30:00,,20191200,128.15625,20190900,,20191200
2019-07-02 17:45:00,,20191200,128.140625,20190900,,20191200
2019-07-02 18:00:00,,20191200,128.109375,20190900,,20191200
2019-07-02 18:15:00,,20191200,128.109375,20190900,,20191200
2019-07-02 18:30:00,,20191200,128.09375,20190900,,20191200
2019-07-02 18:45:00,,20191200,128.125,20190900,,20191200
2019-07-02 19:00:00,,20191200,128.140625,20190900,,20191200
2019-07-02 19:15:00,,20191200,128.125,20190900,,20191200
2019-07-02 19:30:00,,20191200,128.125,20190900,,20191200
2019-07-02 19:45:00,,20191200,128.140625,20190900,,20191200
2019-07-02 20:00:00,,20191200,128.125,20190900,,20191200
2019-07-02 20:15:00,,20191200,128.109375,20190900,,20191200
2019-07-02 20:30:00,,20191200,128.125,20190900,,20191200
2019-07-02 20:45:00,,20191200,128.109375,20190900,,20191200
2019-07-02 21:00:00,,20191200,128.125,20190900,,20191200
2019-07-02 21:15:00,,20191200,128.140625,20190900,,20191200
2019-07-02 21:30:00,,20191200,128.140625,20190900,,20191200
2019-07-02 21:45:00,,20191200,128.140625,20190900,,20191200
2019-07-02 23:00:00,128.515625,20191200,127.859375,20190900,128.515625,20191200
2019-07-02 23:15:00,,20191200,128.1875,20190900,,20191200
2019-07-02 23:30:00,,20191200,128.1875,20190900,,20191200
2019-07-02 23:45:00,,20191200,128.1875,20190900,,20191200
2019-07-03 00:00:00,,20191200,128.1875,20190900,,20191200
2019-07-03 00:15:00,,20191200,128.171875,20190900,,20191200
2019-07-03 00:30:00,,20191200,128.1875,20190900,,20191200
2019-07-03 00:45:00,,20191200,128.1875,20190900,,20191200
2019-07-03 01:00:00,,20191200,128.21875,20190900,,20191200
2019-07-03 01:15:00,,20191200,128.265625,20190900,,20191200
2019-07-03 01:30:00,,20191200,128.265625,20190900,,20191200
2019-07-03 01:45:00,,20191200,128.328125,20190900,,20191200
2019-07-03 02:00:00,,20191200,128.3125,20190900,,20191200
2019-07-03 02:15:00,,20191200,128.359375,20190900,,20191200
2019-07-03 02:30:00,,20191200,128.328125,20190900,,20191200
2019-07-03 02:45:00,,20191200,128.34375,20190900,,20191200
2019-07-03 03:00:00,,20191200,128.328125,20190900,,20191200
2019-07-03 03:15:00,,20191200,128.328125,20190900,,20191200
2019-07-03 03:30:00,,20191200,128.3125,20190900,,20191200
2019-07-03 03:45:00,,20191200,128.296875,20190900,,20191200
2019-07-03 04:00:00,128.671875,20191200,128.28125,20190900,128.671875,20191200
2019-07-03 04:15:00,,20191200,128.3125,20190900,,20191200
2019-07-03 04:30:00,,20191200,128.28125,20190900,,20191200
2019-07-03 04:45:00,,20191200,128.28125,20190900,,20191200
2019-07-03 05:15:00,,20191200,128.296875,20190900,,20191200
2019-07-03 05:30:00,,20191200,128.3125,20190900,,20191200
2019-07-03 05:45:00,,20191200,128.3125,20190900,,20191200
2019-07-03 06:15:00,,20191200,128.34375,20190900,,20191200
2019-07-03 06:30:00,,20191200,128.34375,20190900,,20191200
2019-07-03 06:45:00,,20191200,128.359375,20190900,,20191200
2019-07-03 07:00:00,128.796875,20191200,128.359375,20190900,128.796875,20191200
2019-07-03 07:15:00,,20191200,128.421875,20190900,,20191200
2019-07-03 07:30:00,,20191200,128.390625,20190900,,20191200
2019-07-03 07:45:00,,20191200,128.40625,20190900,,20191200
2019-07-03 08:00:00,,20191200,128.359375,20190900,,20191200
2019-07-03 08:15:00,,20191200,128.359375,20190900,,20191200
2019-07-03 08:30:00,,20191200,128.328125,20190900,,20191200
2019-07-03 08:45:00,,20191200,128.328125,20190900,,20191200
2019-07-03 09:00:00,,20191200,128.34375,20190900,,20191200
2019-07-03 09:15:00,,20191200,128.3125,20190900,,20191200
2019-07-03 09:30:00,,20191200,128.34375,20190900,,20191200
2019-07-03 09:45:00,,20191200,128.328125,20190900,,20191200
2019-07-03 10:00:00,,20191200,128.28125,20190900,,20191200
2019-07-03 10:15:00,,20191200,128.3125,20190900,,20191200
2019-07-03 10:30:00,,20191200,128.28125,20190900,,20191200
2019-07-03 10:45:00,,20191200,128.234375,20190900,,20191200
2019-07-03 11:00:00,,20191200,128.28125,20190900,,20191200
2019-07-03 11:15:00,,20191200,128.28125,20190900,,20191200
2019-07-03 11:30:00,,20191200,128.296875,20190900,,20191200
2019-07-03 11:45:00,,20191200,128.296875,20190900,,20191200
2019-07-03 12:00:00,,20191200,128.265625,20190900,,20191200
2019-07-03 12:15:00,,20191200,128.234375,20190900,,20191200
2019-07-03 12:30:00,,20191200,128.265625,20190900,,20191200
2019-07-03 12:45:00,,20191200,128.28125,20190900,,20191200
2019-07-03 13:00:00,128.625,20191200,128.234375,20190900,128.625,20191200
2019-07-03 13:15:00,,20191200,128.265625,20190900,,20191200
2019-07-03 13:30:00,,20191200,128.21875,20190900,,20191200
2019-07-03 13:45:00,,20191200,128.21875,20190900,,20191200
2019-07-03 14:00:00,,20191200,128.15625,20190900,,20191200
2019-07-03 14:15:00,,20191200,128.1875,20190900,,20191200
2019-07-03 14:30:00,,20191200,128.234375,20190900,,20191200
2019-07-03 14:45:00,,20191200,128.21875,20190900,,20191200
2019-07-03 15:00:00,,20191200,128.328125,20190900,,20191200
2019-07-03 15:15:00,,20191200,128.28125,20190900,,20191200
2019-07-03 15:30:00,,20191200,128.3125,20190900,,20191200
2019-07-03 15:45:00,,20191200,128.296875,20190900,,20191200
2019-07-03 16:00:00,128.6875,20191200,128.296875,20190900,128.6875,20191200
2019-07-03 16:15:00,,20191200,128.296875,20190900,,20191200
2019-07-03 16:30:00,,20191200,128.3125,20190900,,20191200
2019-07-03 16:45:00,,20191200,128.34375,20190900,,20191200
2019-07-03 17:00:00,,20191200,128.28125,20190900,,20191200
2019-07-03 17:15:00,,20191200,128.296875,20190900,,20191200
2019-07-03 17:30:00,,20191200,128.28125,20190900,,20191200
2019-07-03 17:45:00,,20191200,128.25,20190900,,20191200
2019-07-03 18:00:00,128.65625,20191200,128.234375,20190900,128.65625,20191200
2019-07-03 18:15:00,,20191200,128.25,20190900,,20191200
2019-07-03 18:30:00,,20191200,128.25,20190900,,20191200
2019-07-03 18:45:00,,20191200,128.25,20190900,,20191200
2019-07-03 19:00:00,,20191200,128.265625,20190900,,20191200
2019-07-03 19:15:00,,20191200,128.265625,20190900,,20191200
2019-07-03 19:30:00,,20191200,128.25,20190900,,20191200
2019-07-03 19:45:00,,20191200,128.25,20190900,,20191200
2019-07-03 20:00:00,,20191200,128.21875,20190900,,20191200
2019-07-03 20:15:00,,20191200,128.21875,20190900,,20191200
2019-07-03 20:30:00,,20191200,128.234375,20190900,,20191200
2019-07-03 20:45:00,,20191200,128.21875,20190900,,20191200
2019-07-03 21:00:00,128.625,20191200,128.234375,20190900,128.625,20191200
2019-07-03 21:15:00,,20191200,128.234375,20190900,,20191200
2019-07-03 21:30:00,,20191200,128.234375,20190900,,20191200
2019-07-03 21:45:00,,20191200,128.234375,20190900,,20191200
2019-07-03 23:00:00,128.6875,20191200,128.34375,20190900,128.6875,20191200
2019-07-03 23:15:00,,20191200,128.25,20190900,,20191200
2019-07-03 23:30:00,,20191200,128.25,20190900,,20191200
2019-07-03 23:45:00,,20191200,128.265625,20190900,,20191200
2019-07-04 00:00:00,,20191200,128.265625,20190900,,20191200
2019-07-04 00:15:00,,20191200,128.265625,20190900,,20191200
2019-07-04 00:30:00,,20191200,128.265625,20190900,,20191200
2019-07-04 00:45:00,,20191200,128.25,20190900,,20191200
2019-07-04 01:00:00,,20191200,128.25,20190900,,20191200
2019-07-04 01:15:00,,20191200,128.25,20190900,,20191200
2019-07-04 01:30:00,,20191200,128.25,20190900,,20191200
2019-07-04 01:45:00,,20191200,128.25,20190900,,20191200
2019-07-04 02:00:00,,20191200,128.25,20190900,,20191200
2019-07-04 02:15:00,,20191200,128.25,20190900,,20191200
2019-07-04 02:30:00,,20191200,128.25,20190900,,20191200
2019-07-04 02:45:00,,20191200,128.25,20190900,,20191200
2019-07-04 03:00:00,,20191200,128.25,20190900,,20191200
2019-07-04 03:15:00,,20191200,128.25,20190900,,20191200
2019-07-04 03:30:00,,20191200,128.25,20190900,,20191200
2019-07-04 03:45:00,,20191200,128.25,20190900,,20191200
2019-07-04 04:00:00,,20191200,128.25,20190900,,20191200
2019-07-04 04:15:00,,20191200,128.25,20190900,,20191200
2019-07-04 04:30:00,,20191200,128.25,20190900,,20191200
2019-07-04 04:45:00,,20191200,128.25,20190900,,20191200
2019-07-04 05:15:00,,20191200,128.234375,20190900,,20191200
2019-07-04 05:30:00,,20191200,128.25,20190900,,20191200
2019-07-04 05:45:00,,20191200,128.25,20190900,,20191200
2019-07-04 06:15:00,,20191200,128.25,20190900,,20191200
2019-07-04 06:30:00,,20191200,128.25,20190900,,20191200
2019-07-04 06:45:00,,20191200,128.25,20190900,,20191200
2019-07-04 07:00:00,,20191200,128.234375,20190900,,20191200
2019-07-04 07:15:00,,20191200,128.25,20190900,,20191200
2019-07-04 07:30:00,,20191200,128.265625,20190900,,20191200
2019-07-04 07:45:00,,20191200,128.25,20190900,,20191200
2019-07-04 08:00:00,,20191200,128.265625,20190900,,20191200
2019-07-04 08:15:00,,20191200,128.28125,20190900,,20191200
2019-07-04 08:30:00,,20191200,128.296875,20190900,,20191200
2019-07-04 08:45:00,,20191200,128.296875,20190900,,20191200
2019-07-04 09:00:00,,20191200,128.28125,20190900,,20191200
2019-07-04 09:15:00,,20191200,128.265625,20190900,,20191200
2019-07-04 09:30:00,,20191200,128.265625,20190900,,20191200
2019-07-04 09:45:00,,20191200,128.265625,20190900,,20191200
2019-07-04 10:00:00,,20191200,128.28125,20190900,,20191200
2019-07-04 10:15:00,,20191200,128.296875,20190900,,20191200
2019-07-04 10:30:00,,20191200,128.328125,20190900,,20191200
2019-07-04 10:45:00,,20191200,128.34375,20190900,,20191200
2019-07-04 11:00:00,,20191200,128.359375,20190900,,20191200
2019-07-04 11:15:00,,20191200,128.375,20190900,,20191200
2019-07-04 11:30:00,,20191200,128.359375,20190900,,20191200
2019-07-04 11:45:00,,20191200,128.375,20190900,,20191200
2019-07-04 12:00:00,,20191200,128.390625,20190900,,20191200
2019-07-04 12:15:00,,20191200,128.390625,20190900,,20191200
2019-07-04 12:30:00,,20191200,128.390625,20190900,,20191200
2019-07-04 12:45:00,,20191200,128.359375,20190900,,20191200
2019-07-04 13:00:00,,20191200,128.34375,20190900,,20191200
2019-07-04 13:15:00,,20191200,128.3125,20190900,,20191200
2019-07-04 13:30:00,,20191200,128.296875,20190900,,20191200
2019-07-04 13:45:00,,20191200,128.3125,20190900,,20191200
2019-07-04 14:00:00,,20191200,128.34375,20190900,,20191200
2019-07-04 14:15:00,,20191200,128.328125,20190900,,20191200
2019-07-04 14:30:00,,20191200,128.328125,20190900,,20191200
2019-07-04 14:45:00,,20191200,128.296875,20190900,,20191200
2019-07-04 15:00:00,,20191200,128.328125,20190900,,20191200
2019-07-04 15:15:00,,20191200,128.296875,20190900,,20191200
2019-07-04 15:30:00,,20191200,128.328125,20190900,,20191200
2019-07-04 15:45:00,,20191200,128.34375,20190900,,20191200
2019-07-04 16:00:00,,20191200,128.296875,20190900,,20191200
2019-07-04 16:15:00,,20191200,128.3125,20190900,,20191200
2019-07-04 16:30:00,,20191200,128.296875,20190900,,20191200
2019-07-04 16:45:00,,20191200,128.296875,20190900,,20191200
2019-07-04 17:00:00,,20191200,128.296875,20190900,,20191200
2019-07-04 17:15:00,,20191200,128.296875,20190900,,20191200
2019-07-04 17:30:00,,20191200,128.296875,20190900,,20191200
2019-07-04 17:45:00,,20191200,128.296875,20190900,,20191200
2019-07-04 23:00:00,,20191200,128.25,20190900,,20191200
2019-07-04 23:15:00,,20191200,128.296875,20190900,,20191200
2019-07-04 23:30:00,,20191200,128.3125,20190900,,20191200
2019-07-04 23:45:00,,20191200,128.34375,20190900,,20191200
2019-07-05 00:00:00,,20191200,128.34375,20190900,,20191200
2019-07-05 00:15:00,,20191200,128.3125,20190900,,20191200
2019-07-05 00:30:00,,20191200,128.3125,20190900,,20191200
2019-07-05 00:45:00,,20191200,128.296875,20190900,,20191200
2019-07-05 01:00:00,,20191200,128.3125,20190900,,20191200
2019-07-05 01:15:00,,20191200,128.3125,20190900,,20191200
2019-07-05 01:30:00,,20191200,128.328125,20190900,,20191200
2019-07-05 01:45:00,,20191200,128.328125,20190900,,20191200
2019-07-05 02:00:00,,20191200,128.3125,20190900,,20191200
2019-07-05 02:15:00,,20191200,128.3125,20190900,,20191200
2019-07-05 02:30:00,,20191200,128.296875,20190900,,20191200
2019-07-05 02:45:00,,20191200,128.34375,20190900,,20191200
2019-07-05 03:00:00,,20191200,128.3125,20190900,,20191200
2019-07-05 03:15:00,,20191200,128.328125,20190900,,20191200
2019-07-05 03:30:00,,20191200,128.3125,20190900,,20191200
2019-07-05 03:45:00,,20191200,128.296875,20190900,,20191200
2019-07-05 04:00:00,,20191200,128.3125,20190900,,20191200
2019-07-05 04:15:00,,20191200,128.328125,20190900,,20191200
2019-07-05 04:30:00,,20191200,128.3125,20190900,,20191200
2019-07-05 04:45:00,,20191200,128.3125,20190900,,20191200
2019-07-05 05:15:00,,20191200,128.328125,20190900,,20191200
2019-07-05 05:30:00,,20191200,128.328125,20190900,,20191200
2019-07-05 05:45:00,,20191200,128.296875,20190900,,20191200
2019-07-05 06:15:00,,20191200,128.3125,20190900,,20191200
2019-07-05 06:30:00,,20191200,128.3125,20190900,,20191200
2019-07-05 06:45:00,,20191200,128.328125,20190900,,20191200
2019-07-05 07:00:00,,20191200,128.28125,20190900,,20191200
2019-07-05 07:15:00,,20191200,128.28125,20190900,,20191200
2019-07-05 07:30:00,,20191200,128.28125,20190900,,20191200
2019-07-05 07:45:00,,20191200,128.265625,20190900,,20191200
2019-07-05 08:00:00,,20191200,128.28125,20190900,,20191200
2019-07-05 08:15:00,,20191200,128.296875,20190900,,20191200
2019-07-05 08:30:00,,20191200,128.25,20190900,,20191200
2019-07-05 08:45:00,,20191200,128.21875,20190900,,20191200
2019-07-05 09:00:00,128.59375,20191200,128.203125,20190900,128.59375,20191200
2019-07-05 09:15:00,,20191200,128.171875,20190900,,20191200
2019-07-05 09:30:00,,20191200,128.140625,20190900,,20191200
2019-07-05 09:45:00,,20191200,128.125,20190900,,20191200
2019-07-05 10:00:00,,20191200,128.109375,20190900,,20191200
2019-07-05 10:15:00,,20191200,128.125,20190900,,20191200
2019-07-05 10:30:00,,20191200,128.125,20190900,,20191200
2019-07-05 10:45:00,,20191200,128.140625,20190900,,20191200
2019-07-05 11:00:00,,20191200,128.15625,20190900,,20191200
2019-07-05 11:15:00,,20191200,128.15625,20190900,,20191200
2019-07-05 11:30:00,,20191200,128.140625,20190900,,20191200
2019-07-05 11:45:00,,20191200,128.125,20190900,,20191200
2019-07-05 12:00:00,,20191200,128.140625,20190900,,20191200
2019-07-05 12:15:00,,20191200,128.15625,20190900,,20191200
2019-07-05 12:30:00,,20191200,128.109375,20190900,,20191200
2019-07-05 12:45:00,,20191200,128.0625,20190900,,20191200
2019-07-05 13:00:00,128.078125,20191200,128.03125,20190900,128.078125,20191200
2019-07-05 13:15:00,,20191200,128.140625,20190900,,20191200
2019-07-05 13:30:00,,20191200,127.671875,20190900,,20191200
2019-07-05 13:45:00,,20191200,127.6875,20190900,,20191200
2019-07-05 14:00:00,127.71875,20191200,127.515625,20190900,127.71875,20191200
2019-07-05 14:15:00,,20191200,127.578125,20190900,,20191200
2019-07-05 14:30:00,,20191200,127.484375,20190900,,20191200
2019-07-05 14:45:00,,20191200,127.359375,20190900,,20191200
2019-07-05 15:00:00,127.8125,20191200,127.34375,20190900,127.8125,20191200
2019-07-05 15:15:00,,20191200,127.359375,20190900,,20191200
2019-07-05 15:30:00,,20191200,127.3125,20190900,,20191200
2019-07-05 15:45:00,,20191200,127.46875,20190900,,20191200
2019-07-05 16:00:00,127.828125,20191200,127.359375,20190900,127.828125,20191200
2019-07-05 16:15:00,,20191200,127.40625,20190900,,20191200
2019-07-05 16:30:00,,20191200,127.390625,20190900,,20191200
2019-07-05 16:45:00,,20191200,127.453125,20190900,,20191200
2019-07-05 17:00:00,127.84375,20191200,127.453125,20190900,127.84375,20191200
2019-07-05 17:15:00,,20191200,127.46875,20190900,,20191200
2019-07-05 17:30:00,,20191200,127.453125,20190900,,20191200
2019-07-05 17:45:00,,20191200,127.515625,20190900,,20191200
2019-07-05 18:00:00,127.90625,20191200,127.515625,20190900,127.90625,20191200
2019-07-05 18:15:00,,20191200,127.515625,20190900,,20191200
2019-07-05 18:30:00,,20191200,127.5,20190900,,20191200
2019-07-05 18:45:00,,20191200,127.515625,20190900,,20191200
2019-07-05 19:00:00,127.859375,20191200,127.484375,20190900,127.859375,20191200
2019-07-05 19:15:00,,20191200,127.5,20190900,,20191200
2019-07-05 19:30:00,,20191200,127.484375,20190900,,20191200
2019-07-05 19:45:00,,20191200,127.484375,20190900,,20191200
2019-07-05 20:00:00,127.90625,20191200,127.46875,20190900,127.90625,20191200
2019-07-05 20:15:00,,20191200,127.484375,20190900,,20191200
2019-07-05 20:30:00,,20191200,127.484375,20190900,,20191200
2019-07-05 20:45:00,,20191200,127.53125,20190900,,20191200
2019-07-05 21:00:00,127.921875,20191200,127.53125,20190900,127.921875,20191200
2019-07-05 21:15:00,,20191200,127.515625,20190900,,20191200
2019-07-05 21:30:00,,20191200,127.53125,20190900,,20191200
2019-07-05 21:45:00,,20191200,127.5625,20190900,,20191200
2019-07-05 23:00:00,127.828125,20191200,128.296875,20190900,127.828125,20191200
2019-07-07 23:00:00,,20191200,127.5,20190900,,20191200
2019-07-07 23:15:00,,20191200,127.46875,20190900,,20191200
2019-07-07 23:30:00,,20191200,127.46875,20190900,,20191200
2019-07-07 23:45:00,,20191200,127.484375,20190900,,20191200
2019-07-08 00:00:00,,20191200,127.5,20190900,,20191200
2019-07-08 00:15:00,,20191200,127.46875,20190900,,20191200
2019-07-08 00:30:00,,20191200,127.46875,20190900,,20191200
2019-07-08 00:45:00,,20191200,127.484375,20190900,,20191200
2019-07-08 01:00:00,,20191200,127.53125,20190900,,20191200
2019-07-08 01:15:00,,20191200,127.546875,20190900,,20191200
2019-07-08 01:30:00,,20191200,127.5625,20190900,,20191200
2019-07-08 01:45:00,,20191200,127.59375,20190900,,20191200
2019-07-08 02:00:00,128.0625,20191200,127.609375,20190900,128.0625,20191200
2019-07-08 02:15:00,,20191200,127.625,20190900,,20191200
2019-07-08 02:30:00,,20191200,127.625,20190900,,20191200
2019-07-08 02:45:00,,20191200,127.640625,20190900,,20191200
2019-07-08 03:00:00,,20191200,127.65625,20190900,,20191200
2019-07-08 03:15:00,,20191200,127.640625,20190900,,20191200
2019-07-08 03:30:00,,20191200,127.625,20190900,,20191200
2019-07-08 03:45:00,,20191200,127.640625,20190900,,20191200
2019-07-08 04:00:00,,20191200,127.640625,20190900,,20191200
2019-07-08 04:15:00,,20191200,127.640625,20190900,,20191200
2019-07-08 04:30:00,,20191200,127.671875,20190900,,20191200
2019-07-08 04:45:00,,20191200,127.671875,20190900,,20191200
2019-07-08 05:15:00,,20191200,127.6875,20190900,,20191200
2019-07-08 05:30:00,,20191200,127.6875,20190900,,20191200
2019-07-08 05:45:00,,20191200,127.703125,20190900,,20191200
2019-07-08 06:15:00,,20191200,127.6875,20190900,,20191200
2019-07-08 06:30:00,,20191200,127.671875,20190900,,20191200
2019-07-08 06:45:00,,20191200,127.671875,20190900,,20191200
2019-07-08 07:00:00,,20191200,127.671875,20190900,,20191200
2019-07-08 07:15:00,,20191200,127.703125,20190900,,20191200
2019-07-08 07:30:00,,20191200,127.671875,20190900,,20191200
2019-07-08 07:45:00,,20191200,127.65625,20190900,,20191200
2019-07-08 08:00:00,127.984375,20191200,127.6875,20190900,127.984375,20191200
2019-07-08 08:15:00,,20191200,127.65625,20190900,,20191200
2019-07-08 08:30:00,,20191200,127.625,20190900,,20191200
2019-07-08 08:45:00,,20191200,127.625,20190900,,20191200
2019-07-08 09:00:00,,20191200,127.609375,20190900,,20191200
2019-07-08 09:15:00,,20191200,127.609375,20190900,,20191200
2019-07-08 09:30:00,,20191200,127.609375,20190900,,20191200
2019-07-08 09:45:00,,20191200,127.59375,20190900,,20191200
2019-07-08 10:00:00,,20191200,127.59375,20190900,,20191200
2019-07-08 10:15:00,,20191200,127.578125,20190900,,20191200
2019-07-08 10:30:00,,20191200,127.5625,20190900,,20191200
2019-07-08 10:45:00,,20191200,127.578125,20190900,,20191200
2019-07-08 11:00:00,,20191200,127.59375,20190900,,20191200
2019-07-08 11:15:00,,20191200,127.609375,20190900,,20191200
2019-07-08 11:30:00,,20191200,127.59375,20190900,,20191200
2019-07-08 11:45:00,,20191200,127.5625,20190900,,20191200
2019-07-08 12:00:00,,20191200,127.546875,20190900,,20191200
2019-07-08 12:15:00,,20191200,127.515625,20190900,,20191200
2019-07-08 12:30:00,,20191200,127.515625,20190900,,20191200
2019-07-08 12:45:00,,20191200,127.515625,20190900,,20191200
2019-07-08 13:00:00,,20191200,127.5625,20190900,,20191200
2019-07-08 13:15:00,,20191200,127.671875,20190900,,20191200
2019-07-08 13:30:00,,20191200,127.65625,20190900,,20191200
2019-07-08 13:45:00,,20191200,127.625,20190900,,20191200
2019-07-08 14:00:00,,20191200,127.640625,20190900,,20191200
2019-07-08 14:15:00,,20191200,127.625,20190900,,20191200
2019-07-08 14:30:00,,20191200,127.625,20190900,,20191200
2019-07-08 14:45:00,,20191200,127.6875,20190900,,20191200
2019-07-08 15:00:00,127.890625,20191200,127.625,20190900,127.890625,20191200
2019-07-08 15:15:00,,20191200,127.65625,20190900,,20191200
2019-07-08 15:30:00,,20191200,127.53125,20190900,,20191200
2019-07-08 15:45:00,,20191200,127.5625,20190900,,20191200
2019-07-08 16:00:00,127.890625,20191200,127.578125,20190900,127.890625,20191200
2019-07-08 16:15:00,,20191200,127.59375,20190900,,20191200
2019-07-08 16:30:00,,20191200,127.515625,20190900,,20191200
2019-07-08 16:45:00,,20191200,127.5,20190900,,20191200
2019-07-08 17:00:00,127.890625,20191200,127.515625,20190900,127.890625,20191200
2019-07-08 17:15:00,,20191200,127.546875,20190900,,20191200
2019-07-08 17:30:00,,20191200,127.515625,20190900,,20191200
2019-07-08 17:45:00,,20191200,127.5,20190900,,20191200
2019-07-08 18:00:00,127.96875,20191200,127.515625,20190900,127.96875,20191200
2019-07-08 18:15:00,,20191200,127.546875,20190900,,20191200
2019-07-08 18:30:00,,20191200,127.578125,20190900,,20191200
2019-07-08 18:45:00,,20191200,127.578125,20190900,,20191200
2019-07-08 19:00:00,,20191200,127.59375,20190900,,20191200
2019-07-08 19:15:00,,20191200,127.59375,20190900,,20191200
2019-07-08 19:30:00,,20191200,127.546875,20190900,,20191200
2019-07-08 19:45:00,,20191200,127.46875,20190900,,20191200
2019-07-08 20:00:00,127.765625,20191200,127.40625,20190900,127.765625,20191200
2019-07-08 20:15:00,,20191200,127.390625,20190900,,20191200
2019-07-08 20:30:00,,20191200,127.390625,20190900,,20191200
2019-07-08 20:45:00,,20191200,127.359375,20190900,,20191200
2019-07-08 21:00:00,,20191200,127.375,20190900,,20191200
2019-07-08 21:15:00,,20191200,127.375,20190900,,20191200
2019-07-08 21:30:00,,20191200,127.390625,20190900,,20191200
2019-07-08 21:45:00,,20191200,127.359375,20190900,,20191200
2019-07-08 23:00:00,127.875,20191200,127.703125,20190900,127.875,20191200
2019-07-08 23:15:00,,20191200,127.4375,20190900,,20191200
2019-07-08 23:30:00,,20191200,127.4375,20190900,,20191200
2019-07-08 23:45:00,,20191200,127.453125,20190900,,20191200
2019-07-09 00:00:00,,20191200,127.453125,20190900,,20191200
2019-07-09 00:15:00,,20191200,127.421875,20190900,,20191200
2019-07-09 00:30:00,,20191200,127.421875,20190900,,20191200
2019-07-09 00:45:00,,20191200,127.4375,20190900,,20191200
2019-07-09 01:00:00,127.84375,20191200,127.46875,20190900,127.84375,20191200
2019-07-09 01:15:00,,20191200,127.484375,20190900,,20191200
2019-07-09 01:30:00,,20191200,127.453125,20190900,,20191200
2019-07-09 01:45:00,,20191200,127.46875,20190900,,20191200
2019-07-09 02:00:00,127.8125,20191200,127.421875,20190900,127.8125,20191200
2019-07-09 02:15:00,,20191200,127.4375,20190900,,20191200
2019-07-09 02:30:00,,20191200,127.453125,20190900,,20191200
2019-07-09 02:45:00,,20191200,127.453125,20190900,,20191200
2019-07-09 03:00:00,,20191200,127.4375,20190900,,20191200
2019-07-09 03:15:00,,20191200,127.453125,20190900,,20191200
2019-07-09 03:30:00,,20191200,127.46875,20190900,,20191200
2019-07-09 03:45:00,,20191200,127.5,20190900,,20191200
2019-07-09 04:00:00,,20191200,127.46875,20190900,,20191200
2019-07-09 04:15:00,,20191200,127.484375,20190900,,20191200
2019-07-09 04:30:00,,20191200,127.484375,20190900,,20191200
2019-07-09 04:45:00,,20191200,127.484375,20190900,,20191200
2019-07-09 05:15:00,,20191200,127.484375,20190900,,20191200
2019-07-09 05:30:00,,20191200,127.46875,20190900,,20191200
2019-07-09 05:45:00,,20191200,127.5,20190900,,20191200
2019-07-09 06:15:00,,20191200,127.46875,20190900,,20191200
2019-07-09 06:30:00,,20191200,127.46875,20190900,,20191200
2019-07-09 06:45:00,,20191200,127.453125,20190900,,20191200
2019-07-09 07:00:00,127.8125,20191200,127.46875,20190900,127.8125,20191200
2019-07-09 07:15:00,,20191200,127.46875,20190900,,20191200
2019-07-09 07:30:00,,20191200,127.453125,20190900,,20191200
2019-07-09 07:45:00,,20191200,127.390625,20190900,,20191200
2019-07-09 08:00:00,,20191200,127.34375,20190900,,20191200
2019-07-09 08:15:00,,20191200,127.3125,20190900,,20191200
2019-07-09 08:30:00,,20191200,127.3125,20190900,,20191200
2019-07-09 08:45:00,,20191200,127.3125,20190900,,20191200
2019-07-09 09:00:00,127.609375,20191200,127.359375,20190900,127.609375,20191200
2019-07-09 09:15:00,,20191200,127.296875,20190900,,20191200
2019-07-09 09:30:00,,20191200,127.3125,20190900,,20191200
2019-07-09 09:45:00,,20191200,127.21875,20190900,,20191200
2019-07-09 10:00:00,,20191200,127.21875,20190900,,20191200
2019-07-09 10:15:00,,20191200,127.25,20190900,,20191200
2019-07-09 10:30:00,,20191200,127.21875,20190900,,20191200
2019-07-09 10:45:00,,20191200,127.1875,20190900,,20191200
2019-07-09 11:00:00,,20191200,127.1875,20190900,,20191200
2019-07-09 11:15:00,,20191200,127.21875,20190900,,20191200
2019-07-09 11:30:00,,20191200,127.25,20190900,,20191200
2019-07-09 11:45:00,,20191200,127.265625,20190900,,20191200
2019-07-09 12:00:00,127.578125,20191200,127.25,20190900,127.578125,20191200
2019-07-09 12:15:00,,20191200,127.25,20190900,,20191200
2019-07-09 12:30:00,,20191200,127.25,20190900,,20191200
2019-07-09 12:45:00,,20191200,127.203125,20190900,,20191200
2019-07-09 13:00:00,127.59375,20191200,127.28125,20190900,127.59375,20191200
2019-07-09 13:15:00,,20191200,127.34375,20190900,,20191200
2019-07-09 13:30:00,,20191200,127.28125,20190900,,20191200
2019-07-09 13:45:00,,20191200,127.328125,20190900,,20191200
2019-07-09 14:00:00,,20191200,127.375,20190900,,20191200
2019-07-09 14:15:00,,20191200,127.375,20190900,,20191200
2019-07-09 14:30:00,,20191200,127.28125,20190900,,20191200
2019-07-09 14:45:00,,20191200,127.265625,20190900,,20191200
2019-07-09 15:00:00,127.6875,20191200,127.3125,20190900,127.6875,20191200
2019-07-09 15:15:00,,20191200,127.296875,20190900,,20191200
2019-07-09 15:30:00,,20191200,127.28125,20190900,,20191200
2019-07-09 15:45:00,,20191200,127.34375,20190900,,20191200
2019-07-09 16:00:00,127.703125,20191200,127.34375,20190900,127.703125,20191200
2019-07-09 16:15:00,,20191200,127.375,20190900,,20191200
2019-07-09 16:30:00,,20191200,127.328125,20190900,,20191200
2019-07-09 16:45:00,,20191200,127.34375,20190900,,20191200
2019-07-09 17:00:00,,20191200,127.3125,20190900,,20191200
2019-07-09 17:15:00,,20191200,127.34375,20190900,,20191200
2019-07-09 17:30:00,,20191200,127.3125,20190900,,20191200
2019-07-09 17:45:00,,20191200,127.296875,20190900,,20191200
2019-07-09 18:00:00,,20191200,127.296875,20190900,,20191200
2019-07-09 18:15:00,,20191200,127.328125,20190900,,20191200
2019-07-09 18:30:00,,20191200,127.296875,20190900,,20191200
2019-07-09 18:45:00,,20191200,127.328125,20190900,,20191200
2019-07-09 19:00:00,,20191200,127.328125,20190900,,20191200
2019-07-09 19:15:00,,20191200,127.328125,20190900,,20191200
2019-07-09 19:30:00,,20191200,127.34375,20190900,,20191200
2019-07-09 19:45:00,,20191200,127.296875,20190900,,20191200
2019-07-09 20:00:00,,20191200,127.234375,20190900,,20191200
2019-07-09 20:15:00,,20191200,127.21875,20190900,,20191200
2019-07-09 20:30:00,,20191200,127.25,20190900,,20191200
2019-07-09 20:45:00,,20191200,127.25,20190900,,20191200
2019-07-09 21:00:00,,20191200,127.25,20190900,,20191200
2019-07-09 21:15:00,,20191200,127.203125,20190900,,20191200
2019-07-09 21:30:00,,20191200,127.15625,20190900,,20191200
2019-07-09 21:45:00,,20191200,127.21875,20190900,,20191200
2019-07-09 23:00:00,127.703125,20191200,127.484375,20190900,127.703125,20191200
2019-07-09 23:15:00,,20191200,127.234375,20190900,,20191200
2019-07-09 23:30:00,,20191200,127.234375,20190900,,20191200
2019-07-09 23:45:00,,20191200,127.21875,20190900,,20191200
2019-07-10 00:00:00,,20191200,127.234375,20190900,,20191200
2019-07-10 00:15:00,,20191200,127.234375,20190900,,20191200
2019-07-10 00:30:00,,20191200,127.25,20190900,,20191200
2019-07-10 00:45:00,,20191200,127.234375,20190900,,20191200
2019-07-10 01:00:00,127.4375,20191200,127.15625,20190900,127.4375,20191200
2019-07-10 01:15:00,,20191200,127.15625,20190900,,20191200
2019-07-10 01:30:00,,20191200,127.15625,20190900,,20191200
2019-07-10 01:45:00,,20191200,127.109375,20190900,,20191200
2019-07-10 02:00:00,,20191200,127.140625,20190900,,20191200
2019-07-10 02:15:00,,20191200,127.109375,20190900,,20191200
2019-07-10 02:30:00,,20191200,127.140625,20190900,,20191200
2019-07-10 02:45:00,,20191200,127.15625,20190900,,20191200
2019-07-10 03:00:00,,20191200,127.125,20190900,,20191200
2019-07-10 03:15:00,,20191200,127.140625,20190900,,20191200
2019-07-10 03:30:00,,20191200,127.171875,20190900,,20191200
2019-07-10 03:45:00,,20191200,127.1875,20190900,,20191200
2019-07-10 04:00:00,,20191200,127.171875,20190900,,20191200
2019-07-10 04:15:00,,20191200,127.15625,20190900,,20191200
2019-07-10 04:30:00,,20191200,127.171875,20190900,,20191200
2019-07-10 04:45:00,,20191200,127.171875,20190900,,20191200
2019-07-10 05:15:00,,20191200,127.171875,20190900,,20191200
2019-07-10 05:30:00,,20191200,127.171875,20190900,,20191200
2019-07-10 05:45:00,,20191200,127.171875,20190900,,20191200
2019-07-10 06:15:00,,20191200,127.125,20190900,,20191200
2019-07-10 06:30:00,,20191200,127.125,20190900,,20191200
2019-07-10 06:45:00,,20191200,127.140625,20190900,,20191200
2019-07-10 07:00:00,127.34375,20191200,127.09375,20190900,127.34375,20191200
2019-07-10 07:15:00,,20191200,127.0625,20190900,,20191200
2019-07-10 07:30:00,,20191200,127.078125,20190900,,20191200
2019-07-10 07:45:00,,20191200,127.015625,20190900,,20191200
2019-07-10 08:00:00,,20191200,127.0,20190900,,20191200
2019-07-10 08:15:00,,20191200,127.03125,20190900,,20191200
2019-07-10 08:30:00,,20191200,127.015625,20190900,,20191200
2019-07-10 08:45:00,,20191200,127.015625,20190900,,20191200
2019-07-10 09:00:00,,20191200,126.96875,20190900,,20191200
2019-07-10 09:15:00,,20191200,126.921875,20190900,,20191200
2019-07-10 09:30:00,,20191200,126.90625,20190900,,20191200
2019-07-10 09:45:00,,20191200,126.890625,20190900,,20191200
2019-07-10 10:00:00,,20191200,126.890625,20190900,,20191200
2019-07-10 10:15:00,,20191200,126.921875,20190900,,20191200
2019-07-10 10:30:00,,20191200,126.90625,20190900,,20191200
2019-07-10 10:45:00,,20191200,126.9375,20190900,,20191200
2019-07-10 11:00:00,,20191200,126.953125,20190900,,20191200
2019-07-10 11:15:00,,20191200,126.96875,20190900,,20191200
2019-07-10 11:30:00,,20191200,126.96875,20190900,,20191200
2019-07-10 11:45:00,,20191200,127.0,20190900,,20191200
2019-07-10 12:00:00,,20191200,127.015625,20190900,,20191200
2019-07-10 12:15:00,,20191200,127.0,20190900,,20191200
2019-07-10 12:30:00,,20191200,126.984375,20190900,,20191200
2019-07-10 12:45:00,,20191200,126.953125,20190900,,20191200
2019-07-10 13:00:00,127.90625,20191200,127.0,20190900,127.90625,20191200
2019-07-10 13:15:00,,20191200,126.96875,20190900,,20191200
2019-07-10 13:30:00,,20191200,127.40625,20190900,,20191200
2019-07-10 13:45:00,,20191200,127.46875,20190900,,20191200
2019-07-10 14:00:00,127.6875,20191200,127.4375,20190900,127.6875,20191200
2019-07-10 14:15:00,,20191200,127.40625,20190900,,20191200
2019-07-10 14:30:00,,20191200,127.359375,20190900,,20191200
2019-07-10 14:45:00,,20191200,127.28125,20190900,,20191200
2019-07-10 15:00:00,127.75,20191200,127.359375,20190900,127.75,20191200
2019-07-10 15:15:00,,20191200,127.390625,20190900,,20191200
2019-07-10 15:30:00,,20191200,127.4375,20190900,,20191200
2019-07-10 15:45:00,,20191200,127.515625,20190900,,20191200
2019-07-10 16:00:00,127.890625,20191200,127.515625,20190900,127.890625,20191200
2019-07-10 16:15:00,,20191200,127.515625,20190900,,20191200
2019-07-10 16:30:00,,20191200,127.53125,20190900,,20191200
2019-07-10 16:45:00,,20191200,127.484375,20190900,,20191200
2019-07-10 17:00:00,127.84375,20191200,127.453125,20190900,127.84375,20191200
2019-07-10 17:15:00,,20191200,127.453125,20190900,,20191200
2019-07-10 17:30:00,,20191200,127.453125,20190900,,20191200
2019-07-10 17:45:00,,20191200,127.453125,20190900,,20191200
2019-07-10 18:00:00,127.765625,20191200,127.390625,20190900,127.765625,20191200
2019-07-10 18:15:00,,20191200,127.328125,20190900,,20191200
2019-07-10 18:30:00,,20191200,127.375,20190900,,20191200
2019-07-10 18:45:00,,20191200,127.40625,20190900,,20191200
2019-07-10 19:00:00,127.84375,20191200,127.4375,20190900,127.84375,20191200
2019-07-10 19:15:00,,20191200,127.390625,20190900,,20191200
2019-07-10 19:30:00,,20191200,127.390625,20190900,,20191200
2019-07-10 19:45:00,,20191200,127.4375,20190900,,20191200
2019-07-10 20:00:00,127.828125,20191200,127.421875,20190900,127.828125,20191200
2019-07-10 20:15:00,,20191200,127.453125,20190900,,20191200
2019-07-10 20:30:00,,20191200,127.453125,20190900,,20191200
2019-07-10 20:45:00,,20191200,127.453125,20190900,,20191200
2019-07-10 21:00:00,,20191200,127.421875,20190900,,20191200
2019-07-10 21:15:00,,20191200,127.390625,20190900,,20191200
2019-07-10 21:30:00,,20191200,127.453125,20190900,,20191200
2019-07-10 21:45:00,,20191200,127.421875,20190900,,20191200
2019-07-10 23:00:00,127.890625,20191200,127.140625,20190900,127.890625,20191200
2019-07-10 23:15:00,,20191200,127.484375,20190900,,20191200
2019-07-10 23:30:00,,20191200,127.5,20190900,,20191200
2019-07-10 23:45:00,,20191200,127.5,20190900,,20191200
2019-07-11 00:00:00,127.9375,20191200,127.484375,20190900,127.9375,20191200
2019-07-11 00:15:00,,20191200,127.484375,20190900,,20191200
2019-07-11 00:30:00,,20191200,127.53125,20190900,,20191200
2019-07-11 00:45:00,,20191200,127.5,20190900,,20191200
2019-07-11 01:00:00,128.0,20191200,127.5625,20190900,128.0,20191200
2019-07-11 01:15:00,,20191200,127.578125,20190900,,20191200
2019-07-11 01:30:00,,20191200,127.5625,20190900,,20191200
2019-07-11 01:45:00,,20191200,127.578125,20190900,,20191200
2019-07-11 02:00:00,,20191200,127.609375,20190900,,20191200
2019-07-11 02:15:00,,20191200,127.609375,20190900,,20191200
2019-07-11 02:30:00,,20191200,127.625,20190900,,20191200
2019-07-11 02:45:00,,20191200,127.609375,20190900,,20191200
2019-07-11 03:00:00,128.03125,20191200,127.59375,20190900,128.03125,20191200
2019-07-11 03:15:00,,20191200,127.59375,20190900,,20191200
2019-07-11 03:30:00,,20191200,127.5625,20190900,,20191200
2019-07-11 03:45:00,,20191200,127.5625,20190900,,20191200
2019-07-11 04:00:00,,20191200,127.578125,20190900,,20191200
2019-07-11 04:15:00,,20191200,127.578125,20190900,,20191200
2019-07-11 04:30:00,,20191200,127.578125,20190900,,20191200
2019-07-11 04:45:00,,20191200,127.59375,20190900,,20191200
2019-07-11 05:15:00,,20191200,127.609375,20190900,,20191200
2019-07-11 05:30:00,,20191200,127.609375,20190900,,20191200
2019-07-11 05:45:00,,20191200,127.609375,20190900,,20191200
2019-07-11 06:15:00,,20191200,127.59375,20190900,,20191200
2019-07-11 06:30:00,,20191200,127.578125,20190900,,20191200
2019-07-11 06:45:00,,20191200,127.59375,20190900,,20191200
2019-07-11 07:00:00,,20191200,127.59375,20190900,,20191200
2019-07-11 07:15:00,,20191200,127.59375,20190900,,20191200
2019-07-11 07:30:00,,20191200,127.578125,20190900,,20191200
2019-07-11 07:45:00,,20191200,127.5625,20190900,,20191200
2019-07-11 08:00:00,128.015625,20191200,127.5625,20190900,128.015625,20191200
2019-07-11 08:15:00,,20191200,127.546875,20190900,,20191200
2019-07-11 08:30:00,,20191200,127.546875,20190900,,20191200
2019-07-11 08:45:00,,20191200,127.59375,20190900,,20191200
2019-07-11 09:00:00,,20191200,127.578125,20190900,,20191200
2019-07-11 09:15:00,,20191200,127.59375,20190900,,20191200
2019-07-11 09:30:00,,20191200,127.59375,20190900,,20191200
2019-07-11 09:45:00,,20191200,127.59375,20190900,,20191200
2019-07-11 10:00:00,,20191200,127.578125,20190900,,20191200
2019-07-11 10:15:00,,20191200,127.5625,20190900,,20191200
2019-07-11 10:30:00,,20191200,127.546875,20190900,,20191200
2019-07-11 10:45:00,,20191200,127.515625,20190900,,20191200
2019-07-11 11:00:00,,20191200,127.4375,20190900,,20191200
2019-07-11 11:15:00,,20191200,127.453125,20190900,,20191200
2019-07-11 11:30:00,,20191200,127.4375,20190900,,20191200
2019-07-11 11:45:00,,20191200,127.4375,20190900,,20191200
2019-07-11 12:00:00,127.859375,20191200,127.421875,20190900,127.859375,20191200
2019-07-11 12:15:00,,20191200,127.4375,20190900,,20191200
2019-07-11 12:30:00,,20191200,127.40625,20190900,,20191200
2019-07-11 12:45:00,,20191200,127.4375,20190900,,20191200
2019-07-11 13:00:00,127.640625,20191200,127.421875,20190900,127.640625,20191200
2019-07-11 13:15:00,,20191200,127.453125,20190900,,20191200
2019-07-11 13:30:00,,20191200,127.34375,20190900,,20191200
2019-07-11 13:45:00,,20191200,127.28125,20190900,,20191200
2019-07-11 14:00:00,127.640625,20191200,127.296875,20190900,127.640625,20191200
2019-07-11 14:15:00,,20191200,127.296875,20190900,,20191200
2019-07-11 14:30:00,,20191200,127.265625,20190900,,20191200
2019-07-11 14:45:00,,20191200,127.21875,20190900,,20191200
2019-07-11 15:00:00,127.625,20191200,127.328125,20190900,127.625,20191200
2019-07-11 15:15:00,,20191200,127.296875,20190900,,20191200
2019-07-11 15:30:00,,20191200,127.234375,20190900,,20191200
2019-07-11 15:45:00,,20191200,127.21875,20190900,,20191200
2019-07-11 16:00:00,,20191200,127.25,20190900,,20191200
2019-07-11 16:15:00,,20191200,127.234375,20190900,,20191200
2019-07-11 16:30:00,,20191200,127.21875,20190900,,20191200
2019-07-11 16:45:00,,20191200,127.1875,20190900,,20191200
2019-07-11 17:00:00,127.5,20191200,127.171875,20190900,127.5,20191200
2019-07-11 17:15:00,,20191200,127.15625,20190900,,20191200
2019-07-11 17:30:00,,20191200,127.125,20190900,,20191200
2019-07-11 17:45:00,,20191200,127.109375,20190900,,20191200
2019-07-11 18:00:00,127.265625,20191200,127.015625,20190900,127.265625,20191200
2019-07-11 18:15:00,,20191200,126.875,20190900,,20191200
2019-07-11 18:30:00,,20191200,126.90625,20190900,,20191200
2019-07-11 18:45:00,,20191200,127.0,20190900,,20191200
2019-07-11 19:00:00,,20191200,126.984375,20190900,,20191200
2019-07-11 19:15:00,,20191200,126.984375,20190900,,20191200
2019-07-11 19:30:00,,20191200,127.03125,20190900,,20191200
2019-07-11 19:45:00,,20191200,127.0,20190900,,20191200
2019-07-11 20:00:00,,20191200,126.953125,20190900,,20191200
2019-07-11 20:15:00,,20191200,126.9375,20190900,,20191200
2019-07-11 20:30:00,,20191200,126.921875,20190900,,20191200
2019-07-11 20:45:00,,20191200,126.90625,20190900,,20191200
2019-07-11 21:00:00,127.171875,20191200,126.84375,20190900,127.171875,20191200
2019-07-11 21:15:00,,20191200,126.84375,20190900,,20191200
2019-07-11 21:30:00,,20191200,126.828125,20190900,,20191200
2019-07-11 21:45:00,,20191200,126.828125,20190900,,20191200
2019-07-11 23:00:00,127.265625,20191200,127.609375,20190900,127.265625,20191200
2019-07-11 23:15:00,,20191200,126.875,20190900,,20191200
2019-07-11 23:30:00,,20191200,126.875,20190900,,20191200
2019-07-11 23:45:00,,20191200,126.890625,20190900,,20191200
2019-07-12 00:00:00,,20191200,126.90625,20190900,,20191200
2019-07-12 00:15:00,,20191200,126.90625,20190900,,20191200
2019-07-12 00:30:00,,20191200,126.90625,20190900,,20191200
2019-07-12 00:45:00,,20191200,126.90625,20190900,,20191200
2019-07-12 01:00:00,,20191200,126.9375,20190900,,20191200
2019-07-12 01:15:00,,20191200,126.9375,20190900,,20191200
2019-07-12 01:30:00,,20191200,126.921875,20190900,,20191200
2019-07-12 01:45:00,,20191200,126.828125,20190900,,20191200
2019-07-12 02:00:00,,20191200,126.90625,20190900,,20191200
2019-07-12 02:15:00,,20191200,126.875,20190900,,20191200
2019-07-12 02:30:00,,20191200,126.90625,20190900,,20191200
2019-07-12 02:45:00,,20191200,126.90625,20190900,,20191200
2019-07-12 03:00:00,,20191200,126.921875,20190900,,20191200
2019-07-12 03:15:00,,20191200,126.953125,20190900,,20191200
2019-07-12 03:30:00,,20191200,126.96875,20190900,,20191200
2019-07-12 03:45:00,,20191200,126.9375,20190900,,20191200
2019-07-12 04:00:00,,20191200,126.953125,20190900,,20191200
2019-07-12 04:15:00,,20191200,126.9375,20190900,,20191200
2019-07-12 04:30:00,,20191200,126.9375,20190900,,20191200
2019-07-12 04:45:00,,20191200,126.9375,20190900,,20191200
2019-07-12 05:15:00,,20191200,126.90625,20190900,,20191200
2019-07-12 05:30:00,,20191200,126.90625,20190900,,20191200
2019-07-12 05:45:00,,20191200,126.921875,20190900,,20191200
2019-07-12 06:15:00,,20191200,126.90625,20190900,,20191200
2019-07-12 06:30:00,,20191200,126.859375,20190900,,20191200
2019-07-12 06:45:00,,20191200,126.84375,20190900,,20191200
2019-07-12 07:00:00,,20191200,126.90625,20190900,,20191200
2019-07-12 07:15:00,,20191200,126.9375,20190900,,20191200
2019-07-12 07:30:00,,20191200,126.953125,20190900,,20191200
2019-07-12 07:45:00,,20191200,126.953125,20190900,,20191200
2019-07-12 08:00:00,,20191200,126.953125,20190900,,20191200
2019-07-12 08:15:00,,20191200,126.921875,20190900,,20191200
2019-07-12 08:30:00,,20191200,126.9375,20190900,,20191200
2019-07-12 08:45:00,,20191200,126.96875,20190900,,20191200
2019-07-12 09:00:00,127.34375,20191200,127.03125,20190900,127.34375,20191200
2019-07-12 09:15:00,,20191200,127.0,20190900,,20191200
2019-07-12 09:30:00,,20191200,126.984375,20190900,,20191200
2019-07-12 09:45:00,,20191200,126.9375,20190900,,20191200
2019-07-12 10:00:00,,20191200,126.796875,20190900,,20191200
2019-07-12 10:15:00,,20191200,126.828125,20190900,,20191200
2019-07-12 10:30:00,,20191200,126.828125,20190900,,20191200
2019-07-12 10:45:00,,20191200,126.859375,20190900,,20191200
2019-07-12 11:00:00,,20191200,126.875,20190900,,20191200
2019-07-12 11:15:00,,20191200,126.859375,20190900,,20191200
2019-07-12 11:30:00,,20191200,126.875,20190900,,20191200
2019-07-12 11:45:00,,20191200,126.921875,20190900,,20191200
2019-07-12 12:00:00,,20191200,126.953125,20190900,,20191200
2019-07-12 12:15:00,,20191200,126.90625,20190900,,20191200
2019-07-12 12:30:00,,20191200,126.9375,20190900,,20191200
2019-07-12 12:45:00,,20191200,126.921875,20190900,,20191200
2019-07-12 13:00:00,127.34375,20191200,126.984375,20190900,127.34375,20191200
2019-07-12 13:15:00,,20191200,126.9375,20190900,,20191200
2019-07-12 13:30:00,,20191200,126.890625,20190900,,20191200
2019-07-12 13:45:00,,20191200,126.875,20190900,,20191200
2019-07-12 14:00:00,,20191200,126.84375,20190900,,20191200
2019-07-12 14:15:00,,20191200,126.90625,20190900,,20191200
2019-07-12 14:30:00,,20191200,127.0,20190900,,20191200
2019-07-12 14:45:00,,20191200,126.953125,20190900,,20191200
2019-07-12 15:00:00,127.359375,20191200,126.953125,20190900,127.359375,20191200
2019-07-12 15:15:00,,20191200,126.984375,20190900,,20191200
2019-07-12 15:30:00,,20191200,126.984375,20190900,,20191200
2019-07-12 15:45:00,,20191200,127.015625,20190900,,20191200
2019-07-12 16:00:00,,20191200,127.0,20190900,,20191200
2019-07-12 16:15:00,,20191200,126.96875,20190900,,20191200
2019-07-12 16:30:00,,20191200,126.953125,20190900,,20191200
2019-07-12 16:45:00,,20191200,126.96875,20190900,,20191200
2019-07-12 17:00:00,,20191200,127.0,20190900,,20191200
2019-07-12 17:15:00,,20191200,127.0,20190900,,20191200
2019-07-12 17:30:00,,20191200,127.03125,20190900,,20191200
2019-07-12 17:45:00,,20191200,127.03125,20190900,,20191200
2019-07-12 18:00:00,,20191200,127.0625,20190900,,20191200
2019-07-12 18:15:00,,20191200,127.03125,20190900,,20191200
2019-07-12 18:30:00,,20191200,127.078125,20190900,,20191200
2019-07-12 18:45:00,,20191200,127.046875,20190900,,20191200
2019-07-12 19:00:00,127.4375,20191200,127.0625,20190900,127.4375,20191200
2019-07-12 19:15:00,,20191200,127.078125,20190900,,20191200
2019-07-12 19:30:00,,20191200,127.0625,20190900,,20191200
2019-07-12 19:45:00,,20191200,127.109375,20190900,,20191200
2019-07-12 20:00:00,127.421875,20191200,127.078125,20190900,127.421875,20191200
2019-07-12 20:15:00,,20191200,127.0625,20190900,,20191200
2019-07-12 20:30:00,,20191200,127.0625,20190900,,20191200
2019-07-12 20:45:00,,20191200,127.03125,20190900,,20191200
2019-07-12 21:00:00,,20191200,127.0625,20190900,,20191200
2019-07-12 21:15:00,,20191200,127.046875,20190900,,20191200
2019-07-12 21:30:00,,20191200,127.0,20190900,,20191200
2019-07-12 21:45:00,,20191200,126.984375,20190900,,20191200
2019-07-12 23:00:00,127.359375,20191200,126.90625,20190900,127.359375,20191200
2019-07-14 23:00:00,,20191200,127.046875,20190900,,20191200
2019-07-14 23:15:00,,20191200,127.03125,20190900,,20191200
2019-07-14 23:30:00,,20191200,127.0625,20190900,,20191200
2019-07-14 23:45:00,,20191200,127.046875,20190900,,20191200
2019-07-15 00:00:00,,20191200,127.0,20190900,,20191200
2019-07-15 00:15:00,,20191200,127.015625,20190900,,20191200
2019-07-15 00:30:00,,20191200,127.0,20190900,,20191200
2019-07-15 00:45:00,,20191200,127.03125,20190900,,20191200
2019-07-15 01:00:00,,20191200,127.03125,20190900,,20191200
2019-07-15 01:15:00,,20191200,127.015625,20190900,,20191200
2019-07-15 01:30:00,,20191200,127.015625,20190900,,20191200
2019-07-15 01:45:00,,20191200,127.03125,20190900,,20191200
2019-07-15 02:00:00,127.34375,20191200,127.015625,20190900,127.34375,20191200
2019-07-15 02:15:00,,20191200,127.0,20190900,,20191200
2019-07-15 02:30:00,,20191200,127.0,20190900,,20191200
2019-07-15 02:45:00,,20191200,126.984375,20190900,,20191200
2019-07-15 03:00:00,,20191200,126.953125,20190900,,20191200
2019-07-15 03:15:00,,20191200,126.890625,20190900,,20191200
2019-07-15 03:30:00,,20191200,126.90625,20190900,,20191200
2019-07-15 03:45:00,,20191200,126.90625,20190900,,20191200
2019-07-15 04:00:00,,20191200,126.890625,20190900,,20191200
2019-07-15 04:15:00,,20191200,126.890625,20190900,,20191200
2019-07-15 04:30:00,,20191200,126.890625,20190900,,20191200
2019-07-15 04:45:00,,20191200,126.90625,20190900,,20191200
2019-07-15 05:15:00,,20191200,126.890625,20190900,,20191200
2019-07-15 05:30:00,,20191200,126.90625,20190900,,20191200
2019-07-15 05:45:00,,20191200,126.90625,20190900,,20191200
2019-07-15 06:15:00,,20191200,126.890625,20190900,,20191200
2019-07-15 06:30:00,,20191200,126.875,20190900,,20191200
2019-07-15 06:45:00,,20191200,126.90625,20190900,,20191200
2019-07-15 07:00:00,,20191200,126.890625,20190900,,20191200
2019-07-15 07:15:00,,20191200,126.890625,20190900,,20191200
2019-07-15 07:30:00,,20191200,126.890625,20190900,,20191200
2019-07-15 07:45:00,,20191200,126.890625,20190900,,20191200
2019-07-15 08:00:00,,20191200,126.875,20190900,,20191200
2019-07-15 08:15:00,,20191200,126.890625,20190900,,20191200
2019-07-15 08:30:00,,20191200,126.9375,20190900,,20191200
2019-07-15 08:45:00,,20191200,126.9375,20190900,,20191200
2019-07-15 09:00:00,,20191200,126.96875,20190900,,20191200
2019-07-15 09:15:00,,20191200,126.96875,20190900,,20191200
2019-07-15 09:30:00,,20191200,126.984375,20190900,,20191200
2019-07-15 09:45:00,,20191200,126.953125,20190900,,20191200
2019-07-15 10:00:00,,20191200,126.96875,20190900,,20191200
2019-07-15 10:15:00,,20191200,126.96875,20190900,,20191200
2019-07-15 10:30:00,,20191200,126.984375,20190900,,20191200
2019-07-15 10:45:00,,20191200,126.96875,20190900,,20191200
2019-07-15 11:00:00,,20191200,126.96875,20190900,,20191200
2019-07-15 11:15:00,,20191200,126.984375,20190900,,20191200
2019-07-15 11:30:00,,20191200,126.984375,20190900,,20191200
2019-07-15 11:45:00,,20191200,126.984375,20190900,,20191200
2019-07-15 12:00:00,127.359375,20191200,127.0,20190900,127.359375,20191200
2019-07-15 12:15:00,,20191200,126.984375,20190900,,20191200
2019-07-15 12:30:00,,20191200,127.046875,20190900,,20191200
2019-07-15 12:45:00,,20191200,127.0625,20190900,,20191200
2019-07-15 13:00:00,,20191200,127.078125,20190900,,20191200
2019-07-15 13:15:00,,20191200,127.09375,20190900,,20191200
2019-07-15 13:30:00,,20191200,127.0625,20190900,,20191200
2019-07-15 13:45:00,,20191200,127.125,20190900,,20191200
2019-07-15 14:00:00,,20191200,127.078125,20190900,,20191200
2019-07-15 14:15:00,,20191200,127.109375,20190900,,20191200
2019-07-15 14:30:00,,20191200,127.15625,20190900,,20191200
2019-07-15 14:45:00,,20191200,127.171875,20190900,,20191200
2019-07-15 15:00:00,127.53125,20191200,127.1875,20190900,127.53125,20191200
2019-07-15 15:15:00,,20191200,127.140625,20190900,,20191200
2019-07-15 15:30:00,,20191200,127.15625,20190900,,20191200
2019-07-15 15:45:00,,20191200,127.15625,20190900,,20191200
2019-07-15 16:00:00,,20191200,127.171875,20190900,,20191200
2019-07-15 16:15:00,,20191200,127.1875,20190900,,20191200
2019-07-15 16:30:00,,20191200,127.171875,20190900,,20191200
2019-07-15 16:45:00,,20191200,127.1875,20190900,,20191200
2019-07-15 17:00:00,,20191200,127.15625,20190900,,20191200
2019-07-15 17:15:00,,20191200,127.15625,20190900,,20191200
2019-07-15 17:30:00,,20191200,127.171875,20190900,,20191200
2019-07-15 17:45:00,,20191200,127.1875,20190900,,20191200
2019-07-15 18:00:00,,20191200,127.203125,20190900,,20191200
2019-07-15 18:15:00,,20191200,127.171875,20190900,,20191200
2019-07-15 18:30:00,,20191200,127.171875,20190900,,20191200
2019-07-15 18:45:00,,20191200,127.1875,20190900,,20191200
2019-07-15 19:00:00,,20191200,127.171875,20190900,,20191200
2019-07-15 19:15:00,,20191200,127.140625,20190900,,20191200
2019-07-15 19:30:00,,20191200,127.171875,20190900,,20191200
2019-07-15 19:45:00,,20191200,127.171875,20190900,,20191200
2019-07-15 20:00:00,,20191200,127.171875,20190900,,20191200
2019-07-15 20:15:00,,20191200,127.1875,20190900,,20191200
2019-07-15 20:30:00,,20191200,127.203125,20190900,,20191200
2019-07-15 20:45:00,,20191200,127.203125,20190900,,20191200
2019-07-15 21:00:00,,20191200,127.21875,20190900,,20191200
2019-07-15 21:15:00,,20191200,127.1875,20190900,,20191200
2019-07-15 21:30:00,,20191200,127.1875,20190900,,20191200
2019-07-15 21:45:00,,20191200,127.1875,20190900,,20191200
2019-07-15 23:00:00,127.546875,20191200,126.90625,20190900,127.546875,20191200
2019-07-15 23:15:00,,20191200,127.203125,20190900,,20191200
2019-07-15 23:30:00,,20191200,127.203125,20190900,,20191200
2019-07-15 23:45:00,,20191200,127.203125,20190900,,20191200
2019-07-16 00:00:00,,20191200,127.203125,20190900,,20191200
2019-07-16 00:15:00,,20191200,127.1875,20190900,,20191200
2019-07-16 00:30:00,,20191200,127.21875,20190900,,20191200
2019-07-16 00:45:00,,20191200,127.203125,20190900,,20191200
2019-07-16 01:00:00,,20191200,127.21875,20190900,,20191200
2019-07-16 01:15:00,,20191200,127.21875,20190900,,20191200
2019-07-16 01:30:00,,20191200,127.203125,20190900,,20191200
2019-07-16 01:45:00,,20191200,127.234375,20190900,,20191200
2019-07-16 02:00:00,,20191200,127.21875,20190900,,20191200
2019-07-16 02:15:00,,20191200,127.21875,20190900,,20191200
2019-07-16 02:30:00,,20191200,127.234375,20190900,,20191200
2019-07-16 02:45:00,,20191200,127.234375,20190900,,20191200
2019-07-16 03:00:00,,20191200,127.25,20190900,,20191200
2019-07-16 03:15:00,,20191200,127.21875,20190900,,20191200
2019-07-16 03:30:00,,20191200,127.234375,20190900,,20191200
2019-07-16 03:45:00,,20191200,127.203125,20190900,,20191200
2019-07-16 04:00:00,,20191200,127.234375,20190900,,20191200
2019-07-16 04:15:00,,20191200,127.234375,20190900,,20191200
2019-07-16 04:30:00,,20191200,127.21875,20190900,,20191200
2019-07-16 04:45:00,,20191200,127.21875,20190900,,20191200
2019-07-16 05:15:00,,20191200,127.234375,20190900,,20191200
2019-07-16 05:30:00,,20191200,127.21875,20190900,,20191200
2019-07-16 05:45:00,,20191200,127.21875,20190900,,20191200
2019-07-16 06:15:00,,20191200,127.171875,20190900,,20191200
2019-07-16 06:30:00,,20191200,127.171875,20190900,,20191200
2019-07-16 06:45:00,,20191200,127.15625,20190900,,20191200
2019-07-16 07:00:00,,20191200,127.109375,20190900,,20191200
2019-07-16 07:15:00,,20191200,127.109375,20190900,,20191200
2019-07-16 07:30:00,,20191200,127.109375,20190900,,20191200
2019-07-16 07:45:00,,20191200,127.125,20190900,,20191200
2019-07-16 08:00:00,,20191200,127.140625,20190900,,20191200
2019-07-16 08:15:00,,20191200,127.140625,20190900,,20191200
2019-07-16 08:30:00,,20191200,127.140625,20190900,,20191200
2019-07-16 08:45:00,,20191200,127.140625,20190900,,20191200
2019-07-16 09:00:00,,20191200,127.171875,20190900,,20191200
2019-07-16 09:15:00,,20191200,127.1875,20190900,,20191200
2019-07-16 09:30:00,,20191200,127.171875,20190900,,20191200
2019-07-16 09:45:00,,20191200,127.15625,20190900,,20191200
2019-07-16 10:00:00,,20191200,127.203125,20190900,,20191200
2019-07-16 10:15:00,,20191200,127.171875,20190900,,20191200
2019-07-16 10:30:00,,20191200,127.140625,20190900,,20191200
2019-07-16 10:45:00,,20191200,127.171875,20190900,,20191200
2019-07-16 11:00:00,,20191200,127.140625,20190900,,20191200
2019-07-16 11:15:00,,20191200,127.109375,20190900,,20191200
2019-07-16 11:30:00,,20191200,127.09375,20190900,,20191200
2019-07-16 11:45:00,,20191200,127.09375,20190900,,20191200
2019-07-16 12:00:00,,20191200,127.109375,20190900,,20191200
2019-07-16 12:15:00,,20191200,127.078125,20190900,,20191200
2019-07-16 12:30:00,,20191200,127.140625,20190900,,20191200
2019-07-16 12:45:00,,20191200,127.109375,20190900,,20191200
2019-07-16 13:00:00,127.1875,20191200,127.140625,20190900,127.1875,20191200
2019-07-16 13:15:00,,20191200,127.046875,20190900,,20191200
2019-07-16 13:30:00,,20191200,126.921875,20190900,,20191200
2019-07-16 13:45:00,,20191200,126.8125,20190900,,20191200
2019-07-16 14:00:00,,20191200,126.796875,20190900,,20191200
2019-07-16 14:15:00,,20191200,126.84375,20190900,,20191200
2019-07-16 14:30:00,,20191200,126.875,20190900,,20191200
2019-07-16 14:45:00,,20191200,126.859375,20190900,,20191200
2019-07-16 15:00:00,127.25,20191200,126.859375,20190900,127.25,20191200
2019-07-16 15:15:00,,20191200,126.890625,20190900,,20191200
2019-07-16 15:30:00,,20191200,126.875,20190900,,20191200
2019-07-16 15:45:00,,20191200,126.84375,20190900,,20191200
2019-07-16 16:00:00,127.140625,20191200,126.84375,20190900,127.140625,20191200
2019-07-16 16:15:00,,20191200,126.828125,20190900,,20191200
2019-07-16 16:30:00,,20191200,126.8125,20190900,,20191200
2019-07-16 16:45:00,,20191200,126.734375,20190900,,20191200
2019-07-16 17:00:00,127.234375,20191200,126.875,20190900,127.234375,20191200
2019-07-16 17:15:00,,20191200,126.890625,20190900,,20191200
2019-07-16 17:30:00,,20191200,126.875,20190900,,20191200
2019-07-16 17:45:00,,20191200,126.890625,20190900,,20191200
2019-07-16 18:00:00,127.296875,20191200,126.9375,20190900,127.296875,20191200
2019-07-16 18:15:00,,20191200,126.90625,20190900,,20191200
2019-07-16 18:30:00,,20191200,126.9375,20190900,,20191200
2019-07-16 18:45:00,,20191200,126.90625,20190900,,20191200
2019-07-16 19:00:00,,20191200,126.9375,20190900,,20191200
2019-07-16 19:15:00,,20191200,126.9375,20190900,,20191200
2019-07-16 19:30:00,,20191200,126.890625,20190900,,20191200
2019-07-16 19:45:00,,20191200,126.921875,20190900,,20191200
2019-07-16 20:00:00,127.296875,20191200,126.921875,20190900,127.296875,20191200
2019-07-16 20:15:00,,20191200,126.90625,20190900,,20191200
2019-07-16 20:30:00,,20191200,126.9375,20190900,,20191200
2019-07-16 20:45:00,,20191200,126.9375,20190900,,20191200
2019-07-16 21:00:00,127.3125,20191200,126.96875,20190900,127.3125,20191200
2019-07-16 21:15:00,,20191200,126.984375,20190900,,20191200
2019-07-16 21:30:00,,20191200,127.03125,20190900,,20191200
2019-07-16 21:45:00,,20191200,127.046875,20190900,,20191200
2019-07-16 23:00:00,127.28125,20191200,127.1875,20190900,127.28125,20191200
2019-07-16 23:15:00,,20191200,127.0625,20190900,,20191200
2019-07-16 23:30:00,,20191200,127.03125,20190900,,20191200
2019-07-16 23:45:00,,20191200,127.015625,20190900,,20191200
2019-07-17 00:00:00,,20191200,127.015625,20190900,,20191200
2019-07-17 00:15:00,,20191200,127.015625,20190900,,20191200
2019-07-17 00:30:00,,20191200,127.015625,20190900,,20191200
2019-07-17 00:45:00,,20191200,127.0,20190900,,20191200
2019-07-17 01:00:00,127.359375,20191200,126.984375,20190900,127.359375,20191200
2019-07-17 01:15:00,,20191200,126.984375,20190900,,20191200
2019-07-17 01:30:00,,20191200,126.984375,20190900,,20191200
2019-07-17 01:45:00,,20191200,127.0,20190900,,20191200
2019-07-17 02:00:00,,20191200,127.0,20190900,,20191200
2019-07-17 02:15:00,,20191200,126.984375,20190900,,20191200
2019-07-17 02:30:00,,20191200,127.03125,20190900,,20191200
2019-07-17 02:45:00,,20191200,127.03125,20190900,,20191200
2019-07-17 03:00:00,127.46875,20191200,127.046875,20190900,127.46875,20191200
2019-07-17 03:15:00,,20191200,127.0625,20190900,,20191200
2019-07-17 03:30:00,,20191200,127.078125,20190900,,20191200
2019-07-17 03:45:00,,20191200,127.078125,20190900,,20191200
2019-07-17 04:00:00,,20191200,127.078125,20190900,,20191200
2019-07-17 04:15:00,,20191200,127.078125,20190900,,20191200
2019-07-17 04:30:00,,20191200,127.09375,20190900,,20191200
2019-07-17 04:45:00,,20191200,127.078125,20190900,,20191200
2019-07-17 05:15:00,,20191200,127.078125,20190900,,20191200
2019-07-17 05:30:00,,20191200,127.0625,20190900,,20191200
2019-07-17 05:45:00,,20191200,127.078125,20190900,,20191200
2019-07-17 06:15:00,,20191200,127.046875,20190900,,20191200
2019-07-17 06:30:00,,20191200,127.046875,20190900,,20191200
2019-07-17 06:45:00,,20191200,127.0625,20190900,,20191200
2019-07-17 07:00:00,,20191200,127.09375,20190900,,20191200
2019-07-17 07:15:00,,20191200,127.078125,20190900,,20191200
2019-07-17 07:30:00,,20191200,127.0625,20190900,,20191200
2019-07-17 07:45:00,,20191200,127.078125,20190900,,20191200
2019-07-17 08:00:00,,20191200,127.109375,20190900,,20191200
2019-07-17 08:15:00,,20191200,127.109375,20190900,,20191200
2019-07-17 08:30:00,,20191200,127.09375,20190900,,20191200
2019-07-17 08:45:00,,20191200,127.046875,20190900,,20191200
2019-07-17 09:00:00,,20191200,127.0,20190900,,20191200
2019-07-17 09:15:00,,20191200,127.0,20190900,,20191200
2019-07-17 09:30:00,,20191200,127.015625,20190900,,20191200
2019-07-17 09:45:00,,20191200,127.0625,20190900,,20191200
2019-07-17 10:00:00,,20191200,127.0625,20190900,,20191200
2019-07-17 10:15:00,,20191200,127.078125,20190900,,20191200
2019-07-17 10:30:00,,20191200,127.0625,20190900,,20191200
2019-07-17 10:45:00,,20191200,127.046875,20190900,,20191200
2019-07-17 11:00:00,127.484375,20191200,127.046875,20190900,127.484375,20191200
2019-07-17 11:15:00,,20191200,127.046875,20190900,,20191200
2019-07-17 11:30:00,,20191200,127.125,20190900,,20191200
2019-07-17 11:45:00,,20191200,127.15625,20190900,,20191200
2019-07-17 12:00:00,,20191200,127.140625,20190900,,20191200
2019-07-17 12:15:00,,20191200,127.125,20190900,,20191200
2019-07-17 12:30:00,,20191200,127.125,20190900,,20191200
2019-07-17 12:45:00,,20191200,127.125,20190900,,20191200
2019-07-17 13:00:00,127.546875,20191200,127.125,20190900,127.546875,20191200
2019-07-17 13:15:00,,20191200,127.09375,20190900,,20191200
2019-07-17 13:30:00,,20191200,127.15625,20190900,,20191200
2019-07-17 13:45:00,,20191200,127.109375,20190900,,20191200
2019-07-17 14:00:00,,20191200,127.125,20190900,,20191200
2019-07-17 14:15:00,,20191200,127.109375,20190900,,20191200
2019-07-17 14:30:00,,20191200,127.171875,20190900,,20191200
2019-07-17 14:45:00,,20191200,127.171875,20190900,,20191200
2019-07-17 15:00:00,127.609375,20191200,127.15625,20190900,127.609375,20191200
2019-07-17 15:15:00,,20191200,127.1875,20190900,,20191200
2019-07-17 15:30:00,,20191200,127.21875,20190900,,20191200
2019-07-17 15:45:00,,20191200,127.265625,20190900,,20191200
2019-07-17 16:00:00,,20191200,127.25,20190900,,20191200
2019-07-17 16:15:00,,20191200,127.265625,20190900,,20191200
2019-07-17 16:30:00,,20191200,127.234375,20190900,,20191200
2019-07-17 16:45:00,,20191200,127.28125,20190900,,20191200
2019-07-17 17:00:00,,20191200,127.28125,20190900,,20191200
2019-07-17 17:15:00,,20191200,127.296875,20190900,,20191200
2019-07-17 17:30:00,,20191200,127.296875,20190900,,20191200
2019-07-17 17:45:00,,20191200,127.328125,20190900,,20191200
2019-07-17 18:00:00,127.75,20191200,127.328125,20190900,127.75,20191200
2019-07-17 18:15:00,,20191200,127.34375,20190900,,20191200
2019-07-17 18:30:00,,20191200,127.359375,20190900,,20191200
2019-07-17 18:45:00,,20191200,127.359375,20190900,,20191200
2019-07-17 19:00:00,127.765625,20191200,127.390625,20190900,127.765625,20191200
2019-07-17 19:15:00,,20191200,127.359375,20190900,,20191200
2019-07-17 19:30:00,,20191200,127.328125,20190900,,20191200
2019-07-17 19:45:00,,20191200,127.359375,20190900,,20191200
2019-07-17 20:00:00,,20191200,127.390625,20190900,,20191200
2019-07-17 20:15:00,,20191200,127.359375,20190900,,20191200
2019-07-17 20:30:00,,20191200,127.390625,20190900,,20191200
2019-07-17 20:45:00,,20191200,127.453125,20190900,,20191200
2019-07-17 21:00:00,127.921875,20191200,127.453125,20190900,127.921875,20191200
2019-07-17 21:15:00,,20191200,127.453125,20190900,,20191200
2019-07-17 21:30:00,,20191200,127.515625,20190900,,20191200
2019-07-17 21:45:00,,20191200,127.46875,20190900,,20191200
2019-07-17 23:00:00,127.4375,20191200,127.0625,20190900,127.4375,20191200
2019-07-17 23:15:00,,20191200,127.484375,20190900,,20191200
2019-07-17 23:30:00,,20191200,127.46875,20190900,,20191200
2019-07-17 23:45:00,,20191200,127.46875,20190900,,20191200
2019-07-18 00:00:00,127.859375,20191200,127.453125,20190900,127.859375,20191200
2019-07-18 00:15:00,,20191200,127.4375,20190900,,20191200
2019-07-18 00:30:00,,20191200,127.4375,20190900,,20191200
2019-07-18 00:45:00,,20191200,127.4375,20190900,,20191200
2019-07-18 01:00:00,127.828125,20191200,127.421875,20190900,127.828125,20191200
2019-07-18 01:15:00,,20191200,127.421875,20190900,,20191200
2019-07-18 01:30:00,,20191200,127.40625,20190900,,20191200
2019-07-18 01:45:00,,20191200,127.453125,20190900,,20191200
2019-07-18 02:00:00,127.9375,20191200,127.53125,20190900,127.9375,20191200
2019-07-18 02:15:00,,20191200,127.5,20190900,,20191200
2019-07-18 02:30:00,,20191200,127.5625,20190900,,20191200
2019-07-18 02:45:00,,20191200,127.53125,20190900,,20191200
2019-07-18 03:00:00,,20191200,127.53125,20190900,,20191200
2019-07-18 03:15:00,,20191200,127.53125,20190900,,20191200
2019-07-18 03:30:00,,20191200,127.5,20190900,,20191200
2019-07-18 03:45:00,,20191200,127.5,20190900,,20191200
2019-07-18 04:00:00,,20191200,127.5,20190900,,20191200
2019-07-18 04:15:00,,20191200,127.515625,20190900,,20191200
2019-07-18 04:30:00,,20191200,127.53125,20190900,,20191200
2019-07-18 04:45:00,,20191200,127.546875,20190900,,20191200
2019-07-18 05:15:00,,20191200,127.53125,20190900,,20191200
2019-07-18 05:30:00,,20191200,127.515625,20190900,,20191200
2019-07-18 05:45:00,,20191200,127.515625,20190900,,20191200
2019-07-18 06:15:00,,20191200,127.53125,20190900,,20191200
2019-07-18 06:30:00,,20191200,127.515625,20190900,,20191200
2019-07-18 06:45:00,,20191200,127.515625,20190900,,20191200
2019-07-18 07:00:00,127.953125,20191200,127.5,20190900,127.953125,20191200
2019-07-18 07:15:00,,20191200,127.484375,20190900,,20191200
2019-07-18 07:30:00,,20191200,127.5,20190900,,20191200
2019-07-18 07:45:00,,20191200,127.46875,20190900,,20191200
2019-07-18 08:00:00,,20191200,127.515625,20190900,,20191200
2019-07-18 08:15:00,,20191200,127.5,20190900,,20191200
2019-07-18 08:30:00,,20191200,127.46875,20190900,,20191200
2019-07-18 08:45:00,,20191200,127.4375,20190900,,20191200
2019-07-18 09:00:00,127.890625,20191200,127.46875,20190900,127.890625,20191200
2019-07-18 09:15:00,,20191200,127.5,20190900,,20191200
2019-07-18 09:30:00,,20191200,127.46875,20190900,,20191200
2019-07-18 09:45:00,,20191200,127.46875,20190900,,20191200
2019-07-18 10:00:00,127.859375,20191200,127.453125,20190900,127.859375,20191200
2019-07-18 10:15:00,,20191200,127.4375,20190900,,20191200
2019-07-18 10:30:00,,20191200,127.421875,20190900,,20191200
2019-07-18 10:45:00,,20191200,127.453125,20190900,,20191200
2019-07-18 11:00:00,127.859375,20191200,127.453125,20190900,127.859375,20191200
2019-07-18 11:15:00,,20191200,127.421875,20190900,,20191200
2019-07-18 11:30:00,,20191200,127.390625,20190900,,20191200
2019-07-18 11:45:00,,20191200,127.4375,20190900,,20191200
2019-07-18 12:00:00,,20191200,127.40625,20190900,,20191200
2019-07-18 12:15:00,,20191200,127.421875,20190900,,20191200
2019-07-18 12:30:00,,20191200,127.4375,20190900,,20191200
2019-07-18 12:45:00,,20191200,127.421875,20190900,,20191200
2019-07-18 13:00:00,127.703125,20191200,127.484375,20190900,127.703125,20191200
2019-07-18 13:15:00,,20191200,127.46875,20190900,,20191200
2019-07-18 13:30:00,,20191200,127.28125,20190900,,20191200
2019-07-18 13:45:00,,20191200,127.28125,20190900,,20191200
2019-07-18 14:00:00,127.71875,20191200,127.328125,20190900,127.71875,20191200
2019-07-18 14:15:00,,20191200,127.3125,20190900,,20191200
2019-07-18 14:30:00,,20191200,127.28125,20190900,,20191200
2019-07-18 14:45:00,,20191200,127.296875,20190900,,20191200
2019-07-18 15:00:00,127.84375,20191200,127.390625,20190900,127.84375,20191200
2019-07-18 15:15:00,,20191200,127.390625,20190900,,20191200
2019-07-18 15:30:00,,20191200,127.390625,20190900,,20191200
2019-07-18 15:45:00,,20191200,127.375,20190900,,20191200
2019-07-18 16:00:00,127.828125,20191200,127.375,20190900,127.828125,20191200
2019-07-18 16:15:00,,20191200,127.40625,20190900,,20191200
2019-07-18 16:30:00,,20191200,127.4375,20190900,,20191200
2019-07-18 16:45:00,,20191200,127.40625,20190900,,20191200
2019-07-18 17:00:00,127.78125,20191200,127.34375,20190900,127.78125,20191200
2019-07-18 17:15:00,,20191200,127.390625,20190900,,20191200
2019-07-18 17:30:00,,20191200,127.390625,20190900,,20191200
2019-07-18 17:45:00,,20191200,127.375,20190900,,20191200
2019-07-18 18:00:00,127.8125,20191200,127.359375,20190900,127.8125,20191200
2019-07-18 18:15:00,,20191200,127.40625,20190900,,20191200
2019-07-18 18:30:00,,20191200,127.421875,20190900,,20191200
2019-07-18 18:45:00,,20191200,127.453125,20190900,,20191200
2019-07-18 19:00:00,128.046875,20191200,127.515625,20190900,128.046875,20191200
2019-07-18 19:15:00,,20191200,127.640625,20190900,,20191200
2019-07-18 19:30:00,,20191200,127.625,20190900,,20191200
2019-07-18 19:45:00,,20191200,127.640625,20190900,,20191200
2019-07-18 20:00:00,128.140625,20191200,127.6875,20190900,128.140625,20191200
2019-07-18 20:15:00,,20191200,127.734375,20190900,,20191200
2019-07-18 20:30:00,,20191200,127.796875,20190900,,20191200
2019-07-18 20:45:00,,20191200,127.75,20190900,,20191200
2019-07-18 21:00:00,128.21875,20191200,127.765625,20190900,128.21875,20191200
2019-07-18 21:15:00,,20191200,127.796875,20190900,,20191200
2019-07-18 21:30:00,,20191200,127.78125,20190900,,20191200
2019-07-18 21:45:00,,20191200,127.796875,20190900,,20191200
2019-07-18 23:00:00,128.1875,20191200,127.53125,20190900,128.1875,20191200
2019-07-18 23:15:00,,20191200,127.5625,20190900,,20191200
2019-07-18 23:30:00,,20191200,127.53125,20190900,,20191200
2019-07-18 23:45:00,,20191200,127.578125,20190900,,20191200
2019-07-19 00:00:00,128.0625,20191200,127.59375,20190900,128.0625,20191200
2019-07-19 00:15:00,,20191200,127.640625,20190900,,20191200
2019-07-19 00:30:00,,20191200,127.65625,20190900,,20191200
2019-07-19 00:45:00,,20191200,127.609375,20190900,,20191200
2019-07-19 01:00:00,,20191200,127.578125,20190900,,20191200
2019-07-19 01:15:00,,20191200,127.625,20190900,,20191200
2019-07-19 01:30:00,,20191200,127.609375,20190900,,20191200
2019-07-19 01:45:00,,20191200,127.609375,20190900,,20191200
2019-07-19 02:00:00,,20191200,127.609375,20190900,,20191200
2019-07-19 02:15:00,,20191200,127.609375,20190900,,20191200
2019-07-19 02:30:00,,20191200,127.59375,20190900,,20191200
2019-07-19 02:45:00,,20191200,127.625,20190900,,20191200
2019-07-19 03:00:00,128.015625,20191200,127.609375,20190900,128.015625,20191200
2019-07-19 03:15:00,,20191200,127.609375,20190900,,20191200
2019-07-19 03:30:00,,20191200,127.625,20190900,,20191200
2019-07-19 03:45:00,,20191200,127.65625,20190900,,20191200
2019-07-19 04:00:00,128.078125,20191200,127.625,20190900,128.078125,20191200
2019-07-19 04:15:00,,20191200,127.609375,20190900,,20191200
2019-07-19 04:30:00,,20191200,127.609375,20190900,,20191200
2019-07-19 04:45:00,,20191200,127.609375,20190900,,20191200
2019-07-19 05:15:00,,20191200,127.59375,20190900,,20191200
2019-07-19 05:30:00,,20191200,127.59375,20190900,,20191200
2019-07-19 05:45:00,,20191200,127.59375,20190900,,20191200
2019-07-19 06:15:00,,20191200,127.578125,20190900,,20191200
2019-07-19 06:30:00,,20191200,127.546875,20190900,,20191200
2019-07-19 06:45:00,,20191200,127.546875,20190900,,20191200
2019-07-19 07:00:00,127.96875,20191200,127.578125,20190900,127.96875,20191200
2019-07-19 07:15:00,,20191200,127.578125,20190900,,20191200
2019-07-19 07:30:00,,20191200,127.53125,20190900,,20191200
2019-07-19 07:45:00,,20191200,127.5625,20190900,,20191200
2019-07-19 08:00:00,,20191200,127.625,20190900,,20191200
2019-07-19 08:15:00,,20191200,127.59375,20190900,,20191200
2019-07-19 08:30:00,,20191200,127.578125,20190900,,20191200
2019-07-19 08:45:00,,20191200,127.546875,20190900,,20191200
2019-07-19 09:00:00,,20191200,127.59375,20190900,,20191200
2019-07-19 09:15:00,,20191200,127.59375,20190900,,20191200
2019-07-19 09:30:00,,20191200,127.59375,20190900,,20191200
2019-07-19 09:45:00,,20191200,127.625,20190900,,20191200
2019-07-19 10:00:00,,20191200,127.625,20190900,,20191200
2019-07-19 10:15:00,,20191200,127.625,20190900,,20191200
2019-07-19 10:30:00,,20191200,127.59375,20190900,,20191200
2019-07-19 10:45:00,,20191200,127.59375,20190900,,20191200
2019-07-19 11:00:00,128.015625,20191200,127.609375,20190900,128.015625,20191200
2019-07-19 11:15:00,,20191200,127.59375,20190900,,20191200
2019-07-19 11:30:00,,20191200,127.609375,20190900,,20191200
2019-07-19 11:45:00,,20191200,127.609375,20190900,,20191200
2019-07-19 12:00:00,128.0,20191200,127.59375,20190900,128.0,20191200
2019-07-19 12:15:00,,20191200,127.578125,20190900,,20191200
2019-07-19 12:30:00,,20191200,127.546875,20190900,,20191200
2019-07-19 12:45:00,,20191200,127.546875,20190900,,20191200
2019-07-19 13:00:00,127.953125,20191200,127.578125,20190900,127.953125,20191200
2019-07-19 13:15:00,,20191200,127.484375,20190900,,20191200
2019-07-19 13:30:00,,20191200,127.46875,20190900,,20191200
2019-07-19 13:45:00,,20191200,127.515625,20190900,,20191200
2019-07-19 14:00:00,127.859375,20191200,127.53125,20190900,127.859375,20191200
2019-07-19 14:15:00,,20191200,127.453125,20190900,,20191200
2019-07-19 14:30:00,,20191200,127.515625,20190900,,20191200
2019-07-19 14:45:00,,20191200,127.515625,20190900,,20191200
2019-07-19 15:00:00,128.015625,20191200,127.578125,20190900,128.015625,20191200
2019-07-19 15:15:00,,20191200,127.5625,20190900,,20191200
2019-07-19 15:30:00,,20191200,127.515625,20190900,,20191200
2019-07-19 15:45:00,,20191200,127.546875,20190900,,20191200
2019-07-19 16:00:00,128.0,20191200,127.546875,20190900,128.0,20191200
2019-07-19 16:15:00,,20191200,127.5625,20190900,,20191200
2019-07-19 16:30:00,,20191200,127.609375,20190900,,20191200
2019-07-19 16:45:00,,20191200,127.59375,20190900,,20191200
2019-07-19 17:00:00,127.96875,20191200,127.546875,20190900,127.96875,20191200
2019-07-19 17:15:00,,20191200,127.546875,20190900,,20191200
2019-07-19 17:30:00,,20191200,127.546875,20190900,,20191200
2019-07-19 17:45:00,,20191200,127.5625,20190900,,20191200
2019-07-19 18:00:00,127.953125,20191200,127.578125,20190900,127.953125,20191200
2019-07-19 18:15:00,,20191200,127.5625,20190900,,20191200
2019-07-19 18:30:00,,20191200,127.5625,20190900,,20191200
2019-07-19 18:45:00,,20191200,127.546875,20190900,,20191200
2019-07-19 19:00:00,127.96875,20191200,127.390625,20190900,127.96875,20191200
2019-07-19 19:15:00,,20191200,127.484375,20190900,,20191200
2019-07-19 19:30:00,,20191200,127.515625,20190900,,20191200
2019-07-19 19:45:00,,20191200,127.515625,20190900,,20191200
2019-07-19 20:00:00,127.984375,20191200,127.578125,20190900,127.984375,20191200
2019-07-19 20:15:00,,20191200,127.609375,20190900,,20191200
2019-07-19 20:30:00,,20191200,127.515625,20190900,,20191200
2019-07-19 20:45:00,,20191200,127.5,20190900,,20191200
2019-07-19 21:00:00,127.890625,20191200,127.5,20190900,127.890625,20191200
2019-07-19 21:15:00,,20191200,127.484375,20190900,,20191200
2019-07-19 21:30:00,,20191200,127.4375,20190900,,20191200
2019-07-19 21:45:00,,20191200,127.4375,20190900,,20191200
2019-07-19 23:00:00,127.984375,20191200,127.578125,20190900,127.984375,20191200
2019-07-21 23:00:00,,20191200,127.4375,20190900,,20191200
2019-07-21 23:15:00,,20191200,127.421875,20190900,,20191200
2019-07-21 23:30:00,,20191200,127.4375,20190900,,20191200
2019-07-21 23:45:00,,20191200,127.421875,20190900,,20191200
2019-07-22 00:00:00,,20191200,127.390625,20190900,,20191200
2019-07-22 00:15:00,,20191200,127.40625,20190900,,20191200
2019-07-22 00:30:00,,20191200,127.421875,20190900,,20191200
2019-07-22 00:45:00,,20191200,127.421875,20190900,,20191200
2019-07-22 01:00:00,,20191200,127.4375,20190900,,20191200
2019-07-22 01:15:00,,20191200,127.421875,20190900,,20191200
2019-07-22 01:30:00,,20191200,127.453125,20190900,,20191200
2019-07-22 01:45:00,,20191200,127.4375,20190900,,20191200
2019-07-22 02:00:00,127.78125,20191200,127.421875,20190900,127.78125,20191200
2019-07-22 02:15:00,,20191200,127.40625,20190900,,20191200
2019-07-22 02:30:00,,20191200,127.375,20190900,,20191200
2019-07-22 02:45:00,,20191200,127.390625,20190900,,20191200
2019-07-22 03:00:00,127.875,20191200,127.40625,20190900,127.875,20191200
2019-07-22 03:15:00,,20191200,127.40625,20190900,,20191200
2019-07-22 03:30:00,,20191200,127.4375,20190900,,20191200
2019-07-22 03:45:00,,20191200,127.421875,20190900,,20191200
2019-07-22 04:00:00,,20191200,127.4375,20190900,,20191200
2019-07-22 04:15:00,,20191200,127.453125,20190900,,20191200
2019-07-22 04:30:00,,20191200,127.453125,20190900,,20191200
2019-07-22 04:45:00,,20191200,127.453125,20190900,,20191200
2019-07-22 05:15:00,,20191200,127.4375,20190900,,20191200
2019-07-22 05:30:00,,20191200,127.453125,20190900,,20191200
2019-07-22 05:45:00,,20191200,127.453125,20190900,,20191200
2019-07-22 06:15:00,,20191200,127.453125,20190900,,20191200
2019-07-22 06:30:00,,20191200,127.4375,20190900,,20191200
2019-07-22 06:45:00,,20191200,127.4375,20190900,,20191200
2019-07-22 07:00:00,,20191200,127.390625,20190900,,20191200
2019-07-22 07:15:00,,20191200,127.359375,20190900,,20191200
2019-07-22 07:30:00,,20191200,127.390625,20190900,,20191200
2019-07-22 07:45:00,,20191200,127.421875,20190900,,20191200
2019-07-22 08:00:00,,20191200,127.453125,20190900,,20191200
2019-07-22 08:15:00,,20191200,127.46875,20190900,,20191200
2019-07-22 08:30:00,,20191200,127.484375,20190900,,20191200
2019-07-22 08:45:00,,20191200,127.53125,20190900,,20191200
2019-07-22 09:00:00,127.96875,20191200,127.53125,20190900,127.96875,20191200
2019-07-22 09:15:00,,20191200,127.53125,20190900,,20191200
2019-07-22 09:30:00,,20191200,127.515625,20190900,,20191200
2019-07-22 09:45:00,,20191200,127.515625,20190900,,20191200
2019-07-22 10:00:00,,20191200,127.53125,20190900,,20191200
2019-07-22 10:15:00,,20191200,127.546875,20190900,,20191200
2019-07-22 10:30:00,,20191200,127.53125,20190900,,20191200
2019-07-22 10:45:00,,20191200,127.53125,20190900,,20191200
2019-07-22 11:00:00,,20191200,127.515625,20190900,,20191200
2019-07-22 11:15:00,,20191200,127.53125,20190900,,20191200
2019-07-22 11:30:00,,20191200,127.53125,20190900,,20191200
2019-07-22 11:45:00,,20191200,127.53125,20190900,,20191200
2019-07-22 12:00:00,127.984375,20191200,127.53125,20190900,127.984375,20191200
2019-07-22 12:15:00,,20191200,127.484375,20190900,,20191200
2019-07-22 12:30:00,,20191200,127.484375,20190900,,20191200
2019-07-22 12:45:00,,20191200,127.484375,20190900,,20191200
2019-07-22 13:00:00,128.0625,20191200,127.53125,20190900,128.0625,20191200
2019-07-22 13:15:00,,20191200,127.578125,20190900,,20191200
2019-07-22 13:30:00,,20191200,127.609375,20190900,,20191200
2019-07-22 13:45:00,,20191200,127.59375,20190900,,20191200
2019-07-22 14:00:00,128.078125,20191200,127.625,20190900,128.078125,20191200
2019-07-22 14:15:00,,20191200,127.65625,20190900,,20191200
2019-07-22 14:30:00,,20191200,127.640625,20190900,,20191200
2019-07-22 14:45:00,,20191200,127.609375,20190900,,20191200
2019-07-22 15:00:00,128.109375,20191200,127.609375,20190900,128.109375,20191200
2019-07-22 15:15:00,,20191200,127.609375,20190900,,20191200
2019-07-22 15:30:00,,20191200,127.640625,20190900,,20191200
2019-07-22 15:45:00,,20191200,127.625,20190900,,20191200
2019-07-22 16:00:00,128.125,20191200,127.65625,20190900,128.125,20191200
2019-07-22 16:15:00,,20191200,127.671875,20190900,,20191200
2019-07-22 16:30:00,,20191200,127.65625,20190900,,20191200
2019-07-22 16:45:00,,20191200,127.671875,20190900,,20191200
2019-07-22 17:00:00,128.109375,20191200,127.625,20190900,128.109375,20191200
2019-07-22 17:15:00,,20191200,127.640625,20190900,,20191200
2019-07-22 17:30:00,,20191200,127.65625,20190900,,20191200
2019-07-22 17:45:00,,20191200,127.640625,20190900,,20191200
2019-07-22 18:00:00,,20191200,127.65625,20190900,,20191200
2019-07-22 18:15:00,,20191200,127.625,20190900,,20191200
2019-07-22 18:30:00,,20191200,127.671875,20190900,,20191200
2019-07-22 18:45:00,,20191200,127.640625,20190900,,20191200
2019-07-22 19:00:00,128.046875,20191200,127.625,20190900,128.046875,20191200
2019-07-22 19:15:00,,20191200,127.59375,20190900,,20191200
2019-07-22 19:30:00,,20191200,127.625,20190900,,20191200
2019-07-22 19:45:00,,20191200,127.578125,20190900,,20191200
2019-07-22 20:00:00,128.03125,20191200,127.5625,20190900,128.03125,20191200
2019-07-22 20:15:00,,20191200,127.5625,20190900,,20191200
2019-07-22 20:30:00,,20191200,127.578125,20190900,,20191200
2019-07-22 20:45:00,,20191200,127.5625,20190900,,20191200
2019-07-22 21:00:00,127.96875,20191200,127.546875,20190900,127.96875,20191200
2019-07-22 21:15:00,,20191200,127.5625,20190900,,20191200
2019-07-22 21:30:00,,20191200,127.53125,20190900,,20191200
2019-07-22 21:45:00,,20191200,127.53125,20190900,,20191200
2019-07-22 23:00:00,128.046875,20191200,127.453125,20190900,128.046875,20191200
2019-07-22 23:15:00,,20191200,127.53125,20190900,,20191200
2019-07-22 23:30:00,,20191200,127.53125,20190900,,20191200
2019-07-22 23:45:00,,20191200,127.53125,20190900,,20191200
2019-07-23 00:00:00,,20191200,127.53125,20190900,,20191200
2019-07-23 00:15:00,,20191200,127.515625,20190900,,20191200
2019-07-23 00:30:00,,20191200,127.53125,20190900,,20191200
2019-07-23 00:45:00,,20191200,127.53125,20190900,,20191200
2019-07-23 01:00:00,,20191200,127.5,20190900,,20191200
2019-07-23 01:15:00,,20191200,127.46875,20190900,,20191200
2019-07-23 01:30:00,,20191200,127.46875,20190900,,20191200
2019-07-23 01:45:00,,20191200,127.5,20190900,,20191200
2019-07-23 02:00:00,,20191200,127.46875,20190900,,20191200
2019-07-23 02:15:00,,20191200,127.453125,20190900,,20191200
2019-07-23 02:30:00,,20191200,127.46875,20190900,,20191200
2019-07-23 02:45:00,,20191200,127.453125,20190900,,20191200
2019-07-23 03:00:00,,20191200,127.46875,20190900,,20191200
2019-07-23 03:15:00,,20191200,127.46875,20190900,,20191200
2019-07-23 03:30:00,,20191200,127.46875,20190900,,20191200
2019-07-23 03:45:00,,20191200,127.46875,20190900,,20191200
2019-07-23 04:00:00,127.921875,20191200,127.46875,20190900,127.921875,20191200
2019-07-23 04:15:00,,20191200,127.46875,20190900,,20191200
2019-07-23 04:30:00,,20191200,127.484375,20190900,,20191200
2019-07-23 04:45:00,,20191200,127.46875,20190900,,20191200
2019-07-23 05:15:00,,20191200,127.46875,20190900,,20191200
2019-07-23 05:30:00,,20191200,127.46875,20190900,,20191200
2019-07-23 05:45:00,,20191200,127.484375,20190900,,20191200
2019-07-23 06:15:00,,20191200,127.484375,20190900,,20191200
2019-07-23 06:30:00,,20191200,127.46875,20190900,,20191200
2019-07-23 06:45:00,,20191200,127.484375,20190900,,20191200
2019-07-23 07:00:00,,20191200,127.484375,20190900,,20191200
2019-07-23 07:15:00,,20191200,127.46875,20190900,,20191200
2019-07-23 07:30:00,,20191200,127.453125,20190900,,20191200
2019-07-23 07:45:00,,20191200,127.46875,20190900,,20191200
2019-07-23 08:00:00,,20191200,127.484375,20190900,,20191200
2019-07-23 08:15:00,,20191200,127.5,20190900,,20191200
2019-07-23 08:30:00,,20191200,127.5,20190900,,20191200
2019-07-23 08:45:00,,20191200,127.5,20190900,,20191200
2019-07-23 09:00:00,,20191200,127.5,20190900,,20191200
2019-07-23 09:15:00,,20191200,127.46875,20190900,,20191200
2019-07-23 09:30:00,,20191200,127.421875,20190900,,20191200
2019-07-23 09:45:00,,20191200,127.453125,20190900,,20191200
2019-07-23 10:00:00,,20191200,127.4375,20190900,,20191200
2019-07-23 10:15:00,,20191200,127.453125,20190900,,20191200
2019-07-23 10:30:00,,20191200,127.46875,20190900,,20191200
2019-07-23 10:45:00,,20191200,127.46875,20190900,,20191200
2019-07-23 11:00:00,,20191200,127.46875,20190900,,20191200
2019-07-23 11:15:00,,20191200,127.5,20190900,,20191200
2019-07-23 11:30:00,,20191200,127.515625,20190900,,20191200
2019-07-23 11:45:00,,20191200,127.515625,20190900,,20191200
2019-07-23 12:00:00,127.921875,20191200,127.46875,20190900,127.921875,20191200
2019-07-23 12:15:00,,20191200,127.46875,20190900,,20191200
2019-07-23 12:30:00,,20191200,127.484375,20190900,,20191200
2019-07-23 12:45:00,,20191200,127.5,20190900,,20191200
2019-07-23 13:00:00,128.015625,20191200,127.53125,20190900,128.015625,20191200
2019-07-23 13:15:00,,20191200,127.578125,20190900,,20191200
2019-07-23 13:30:00,,20191200,127.609375,20190900,,20191200
2019-07-23 13:45:00,,20191200,127.5625,20190900,,20191200
2019-07-23 14:00:00,127.8125,20191200,127.5,20190900,127.8125,20191200
2019-07-23 14:15:00,,20191200,127.453125,20190900,,20191200
2019-07-23 14:30:00,,20191200,127.40625,20190900,,20191200
2019-07-23 14:45:00,,20191200,127.4375,20190900,,20191200
2019-07-23 15:00:00,128.0,20191200,127.46875,20190900,128.0,20191200
2019-07-23 15:15:00,,20191200,127.515625,20190900,,20191200
2019-07-23 15:30:00,,20191200,127.53125,20190900,,20191200
2019-07-23 15:45:00,,20191200,127.546875,20190900,,20191200
2019-07-23 16:00:00,127.96875,20191200,127.546875,20190900,127.96875,20191200
2019-07-23 16:15:00,,20191200,127.5625,20190900,,20191200
2019-07-23 16:30:00,,20191200,127.53125,20190900,,20191200
2019-07-23 16:45:00,,20191200,127.53125,20190900,,20191200
2019-07-23 17:00:00,127.96875,20191200,127.515625,20190900,127.96875,20191200
2019-07-23 17:15:00,,20191200,127.46875,20190900,,20191200
2019-07-23 17:30:00,,20191200,127.453125,20190900,,20191200
2019-07-23 17:45:00,,20191200,127.4375,20190900,,20191200
2019-07-23 18:00:00,,20191200,127.4375,20190900,,20191200
2019-07-23 18:15:00,,20191200,127.46875,20190900,,20191200
2019-07-23 18:30:00,,20191200,127.390625,20190900,,20191200
2019-07-23 18:45:00,,20191200,127.359375,20190900,,20191200
2019-07-23 19:00:00,127.78125,20191200,127.375,20190900,127.78125,20191200
2019-07-23 19:15:00,,20191200,127.375,20190900,,20191200
2019-07-23 19:30:00,,20191200,127.359375,20190900,,20191200
2019-07-23 19:45:00,,20191200,127.375,20190900,,20191200
2019-07-23 20:00:00,127.796875,20191200,127.375,20190900,127.796875,20191200
2019-07-23 20:15:00,,20191200,127.375,20190900,,20191200
2019-07-23 20:30:00,,20191200,127.390625,20190900,,20191200
2019-07-23 20:45:00,,20191200,127.40625,20190900,,20191200
2019-07-23 21:00:00,127.75,20191200,127.390625,20190900,127.75,20191200
2019-07-23 21:15:00,,20191200,127.328125,20190900,,20191200
2019-07-23 21:30:00,,20191200,127.359375,20190900,,20191200
2019-07-23 21:45:00,,20191200,127.3125,20190900,,20191200
2019-07-23 23:00:00,127.71875,20191200,127.484375,20190900,127.71875,20191200
2019-07-23 23:15:00,,20191200,127.296875,20190900,,20191200
2019-07-23 23:30:00,,20191200,127.328125,20190900,,20191200
2019-07-23 23:45:00,,20191200,127.328125,20190900,,20191200
2019-07-24 00:00:00,127.734375,20191200,127.328125,20190900,127.734375,20191200
2019-07-24 00:15:00,,20191200,127.328125,20190900,,20191200
2019-07-24 00:30:00,,20191200,127.328125,20190900,,20191200
2019-07-24 00:45:00,,20191200,127.3125,20190900,,20191200
2019-07-24 01:00:00,127.734375,20191200,127.34375,20190900,127.734375,20191200
2019-07-24 01:15:00,,20191200,127.359375,20190900,,20191200
2019-07-24 01:30:00,,20191200,127.34375,20190900,,20191200
2019-07-24 01:45:00,,20191200,127.359375,20190900,,20191200
2019-07-24 02:00:00,,20191200,127.359375,20190900,,20191200
2019-07-24 02:15:00,,20191200,127.359375,20190900,,20191200
2019-07-24 02:30:00,,20191200,127.359375,20190900,,20191200
2019-07-24 02:45:00,,20191200,127.34375,20190900,,20191200
2019-07-24 03:00:00,,20191200,127.34375,20190900,,20191200
2019-07-24 03:15:00,,20191200,127.328125,20190900,,20191200
2019-07-24 03:30:00,,20191200,127.328125,20190900,,20191200
2019-07-24 03:45:00,,20191200,127.34375,20190900,,20191200
2019-07-24 04:00:00,,20191200,127.359375,20190900,,20191200
2019-07-24 04:15:00,,20191200,127.359375,20190900,,20191200
2019-07-24 04:30:00,,20191200,127.34375,20190900,,20191200
2019-07-24 04:45:00,,20191200,127.375,20190900,,20191200
2019-07-24 05:15:00,,20191200,127.359375,20190900,,20191200
2019-07-24 05:30:00,,20191200,127.359375,20190900,,20191200
2019-07-24 05:45:00,,20191200,127.359375,20190900,,20191200
2019-07-24 06:15:00,,20191200,127.34375,20190900,,20191200
2019-07-24 06:30:00,,20191200,127.359375,20190900,,20191200
2019-07-24 06:45:00,,20191200,127.359375,20190900,,20191200
2019-07-24 07:00:00,,20191200,127.359375,20190900,,20191200
2019-07-24 07:15:00,,20191200,127.328125,20190900,,20191200
2019-07-24 07:30:00,,20191200,127.34375,20190900,,20191200
2019-07-24 07:45:00,,20191200,127.375,20190900,,20191200
2019-07-24 08:00:00,127.90625,20191200,127.359375,20190900,127.90625,20191200
2019-07-24 08:15:00,,20191200,127.453125,20190900,,20191200
2019-07-24 08:30:00,,20191200,127.53125,20190900,,20191200
2019-07-24 08:45:00,,20191200,127.546875,20190900,,20191200
2019-07-24 09:00:00,,20191200,127.5,20190900,,20191200
2019-07-24 09:15:00,,20191200,127.53125,20190900,,20191200
2019-07-24 09:30:00,,20191200,127.515625,20190900,,20191200
2019-07-24 09:45:00,,20191200,127.484375,20190900,,20191200
2019-07-24 10:00:00,,20191200,127.5,20190900,,20191200
2019-07-24 10:15:00,,20191200,127.5,20190900,,20191200
2019-07-24 10:30:00,,20191200,127.515625,20190900,,20191200
2019-07-24 10:45:00,,20191200,127.5,20190900,,20191200
2019-07-24 11:00:00,127.921875,20191200,127.46875,20190900,127.921875,20191200
2019-07-24 11:15:00,,20191200,127.484375,20190900,,20191200
2019-07-24 11:30:00,,20191200,127.5,20190900,,20191200
2019-07-24 11:45:00,,20191200,127.46875,20190900,,20191200
2019-07-24 12:00:00,127.953125,20191200,127.46875,20190900,127.953125,20191200
2019-07-24 12:15:00,,20191200,127.46875,20190900,,20191200
2019-07-24 12:30:00,,20191200,127.484375,20190900,,20191200
2019-07-24 12:45:00,,20191200,127.5,20190900,,20191200
2019-07-24 13:00:00,128.03125,20191200,127.515625,20190900,128.03125,20191200
2019-07-24 13:15:00,,20191200,127.5625,20190900,,20191200
2019-07-24 13:30:00,,20191200,127.5625,20190900,,20191200
2019-07-24 13:45:00,,20191200,127.578125,20190900,,20191200
2019-07-24 14:00:00,128.015625,20191200,127.5625,20190900,128.015625,20191200
2019-07-24 14:15:00,,20191200,127.5625,20190900,,20191200
2019-07-24 14:30:00,,20191200,127.546875,20190900,,20191200
2019-07-24 14:45:00,,20191200,127.65625,20190900,,20191200
2019-07-24 15:00:00,128.015625,20191200,127.625,20190900,128.015625,20191200
2019-07-24 15:15:00,,20191200,127.609375,20190900,,20191200
2019-07-24 15:30:00,,20191200,127.578125,20190900,,20191200
2019-07-24 15:45:00,,20191200,127.53125,20190900,,20191200
2019-07-24 16:00:00,128.0,20191200,127.578125,20190900,128.0,20191200
2019-07-24 16:15:00,,20191200,127.546875,20190900,,20191200
2019-07-24 16:30:00,,20191200,127.5625,20190900,,20191200
2019-07-24 16:45:00,,20191200,127.546875,20190900,,20191200
2019-07-24 17:00:00,128.0,20191200,127.5625,20190900,128.0,20191200
2019-07-24 17:15:00,,20191200,127.5625,20190900,,20191200
2019-07-24 17:30:00,,20191200,127.546875,20190900,,20191200
2019-07-24 17:45:00,,20191200,127.5625,20190900,,20191200
2019-07-24 18:00:00,128.0,20191200,127.515625,20190900,128.0,20191200
2019-07-24 18:15:00,,20191200,127.546875,20190900,,20191200
2019-07-24 18:30:00,,20191200,127.515625,20190900,,20191200
2019-07-24 18:45:00,,20191200,127.515625,20190900,,20191200
2019-07-24 19:00:00,127.921875,20191200,127.5,20190900,127.921875,20191200
2019-07-24 19:15:00,,20191200,127.484375,20190900,,20191200
2019-07-24 19:30:00,,20191200,127.515625,20190900,,20191200
2019-07-24 19:45:00,,20191200,127.5,20190900,,20191200
2019-07-24 20:00:00,127.921875,20191200,127.515625,20190900,127.921875,20191200
2019-07-24 20:15:00,,20191200,127.515625,20190900,,20191200
2019-07-24 20:30:00,,20191200,127.5,20190900,,20191200
2019-07-24 20:45:00,,20191200,127.53125,20190900,,20191200
2019-07-24 21:00:00,127.984375,20191200,127.546875,20190900,127.984375,20191200
2019-07-24 21:15:00,,20191200,127.546875,20190900,,20191200
2019-07-24 21:30:00,,20191200,127.515625,20190900,,20191200
2019-07-24 21:45:00,,20191200,127.546875,20190900,,20191200
2019-07-24 23:00:00,128.0,20191200,127.359375,20190900,128.0,20191200
2019-07-24 23:15:00,,20191200,127.5625,20190900,,20191200
2019-07-24 23:30:00,,20191200,127.5625,20190900,,20191200
2019-07-24 23:45:00,,20191200,127.546875,20190900,,20191200
2019-07-25 00:00:00,127.984375,20191200,127.546875,20190900,127.984375,20191200
2019-07-25 00:15:00,,20191200,127.5625,20190900,,20191200
2019-07-25 00:30:00,,20191200,127.5625,20190900,,20191200
2019-07-25 00:45:00,,20191200,127.5625,20190900,,20191200
2019-07-25 01:00:00,127.984375,20191200,127.578125,20190900,127.984375,20191200
2019-07-25 01:15:00,,20191200,127.5625,20190900,,20191200
2019-07-25 01:30:00,,20191200,127.546875,20190900,,20191200
2019-07-25 01:45:00,,20191200,127.53125,20190900,,20191200
2019-07-25 02:00:00,,20191200,127.546875,20190900,,20191200
2019-07-25 02:15:00,,20191200,127.53125,20190900,,20191200
2019-07-25 02:30:00,,20191200,127.53125,20190900,,20191200
2019-07-25 02:45:00,,20191200,127.53125,20190900,,20191200
2019-07-25 03:00:00,,20191200,127.53125,20190900,,20191200
2019-07-25 03:15:00,,20191200,127.53125,20190900,,20191200
2019-07-25 03:30:00,,20191200,127.53125,20190900,,20191200
2019-07-25 03:45:00,,20191200,127.53125,20190900,,20191200
2019-07-25 04:00:00,,20191200,127.5625,20190900,,20191200
2019-07-25 04:15:00,,20191200,127.53125,20190900,,20191200
2019-07-25 04:30:00,,20191200,127.53125,20190900,,20191200
2019-07-25 04:45:00,,20191200,127.53125,20190900,,20191200
2019-07-25 05:15:00,,20191200,127.53125,20190900,,20191200
2019-07-25 05:30:00,,20191200,127.53125,20190900,,20191200
2019-07-25 05:45:00,,20191200,127.53125,20190900,,20191200
2019-07-25 06:15:00,,20191200,127.546875,20190900,,20191200
2019-07-25 06:30:00,,20191200,127.5625,20190900,,20191200
2019-07-25 06:45:00,,20191200,127.5625,20190900,,20191200
2019-07-25 07:00:00,128.03125,20191200,127.5625,20190900,128.03125,20191200
2019-07-25 07:15:00,,20191200,127.5625,20190900,,20191200
2019-07-25 07:30:00,,20191200,127.609375,20190900,,20191200
2019-07-25 07:45:00,,20191200,127.609375,20190900,,20191200
2019-07-25 08:00:00,128.15625,20191200,127.640625,20190900,128.15625,20191200
2019-07-25 08:15:00,,20191200,127.671875,20190900,,20191200
2019-07-25 08:30:00,,20191200,127.703125,20190900,,20191200
2019-07-25 08:45:00,,20191200,127.71875,20190900,,20191200
2019-07-25 09:00:00,128.125,20191200,127.703125,20190900,128.125,20191200
2019-07-25 09:15:00,,20191200,127.6875,20190900,,20191200
2019-07-25 09:30:00,,20191200,127.65625,20190900,,20191200
2019-07-25 09:45:00,,20191200,127.65625,20190900,,20191200
2019-07-25 10:00:00,128.09375,20191200,127.671875,20190900,128.09375,20191200
2019-07-25 10:15:00,,20191200,127.671875,20190900,,20191200
2019-07-25 10:30:00,,20191200,127.671875,20190900,,20191200
2019-07-25 10:45:00,,20191200,127.671875,20190900,,20191200
2019-07-25 11:00:00,,20191200,127.65625,20190900,,20191200
2019-07-25 11:15:00,,20191200,127.65625,20190900,,20191200
2019-07-25 11:30:00,,20191200,127.671875,20190900,,20191200
2019-07-25 11:45:00,,20191200,127.671875,20190900,,20191200
2019-07-25 12:00:00,,20191200,127.671875,20190900,,20191200
2019-07-25 12:15:00,,20191200,127.6875,20190900,,20191200
2019-07-25 12:30:00,,20191200,127.703125,20190900,,20191200
2019-07-25 12:45:00,,20191200,127.734375,20190900,,20191200
2019-07-25 13:00:00,128.015625,20191200,127.78125,20190900,128.015625,20191200
2019-07-25 13:15:00,,20191200,127.796875,20190900,,20191200
2019-07-25 13:30:00,,20191200,127.65625,20190900,,20191200
2019-07-25 13:45:00,,20191200,127.515625,20190900,,20191200
2019-07-25 14:00:00,127.515625,20191200,127.40625,20190900,127.515625,20191200
2019-07-25 14:15:00,,20191200,127.375,20190900,,20191200
2019-07-25 14:30:00,,20191200,127.265625,20190900,,20191200
2019-07-25 14:45:00,,20191200,127.140625,20190900,,20191200
2019-07-25 15:00:00,127.6875,20191200,127.15625,20190900,127.6875,20191200
2019-07-25 15:15:00,,20191200,127.25,20190900,,20191200
2019-07-25 15:30:00,,20191200,127.328125,20190900,,20191200
2019-07-25 15:45:00,,20191200,127.25,20190900,,20191200
2019-07-25 16:00:00,127.6875,20191200,127.296875,20190900,127.6875,20191200
2019-07-25 16:15:00,,20191200,127.3125,20190900,,20191200
2019-07-25 16:30:00,,20191200,127.296875,20190900,,20191200
2019-07-25 16:45:00,,20191200,127.234375,20190900,,20191200
2019-07-25 17:00:00,127.6875,20191200,127.203125,20190900,127.6875,20191200
2019-07-25 17:15:00,,20191200,127.171875,20190900,,20191200
2019-07-25 17:30:00,,20191200,127.265625,20190900,,20191200
2019-07-25 17:45:00,,20191200,127.28125,20190900,,20191200
2019-07-25 18:00:00,127.703125,20191200,127.25,20190900,127.703125,20191200
2019-07-25 18:15:00,,20191200,127.296875,20190900,,20191200
2019-07-25 18:30:00,,20191200,127.265625,20190900,,20191200
2019-07-25 18:45:00,,20191200,127.296875,20190900,,20191200
2019-07-25 19:00:00,127.703125,20191200,127.296875,20190900,127.703125,20191200
2019-07-25 19:15:00,,20191200,127.3125,20190900,,20191200
2019-07-25 19:30:00,,20191200,127.265625,20190900,,20191200
2019-07-25 19:45:00,,20191200,127.28125,20190900,,20191200
2019-07-25 20:00:00,127.6875,20191200,127.265625,20190900,127.6875,20191200
2019-07-25 20:15:00,,20191200,127.28125,20190900,,20191200
2019-07-25 20:30:00,,20191200,127.265625,20190900,,20191200
2019-07-25 20:45:00,,20191200,127.296875,20190900,,20191200
2019-07-25 21:00:00,127.609375,20191200,127.25,20190900,127.609375,20191200
2019-07-25 21:15:00,,20191200,127.203125,20190900,,20191200
2019-07-25 21:30:00,,20191200,127.203125,20190900,,20191200
2019-07-25 21:45:00,,20191200,127.234375,20190900,,20191200
2019-07-25 23:00:00,127.984375,20191200,127.546875,20190900,127.984375,20191200
2019-07-25 23:15:00,,20191200,127.203125,20190900,,20191200
2019-07-25 23:30:00,,20191200,127.234375,20190900,,20191200
2019-07-25 23:45:00,,20191200,127.265625,20190900,,20191200
2019-07-26 00:00:00,,20191200,127.265625,20190900,,20191200
2019-07-26 00:15:00,,20191200,127.265625,20190900,,20191200
2019-07-26 00:30:00,,20191200,127.234375,20190900,,20191200
2019-07-26 00:45:00,,20191200,127.25,20190900,,20191200
2019-07-26 01:00:00,127.65625,20191200,127.3125,20190900,127.65625,20191200
2019-07-26 01:15:00,,20191200,127.296875,20190900,,20191200
2019-07-26 01:30:00,,20191200,127.28125,20190900,,20191200
2019-07-26 01:45:00,,20191200,127.28125,20190900,,20191200
2019-07-26 02:00:00,127.75,20191200,127.296875,20190900,127.75,20191200
2019-07-26 02:15:00,,20191200,127.3125,20190900,,20191200
2019-07-26 02:30:00,,20191200,127.3125,20190900,,20191200
2019-07-26 02:45:00,,20191200,127.3125,20190900,,20191200
2019-07-26 03:00:00,127.75,20191200,127.328125,20190900,127.75,20191200
2019-07-26 03:15:00,,20191200,127.34375,20190900,,20191200
2019-07-26 03:30:00,,20191200,127.34375,20190900,,20191200
2019-07-26 03:45:00,,20191200,127.328125,20190900,,20191200
2019-07-26 04:00:00,,20191200,127.328125,20190900,,20191200
2019-07-26 04:15:00,,20191200,127.34375,20190900,,20191200
2019-07-26 04:30:00,,20191200,127.34375,20190900,,20191200
2019-07-26 04:45:00,,20191200,127.328125,20190900,,20191200
2019-07-26 05:15:00,,20191200,127.3125,20190900,,20191200
2019-07-26 05:30:00,,20191200,127.3125,20190900,,20191200
2019-07-26 05:45:00,,20191200,127.3125,20190900,,20191200
2019-07-26 06:15:00,,20191200,127.28125,20190900,,20191200
2019-07-26 06:30:00,,20191200,127.296875,20190900,,20191200
2019-07-26 06:45:00,,20191200,127.28125,20190900,,20191200
2019-07-26 07:00:00,,20191200,127.28125,20190900,,20191200
2019-07-26 07:15:00,,20191200,127.328125,20190900,,20191200
2019-07-26 07:30:00,,20191200,127.34375,20190900,,20191200
2019-07-26 07:45:00,,20191200,127.34375,20190900,,20191200
2019-07-26 08:00:00,,20191200,127.359375,20190900,,20191200
2019-07-26 08:15:00,,20191200,127.3125,20190900,,20191200
2019-07-26 08:30:00,,20191200,127.3125,20190900,,20191200
2019-07-26 08:45:00,,20191200,127.328125,20190900,,20191200
2019-07-26 09:00:00,,20191200,127.265625,20190900,,20191200
2019-07-26 09:15:00,,20191200,127.234375,20190900,,20191200
2019-07-26 09:30:00,,20191200,127.25,20190900,,20191200
2019-07-26 09:45:00,,20191200,127.25,20190900,,20191200
2019-07-26 10:00:00,127.703125,20191200,127.28125,20190900,127.703125,20191200
2019-07-26 10:15:00,,20191200,127.296875,20190900,,20191200
2019-07-26 10:30:00,,20191200,127.296875,20190900,,20191200
2019-07-26 10:45:00,,20191200,127.296875,20190900,,20191200
2019-07-26 11:00:00,,20191200,127.3125,20190900,,20191200
2019-07-26 11:15:00,,20191200,127.296875,20190900,,20191200
2019-07-26 11:30:00,,20191200,127.328125,20190900,,20191200
2019-07-26 11:45:00,,20191200,127.3125,20190900,,20191200
2019-07-26 12:00:00,,20191200,127.328125,20190900,,20191200
2019-07-26 12:15:00,,20191200,127.328125,20190900,,20191200
2019-07-26 12:30:00,,20191200,127.3125,20190900,,20191200
2019-07-26 12:45:00,,20191200,127.296875,20190900,,20191200
2019-07-26 13:00:00,127.609375,20191200,127.3125,20190900,127.609375,20191200
2019-07-26 13:15:00,,20191200,127.1875,20190900,,20191200
2019-07-26 13:30:00,,20191200,127.171875,20190900,,20191200
2019-07-26 13:45:00,,20191200,127.203125,20190900,,20191200
2019-07-26 14:00:00,127.765625,20191200,127.234375,20190900,127.765625,20191200
2019-07-26 14:15:00,,20191200,127.296875,20190900,,20191200
2019-07-26 14:30:00,,20191200,127.28125,20190900,,20191200
2019-07-26 14:45:00,,20191200,127.203125,20190900,,20191200
2019-07-26 15:00:00,127.65625,20191200,127.21875,20190900,127.65625,20191200
2019-07-26 15:15:00,,20191200,127.1875,20190900,,20191200
2019-07-26 15:30:00,,20191200,127.234375,20190900,,20191200
2019-07-26 15:45:00,,20191200,127.21875,20190900,,20191200
2019-07-26 16:00:00,127.71875,20191200,127.3125,20190900,127.71875,20191200
2019-07-26 16:15:00,,20191200,127.3125,20190900,,20191200
2019-07-26 16:30:00,,20191200,127.28125,20190900,,20191200
2019-07-26 16:45:00,,20191200,127.28125,20190900,,20191200
2019-07-26 17:00:00,127.703125,20191200,127.265625,20190900,127.703125,20191200
2019-07-26 17:15:00,,20191200,127.28125,20190900,,20191200
2019-07-26 17:30:00,,20191200,127.28125,20190900,,20191200
2019-07-26 17:45:00,,20191200,127.265625,20190900,,20191200
2019-07-26 18:00:00,127.6875,20191200,127.296875,20190900,127.6875,20191200
2019-07-26 18:15:00,,20191200,127.28125,20190900,,20191200
2019-07-26 18:30:00,,20191200,127.25,20190900,,20191200
2019-07-26 18:45:00,,20191200,127.265625,20190900,,20191200
2019-07-26 19:00:00,127.65625,20191200,127.25,20190900,127.65625,20191200
2019-07-26 19:15:00,,20191200,127.25,20190900,,20191200
2019-07-26 19:30:00,,20191200,127.21875,20190900,,20191200
2019-07-26 19:45:00,,20191200,127.234375,20190900,,20191200
2019-07-26 20:00:00,127.703125,20191200,127.265625,20190900,127.703125,20191200
2019-07-26 20:15:00,,20191200,127.265625,20190900,,20191200
2019-07-26 20:30:00,,20191200,127.296875,20190900,,20191200
2019-07-26 20:45:00,,20191200,127.28125,20190900,,20191200
2019-07-26 21:00:00,127.75,20191200,127.28125,20190900,127.75,20191200
2019-07-26 21:15:00,,20191200,127.265625,20190900,,20191200
2019-07-26 21:30:00,,20191200,127.28125,20190900,,20191200
2019-07-26 21:45:00,,20191200,127.3125,20190900,,20191200
2019-07-26 23:00:00,127.71875,20191200,127.3125,20190900,127.71875,20191200
2019-07-28 23:00:00,,20191200,127.3125,20190900,,20191200
2019-07-28 23:15:00,,20191200,127.3125,20190900,,20191200
2019-07-28 23:30:00,,20191200,127.296875,20190900,,20191200
2019-07-28 23:45:00,,20191200,127.3125,20190900,,20191200
2019-07-29 00:00:00,,20191200,127.3125,20190900,,20191200
2019-07-29 00:15:00,,20191200,127.328125,20190900,,20191200
2019-07-29 00:30:00,,20191200,127.34375,20190900,,20191200
2019-07-29 00:45:00,,20191200,127.34375,20190900,,20191200
2019-07-29 01:00:00,,20191200,127.359375,20190900,,20191200
2019-07-29 01:15:00,,20191200,127.375,20190900,,20191200
2019-07-29 01:30:00,,20191200,127.375,20190900,,20191200
2019-07-29 01:45:00,,20191200,127.390625,20190900,,20191200
2019-07-29 02:00:00,127.8125,20191200,127.390625,20190900,127.8125,20191200
2019-07-29 02:15:00,,20191200,127.390625,20190900,,20191200
2019-07-29 02:30:00,,20191200,127.390625,20190900,,20191200
2019-07-29 02:45:00,,20191200,127.390625,20190900,,20191200
2019-07-29 03:00:00,,20191200,127.390625,20190900,,20191200
2019-07-29 03:15:00,,20191200,127.375,20190900,,20191200
2019-07-29 03:30:00,,20191200,127.390625,20190900,,20191200
2019-07-29 03:45:00,,20191200,127.375,20190900,,20191200
2019-07-29 04:00:00,,20191200,127.390625,20190900,,20191200
2019-07-29 04:15:00,,20191200,127.375,20190900,,20191200
2019-07-29 04:30:00,,20191200,127.390625,20190900,,20191200
2019-07-29 04:45:00,,20191200,127.375,20190900,,20191200
2019-07-29 05:15:00,,20191200,127.34375,20190900,,20191200
2019-07-29 05:30:00,,20191200,127.34375,20190900,,20191200
2019-07-29 05:45:00,,20191200,127.328125,20190900,,20191200
2019-07-29 06:15:00,,20191200,127.328125,20190900,,20191200
2019-07-29 06:30:00,,20191200,127.328125,20190900,,20191200
2019-07-29 06:45:00,,20191200,127.328125,20190900,,20191200
2019-07-29 07:00:00,127.78125,20191200,127.3125,20190900,127.78125,20191200
2019-07-29 07:15:00,,20191200,127.34375,20190900,,20191200
2019-07-29 07:30:00,,20191200,127.34375,20190900,,20191200
2019-07-29 07:45:00,,20191200,127.390625,20190900,,20191200
2019-07-29 08:00:00,,20191200,127.40625,20190900,,20191200
2019-07-29 08:15:00,,20191200,127.375,20190900,,20191200
2019-07-29 08:30:00,,20191200,127.375,20190900,,20191200
2019-07-29 08:45:00,,20191200,127.359375,20190900,,20191200
2019-07-29 09:00:00,,20191200,127.375,20190900,,20191200
2019-07-29 09:15:00,,20191200,127.375,20190900,,20191200
2019-07-29 09:30:00,,20191200,127.375,20190900,,20191200
2019-07-29 09:45:00,,20191200,127.375,20190900,,20191200
2019-07-29 10:00:00,,20191200,127.359375,20190900,,20191200
2019-07-29 10:15:00,,20191200,127.34375,20190900,,20191200
2019-07-29 10:30:00,,20191200,127.375,20190900,,20191200
2019-07-29 10:45:00,,20191200,127.375,20190900,,20191200
2019-07-29 11:00:00,127.828125,20191200,127.390625,20190900,127.828125,20191200
2019-07-29 11:15:00,,20191200,127.390625,20190900,,20191200
2019-07-29 11:30:00,,20191200,127.390625,20190900,,20191200
2019-07-29 11:45:00,,20191200,127.390625,20190900,,20191200
2019-07-29 12:00:00,,20191200,127.453125,20190900,,20191200
2019-07-29 12:15:00,,20191200,127.40625,20190900,,20191200
2019-07-29 12:30:00,,20191200,127.421875,20190900,,20191200
2019-07-29 12:45:00,,20191200,127.4375,20190900,,20191200
2019-07-29 13:00:00,127.890625,20191200,127.4375,20190900,127.890625,20191200
2019-07-29 13:15:00,,20191200,127.453125,20190900,,20191200
2019-07-29 13:30:00,,20191200,127.4375,20190900,,20191200
2019-07-29 13:45:00,,20191200,127.484375,20190900,,20191200
2019-07-29 14:00:00,127.90625,20191200,127.453125,20190900,127.90625,20191200
2019-07-29 14:15:00,,20191200,127.453125,20190900,,20191200
2019-07-29 14:30:00,,20191200,127.46875,20190900,,20191200
2019-07-29 14:45:00,,20191200,127.46875,20190900,,20191200
2019-07-29 15:00:00,127.859375,20191200,127.46875,20190900,127.859375,20191200
2019-07-29 15:15:00,,20191200,127.4375,20190900,,20191200
2019-07-29 15:30:00,,20191200,127.421875,20190900,,20191200
2019-07-29 15:45:00,,20191200,127.421875,20190900,,20191200
2019-07-29 16:00:00,127.859375,20191200,127.375,20190900,127.859375,20191200
2019-07-29 16:15:00,,20191200,127.390625,20190900,,20191200
2019-07-29 16:30:00,,20191200,127.421875,20190900,,20191200
2019-07-29 16:45:00,,20191200,127.421875,20190900,,20191200
2019-07-29 17:00:00,127.90625,20191200,127.4375,20190900,127.90625,20191200
2019-07-29 17:15:00,,20191200,127.453125,20190900,,20191200
2019-07-29 17:30:00,,20191200,127.453125,20190900,,20191200
2019-07-29 17:45:00,,20191200,127.453125,20190900,,20191200
2019-07-29 18:00:00,127.90625,20191200,127.4375,20190900,127.90625,20191200
2019-07-29 18:15:00,,20191200,127.46875,20190900,,20191200
2019-07-29 18:30:00,,20191200,127.484375,20190900,,20191200
2019-07-29 18:45:00,,20191200,127.484375,20190900,,20191200
2019-07-29 19:00:00,,20191200,127.46875,20190900,,20191200
2019-07-29 19:15:00,,20191200,127.421875,20190900,,20191200
2019-07-29 19:30:00,,20191200,127.40625,20190900,,20191200
2019-07-29 19:45:00,,20191200,127.453125,20190900,,20191200
2019-07-29 20:00:00,127.8125,20191200,127.421875,20190900,127.8125,20191200
2019-07-29 20:15:00,,20191200,127.421875,20190900,,20191200
2019-07-29 20:30:00,,20191200,127.390625,20190900,,20191200
2019-07-29 20:45:00,,20191200,127.375,20190900,,20191200
2019-07-29 21:00:00,127.796875,20191200,127.421875,20190900,127.796875,20191200
2019-07-29 21:15:00,,20191200,127.390625,20190900,,20191200
2019-07-29 21:30:00,,20191200,127.375,20190900,,20191200
2019-07-29 21:45:00,,20191200,127.359375,20190900,,20191200
2019-07-29 23:00:00,127.796875,20191200,127.328125,20190900,127.796875,20191200
2019-07-29 23:15:00,,20191200,127.328125,20190900,,20191200
2019-07-29 23:30:00,,20191200,127.34375,20190900,,20191200
2019-07-29 23:45:00,,20191200,127.34375,20190900,,20191200
2019-07-30 00:00:00,,20191200,127.34375,20190900,,20191200
2019-07-30 00:15:00,,20191200,127.34375,20190900,,20191200
2019-07-30 00:30:00,,20191200,127.328125,20190900,,20191200
2019-07-30 00:45:00,,20191200,127.390625,20190900,,20191200
2019-07-30 01:00:00,,20191200,127.359375,20190900,,20191200
2019-07-30 01:15:00,,20191200,127.359375,20190900,,20191200
2019-07-30 01:30:00,,20191200,127.375,20190900,,20191200
2019-07-30 01:45:00,,20191200,127.375,20190900,,20191200
2019-07-30 02:00:00,,20191200,127.375,20190900,,20191200
2019-07-30 02:15:00,,20191200,127.34375,20190900,,20191200
2019-07-30 02:30:00,,20191200,127.34375,20190900,,20191200
2019-07-30 02:45:00,,20191200,127.34375,20190900,,20191200
2019-07-30 03:00:00,,20191200,127.359375,20190900,,20191200
2019-07-30 03:15:00,,20191200,127.359375,20190900,,20191200
2019-07-30 03:30:00,,20191200,127.34375,20190900,,20191200
2019-07-30 03:45:00,,20191200,127.359375,20190900,,20191200
2019-07-30 04:00:00,,20191200,127.359375,20190900,,20191200
2019-07-30 04:15:00,,20191200,127.359375,20190900,,20191200
2019-07-30 04:30:00,,20191200,127.359375,20190900,,20191200
2019-07-30 04:45:00,,20191200,127.390625,20190900,,20191200
2019-07-30 05:15:00,,20191200,127.390625,20190900,,20191200
2019-07-30 05:30:00,,20191200,127.375,20190900,,20191200
2019-07-30 05:45:00,,20191200,127.359375,20190900,,20191200
2019-07-30 06:15:00,,20191200,127.375,20190900,,20191200
2019-07-30 06:30:00,,20191200,127.390625,20190900,,20191200
2019-07-30 06:45:00,,20191200,127.390625,20190900,,20191200
2019-07-30 07:00:00,,20191200,127.40625,20190900,,20191200
2019-07-30 07:15:00,,20191200,127.40625,20190900,,20191200
2019-07-30 07:30:00,,20191200,127.421875,20190900,,20191200
2019-07-30 07:45:00,,20191200,127.421875,20190900,,20191200
2019-07-30 08:00:00,,20191200,127.40625,20190900,,20191200
2019-07-30 08:15:00,,20191200,127.40625,20190900,,20191200
2019-07-30 08:30:00,,20191200,127.40625,20190900,,20191200
2019-07-30 08:45:00,,20191200,127.421875,20190900,,20191200
2019-07-30 09:00:00,,20191200,127.4375,20190900,,20191200
2019-07-30 09:15:00,,20191200,127.453125,20190900,,20191200
2019-07-30 09:30:00,,20191200,127.453125,20190900,,20191200
2019-07-30 09:45:00,,20191200,127.453125,20190900,,20191200
2019-07-30 10:00:00,,20191200,127.484375,20190900,,20191200
2019-07-30 10:15:00,,20191200,127.453125,20190900,,20191200
2019-07-30 10:30:00,,20191200,127.4375,20190900,,20191200
2019-07-30 10:45:00,,20191200,127.453125,20190900,,20191200
2019-07-30 11:00:00,127.875,20191200,127.453125,20190900,127.875,20191200
2019-07-30 11:15:00,,20191200,127.4375,20190900,,20191200
2019-07-30 11:30:00,,20191200,127.4375,20190900,,20191200
2019-07-30 11:45:00,,20191200,127.40625,20190900,,20191200
2019-07-30 12:00:00,127.921875,20191200,127.484375,20190900,127.921875,20191200
2019-07-30 12:15:00,,20191200,127.46875,20190900,,20191200
2019-07-30 12:30:00,,20191200,127.46875,20190900,,20191200
2019-07-30 12:45:00,,20191200,127.453125,20190900,,20191200
2019-07-30 13:00:00,127.8125,20191200,127.453125,20190900,127.8125,20191200
2019-07-30 13:15:00,,20191200,127.484375,20190900,,20191200
2019-07-30 13:30:00,,20191200,127.375,20190900,,20191200
2019-07-30 13:45:00,,20191200,127.40625,20190900,,20191200
2019-07-30 14:00:00,127.90625,20191200,127.390625,20190900,127.90625,20191200
2019-07-30 14:15:00,,20191200,127.40625,20190900,,20191200
2019-07-30 14:30:00,,20191200,127.453125,20190900,,20191200
2019-07-30 14:45:00,,20191200,127.421875,20190900,,20191200
2019-07-30 15:00:00,127.8125,20191200,127.328125,20190900,127.8125,20191200
2019-07-30 15:15:00,,20191200,127.40625,20190900,,20191200
2019-07-30 15:30:00,,20191200,127.359375,20190900,,20191200
2019-07-30 15:45:00,,20191200,127.34375,20190900,,20191200
2019-07-30 16:00:00,127.6875,20191200,127.328125,20190900,127.6875,20191200
2019-07-30 16:15:00,,20191200,127.265625,20190900,,20191200
2019-07-30 16:30:00,,20191200,127.25,20190900,,20191200
2019-07-30 16:45:00,,20191200,127.28125,20190900,,20191200
2019-07-30 17:00:00,127.703125,20191200,127.296875,20190900,127.703125,20191200
2019-07-30 17:15:00,,20191200,127.28125,20190900,,20191200
2019-07-30 17:30:00,,20191200,127.25,20190900,,20191200
2019-07-30 17:45:00,,20191200,127.28125,20190900,,20191200
2019-07-30 18:00:00,127.734375,20191200,127.265625,20190900,127.734375,20191200
2019-07-30 18:15:00,,20191200,127.296875,20190900,,20191200
2019-07-30 18:30:00,,20191200,127.3125,20190900,,20191200
2019-07-30 18:45:00,,20191200,127.3125,20190900,,20191200
2019-07-30 19:00:00,127.78125,20191200,127.3125,20190900,127.78125,20191200
2019-07-30 19:15:00,,20191200,127.296875,20190900,,20191200
2019-07-30 19:30:00,,20191200,127.328125,20190900,,20191200
2019-07-30 19:45:00,,20191200,127.359375,20190900,,20191200
2019-07-30 20:00:00,127.796875,20191200,127.359375,20190900,127.796875,20191200
2019-07-30 20:15:00,,20191200,127.390625,20190900,,20191200
2019-07-30 20:30:00,,20191200,127.375,20190900,,20191200
2019-07-30 20:45:00,,20191200,127.375,20190900,,20191200
2019-07-30 21:00:00,127.8125,20191200,127.34375,20190900,127.8125,20191200
2019-07-30 21:15:00,,20191200,127.375,20190900,,20191200
2019-07-30 21:30:00,,20191200,127.34375,20190900,,20191200
2019-07-30 21:45:00,,20191200,127.359375,20190900,,20191200
2019-07-30 23:00:00,127.78125,20191200,127.375,20190900,127.78125,20191200
2019-07-30 23:15:00,,20191200,127.390625,20190900,,20191200
2019-07-30 23:30:00,,20191200,127.390625,20190900,,20191200
2019-07-30 23:45:00,,20191200,127.375,20190900,,20191200
2019-07-31 00:00:00,,20191200,127.375,20190900,,20191200
2019-07-31 00:15:00,,20191200,127.375,20190900,,20191200
2019-07-31 00:30:00,,20191200,127.375,20190900,,20191200
2019-07-31 00:45:00,,20191200,127.359375,20190900,,20191200
2019-07-31 01:00:00,,20191200,127.359375,20190900,,20191200
2019-07-31 01:15:00,,20191200,127.375,20190900,,20191200
2019-07-31 01:30:00,,20191200,127.390625,20190900,,20191200
2019-07-31 01:45:00,,20191200,127.375,20190900,,20191200
2019-07-31 02:00:00,127.8125,20191200,127.375,20190900,127.8125,20191200
2019-07-31 02:15:00,,20191200,127.40625,20190900,,20191200
2019-07-31 02:30:00,,20191200,127.40625,20190900,,20191200
2019-07-31 02:45:00,,20191200,127.421875,20190900,,20191200
2019-07-31 03:00:00,,20191200,127.4375,20190900,,20191200
2019-07-31 03:15:00,,20191200,127.390625,20190900,,20191200
2019-07-31 03:30:00,,20191200,127.390625,20190900,,20191200
2019-07-31 03:45:00,,20191200,127.40625,20190900,,20191200
2019-07-31 04:00:00,,20191200,127.421875,20190900,,20191200
2019-07-31 04:15:00,,20191200,127.421875,20190900,,20191200
2019-07-31 04:30:00,,20191200,127.390625,20190900,,20191200
2019-07-31 04:45:00,,20191200,127.390625,20190900,,20191200
2019-07-31 05:15:00,,20191200,127.40625,20190900,,20191200
2019-07-31 05:30:00,,20191200,127.40625,20190900,,20191200
2019-07-31 05:45:00,,20191200,127.390625,20190900,,20191200
2019-07-31 06:15:00,,20191200,127.40625,20190900,,20191200
2019-07-31 06:30:00,,20191200,127.390625,20190900,,20191200
2019-07-31 06:45:00,,20191200,127.390625,20190900,,20191200
2019-07-31 07:00:00,127.890625,20191200,127.390625,20190900,127.890625,20191200
2019-07-31 07:15:00,,20191200,127.453125,20190900,,20191200
2019-07-31 07:30:00,,20191200,127.453125,20190900,,20191200
2019-07-31 07:45:00,,20191200,127.453125,20190900,,20191200
2019-07-31 08:00:00,127.90625,20191200,127.453125,20190900,127.90625,20191200
2019-07-31 08:15:00,,20191200,127.4375,20190900,,20191200
2019-07-31 08:30:00,,20191200,127.40625,20190900,,20191200
2019-07-31 08:45:00,,20191200,127.40625,20190900,,20191200
2019-07-31 09:00:00,,20191200,127.421875,20190900,,20191200
2019-07-31 09:15:00,,20191200,127.421875,20190900,,20191200
2019-07-31 09:30:00,,20191200,127.453125,20190900,,20191200
2019-07-31 09:45:00,,20191200,127.421875,20190900,,20191200
2019-07-31 10:00:00,,20191200,127.390625,20190900,,20191200
2019-07-31 10:15:00,,20191200,127.390625,20190900,,20191200
2019-07-31 10:30:00,,20191200,127.40625,20190900,,20191200
2019-07-31 10:45:00,,20191200,127.390625,20190900,,20191200
2019-07-31 11:00:00,,20191200,127.421875,20190900,,20191200
2019-07-31 11:15:00,,20191200,127.453125,20190900,,20191200
2019-07-31 11:30:00,,20191200,127.453125,20190900,,20191200
2019-07-31 11:45:00,,20191200,127.4375,20190900,,20191200
2019-07-31 12:00:00,,20191200,127.453125,20190900,,20191200
2019-07-31 12:15:00,,20191200,127.453125,20190900,,20191200
2019-07-31 12:30:00,,20191200,127.4375,20190900,,20191200
2019-07-31 12:45:00,,20191200,127.421875,20190900,,20191200
2019-07-31 13:00:00,127.84375,20191200,127.4375,20190900,127.84375,20191200
2019-07-31 13:15:00,,20191200,127.359375,20190900,,20191200
2019-07-31 13:30:00,,20191200,127.390625,20190900,,20191200
2019-07-31 13:45:00,,20191200,127.40625,20190900,,20191200
2019-07-31 14:00:00,127.875,20191200,127.34375,20190900,127.875,20191200
2019-07-31 14:15:00,,20191200,127.34375,20190900,,20191200
2019-07-31 14:30:00,,20191200,127.453125,20190900,,20191200
2019-07-31 14:45:00,,20191200,127.4375,20190900,,20191200
2019-07-31 15:00:00,127.953125,20191200,127.4375,20190900,127.953125,20191200
2019-07-31 15:15:00,,20191200,127.46875,20190900,,20191200
2019-07-31 15:30:00,,20191200,127.46875,20190900,,20191200
2019-07-31 15:45:00,,20191200,127.515625,20190900,,20191200
2019-07-31 16:00:00,128.0,20191200,127.5,20190900,128.0,20191200
2019-07-31 16:15:00,,20191200,127.546875,20190900,,20191200
2019-07-31 16:30:00,,20191200,127.546875,20190900,,20191200
2019-07-31 16:45:00,,20191200,127.546875,20190900,,20191200
2019-07-31 17:00:00,128.03125,20191200,127.5625,20190900,128.03125,20191200
2019-07-31 17:15:00,,20191200,127.5625,20190900,,20191200
2019-07-31 17:30:00,,20191200,127.546875,20190900,,20191200
2019-07-31 17:45:00,,20191200,127.59375,20190900,,20191200
2019-07-31 18:00:00,128.015625,20191200,127.59375,20190900,128.015625,20191200
2019-07-31 18:15:00,,20191200,127.578125,20190900,,20191200
2019-07-31 18:30:00,,20191200,127.609375,20190900,,20191200
2019-07-31 18:45:00,,20191200,127.578125,20190900,,20191200
2019-07-31 19:00:00,127.9375,20191200,127.625,20190900,127.9375,20191200
2019-07-31 19:15:00,,20191200,127.65625,20190900,,20191200
2019-07-31 19:30:00,,20191200,127.4375,20190900,,20191200
2019-07-31 19:45:00,,20191200,127.453125,20190900,,20191200
2019-07-31 20:00:00,128.03125,20191200,127.515625,20190900,128.03125,20191200
2019-07-31 20:15:00,,20191200,127.46875,20190900,,20191200
2019-07-31 20:30:00,,20191200,127.46875,20190900,,20191200
2019-07-31 20:45:00,,20191200,127.53125,20190900,,20191200
2019-07-31 21:00:00,128.03125,20191200,127.5625,20190900,128.03125,20191200
2019-07-31 21:15:00,,20191200,127.578125,20190900,,20191200
2019-07-31 21:30:00,,20191200,127.59375,20190900,,20191200
2019-07-31 21:45:00,,20191200,127.53125,20190900,,20191200
2019-07-31 23:00:00,128.0,20191200,127.40625,20190900,128.0,20191200
2019-07-31 23:15:00,,20191200,127.546875,20190900,,20191200
2019-07-31 23:30:00,,20191200,127.53125,20190900,,20191200
2019-07-31 23:45:00,,20191200,127.515625,20190900,,20191200
2019-08-01 00:00:00,127.890625,20191200,127.5,20190900,127.890625,20191200
2019-08-01 00:15:00,,20191200,127.484375,20190900,,20191200
2019-08-01 00:30:00,,20191200,127.453125,20190900,,20191200
2019-08-01 00:45:00,,20191200,127.421875,20190900,,20191200
2019-08-01 01:00:00,127.671875,20191200,127.359375,20190900,127.671875,20191200
2019-08-01 01:15:00,,20191200,127.28125,20190900,,20191200
2019-08-01 01:30:00,,20191200,127.234375,20190900,,20191200
2019-08-01 01:45:00,,20191200,127.28125,20190900,,20191200
2019-08-01 02:00:00,127.765625,20191200,127.3125,20190900,127.765625,20191200
2019-08-01 02:15:00,,20191200,127.3125,20190900,,20191200
2019-08-01 02:30:00,,20191200,127.328125,20190900,,20191200
2019-08-01 02:45:00,,20191200,127.328125,20190900,,20191200
2019-08-01 03:00:00,,20191200,127.34375,20190900,,20191200
2019-08-01 03:15:00,,20191200,127.328125,20190900,,20191200
2019-08-01 03:30:00,,20191200,127.328125,20190900,,20191200
2019-08-01 03:45:00,,20191200,127.3125,20190900,,20191200
2019-08-01 04:00:00,,20191200,127.296875,20190900,,20191200
2019-08-01 04:15:00,,20191200,127.296875,20190900,,20191200
2019-08-01 04:30:00,,20191200,127.328125,20190900,,20191200
2019-08-01 04:45:00,,20191200,127.328125,20190900,,20191200
2019-08-01 05:15:00,,20191200,127.34375,20190900,,20191200
2019-08-01 05:30:00,,20191200,127.34375,20190900,,20191200
2019-08-01 05:45:00,,20191200,127.359375,20190900,,20191200
2019-08-01 06:15:00,,20191200,127.3125,20190900,,20191200
2019-08-01 06:30:00,,20191200,127.296875,20190900,,20191200
2019-08-01 06:45:00,,20191200,127.28125,20190900,,20191200
2019-08-01 07:00:00,127.671875,20191200,127.21875,20190900,127.671875,20191200
2019-08-01 07:15:00,,20191200,127.203125,20190900,,20191200
2019-08-01 07:30:00,,20191200,127.234375,20190900,,20191200
2019-08-01 07:45:00,,20191200,127.1875,20190900,,20191200
2019-08-01 08:00:00,127.671875,20191200,127.203125,20190900,127.671875,20191200
2019-08-01 08:15:00,,20191200,127.234375,20190900,,20191200
2019-08-01 08:30:00,,20191200,127.234375,20190900,,20191200
2019-08-01 08:45:00,,20191200,127.203125,20190900,,20191200
2019-08-01 09:00:00,,20191200,127.203125,20190900,,20191200
2019-08-01 09:15:00,,20191200,127.203125,20190900,,20191200
2019-08-01 09:30:00,,20191200,127.171875,20190900,,20191200
2019-08-01 09:45:00,,20191200,127.171875,20190900,,20191200
2019-08-01 10:00:00,127.75,20191200,127.203125,20190900,127.75,20191200
2019-08-01 10:15:00,,20191200,127.21875,20190900,,20191200
2019-08-01 10:30:00,,20191200,127.234375,20190900,,20191200
2019-08-01 10:45:00,,20191200,127.265625,20190900,,20191200
2019-08-01 11:00:00,127.765625,20191200,127.3125,20190900,127.765625,20191200
2019-08-01 11:15:00,,20191200,127.3125,20190900,,20191200
2019-08-01 11:30:00,,20191200,127.3125,20190900,,20191200
2019-08-01 11:45:00,,20191200,127.28125,20190900,,20191200
2019-08-01 12:00:00,,20191200,127.265625,20190900,,20191200
2019-08-01 12:15:00,,20191200,127.28125,20190900,,20191200
2019-08-01 12:30:00,,20191200,127.296875,20190900,,20191200
2019-08-01 12:45:00,,20191200,127.265625,20190900,,20191200
2019-08-01 13:00:00,128.046875,20191200,127.34375,20190900,128.046875,20191200
2019-08-01 13:15:00,,20191200,127.421875,20190900,,20191200
2019-08-01 13:30:00,,20191200,127.515625,20190900,,20191200
2019-08-01 13:45:00,,20191200,127.546875,20190900,,20191200
2019-08-01 14:00:00,128.1875,20191200,127.59375,20190900,128.1875,20191200
2019-08-01 14:15:00,,20191200,127.65625,20190900,,20191200
2019-08-01 14:30:00,,20191200,127.71875,20190900,,20191200
2019-08-01 14:45:00,,20191200,127.703125,20190900,,20191200
2019-08-01 15:00:00,128.53125,20191200,127.8125,20190900,128.53125,20191200
2019-08-01 15:15:00,,20191200,127.828125,20190900,,20191200
2019-08-01 15:30:00,,20191200,127.953125,20190900,,20191200
2019-08-01 15:45:00,,20191200,128.046875,20190900,,20191200
2019-08-01 16:00:00,128.46875,20191200,127.953125,20190900,128.46875,20191200
2019-08-01 16:15:00,,20191200,128.0,20190900,,20191200
2019-08-01 16:30:00,,20191200,128.015625,20190900,,20191200
2019-08-01 16:45:00,,20191200,127.96875,20190900,,20191200
2019-08-01 17:00:00,128.53125,20191200,127.96875,20190900,128.53125,20191200
2019-08-01 17:15:00,,20191200,128.0,20190900,,20191200
2019-08-01 17:30:00,,20191200,128.046875,20190900,,20191200
2019-08-01 17:45:00,,20191200,128.046875,20190900,,20191200
2019-08-01 18:00:00,129.15625,20191200,128.03125,20190900,129.15625,20191200
2019-08-01 18:15:00,,20191200,128.4375,20190900,,20191200
2019-08-01 18:30:00,,20191200,128.6875,20190900,,20191200
2019-08-01 18:45:00,,20191200,128.671875,20190900,,20191200
2019-08-01 19:00:00,129.171875,20191200,128.546875,20190900,129.171875,20191200
2019-08-01 19:15:00,,20191200,128.65625,20190900,,20191200
2019-08-01 19:30:00,,20191200,128.703125,20190900,,20191200
2019-08-01 19:45:00,,20191200,128.703125,20190900,,20191200
2019-08-01 20:00:00,129.265625,20191200,128.78125,20190900,129.265625,20191200
2019-08-01 20:15:00,,20191200,128.6875,20190900,,20191200
2019-08-01 20:30:00,,20191200,128.703125,20190900,,20191200
2019-08-01 20:45:00,,20191200,128.765625,20190900,,20191200
2019-08-01 21:00:00,129.171875,20191200,128.6875,20190900,129.171875,20191200
2019-08-01 21:15:00,,20191200,128.5625,20190900,,20191200
2019-08-01 21:30:00,,20191200,128.609375,20190900,,20191200
2019-08-01 21:45:00,,20191200,128.671875,20190900,,20191200
2019-08-01 23:00:00,129.203125,20191200,127.34375,20190900,129.203125,20191200
2019-08-01 23:15:00,,20191200,128.65625,20190900,,20191200
2019-08-01 23:30:00,,20191200,128.65625,20190900,,20191200
2019-08-01 23:45:00,,20191200,128.734375,20190900,,20191200
2019-08-02 00:00:00,129.171875,20191200,128.6875,20190900,129.171875,20191200
2019-08-02 00:15:00,,20191200,128.75,20190900,,20191200
2019-08-02 00:30:00,,20191200,128.65625,20190900,,20191200
2019-08-02 00:45:00,,20191200,128.671875,20190900,,20191200
2019-08-02 01:00:00,129.28125,20191200,128.59375,20190900,129.28125,20191200
2019-08-02 01:15:00,,20191200,128.6875,20190900,,20191200
2019-08-02 01:30:00,,20191200,128.703125,20190900,,20191200
2019-08-02 01:45:00,,20191200,128.796875,20190900,,20191200
2019-08-02 02:00:00,129.25,20191200,128.8125,20190900,129.25,20191200
2019-08-02 02:15:00,,20191200,128.8125,20190900,,20191200
2019-08-02 02:30:00,,20191200,128.765625,20190900,,20191200
2019-08-02 02:45:00,,20191200,128.6875,20190900,,20191200
2019-08-02 03:00:00,129.25,20191200,128.734375,20190900,129.25,20191200
2019-08-02 03:15:00,,20191200,128.734375,20190900,,20191200
2019-08-02 03:30:00,,20191200,128.78125,20190900,,20191200
2019-08-02 03:45:00,,20191200,128.78125,20190900,,20191200
2019-08-02 04:00:00,,20191200,128.8125,20190900,,20191200
2019-08-02 04:15:00,,20191200,128.78125,20190900,,20191200
2019-08-02 04:30:00,,20191200,128.796875,20190900,,20191200
2019-08-02 04:45:00,,20191200,128.796875,20190900,,20191200
2019-08-02 05:15:00,,20191200,128.734375,20190900,,20191200
2019-08-02 05:30:00,,20191200,128.71875,20190900,,20191200
2019-08-02 05:45:00,,20191200,128.703125,20190900,,20191200
2019-08-02 06:15:00,,20191200,128.6875,20190900,,20191200
2019-08-02 06:30:00,,20191200,128.671875,20190900,,20191200
2019-08-02 06:45:00,,20191200,128.671875,20190900,,20191200
2019-08-02 07:00:00,129.46875,20191200,128.671875,20190900,129.46875,20191200
2019-08-02 07:15:00,,20191200,128.65625,20190900,,20191200
2019-08-02 07:30:00,,20191200,128.796875,20190900,,20191200
2019-08-02 07:45:00,,20191200,128.96875,20190900,,20191200
2019-08-02 08:00:00,129.5625,20191200,128.90625,20190900,129.5625,20191200
2019-08-02 08:15:00,,20191200,128.984375,20190900,,20191200
2019-08-02 08:30:00,,20191200,129.015625,20190900,,20191200
2019-08-02 08:45:00,,20191200,129.03125,20190900,,20191200
2019-08-02 09:00:00,129.53125,20191200,129.09375,20190900,129.53125,20191200
2019-08-02 09:15:00,,20191200,129.015625,20190900,,20191200
2019-08-02 09:30:00,,20191200,128.9375,20190900,,20191200
2019-08-02 09:45:00,,20191200,129.015625,20190900,,20191200
2019-08-02 10:00:00,129.5,20191200,129.015625,20190900,129.5,20191200
2019-08-02 10:15:00,,20191200,128.953125,20190900,,20191200
2019-08-02 10:30:00,,20191200,128.921875,20190900,,20191200
2019-08-02 10:45:00,,20191200,128.984375,20190900,,20191200
2019-08-02 11:00:00,129.578125,20191200,129.046875,20190900,129.578125,20191200
2019-08-02 11:15:00,,20191200,129.09375,20190900,,20191200
2019-08-02 11:30:00,,20191200,129.03125,20190900,,20191200
2019-08-02 11:45:00,,20191200,128.984375,20190900,,20191200
2019-08-02 12:00:00,129.453125,20191200,128.96875,20190900,129.453125,20191200
2019-08-02 12:15:00,,20191200,128.9375,20190900,,20191200
2019-08-02 12:30:00,,20191200,128.890625,20190900,,20191200
2019-08-02 12:45:00,,20191200,128.921875,20190900,,20191200
2019-08-02 13:00:00,129.1875,20191200,128.890625,20190900,129.1875,20191200
2019-08-02 13:15:00,,20191200,128.78125,20190900,,20191200
2019-08-02 13:30:00,,20191200,128.75,20190900,,20191200
2019-08-02 13:45:00,,20191200,128.625,20190900,,20191200
2019-08-02 14:00:00,129.34375,20191200,128.71875,20190900,129.34375,20191200
2019-08-02 14:15:00,,20191200,128.765625,20190900,,20191200
2019-08-02 14:30:00,,20191200,128.84375,20190900,,20191200
2019-08-02 14:45:00,,20191200,128.765625,20190900,,20191200
2019-08-02 15:00:00,129.46875,20191200,128.875,20190900,129.46875,20191200
2019-08-02 15:15:00,,20191200,128.890625,20190900,,20191200
2019-08-02 15:30:00,,20191200,128.921875,20190900,,20191200
2019-08-02 15:45:00,,20191200,128.984375,20190900,,20191200
2019-08-02 16:00:00,129.3125,20191200,128.828125,20190900,129.3125,20191200
2019-08-02 16:15:00,,20191200,128.8125,20190900,,20191200
2019-08-02 16:30:00,,20191200,128.84375,20190900,,20191200
2019-08-02 16:45:00,,20191200,128.8125,20190900,,20191200
2019-08-02 17:00:00,129.3125,20191200,128.71875,20190900,129.3125,20191200
2019-08-02 17:15:00,,20191200,128.671875,20190900,,20191200
2019-08-02 17:30:00,,20191200,128.734375,20190900,,20191200
2019-08-02 17:45:00,,20191200,128.796875,20190900,,20191200
2019-08-02 18:00:00,129.265625,20191200,128.8125,20190900,129.265625,20191200
2019-08-02 18:15:00,,20191200,128.765625,20190900,,20191200
2019-08-02 18:30:00,,20191200,128.796875,20190900,,20191200
2019-08-02 18:45:00,,20191200,128.734375,20190900,,20191200
2019-08-02 19:00:00,129.359375,20191200,128.703125,20190900,129.359375,20191200
2019-08-02 19:15:00,,20191200,128.78125,20190900,,20191200
2019-08-02 19:30:00,,20191200,128.703125,20190900,,20191200
2019-08-02 19:45:00,,20191200,128.828125,20190900,,20191200
2019-08-02 20:00:00,129.421875,20191200,128.859375,20190900,129.421875,20191200
2019-08-02 20:15:00,,20191200,128.875,20190900,,20191200
2019-08-02 20:30:00,,20191200,128.84375,20190900,,20191200
2019-08-02 20:45:00,,20191200,128.90625,20190900,,20191200
2019-08-02 21:00:00,129.484375,20191200,128.953125,20190900,129.484375,20191200
2019-08-02 21:15:00,,20191200,128.953125,20190900,,20191200
2019-08-02 21:30:00,,20191200,128.9375,20190900,,20191200
2019-08-02 21:45:00,,20191200,128.9375,20190900,,20191200
2019-08-02 23:00:00,129.1875,20191200,128.71875,20190900,129.1875,20191200
2019-08-04 23:00:00,129.453125,20191200,128.921875,20190900,129.453125,20191200
2019-08-04 23:15:00,,20191200,128.90625,20190900,,20191200
2019-08-04 23:30:00,,20191200,128.875,20190900,,20191200
2019-08-04 23:45:00,,20191200,128.890625,20190900,,20191200
2019-08-05 00:00:00,,20191200,128.90625,20190900,,20191200
2019-08-05 00:15:00,,20191200,128.90625,20190900,,20191200
2019-08-05 00:30:00,,20191200,128.875,20190900,,20191200
2019-08-05 00:45:00,,20191200,128.875,20190900,,20191200
2019-08-05 01:00:00,129.46875,20191200,128.953125,20190900,129.46875,20191200
2019-08-05 01:15:00,,20191200,128.9375,20190900,,20191200
2019-08-05 01:30:00,,20191200,128.921875,20190900,,20191200
2019-08-05 01:45:00,,20191200,128.953125,20190900,,20191200
2019-08-05 02:00:00,129.78125,20191200,128.90625,20190900,129.78125,20191200
2019-08-05 02:15:00,,20191200,129.21875,20190900,,20191200
2019-08-05 02:30:00,,20191200,129.28125,20190900,,20191200
2019-08-05 02:45:00,,20191200,129.25,20190900,,20191200
2019-08-05 03:00:00,130.109375,20191200,129.28125,20190900,130.109375,20191200
2019-08-05 03:15:00,,20191200,129.453125,20190900,,20191200
2019-08-05 03:30:00,,20191200,129.453125,20190900,,20191200
2019-08-05 03:45:00,,20191200,129.546875,20190900,,20191200
2019-08-05 04:00:00,130.0625,20191200,129.578125,20190900,130.0625,20191200
2019-08-05 04:15:00,,20191200,129.609375,20190900,,20191200
2019-08-05 04:30:00,,20191200,129.5625,20190900,,20191200
2019-08-05 04:45:00,,20191200,129.515625,20190900,,20191200
2019-08-05 05:15:00,,20191200,129.515625,20190900,,20191200
2019-08-05 05:30:00,,20191200,129.53125,20190900,,20191200
2019-08-05 05:45:00,,20191200,129.46875,20190900,,20191200
2019-08-05 06:15:00,,20191200,129.484375,20190900,,20191200
2019-08-05 06:30:00,,20191200,129.53125,20190900,,20191200
2019-08-05 06:45:00,,20191200,129.5,20190900,,20191200
2019-08-05 07:00:00,130.265625,20191200,129.578125,20190900,130.265625,20191200
2019-08-05 07:15:00,,20191200,129.5625,20190900,,20191200
2019-08-05 07:30:00,,20191200,129.640625,20190900,,20191200
2019-08-05 07:45:00,,20191200,129.71875,20190900,,20191200
2019-08-05 08:00:00,130.09375,20191200,129.578125,20190900,130.09375,20191200
2019-08-05 08:15:00,,20191200,129.5,20190900,,20191200
2019-08-05 08:30:00,,20191200,129.578125,20190900,,20191200
2019-08-05 08:45:00,,20191200,129.5625,20190900,,20191200
2019-08-05 09:00:00,130.265625,20191200,129.671875,20190900,130.265625,20191200
2019-08-05 09:15:00,,20191200,129.6875,20190900,,20191200
2019-08-05 09:30:00,,20191200,129.625,20190900,,20191200
2019-08-05 09:45:00,,20191200,129.75,20190900,,20191200
2019-08-05 10:00:00,130.09375,20191200,129.703125,20190900,130.09375,20191200
2019-08-05 10:15:00,,20191200,129.671875,20190900,,20191200
2019-08-05 10:30:00,,20191200,129.5625,20190900,,20191200
2019-08-05 10:45:00,,20191200,129.5625,20190900,,20191200
2019-08-05 11:00:00,130.125,20191200,129.5625,20190900,130.125,20191200
2019-08-05 11:15:00,,20191200,129.59375,20190900,,20191200
2019-08-05 11:30:00,,20191200,129.59375,20190900,,20191200
2019-08-05 11:45:00,,20191200,129.546875,20190900,,20191200
2019-08-05 12:00:00,130.09375,20191200,129.578125,20190900,130.09375,20191200
2019-08-05 12:15:00,,20191200,129.625,20190900,,20191200
2019-08-05 12:30:00,,20191200,129.515625,20190900,,20191200
2019-08-05 12:45:00,,20191200,129.546875,20190900,,20191200
2019-08-05 13:00:00,130.015625,20191200,129.640625,20190900,130.015625,20191200
2019-08-05 13:15:00,,20191200,129.453125,20190900,,20191200
2019-08-05 13:30:00,,20191200,129.4375,20190900,,20191200
2019-08-05 13:45:00,,20191200,129.453125,20190900,,20191200
2019-08-05 14:00:00,130.109375,20191200,129.59375,20190900,130.109375,20191200
2019-08-05 14:15:00,,20191200,129.53125,20190900,,20191200
2019-08-05 14:30:00,,20191200,129.609375,20190900,,20191200
2019-08-05 14:45:00,,20191200,129.578125,20190900,,20191200
2019-08-05 15:00:00,130.28125,20191200,129.625,20190900,130.28125,20191200
2019-08-05 15:15:00,,20191200,129.609375,20190900,,20191200
2019-08-05 15:30:00,,20191200,129.75,20190900,,20191200
2019-08-05 15:45:00,,20191200,129.625,20190900,,20191200
2019-08-05 16:00:00,130.21875,20191200,129.5625,20190900,130.21875,20191200
2019-08-05 16:15:00,,20191200,129.546875,20190900,,20191200
2019-08-05 16:30:00,,20191200,129.609375,20190900,,20191200
2019-08-05 16:45:00,,20191200,129.6875,20190900,,20191200
2019-08-05 17:00:00,130.390625,20191200,129.671875,20190900,130.390625,20191200
2019-08-05 17:15:00,,20191200,129.75,20190900,,20191200
2019-08-05 17:30:00,,20191200,129.796875,20190900,,20191200
2019-08-05 17:45:00,,20191200,129.859375,20190900,,20191200
2019-08-05 18:00:00,130.453125,20191200,129.796875,20190900,130.453125,20191200
2019-08-05 18:15:00,,20191200,129.84375,20190900,,20191200
2019-08-05 18:30:00,,20191200,129.890625,20190900,,20191200
2019-08-05 18:45:00,,20191200,129.875,20190900,,20191200
2019-08-05 19:00:00,130.421875,20191200,129.78125,20190900,130.421875,20191200
2019-08-05 19:15:00,,20191200,129.859375,20190900,,20191200
2019-08-05 19:30:00,,20191200,129.8125,20190900,,20191200
2019-08-05 19:45:00,,20191200,129.859375,20190900,,20191200
2019-08-05 20:00:00,130.328125,20191200,129.828125,20190900,130.328125,20191200
2019-08-05 20:15:00,,20191200,129.75,20190900,,20191200
2019-08-05 20:30:00,,20191200,129.71875,20190900,,20191200
2019-08-05 20:45:00,,20191200,129.78125,20190900,,20191200
2019-08-05 21:00:00,130.5625,20191200,129.859375,20190900,130.5625,20191200
2019-08-05 21:15:00,,20191200,129.921875,20190900,,20191200
2019-08-05 21:30:00,,20191200,129.9375,20190900,,20191200
2019-08-05 21:45:00,,20191200,129.96875,20190900,,20191200
2019-08-05 23:00:00,130.0,20191200,129.421875,20190900,130.0,20191200
2019-08-05 23:15:00,,20191200,130.171875,20190900,,20191200
2019-08-05 23:30:00,,20191200,130.140625,20190900,,20191200
2019-08-05 23:45:00,,20191200,130.203125,20190900,,20191200
2019-08-06 00:00:00,130.859375,20191200,130.140625,20190900,130.859375,20191200
2019-08-06 00:15:00,,20191200,130.171875,20190900,,20191200
2019-08-06 00:30:00,,20191200,130.25,20190900,,20191200
2019-08-06 00:45:00,,20191200,130.28125,20190900,,20191200
2019-08-06 01:00:00,130.71875,20191200,130.234375,20190900,130.71875,20191200
2019-08-06 01:15:00,,20191200,130.25,20190900,,20191200
2019-08-06 01:30:00,,20191200,130.203125,20190900,,20191200
2019-08-06 01:45:00,,20191200,130.15625,20190900,,20191200
2019-08-06 02:00:00,130.421875,20191200,130.125,20190900,130.421875,20191200
2019-08-06 02:15:00,,20191200,129.921875,20190900,,20191200
2019-08-06 02:30:00,,20191200,129.875,20190900,,20191200
2019-08-06 02:45:00,,20191200,129.84375,20190900,,20191200
2019-08-06 03:00:00,130.453125,20191200,129.90625,20190900,130.453125,20191200
2019-08-06 03:15:00,,20191200,129.953125,20190900,,20191200
2019-08-06 03:30:00,,20191200,129.9375,20190900,,20191200
2019-08-06 03:45:00,,20191200,129.90625,20190900,,20191200
2019-08-06 04:00:00,130.328125,20191200,129.875,20190900,130.328125,20191200
2019-08-06 04:15:00,,20191200,129.859375,20190900,,20191200
2019-08-06 04:30:00,,20191200,129.828125,20190900,,20191200
2019-08-06 04:45:00,,20191200,129.71875,20190900,,20191200
2019-08-06 05:15:00,,20191200,129.546875,20190900,,20191200
2019-08-06 05:30:00,,20191200,129.65625,20190900,,20191200
2019-08-06 05:45:00,,20191200,129.71875,20190900,,20191200
2019-08-06 06:15:00,,20191200,129.578125,20190900,,20191200
2019-08-06 06:30:00,,20191200,129.578125,20190900,,20191200
2019-08-06 06:45:00,,20191200,129.609375,20190900,,20191200
2019-08-06 07:00:00,130.140625,20191200,129.6875,20190900,130.140625,20191200
2019-08-06 07:15:00,,20191200,129.6875,20190900,,20191200
2019-08-06 07:30:00,,20191200,129.734375,20190900,,20191200
2019-08-06 07:45:00,,20191200,129.65625,20190900,,20191200
2019-08-06 08:00:00,130.09375,20191200,129.65625,20190900,130.09375,20191200
2019-08-06 08:15:00,,20191200,129.625,20190900,,20191200
2019-08-06 08:30:00,,20191200,129.5625,20190900,,20191200
2019-08-06 08:45:00,,20191200,129.609375,20190900,,20191200
2019-08-06 09:00:00,130.15625,20191200,129.609375,20190900,130.15625,20191200
2019-08-06 09:15:00,,20191200,129.59375,20190900,,20191200
2019-08-06 09:30:00,,20191200,129.609375,20190900,,20191200
2019-08-06 09:45:00,,20191200,129.640625,20190900,,20191200
2019-08-06 10:00:00,130.1875,20191200,129.578125,20190900,130.1875,20191200
2019-08-06 10:15:00,,20191200,129.609375,20190900,,20191200
2019-08-06 10:30:00,,20191200,129.59375,20190900,,20191200
2019-08-06 10:45:00,,20191200,129.640625,20190900,,20191200
2019-08-06 11:00:00,130.34375,20191200,129.71875,20190900,130.34375,20191200
2019-08-06 11:15:00,,20191200,129.71875,20190900,,20191200
2019-08-06 11:30:00,,20191200,129.765625,20190900,,20191200
2019-08-06 11:45:00,,20191200,129.796875,20190900,,20191200
2019-08-06 12:00:00,130.140625,20191200,129.734375,20190900,130.140625,20191200
2019-08-06 12:15:00,,20191200,129.765625,20190900,,20191200
2019-08-06 12:30:00,,20191200,129.640625,20190900,,20191200
2019-08-06 12:45:00,,20191200,129.625,20190900,,20191200
2019-08-06 13:00:00,130.234375,20191200,129.640625,20190900,130.234375,20191200
2019-08-06 13:15:00,,20191200,129.65625,20190900,,20191200
2019-08-06 13:30:00,,20191200,129.625,20190900,,20191200
2019-08-06 13:45:00,,20191200,129.6875,20190900,,20191200
2019-08-06 14:00:00,130.078125,20191200,129.53125,20190900,130.078125,20191200
2019-08-06 14:15:00,,20191200,129.59375,20190900,,20191200
2019-08-06 14:30:00,,20191200,129.515625,20190900,,20191200
2019-08-06 14:45:00,,20191200,129.53125,20190900,,20191200
2019-08-06 15:00:00,130.265625,20191200,129.578125,20190900,130.265625,20191200
2019-08-06 15:15:00,,20191200,129.703125,20190900,,20191200
2019-08-06 15:30:00,,20191200,129.71875,20190900,,20191200
2019-08-06 15:45:00,,20191200,129.703125,20190900,,20191200
2019-08-06 16:00:00,130.3125,20191200,129.78125,20190900,130.3125,20191200
2019-08-06 16:15:00,,20191200,129.765625,20190900,,20191200
2019-08-06 16:30:00,,20191200,129.78125,20190900,,20191200
2019-08-06 16:45:00,,20191200,129.71875,20190900,,20191200
2019-08-06 17:00:00,130.296875,20191200,129.75,20190900,130.296875,20191200
2019-08-06 17:15:00,,20191200,129.8125,20190900,,20191200
2019-08-06 17:30:00,,20191200,129.75,20190900,,20191200
2019-08-06 17:45:00,,20191200,129.703125,20190900,,20191200
2019-08-06 18:00:00,130.328125,20191200,129.765625,20190900,130.328125,20191200
2019-08-06 18:15:00,,20191200,129.78125,20190900,,20191200
2019-08-06 18:30:00,,20191200,129.8125,20190900,,20191200
2019-08-06 18:45:00,,20191200,129.796875,20190900,,20191200
2019-08-06 19:00:00,130.296875,20191200,129.765625,20190900,130.296875,20191200
2019-08-06 19:15:00,,20191200,129.734375,20190900,,20191200
2019-08-06 19:30:00,,20191200,129.78125,20190900,,20191200
2019-08-06 19:45:00,,20191200,129.78125,20190900,,20191200
2019-08-06 20:00:00,130.5,20191200,129.8125,20190900,130.5,20191200
2019-08-06 20:15:00,,20191200,129.890625,20190900,,20191200
2019-08-06 20:30:00,,20191200,129.890625,20190900,,20191200
2019-08-06 20:45:00,,20191200,129.9375,20190900,,20191200
2019-08-06 21:00:00,130.609375,20191200,129.9375,20190900,130.609375,20191200
2019-08-06 21:15:00,,20191200,129.953125,20190900,,20191200
2019-08-06 21:30:00,,20191200,129.9375,20190900,,20191200
2019-08-06 21:45:00,,20191200,130.015625,20190900,,20191200
2019-08-06 23:00:00,130.109375,20191200,129.65625,20190900,130.109375,20191200
2019-08-06 23:15:00,,20191200,130.0,20190900,,20191200
2019-08-06 23:30:00,,20191200,129.953125,20190900,,20191200
2019-08-06 23:45:00,,20191200,129.984375,20190900,,20191200
2019-08-07 00:00:00,130.625,20191200,129.984375,20190900,130.625,20191200
2019-08-07 00:15:00,,20191200,129.984375,20190900,,20191200
2019-08-07 00:30:00,,20191200,130.046875,20190900,,20191200
2019-08-07 00:45:00,,20191200,130.078125,20190900,,20191200
2019-08-07 01:00:00,130.71875,20191200,130.046875,20190900,130.71875,20191200
2019-08-07 01:15:00,,20191200,130.234375,20190900,,20191200
2019-08-07 01:30:00,,20191200,130.125,20190900,,20191200
2019-08-07 01:45:00,,20191200,130.046875,20190900,,20191200
2019-08-07 02:00:00,130.71875,20191200,130.09375,20190900,130.71875,20191200
2019-08-07 02:15:00,,20191200,130.140625,20190900,,20191200
2019-08-07 02:30:00,,20191200,130.09375,20190900,,20191200
2019-08-07 02:45:00,,20191200,130.078125,20190900,,20191200
2019-08-07 03:00:00,130.828125,20191200,130.203125,20190900,130.828125,20191200
2019-08-07 03:15:00,,20191200,130.234375,20190900,,20191200
2019-08-07 03:30:00,,20191200,130.21875,20190900,,20191200
2019-08-07 03:45:00,,20191200,130.203125,20190900,,20191200
2019-08-07 04:00:00,130.828125,20191200,130.28125,20190900,130.828125,20191200
2019-08-07 04:15:00,,20191200,130.296875,20190900,,20191200
2019-08-07 04:30:00,,20191200,130.234375,20190900,,20191200
2019-08-07 04:45:00,,20191200,130.25,20190900,,20191200
2019-08-07 05:15:00,,20191200,130.21875,20190900,,20191200
2019-08-07 05:30:00,,20191200,130.21875,20190900,,20191200
2019-08-07 05:45:00,,20191200,130.234375,20190900,,20191200
2019-08-07 06:15:00,,20191200,130.15625,20190900,,20191200
2019-08-07 06:30:00,,20191200,130.140625,20190900,,20191200
2019-08-07 06:45:00,,20191200,130.140625,20190900,,20191200
2019-08-07 07:00:00,130.75,20191200,130.140625,20190900,130.75,20191200
2019-08-07 07:15:00,,20191200,130.15625,20190900,,20191200
2019-08-07 07:30:00,,20191200,130.15625,20190900,,20191200
2019-08-07 07:45:00,,20191200,130.125,20190900,,20191200
2019-08-07 08:00:00,130.71875,20191200,130.15625,20190900,130.71875,20191200
2019-08-07 08:15:00,,20191200,130.171875,20190900,,20191200
2019-08-07 08:30:00,,20191200,130.125,20190900,,20191200
2019-08-07 08:45:00,,20191200,130.109375,20190900,,20191200
2019-08-07 09:00:00,130.796875,20191200,130.1875,20190900,130.796875,20191200
2019-08-07 09:15:00,,20191200,130.1875,20190900,,20191200
2019-08-07 09:30:00,,20191200,130.1875,20190900,,20191200
2019-08-07 09:45:00,,20191200,130.203125,20190900,,20191200
2019-08-07 10:00:00,130.796875,20191200,130.171875,20190900,130.796875,20191200
2019-08-07 10:15:00,,20191200,130.1875,20190900,,20191200
2019-08-07 10:30:00,,20191200,130.203125,20190900,,20191200
2019-08-07 10:45:00,,20191200,130.234375,20190900,,20191200
2019-08-07 11:00:00,130.984375,20191200,130.28125,20190900,130.984375,20191200
2019-08-07 11:15:00,,20191200,130.28125,20190900,,20191200
2019-08-07 11:30:00,,20191200,130.328125,20190900,,20191200
2019-08-07 11:45:00,,20191200,130.40625,20190900,,20191200
2019-08-07 12:00:00,130.984375,20191200,130.390625,20190900,130.984375,20191200
2019-08-07 12:15:00,,20191200,130.328125,20190900,,20191200
2019-08-07 12:30:00,,20191200,130.359375,20190900,,20191200
2019-08-07 12:45:00,,20191200,130.40625,20190900,,20191200
2019-08-07 13:00:00,131.125,20191200,130.625,20190900,131.125,20191200
2019-08-07 13:15:00,,20191200,130.40625,20190900,,20191200
2019-08-07 13:30:00,,20191200,130.40625,20190900,,20191200
2019-08-07 13:45:00,,20191200,130.53125,20190900,,20191200
2019-08-07 14:00:00,131.21875,20191200,130.59375,20190900,131.21875,20191200
2019-08-07 14:15:00,,20191200,130.65625,20190900,,20191200
2019-08-07 14:30:00,,20191200,130.75,20190900,,20191200
2019-08-07 14:45:00,,20191200,130.609375,20190900,,20191200
2019-08-07 15:00:00,131.09375,20191200,130.59375,20190900,131.09375,20191200
2019-08-07 15:15:00,,20191200,130.671875,20190900,,20191200
2019-08-07 15:30:00,,20191200,130.46875,20190900,,20191200
2019-08-07 15:45:00,,20191200,130.53125,20190900,,20191200
2019-08-07 16:00:00,131.125,20191200,130.421875,20190900,131.125,20191200
2019-08-07 16:15:00,,20191200,130.4375,20190900,,20191200
2019-08-07 16:30:00,,20191200,130.5,20190900,,20191200
2019-08-07 16:45:00,,20191200,130.515625,20190900,,20191200
2019-08-07 17:00:00,130.90625,20191200,130.484375,20190900,130.90625,20191200
2019-08-07 17:15:00,,20191200,130.5,20190900,,20191200
2019-08-07 17:30:00,,20191200,130.4375,20190900,,20191200
2019-08-07 17:45:00,,20191200,130.328125,20190900,,20191200
2019-08-07 18:00:00,130.78125,20191200,130.34375,20190900,130.78125,20191200
2019-08-07 18:15:00,,20191200,130.390625,20190900,,20191200
2019-08-07 18:30:00,,20191200,130.234375,20190900,,20191200
2019-08-07 18:45:00,,20191200,130.265625,20190900,,20191200
2019-08-07 19:00:00,130.71875,20191200,130.21875,20190900,130.71875,20191200
2019-08-07 19:15:00,,20191200,130.28125,20190900,,20191200
2019-08-07 19:30:00,,20191200,130.234375,20190900,,20191200
2019-08-07 19:45:00,,20191200,130.15625,20190900,,20191200
2019-08-07 20:00:00,130.5,20191200,130.078125,20190900,130.5,20191200
2019-08-07 20:15:00,,20191200,129.96875,20190900,,20191200
2019-08-07 20:30:00,,20191200,129.90625,20190900,,20191200
2019-08-07 20:45:00,,20191200,129.90625,20190900,,20191200
2019-08-07 21:00:00,130.265625,20191200,129.90625,20190900,130.265625,20191200
2019-08-07 21:15:00,,20191200,129.875,20190900,,20191200
2019-08-07 21:30:00,,20191200,129.828125,20190900,,20191200
2019-08-07 21:45:00,,20191200,129.734375,20190900,,20191200
2019-08-07 23:00:00,130.71875,20191200,130.1875,20190900,130.71875,20191200
2019-08-07 23:15:00,,20191200,129.8125,20190900,,20191200
2019-08-07 23:30:00,,20191200,129.875,20190900,,20191200
2019-08-07 23:45:00,,20191200,129.859375,20190900,,20191200
2019-08-08 00:00:00,130.546875,20191200,129.84375,20190900,130.546875,20191200
2019-08-08 00:15:00,,20191200,129.84375,20190900,,20191200
2019-08-08 00:30:00,,20191200,129.953125,20190900,,20191200
2019-08-08 00:45:00,,20191200,129.953125,20190900,,20191200
2019-08-08 01:00:00,130.4375,20191200,129.9375,20190900,130.4375,20191200
2019-08-08 01:15:00,,20191200,129.921875,20190900,,20191200
2019-08-08 01:30:00,,20191200,129.84375,20190900,,20191200
2019-08-08 01:45:00,,20191200,129.890625,20190900,,20191200
2019-08-08 02:00:00,130.203125,20191200,129.9375,20190900,130.203125,20191200
2019-08-08 02:15:00,,20191200,129.828125,20190900,,20191200
2019-08-08 02:30:00,,20191200,129.78125,20190900,,20191200
2019-08-08 02:45:00,,20191200,129.65625,20190900,,20191200
2019-08-08 03:00:00,130.28125,20191200,129.71875,20190900,130.28125,20191200
2019-08-08 03:15:00,,20191200,129.734375,20190900,,20191200
2019-08-08 03:30:00,,20191200,129.75,20190900,,20191200
2019-08-08 03:45:00,,20191200,129.765625,20190900,,20191200
2019-08-08 04:00:00,130.296875,20191200,129.734375,20190900,130.296875,20191200
2019-08-08 04:15:00,,20191200,129.75,20190900,,20191200
2019-08-08 04:30:00,,20191200,129.734375,20190900,,20191200
2019-08-08 04:45:00,,20191200,129.78125,20190900,,20191200
2019-08-08 05:15:00,,20191200,129.828125,20190900,,20191200
2019-08-08 05:30:00,,20191200,129.8125,20190900,,20191200
2019-08-08 05:45:00,,20191200,129.828125,20190900,,20191200
2019-08-08 06:15:00,,20191200,129.828125,20190900,,20191200
2019-08-08 06:30:00,,20191200,129.890625,20190900,,20191200
2019-08-08 06:45:00,,20191200,129.90625,20190900,,20191200
2019-08-08 07:00:00,130.28125,20191200,129.90625,20190900,130.28125,20191200
2019-08-08 07:15:00,,20191200,129.75,20190900,,20191200
2019-08-08 07:30:00,,20191200,129.71875,20190900,,20191200
2019-08-08 07:45:00,,20191200,129.734375,20190900,,20191200
2019-08-08 08:00:00,130.421875,20191200,129.78125,20190900,130.421875,20191200
2019-08-08 08:15:00,,20191200,129.84375,20190900,,20191200
2019-08-08 08:30:00,,20191200,129.859375,20190900,,20191200
2019-08-08 08:45:00,,20191200,129.890625,20190900,,20191200
2019-08-08 09:00:00,130.4375,20191200,129.9375,20190900,130.4375,20191200
2019-08-08 09:15:00,,20191200,129.84375,20190900,,20191200
2019-08-08 09:30:00,,20191200,129.8125,20190900,,20191200
2019-08-08 09:45:00,,20191200,129.8125,20190900,,20191200
2019-08-08 10:00:00,130.40625,20191200,129.84375,20190900,130.40625,20191200
2019-08-08 10:15:00,,20191200,129.859375,20190900,,20191200
2019-08-08 10:30:00,,20191200,129.828125,20190900,,20191200
2019-08-08 10:45:00,,20191200,129.796875,20190900,,20191200
2019-08-08 11:00:00,130.328125,20191200,129.796875,20190900,130.328125,20191200
2019-08-08 11:15:00,,20191200,129.78125,20190900,,20191200
2019-08-08 11:30:00,,20191200,129.765625,20190900,,20191200
2019-08-08 11:45:00,,20191200,129.796875,20190900,,20191200
2019-08-08 12:00:00,130.484375,20191200,129.875,20190900,130.484375,20191200
2019-08-08 12:15:00,,20191200,129.953125,20190900,,20191200
2019-08-08 12:30:00,,20191200,129.9375,20190900,,20191200
2019-08-08 12:45:00,,20191200,129.90625,20190900,,20191200
2019-08-08 13:00:00,130.203125,20191200,129.875,20190900,130.203125,20191200
2019-08-08 13:15:00,,20191200,129.90625,20190900,,20191200
2019-08-08 13:30:00,,20191200,129.796875,20190900,,20191200
2019-08-08 13:45:00,,20191200,129.609375,20190900,,20191200
2019-08-08 14:00:00,130.078125,20191200,129.578125,20190900,130.078125,20191200
2019-08-08 14:15:00,,20191200,129.609375,20190900,,20191200
2019-08-08 14:30:00,,20191200,129.515625,20190900,,20191200
2019-08-08 14:45:00,,20191200,129.53125,20190900,,20191200
2019-08-08 15:00:00,130.171875,20191200,129.515625,20190900,130.171875,20191200
2019-08-08 15:15:00,,20191200,129.5625,20190900,,20191200
2019-08-08 15:30:00,,20191200,129.59375,20190900,,20191200
2019-08-08 15:45:00,,20191200,129.609375,20190900,,20191200
2019-08-08 16:00:00,130.203125,20191200,129.640625,20190900,130.203125,20191200
2019-08-08 16:15:00,,20191200,129.640625,20190900,,20191200
2019-08-08 16:30:00,,20191200,129.671875,20190900,,20191200
2019-08-08 16:45:00,,20191200,129.609375,20190900,,20191200
2019-08-08 17:00:00,129.96875,20191200,129.578125,20190900,129.96875,20191200
2019-08-08 17:15:00,,20191200,129.53125,20190900,,20191200
2019-08-08 17:30:00,,20191200,129.46875,20190900,,20191200
2019-08-08 17:45:00,,20191200,129.421875,20190900,,20191200
2019-08-08 18:00:00,130.25,20191200,129.515625,20190900,130.25,20191200
2019-08-08 18:15:00,,20191200,129.578125,20190900,,20191200
2019-08-08 18:30:00,,20191200,129.625,20190900,,20191200
2019-08-08 18:45:00,,20191200,129.6875,20190900,,20191200
2019-08-08 19:00:00,130.484375,20191200,129.78125,20190900,130.484375,20191200
2019-08-08 19:15:00,,20191200,129.84375,20190900,,20191200
2019-08-08 19:30:00,,20191200,129.921875,20190900,,20191200
2019-08-08 19:45:00,,20191200,129.90625,20190900,,20191200
2019-08-08 20:00:00,130.46875,20191200,129.9375,20190900,130.46875,20191200
2019-08-08 20:15:00,,20191200,129.890625,20190900,,20191200
2019-08-08 20:30:00,,20191200,129.859375,20190900,,20191200
2019-08-08 20:45:00,,20191200,129.90625,20190900,,20191200
2019-08-08 21:00:00,130.390625,20191200,129.890625,20190900,130.390625,20191200
2019-08-08 21:15:00,,20191200,129.875,20190900,,20191200
2019-08-08 21:30:00,,20191200,129.875,20190900,,20191200
2019-08-08 21:45:00,,20191200,129.859375,20190900,,20191200
2019-08-08 23:00:00,130.46875,20191200,129.859375,20190900,130.46875,20191200
2019-08-08 23:15:00,,20191200,130.25,20190900,,20191200
2019-08-08 23:30:00,,20191200,130.21875,20190900,,20191200
2019-08-08 23:45:00,,20191200,130.109375,20190900,,20191200
2019-08-09 00:00:00,130.703125,20191200,130.171875,20190900,130.703125,20191200
2019-08-09 00:15:00,,20191200,130.140625,20190900,,20191200
2019-08-09 00:30:00,,20191200,130.140625,20190900,,20191200
2019-08-09 00:45:00,,20191200,130.078125,20190900,,20191200
2019-08-09 01:00:00,130.671875,20191200,130.046875,20190900,130.671875,20191200
2019-08-09 01:15:00,,20191200,130.078125,20190900,,20191200
2019-08-09 01:30:00,,20191200,130.109375,20190900,,20191200
2019-08-09 01:45:00,,20191200,130.078125,20190900,,20191200
2019-08-09 02:00:00,130.625,20191200,130.078125,20190900,130.625,20191200
2019-08-09 02:15:00,,20191200,130.0625,20190900,,20191200
2019-08-09 02:30:00,,20191200,130.0625,20190900,,20191200
2019-08-09 02:45:00,,20191200,130.015625,20190900,,20191200
2019-08-09 03:00:00,,20191200,130.03125,20190900,,20191200
2019-08-09 03:15:00,,20191200,130.046875,20190900,,20191200
2019-08-09 03:30:00,,20191200,130.046875,20190900,,20191200
2019-08-09 03:45:00,,20191200,130.046875,20190900,,20191200
2019-08-09 04:00:00,130.65625,20191200,130.0625,20190900,130.65625,20191200
2019-08-09 04:15:00,,20191200,130.09375,20190900,,20191200
2019-08-09 04:30:00,,20191200,130.078125,20190900,,20191200
2019-08-09 04:45:00,,20191200,130.0625,20190900,,20191200
2019-08-09 05:15:00,,20191200,130.0625,20190900,,20191200
2019-08-09 05:30:00,,20191200,130.0625,20190900,,20191200
2019-08-09 05:45:00,,20191200,130.03125,20190900,,20191200
2019-08-09 06:15:00,,20191200,130.0625,20190900,,20191200
2019-08-09 06:30:00,,20191200,130.0625,20190900,,20191200
2019-08-09 06:45:00,,20191200,130.09375,20190900,,20191200
2019-08-09 07:00:00,130.703125,20191200,130.0625,20190900,130.703125,20191200
2019-08-09 07:15:00,,20191200,130.03125,20190900,,20191200
2019-08-09 07:30:00,,20191200,130.078125,20190900,,20191200
2019-08-09 07:45:00,,20191200,130.078125,20190900,,20191200
2019-08-09 08:00:00,130.53125,20191200,129.984375,20190900,130.53125,20191200
2019-08-09 08:15:00,,20191200,129.984375,20190900,,20191200
2019-08-09 08:30:00,,20191200,130.015625,20190900,,20191200
2019-08-09 08:45:00,,20191200,130.015625,20190900,,20191200
2019-08-09 09:00:00,130.515625,20191200,129.953125,20190900,130.515625,20191200
2019-08-09 09:15:00,,20191200,129.9375,20190900,,20191200
2019-08-09 09:30:00,,20191200,129.96875,20190900,,20191200
2019-08-09 09:45:00,,20191200,129.96875,20190900,,20191200
2019-08-09 10:00:00,130.609375,20191200,129.984375,20190900,130.609375,20191200
2019-08-09 10:15:00,,20191200,129.96875,20190900,,20191200
2019-08-09 10:30:00,,20191200,130.03125,20190900,,20191200
2019-08-09 10:45:00,,20191200,130.046875,20190900,,20191200
2019-08-09 11:00:00,130.59375,20191200,130.03125,20190900,130.59375,20191200
2019-08-09 11:15:00,,20191200,130.0625,20190900,,20191200
2019-08-09 11:30:00,,20191200,130.046875,20190900,,20191200
2019-08-09 11:45:00,,20191200,130.015625,20190900,,20191200
2019-08-09 12:00:00,130.484375,20191200,130.015625,20190900,130.484375,20191200
2019-08-09 12:15:00,,20191200,130.015625,20190900,,20191200
2019-08-09 12:30:00,,20191200,129.96875,20190900,,20191200
2019-08-09 12:45:00,,20191200,129.921875,20190900,,20191200
2019-08-09 13:00:00,130.609375,20191200,129.90625,20190900,130.609375,20191200
2019-08-09 13:15:00,,20191200,129.875,20190900,,20191200
2019-08-09 13:30:00,,20191200,130.0,20190900,,20191200
2019-08-09 13:45:00,,20191200,130.03125,20190900,,20191200
2019-08-09 14:00:00,130.4375,20191200,129.984375,20190900,130.4375,20191200
2019-08-09 14:15:00,,20191200,129.9375,20190900,,20191200
2019-08-09 14:30:00,,20191200,129.875,20190900,,20191200
2019-08-09 14:45:00,,20191200,129.9375,20190900,,20191200
2019-08-09 15:00:00,130.515625,20191200,129.953125,20190900,130.515625,20191200
2019-08-09 15:15:00,,20191200,130.109375,20190900,,20191200
2019-08-09 15:30:00,,20191200,130.0625,20190900,,20191200
2019-08-09 15:45:00,,20191200,129.953125,20190900,,20191200
2019-08-09 16:00:00,130.5,20191200,129.921875,20190900,130.5,20191200
2019-08-09 16:15:00,,20191200,130.0625,20190900,,20191200
2019-08-09 16:30:00,,20191200,129.9375,20190900,,20191200
2019-08-09 16:45:00,,20191200,129.9375,20190900,,20191200
2019-08-09 17:00:00,130.34375,20191200,129.875,20190900,130.34375,20191200
2019-08-09 17:15:00,,20191200,129.953125,20190900,,20191200
2019-08-09 17:30:00,,20191200,129.921875,20190900,,20191200
2019-08-09 17:45:00,,20191200,129.828125,20190900,,20191200
2019-08-09 18:00:00,130.359375,20191200,129.71875,20190900,130.359375,20191200
2019-08-09 18:15:00,,20191200,129.765625,20190900,,20191200
2019-08-09 18:30:00,,20191200,129.78125,20190900,,20191200
2019-08-09 18:45:00,,20191200,129.78125,20190900,,20191200
2019-08-09 19:00:00,130.265625,20191200,129.765625,20190900,130.265625,20191200
2019-08-09 19:15:00,,20191200,129.6875,20190900,,20191200
2019-08-09 19:30:00,,20191200,129.6875,20190900,,20191200
2019-08-09 19:45:00,,20191200,129.6875,20190900,,20191200
2019-08-09 20:00:00,130.234375,20191200,129.6875,20190900,130.234375,20191200
2019-08-09 20:15:00,,20191200,129.65625,20190900,,20191200
2019-08-09 20:30:00,,20191200,129.65625,20190900,,20191200
2019-08-09 20:45:00,,20191200,129.6875,20190900,,20191200
2019-08-09 21:00:00,130.109375,20191200,129.703125,20190900,130.109375,20191200
2019-08-09 21:15:00,,20191200,129.640625,20190900,,20191200
2019-08-09 21:30:00,,20191200,129.578125,20190900,,20191200
2019-08-09 21:45:00,,20191200,129.546875,20190900,,20191200
2019-08-09 23:00:00,130.640625,20191200,130.046875,20190900,130.640625,20191200
2019-08-11 23:00:00,130.28125,20191200,129.671875,20190900,130.28125,20191200
2019-08-11 23:15:00,,20191200,129.703125,20190900,,20191200
2019-08-11 23:30:00,,20191200,129.703125,20190900,,20191200
2019-08-11 23:45:00,,20191200,129.703125,20190900,,20191200
2019-08-12 00:00:00,130.328125,20191200,129.71875,20190900,130.328125,20191200
2019-08-12 00:15:00,,20191200,129.734375,20190900,,20191200
2019-08-12 00:30:00,,20191200,129.765625,20190900,,20191200
2019-08-12 00:45:00,,20191200,129.796875,20190900,,20191200
2019-08-12 01:00:00,130.359375,20191200,129.765625,20190900,130.359375,20191200
2019-08-12 01:15:00,,20191200,129.75,20190900,,20191200
2019-08-12 01:30:00,,20191200,129.765625,20190900,,20191200
2019-08-12 01:45:00,,20191200,129.75,20190900,,20191200
2019-08-12 02:00:00,130.265625,20191200,129.71875,20190900,130.265625,20191200
2019-08-12 02:15:00,,20191200,129.703125,20190900,,20191200
2019-08-12 02:30:00,,20191200,129.6875,20190900,,20191200
2019-08-12 02:45:00,,20191200,129.703125,20190900,,20191200
2019-08-12 03:00:00,130.28125,20191200,129.734375,20190900,130.28125,20191200
2019-08-12 03:15:00,,20191200,129.71875,20190900,,20191200
2019-08-12 03:30:00,,20191200,129.703125,20190900,,20191200
2019-08-12 03:45:00,,20191200,129.71875,20190900,,20191200
2019-08-12 04:00:00,,20191200,129.703125,20190900,,20191200
2019-08-12 04:15:00,,20191200,129.703125,20190900,,20191200
2019-08-12 04:30:00,,20191200,129.703125,20190900,,20191200
2019-08-12 04:45:00,,20191200,129.734375,20190900,,20191200
2019-08-12 05:15:00,,20191200,129.71875,20190900,,20191200
2019-08-12 05:30:00,,20191200,129.71875,20190900,,20191200
2019-08-12 05:45:00,,20191200,129.734375,20190900,,20191200
2019-08-12 06:15:00,,20191200,129.734375,20190900,,20191200
2019-08-12 06:30:00,,20191200,129.71875,20190900,,20191200
2019-08-12 06:45:00,,20191200,129.71875,20190900,,20191200
2019-08-12 07:00:00,130.265625,20191200,129.6875,20190900,130.265625,20191200
2019-08-12 07:15:00,,20191200,129.765625,20190900,,20191200
2019-08-12 07:30:00,,20191200,129.765625,20190900,,20191200
2019-08-12 07:45:00,,20191200,129.78125,20190900,,20191200
2019-08-12 08:00:00,130.296875,20191200,129.75,20190900,130.296875,20191200
2019-08-12 08:15:00,,20191200,129.734375,20190900,,20191200
2019-08-12 08:30:00,,20191200,129.734375,20190900,,20191200
2019-08-12 08:45:00,,20191200,129.78125,20190900,,20191200
2019-08-12 09:00:00,130.640625,20191200,129.90625,20190900,130.640625,20191200
2019-08-12 09:15:00,,20191200,129.921875,20190900,,20191200
2019-08-12 09:30:00,,20191200,129.953125,20190900,,20191200
2019-08-12 09:45:00,,20191200,130.046875,20190900,,20191200
2019-08-12 10:00:00,130.609375,20191200,130.078125,20190900,130.609375,20191200
2019-08-12 10:15:00,,20191200,130.046875,20190900,,20191200
2019-08-12 10:30:00,,20191200,130.015625,20190900,,20191200
2019-08-12 10:45:00,,20191200,130.03125,20190900,,20191200
2019-08-12 11:00:00,130.59375,20191200,130.03125,20190900,130.59375,20191200
2019-08-12 11:15:00,,20191200,130.03125,20190900,,20191200
2019-08-12 11:30:00,,20191200,130.03125,20190900,,20191200
2019-08-12 11:45:00,,20191200,130.03125,20190900,,20191200
2019-08-12 12:00:00,130.640625,20191200,130.046875,20190900,130.640625,20191200
2019-08-12 12:15:00,,20191200,130.09375,20190900,,20191200
2019-08-12 12:30:00,,20191200,130.0625,20190900,,20191200
2019-08-12 12:45:00,,20191200,130.03125,20190900,,20191200
2019-08-12 13:00:00,130.546875,20191200,130.015625,20190900,130.546875,20191200
2019-08-12 13:15:00,,20191200,130.0,20190900,,20191200
2019-08-12 13:30:00,,20191200,130.03125,20190900,,20191200
2019-08-12 13:45:00,,20191200,129.96875,20190900,,20191200
2019-08-12 14:00:00,130.625,20191200,129.984375,20190900,130.625,20191200
2019-08-12 14:15:00,,20191200,130.046875,20190900,,20191200
2019-08-12 14:30:00,,20191200,130.046875,20190900,,20191200
2019-08-12 14:45:00,,20191200,130.046875,20190900,,20191200
2019-08-12 15:00:00,130.734375,20191200,130.0625,20190900,130.734375,20191200
2019-08-12 15:15:00,,20191200,130.046875,20190900,,20191200
2019-08-12 15:30:00,,20191200,130.140625,20190900,,20191200
2019-08-12 15:45:00,,20191200,130.171875,20190900,,20191200
2019-08-12 16:00:00,130.765625,20191200,130.21875,20190900,130.765625,20191200
2019-08-12 16:15:00,,20191200,130.234375,20190900,,20191200
2019-08-12 16:30:00,,20191200,130.21875,20190900,,20191200
2019-08-12 16:45:00,,20191200,130.1875,20190900,,20191200
2019-08-12 17:00:00,130.875,20191200,130.203125,20190900,130.875,20191200
2019-08-12 17:15:00,,20191200,130.1875,20190900,,20191200
2019-08-12 17:30:00,,20191200,130.25,20190900,,20191200
2019-08-12 17:45:00,,20191200,130.28125,20190900,,20191200
2019-08-12 18:00:00,130.859375,20191200,130.28125,20190900,130.859375,20191200
2019-08-12 18:15:00,,20191200,130.28125,20190900,,20191200
2019-08-12 18:30:00,,20191200,130.265625,20190900,,20191200
2019-08-12 18:45:00,,20191200,130.25,20190900,,20191200
2019-08-12 19:00:00,130.96875,20191200,130.25,20190900,130.96875,20191200
2019-08-12 19:15:00,,20191200,130.3125,20190900,,20191200
2019-08-12 19:30:00,,20191200,130.4375,20190900,,20191200
2019-08-12 19:45:00,,20191200,130.375,20190900,,20191200
2019-08-12 20:00:00,130.921875,20191200,130.34375,20190900,130.921875,20191200
2019-08-12 20:15:00,,20191200,130.328125,20190900,,20191200
2019-08-12 20:30:00,,20191200,130.296875,20190900,,20191200
2019-08-12 20:45:00,,20191200,130.328125,20190900,,20191200
2019-08-12 21:00:00,130.875,20191200,130.359375,20190900,130.875,20191200
2019-08-12 21:15:00,,20191200,130.375,20190900,,20191200
2019-08-12 21:30:00,,20191200,130.359375,20190900,,20191200
2019-08-12 21:45:00,,20191200,130.296875,20190900,,20191200
2019-08-12 23:00:00,130.296875,20191200,129.71875,20190900,130.296875,20191200
2019-08-12 23:15:00,,20191200,130.265625,20190900,,20191200
2019-08-12 23:30:00,,20191200,130.25,20190900,,20191200
2019-08-12 23:45:00,,20191200,130.28125,20190900,,20191200
2019-08-13 00:00:00,130.875,20191200,130.328125,20190900,130.875,20191200
2019-08-13 00:15:00,,20191200,130.296875,20190900,,20191200
2019-08-13 00:30:00,,20191200,130.265625,20190900,,20191200
2019-08-13 00:45:00,,20191200,130.265625,20190900,,20191200
2019-08-13 01:00:00,130.875,20191200,130.265625,20190900,130.875,20191200
2019-08-13 01:15:00,,20191200,130.25,20190900,,20191200
2019-08-13 01:30:00,,20191200,130.296875,20190900,,20191200
2019-08-13 01:45:00,,20191200,130.296875,20190900,,20191200
2019-08-13 02:00:00,130.875,20191200,130.328125,20190900,130.875,20191200
2019-08-13 02:15:00,,20191200,130.328125,20190900,,20191200
2019-08-13 02:30:00,,20191200,130.28125,20190900,,20191200
2019-08-13 02:45:00,,20191200,130.3125,20190900,,20191200
2019-08-13 03:00:00,130.859375,20191200,130.3125,20190900,130.859375,20191200
2019-08-13 03:15:00,,20191200,130.296875,20190900,,20191200
2019-08-13 03:30:00,,20191200,130.265625,20190900,,20191200
2019-08-13 03:45:00,,20191200,130.265625,20190900,,20191200
2019-08-13 04:00:00,,20191200,130.28125,20190900,,20191200
2019-08-13 04:15:00,,20191200,130.28125,20190900,,20191200
2019-08-13 04:30:00,,20191200,130.296875,20190900,,20191200
2019-08-13 04:45:00,,20191200,130.328125,20190900,,20191200
2019-08-13 05:15:00,,20191200,130.3125,20190900,,20191200
2019-08-13 05:30:00,,20191200,130.296875,20190900,,20191200
2019-08-13 05:45:00,,20191200,130.28125,20190900,,20191200
2019-08-13 06:15:00,,20191200,130.328125,20190900,,20191200
2019-08-13 06:30:00,,20191200,130.375,20190900,,20191200
2019-08-13 06:45:00,,20191200,130.359375,20190900,,20191200
2019-08-13 07:00:00,131.078125,20191200,130.40625,20190900,131.078125,20191200
2019-08-13 07:15:00,,20191200,130.453125,20190900,,20191200
2019-08-13 07:30:00,,20191200,130.484375,20190900,,20191200
2019-08-13 07:45:00,,20191200,130.484375,20190900,,20191200
2019-08-13 08:00:00,131.046875,20191200,130.4375,20190900,131.046875,20191200
2019-08-13 08:15:00,,20191200,130.421875,20190900,,20191200
2019-08-13 08:30:00,,20191200,130.453125,20190900,,20191200
2019-08-13 08:45:00,,20191200,130.453125,20190900,,20191200
2019-08-13 09:00:00,130.84375,20191200,130.34375,20190900,130.84375,20191200
2019-08-13 09:15:00,,20191200,130.34375,20190900,,20191200
2019-08-13 09:30:00,,20191200,130.265625,20190900,,20191200
2019-08-13 09:45:00,,20191200,130.25,20190900,,20191200
2019-08-13 10:00:00,131.015625,20191200,130.40625,20190900,131.015625,20191200
2019-08-13 10:15:00,,20191200,130.359375,20190900,,20191200
2019-08-13 10:30:00,,20191200,130.390625,20190900,,20191200
2019-08-13 10:45:00,,20191200,130.4375,20190900,,20191200
2019-08-13 11:00:00,130.890625,20191200,130.390625,20190900,130.890625,20191200
2019-08-13 11:15:00,,20191200,130.40625,20190900,,20191200
2019-08-13 11:30:00,,20191200,130.34375,20190900,,20191200
2019-08-13 11:45:00,,20191200,130.3125,20190900,,20191200
2019-08-13 12:00:00,130.84375,20191200,130.265625,20190900,130.84375,20191200
2019-08-13 12:15:00,,20191200,130.28125,20190900,,20191200
2019-08-13 12:30:00,,20191200,130.265625,20190900,,20191200
2019-08-13 12:45:00,,20191200,130.25,20190900,,20191200
2019-08-13 13:00:00,130.78125,20191200,130.265625,20190900,130.78125,20191200
2019-08-13 13:15:00,,20191200,130.203125,20190900,,20191200
2019-08-13 13:30:00,,20191200,130.140625,20190900,,20191200
2019-08-13 13:45:00,,20191200,130.15625,20190900,,20191200
2019-08-13 14:00:00,130.3125,20191200,130.234375,20190900,130.3125,20191200
2019-08-13 14:15:00,,20191200,130.234375,20190900,,20191200
2019-08-13 14:30:00,,20191200,130.0625,20190900,,20191200
2019-08-13 14:45:00,,20191200,129.71875,20190900,,20191200
2019-08-13 15:00:00,130.296875,20191200,129.796875,20190900,130.296875,20191200
2019-08-13 15:15:00,,20191200,129.609375,20190900,,20191200
2019-08-13 15:30:00,,20191200,129.703125,20190900,,20191200
2019-08-13 15:45:00,,20191200,129.75,20190900,,20191200
2019-08-13 16:00:00,130.40625,20191200,129.8125,20190900,130.40625,20191200
2019-08-13 16:15:00,,20191200,129.890625,20190900,,20191200
2019-08-13 16:30:00,,20191200,129.84375,20190900,,20191200
2019-08-13 16:45:00,,20191200,129.8125,20190900,,20191200
2019-08-13 17:00:00,130.4375,20191200,129.875,20190900,130.4375,20191200
2019-08-13 17:15:00,,20191200,129.765625,20190900,,20191200
2019-08-13 17:30:00,,20191200,129.828125,20190900,,20191200
2019-08-13 17:45:00,,20191200,129.875,20190900,,20191200
2019-08-13 18:00:00,130.375,20191200,129.78125,20190900,130.375,20191200
2019-08-13 18:15:00,,20191200,129.859375,20190900,,20191200
2019-08-13 18:30:00,,20191200,129.84375,20190900,,20191200
2019-08-13 18:45:00,,20191200,129.78125,20190900,,20191200
2019-08-13 19:00:00,130.4375,20191200,129.78125,20190900,130.4375,20191200
2019-08-13 19:15:00,,20191200,129.75,20190900,,20191200
2019-08-13 19:30:00,,20191200,129.796875,20190900,,20191200
2019-08-13 19:45:00,,20191200,129.84375,20190900,,20191200
2019-08-13 20:00:00,130.421875,20191200,129.859375,20190900,130.421875,20191200
2019-08-13 20:15:00,,20191200,129.828125,20190900,,20191200
2019-08-13 20:30:00,,20191200,129.8125,20190900,,20191200
2019-08-13 20:45:00,,20191200,129.828125,20190900,,20191200
2019-08-13 21:00:00,130.25,20191200,129.765625,20190900,130.25,20191200
2019-08-13 21:15:00,,20191200,129.703125,20190900,,20191200
2019-08-13 21:30:00,,20191200,129.6875,20190900,,20191200
2019-08-13 21:45:00,,20191200,129.671875,20190900,,20191200
2019-08-13 23:00:00,130.9375,20191200,130.3125,20190900,130.9375,20191200
2019-08-13 23:15:00,,20191200,129.71875,20190900,,20191200
2019-08-13 23:30:00,,20191200,129.765625,20190900,,20191200
2019-08-13 23:45:00,,20191200,129.765625,20190900,,20191200
2019-08-14 00:00:00,130.34375,20191200,129.75,20190900,130.34375,20191200
2019-08-14 00:15:00,,20191200,129.75,20190900,,20191200
2019-08-14 00:30:00,,20191200,129.75,20190900,,20191200
2019-08-14 00:45:00,,20191200,129.765625,20190900,,20191200
2019-08-14 01:00:00,130.46875,20191200,129.78125,20190900,130.46875,20191200
2019-08-14 01:15:00,,20191200,129.8125,20190900,,20191200
2019-08-14 01:30:00,,20191200,129.875,20190900,,20191200
2019-08-14 01:45:00,,20191200,129.90625,20190900,,20191200
2019-08-14 02:00:00,130.46875,20191200,129.859375,20190900,130.46875,20191200
2019-08-14 02:15:00,,20191200,129.8125,20190900,,20191200
2019-08-14 02:30:00,,20191200,129.875,20190900,,20191200
2019-08-14 02:45:00,,20191200,129.859375,20190900,,20191200
2019-08-14 03:00:00,130.546875,20191200,129.953125,20190900,130.546875,20191200
2019-08-14 03:15:00,,20191200,129.921875,20190900,,20191200
2019-08-14 03:30:00,,20191200,129.953125,20190900,,20191200
2019-08-14 03:45:00,,20191200,129.96875,20190900,,20191200
2019-08-14 04:00:00,130.5625,20191200,129.90625,20190900,130.5625,20191200
2019-08-14 04:15:00,,20191200,129.9375,20190900,,20191200
2019-08-14 04:30:00,,20191200,129.96875,20190900,,20191200
2019-08-14 04:45:00,,20191200,129.96875,20190900,,20191200
2019-08-14 05:15:00,,20191200,129.9375,20190900,,20191200
2019-08-14 05:30:00,,20191200,129.9375,20190900,,20191200
2019-08-14 05:45:00,,20191200,129.890625,20190900,,20191200
2019-08-14 06:15:00,,20191200,129.921875,20190900,,20191200
2019-08-14 06:30:00,,20191200,129.921875,20190900,,20191200
2019-08-14 06:45:00,,20191200,129.90625,20190900,,20191200
2019-08-14 07:00:00,130.515625,20191200,129.9375,20190900,130.515625,20191200
2019-08-14 07:15:00,,20191200,129.921875,20190900,,20191200
2019-08-14 07:30:00,,20191200,129.921875,20190900,,20191200
2019-08-14 07:45:00,,20191200,129.9375,20190900,,20191200
2019-08-14 08:00:00,130.671875,20191200,130.03125,20190900,130.671875,20191200
2019-08-14 08:15:00,,20191200,130.046875,20190900,,20191200
2019-08-14 08:30:00,,20191200,130.046875,20190900,,20191200
2019-08-14 08:45:00,,20191200,130.078125,20190900,,20191200
2019-08-14 09:00:00,130.671875,20191200,130.03125,20190900,130.671875,20191200
2019-08-14 09:15:00,,20191200,130.09375,20190900,,20191200
2019-08-14 09:30:00,,20191200,130.09375,20190900,,20191200
2019-08-14 09:45:00,,20191200,130.03125,20190900,,20191200
2019-08-14 10:00:00,130.6875,20191200,130.0625,20190900,130.6875,20191200
2019-08-14 10:15:00,,20191200,130.046875,20190900,,20191200
2019-08-14 10:30:00,,20191200,130.0625,20190900,,20191200
2019-08-14 10:45:00,,20191200,130.09375,20190900,,20191200
2019-08-14 11:00:00,130.875,20191200,130.171875,20190900,130.875,20191200
2019-08-14 11:15:00,,20191200,130.21875,20190900,,20191200
2019-08-14 11:30:00,,20191200,130.25,20190900,,20191200
2019-08-14 11:45:00,,20191200,130.265625,20190900,,20191200
2019-08-14 12:00:00,131.109375,20191200,130.25,20190900,131.109375,20191200
2019-08-14 12:15:00,,20191200,130.3125,20190900,,20191200
2019-08-14 12:30:00,,20191200,130.578125,20190900,,20191200
2019-08-14 12:45:00,,20191200,130.5,20190900,,20191200
2019-08-14 13:00:00,130.84375,20191200,130.390625,20190900,130.84375,20191200
2019-08-14 13:15:00,,20191200,130.34375,20190900,,20191200
2019-08-14 13:30:00,,20191200,130.359375,20190900,,20191200
2019-08-14 13:45:00,,20191200,130.265625,20190900,,20191200
2019-08-14 14:00:00,130.90625,20191200,130.296875,20190900,130.90625,20191200
2019-08-14 14:15:00,,20191200,130.390625,20190900,,20191200
2019-08-14 14:30:00,,20191200,130.359375,20190900,,20191200
2019-08-14 14:45:00,,20191200,130.3125,20190900,,20191200
2019-08-14 15:00:00,131.15625,20191200,130.46875,20190900,131.15625,20191200
2019-08-14 15:15:00,,20191200,130.40625,20190900,,20191200
2019-08-14 15:30:00,,20191200,130.421875,20190900,,20191200
2019-08-14 15:45:00,,20191200,130.546875,20190900,,20191200
2019-08-14 16:00:00,131.109375,20191200,130.5625,20190900,131.109375,20191200
2019-08-14 16:15:00,,20191200,130.5,20190900,,20191200
2019-08-14 16:30:00,,20191200,130.484375,20190900,,20191200
2019-08-14 16:45:00,,20191200,130.46875,20190900,,20191200
2019-08-14 17:00:00,131.171875,20191200,130.5,20190900,131.171875,20191200
2019-08-14 17:15:00,,20191200,130.46875,20190900,,20191200
2019-08-14 17:30:00,,20191200,130.484375,20190900,,20191200
2019-08-14 17:45:00,,20191200,130.5625,20190900,,20191200
2019-08-14 18:00:00,131.0625,20191200,130.5,20190900,131.0625,20191200
2019-08-14 18:15:00,,20191200,130.4375,20190900,,20191200
2019-08-14 18:30:00,,20191200,130.421875,20190900,,20191200
2019-08-14 18:45:00,,20191200,130.4375,20190900,,20191200
2019-08-14 19:00:00,131.15625,20191200,130.484375,20190900,131.15625,20191200
2019-08-14 19:15:00,,20191200,130.5,20190900,,20191200
2019-08-14 19:30:00,,20191200,130.53125,20190900,,20191200
2019-08-14 19:45:00,,20191200,130.515625,20190900,,20191200
2019-08-14 20:00:00,131.03125,20191200,130.375,20190900,131.03125,20191200
2019-08-14 20:15:00,,20191200,130.375,20190900,,20191200
2019-08-14 20:30:00,,20191200,130.390625,20190900,,20191200
2019-08-14 20:45:00,,20191200,130.4375,20190900,,20191200
2019-08-14 21:00:00,131.125,20191200,130.4375,20190900,131.125,20191200
2019-08-14 21:15:00,,20191200,130.484375,20190900,,20191200
2019-08-14 21:30:00,,20191200,130.46875,20190900,,20191200
2019-08-14 21:45:00,,20191200,130.484375,20190900,,20191200
2019-08-14 23:00:00,130.46875,20191200,129.890625,20190900,130.46875,20191200
2019-08-14 23:15:00,,20191200,130.46875,20190900,,20191200
2019-08-14 23:30:00,,20191200,130.421875,20190900,,20191200
2019-08-14 23:45:00,,20191200,130.484375,20190900,,20191200
2019-08-15 00:00:00,131.046875,20191200,130.484375,20190900,131.046875,20191200
2019-08-15 00:15:00,,20191200,130.453125,20190900,,20191200
2019-08-15 00:30:00,,20191200,130.4375,20190900,,20191200
2019-08-15 00:45:00,,20191200,130.421875,20190900,,20191200
2019-08-15 01:00:00,131.078125,20191200,130.453125,20190900,131.078125,20191200
2019-08-15 01:15:00,,20191200,130.46875,20190900,,20191200
2019-08-15 01:30:00,,20191200,130.484375,20190900,,20191200
2019-08-15 01:45:00,,20191200,130.5,20190900,,20191200
2019-08-15 02:00:00,131.09375,20191200,130.515625,20190900,131.09375,20191200
2019-08-15 02:15:00,,20191200,130.546875,20190900,,20191200
2019-08-15 02:30:00,,20191200,130.59375,20190900,,20191200
2019-08-15 02:45:00,,20191200,130.484375,20190900,,20191200
2019-08-15 03:00:00,131.265625,20191200,130.578125,20190900,131.265625,20191200
2019-08-15 03:15:00,,20191200,130.5625,20190900,,20191200
2019-08-15 03:30:00,,20191200,130.5625,20190900,,20191200
2019-08-15 03:45:00,,20191200,130.640625,20190900,,20191200
2019-08-15 04:00:00,131.265625,20191200,130.59375,20190900,131.265625,20191200
2019-08-15 04:15:00,,20191200,130.59375,20190900,,20191200
2019-08-15 04:30:00,,20191200,130.59375,20190900,,20191200
2019-08-15 04:45:00,,20191200,130.640625,20190900,,20191200
2019-08-15 05:15:00,,20191200,130.671875,20190900,,20191200
2019-08-15 05:30:00,,20191200,130.65625,20190900,,20191200
2019-08-15 05:45:00,,20191200,130.640625,20190900,,20191200
2019-08-15 06:15:00,,20191200,130.59375,20190900,,20191200
2019-08-15 06:30:00,,20191200,130.609375,20190900,,20191200
2019-08-15 06:45:00,,20191200,130.609375,20190900,,20191200
2019-08-15 07:00:00,131.0625,20191200,130.59375,20190900,131.0625,20191200
2019-08-15 07:15:00,,20191200,130.59375,20190900,,20191200
2019-08-15 07:30:00,,20191200,130.453125,20190900,,20191200
2019-08-15 07:45:00,,20191200,130.453125,20190900,,20191200
2019-08-15 08:00:00,131.015625,20191200,130.421875,20190900,131.015625,20191200
2019-08-15 08:15:00,,20191200,130.40625,20190900,,20191200
2019-08-15 08:30:00,,20191200,130.390625,20190900,,20191200
2019-08-15 08:45:00,,20191200,130.390625,20190900,,20191200
2019-08-15 09:00:00,131.09375,20191200,130.390625,20190900,131.09375,20191200
2019-08-15 09:15:00,,20191200,130.421875,20190900,,20191200
2019-08-15 09:30:00,,20191200,130.421875,20190900,,20191200
2019-08-15 09:45:00,,20191200,130.46875,20190900,,20191200
2019-08-15 10:00:00,131.25,20191200,130.640625,20190900,131.25,20191200
2019-08-15 10:15:00,,20191200,130.515625,20190900,,20191200
2019-08-15 10:30:00,,20191200,130.59375,20190900,,20191200
2019-08-15 10:45:00,,20191200,130.625,20190900,,20191200
2019-08-15 11:00:00,131.546875,20191200,130.734375,20190900,131.546875,20191200
2019-08-15 11:15:00,,20191200,130.796875,20190900,,20191200
2019-08-15 11:30:00,,20191200,130.859375,20190900,,20191200
2019-08-15 11:45:00,,20191200,130.890625,20190900,,20191200
2019-08-15 12:00:00,131.375,20191200,130.859375,20190900,131.375,20191200
2019-08-15 12:15:00,,20191200,130.65625,20190900,,20191200
2019-08-15 12:30:00,,20191200,130.703125,20190900,,20191200
2019-08-15 12:45:00,,20191200,130.75,20190900,,20191200
2019-08-15 13:00:00,131.046875,20191200,130.671875,20190900,131.046875,20191200
2019-08-15 13:15:00,,20191200,130.625,20190900,,20191200
2019-08-15 13:30:00,,20191200,130.4375,20190900,,20191200
2019-08-15 13:45:00,,20191200,130.4375,20190900,,20191200
2019-08-15 14:00:00,131.21875,20191200,130.421875,20190900,131.21875,20191200
2019-08-15 14:15:00,,20191200,130.5625,20190900,,20191200
2019-08-15 14:30:00,,20191200,130.65625,20190900,,20191200
2019-08-15 14:45:00,,20191200,130.59375,20190900,,20191200
2019-08-15 15:00:00,131.40625,20191200,130.609375,20190900,131.40625,20191200
2019-08-15 15:15:00,,20191200,130.625,20190900,,20191200
2019-08-15 15:30:00,,20191200,130.6875,20190900,,20191200
2019-08-15 15:45:00,,20191200,130.765625,20190900,,20191200
2019-08-15 16:00:00,131.5,20191200,130.84375,20190900,131.5,20191200
2019-08-15 16:15:00,,20191200,130.8125,20190900,,20191200
2019-08-15 16:30:00,,20191200,130.828125,20190900,,20191200
2019-08-15 16:45:00,,20191200,130.875,20190900,,20191200
2019-08-15 17:00:00,131.625,20191200,130.9375,20190900,131.625,20191200
2019-08-15 17:15:00,,20191200,130.96875,20190900,,20191200
2019-08-15 17:30:00,,20191200,130.953125,20190900,,20191200
2019-08-15 17:45:00,,20191200,131.0,20190900,,20191200
2019-08-15 18:00:00,131.796875,20191200,130.984375,20190900,131.796875,20191200
2019-08-15 18:15:00,,20191200,131.015625,20190900,,20191200
2019-08-15 18:30:00,,20191200,131.078125,20190900,,20191200
2019-08-15 18:45:00,,20191200,131.15625,20190900,,20191200
2019-08-15 19:00:00,131.59375,20191200,131.015625,20190900,131.59375,20191200
2019-08-15 19:15:00,,20191200,131.0,20190900,,20191200
2019-08-15 19:30:00,,20191200,130.96875,20190900,,20191200
2019-08-15 19:45:00,,20191200,130.953125,20190900,,20191200
2019-08-15 20:00:00,131.765625,20191200,130.9375,20190900,131.765625,20191200
2019-08-15 20:15:00,,20191200,131.015625,20190900,,20191200
2019-08-15 20:30:00,,20191200,131.109375,20190900,,20191200
2019-08-15 20:45:00,,20191200,131.140625,20190900,,20191200
2019-08-15 21:00:00,131.59375,20191200,131.1875,20190900,131.59375,20191200
2019-08-15 21:15:00,,20191200,131.234375,20190900,,20191200
2019-08-15 21:30:00,,20191200,131.15625,20190900,,20191200
2019-08-15 21:45:00,,20191200,130.921875,20190900,,20191200
2019-08-15 23:00:00,131.234375,20191200,130.5625,20190900,131.234375,20191200
2019-08-15 23:15:00,,20191200,130.921875,20190900,,20191200
2019-08-15 23:30:00,,20191200,130.921875,20190900,,20191200
2019-08-15 23:45:00,,20191200,130.9375,20190900,,20191200
2019-08-16 00:00:00,131.5625,20191200,130.96875,20190900,131.5625,20191200
2019-08-16 00:15:00,,20191200,130.96875,20190900,,20191200
2019-08-16 00:30:00,,20191200,130.9375,20190900,,20191200
2019-08-16 00:45:00,,20191200,130.953125,20190900,,20191200
2019-08-16 01:00:00,131.671875,20191200,130.921875,20190900,131.671875,20191200
2019-08-16 01:15:00,,20191200,131.0,20190900,,20191200
2019-08-16 01:30:00,,20191200,131.078125,20190900,,20191200
2019-08-16 01:45:00,,20191200,130.96875,20190900,,20191200
2019-08-16 02:00:00,131.609375,20191200,131.0,20190900,131.609375,20191200
2019-08-16 02:15:00,,20191200,130.984375,20190900,,20191200
2019-08-16 02:30:00,,20191200,130.984375,20190900,,20191200
2019-08-16 02:45:00,,20191200,130.953125,20190900,,20191200
2019-08-16 03:00:00,131.5625,20191200,130.9375,20190900,131.5625,20191200
2019-08-16 03:15:00,,20191200,130.90625,20190900,,20191200
2019-08-16 03:30:00,,20191200,130.890625,20190900,,20191200
2019-08-16 03:45:00,,20191200,130.90625,20190900,,20191200
2019-08-16 04:00:00,131.484375,20191200,130.890625,20190900,131.484375,20191200
2019-08-16 04:15:00,,20191200,130.859375,20190900,,20191200
2019-08-16 04:30:00,,20191200,130.84375,20190900,,20191200
2019-08-16 04:45:00,,20191200,130.859375,20190900,,20191200
2019-08-16 05:15:00,,20191200,130.875,20190900,,20191200
2019-08-16 05:30:00,,20191200,130.890625,20190900,,20191200
2019-08-16 05:45:00,,20191200,130.90625,20190900,,20191200
2019-08-16 06:15:00,,20191200,130.875,20190900,,20191200
2019-08-16 06:30:00,,20191200,130.8125,20190900,,20191200
2019-08-16 06:45:00,,20191200,130.8125,20190900,,20191200
2019-08-16 07:00:00,131.46875,20191200,130.8125,20190900,131.46875,20191200
2019-08-16 07:15:00,,20191200,130.75,20190900,,20191200
2019-08-16 07:30:00,,20191200,130.828125,20190900,,20191200
2019-08-16 07:45:00,,20191200,130.796875,20190900,,20191200
2019-08-16 08:00:00,131.4375,20191200,130.828125,20190900,131.4375,20191200
2019-08-16 08:15:00,,20191200,130.734375,20190900,,20191200
2019-08-16 08:30:00,,20191200,130.734375,20190900,,20191200
2019-08-16 08:45:00,,20191200,130.796875,20190900,,20191200
2019-08-16 09:00:00,131.34375,20191200,130.734375,20190900,131.34375,20191200
2019-08-16 09:15:00,,20191200,130.828125,20190900,,20191200
2019-08-16 09:30:00,,20191200,130.765625,20190900,,20191200
2019-08-16 09:45:00,,20191200,130.75,20190900,,20191200
2019-08-16 10:00:00,131.328125,20191200,130.71875,20190900,131.328125,20191200
2019-08-16 10:15:00,,20191200,130.671875,20190900,,20191200
2019-08-16 10:30:00,,20191200,130.671875,20190900,,20191200
2019-08-16 10:45:00,,20191200,130.703125,20190900,,20191200
2019-08-16 11:00:00,131.375,20191200,130.734375,20190900,131.375,20191200
2019-08-16 11:15:00,,20191200,130.765625,20190900,,20191200
2019-08-16 11:30:00,,20191200,130.75,20190900,,20191200
2019-08-16 11:45:00,,20191200,130.765625,20190900,,20191200
2019-08-16 12:00:00,131.59375,20191200,130.828125,20190900,131.59375,20191200
2019-08-16 12:15:00,,20191200,130.828125,20190900,,20191200
2019-08-16 12:30:00,,20191200,130.84375,20190900,,20191200
2019-08-16 12:45:00,,20191200,130.953125,20190900,,20191200
2019-08-16 13:00:00,131.3125,20191200,130.921875,20190900,131.3125,20191200
2019-08-16 13:15:00,,20191200,130.90625,20190900,,20191200
2019-08-16 13:30:00,,20191200,130.8125,20190900,,20191200
2019-08-16 13:45:00,,20191200,130.671875,20190900,,20191200
2019-08-16 14:00:00,131.421875,20191200,130.71875,20190900,131.421875,20191200
2019-08-16 14:15:00,,20191200,130.75,20190900,,20191200
2019-08-16 14:30:00,,20191200,130.796875,20190900,,20191200
2019-08-16 14:45:00,,20191200,130.8125,20190900,,20191200
2019-08-16 15:00:00,131.125,20191200,130.765625,20190900,131.125,20191200
2019-08-16 15:15:00,,20191200,130.71875,20190900,,20191200
2019-08-16 15:30:00,,20191200,130.46875,20190900,,20191200
2019-08-16 15:45:00,,20191200,130.53125,20190900,,20191200
2019-08-16 16:00:00,131.25,20191200,130.578125,20190900,131.25,20191200
2019-08-16 16:15:00,,20191200,130.640625,20190900,,20191200
2019-08-16 16:30:00,,20191200,130.671875,20190900,,20191200
2019-08-16 16:45:00,,20191200,130.640625,20190900,,20191200
2019-08-16 17:00:00,131.359375,20191200,130.703125,20190900,131.359375,20191200
2019-08-16 17:15:00,,20191200,130.65625,20190900,,20191200
2019-08-16 17:30:00,,20191200,130.703125,20190900,,20191200
2019-08-16 17:45:00,,20191200,130.734375,20190900,,20191200
2019-08-16 18:00:00,131.4375,20191200,130.75,20190900,131.4375,20191200
2019-08-16 18:15:00,,20191200,130.765625,20190900,,20191200
2019-08-16 18:30:00,,20191200,130.78125,20190900,,20191200
2019-08-16 18:45:00,,20191200,130.8125,20190900,,20191200
2019-08-16 19:00:00,131.546875,20191200,130.8125,20190900,131.546875,20191200
2019-08-16 19:15:00,,20191200,130.828125,20190900,,20191200
2019-08-16 19:30:00,,20191200,130.875,20190900,,20191200
2019-08-16 19:45:00,,20191200,130.90625,20190900,,20191200
2019-08-16 20:00:00,131.46875,20191200,130.875,20190900,131.46875,20191200
2019-08-16 20:15:00,,20191200,130.84375,20190900,,20191200
2019-08-16 20:30:00,,20191200,130.828125,20190900,,20191200
2019-08-16 20:45:00,,20191200,130.890625,20190900,,20191200
2019-08-16 21:00:00,131.4375,20191200,130.78125,20190900,131.4375,20191200
2019-08-16 21:15:00,,20191200,130.8125,20190900,,20191200
2019-08-16 21:30:00,,20191200,130.78125,20190900,,20191200
2019-08-16 21:45:00,,20191200,130.8125,20190900,,20191200
2019-08-16 23:00:00,131.421875,20191200,130.890625,20190900,131.421875,20191200
2019-08-18 23:00:00,131.328125,20191200,130.703125,20190900,131.328125,20191200
2019-08-18 23:15:00,,20191200,130.671875,20190900,,20191200
2019-08-18 23:30:00,,20191200,130.703125,20190900,,20191200
2019-08-18 23:45:00,,20191200,130.671875,20190900,,20191200
2019-08-19 00:00:00,131.3125,20191200,130.703125,20190900,131.3125,20191200
2019-08-19 00:15:00,,20191200,130.703125,20190900,,20191200
2019-08-19 00:30:00,,20191200,130.671875,20190900,,20191200
2019-08-19 00:45:00,,20191200,130.71875,20190900,,20191200
2019-08-19 01:00:00,131.3125,20191200,130.734375,20190900,131.3125,20191200
2019-08-19 01:15:00,,20191200,130.671875,20190900,,20191200
2019-08-19 01:30:00,,20191200,130.65625,20190900,,20191200
2019-08-19 01:45:00,,20191200,130.6875,20190900,,20191200
2019-08-19 02:00:00,131.28125,20191200,130.625,20190900,131.28125,20191200
2019-08-19 02:15:00,,20191200,130.546875,20190900,,20191200
2019-08-19 02:30:00,,20191200,130.640625,20190900,,20191200
2019-08-19 02:45:00,,20191200,130.671875,20190900,,20191200
2019-08-19 03:00:00,131.21875,20191200,130.65625,20190900,131.21875,20191200
2019-08-19 03:15:00,,20191200,130.640625,20190900,,20191200
2019-08-19 03:30:00,,20191200,130.609375,20190900,,20191200
2019-08-19 03:45:00,,20191200,130.625,20190900,,20191200
2019-08-19 04:00:00,131.25,20191200,130.625,20190900,131.25,20191200
2019-08-19 04:15:00,,20191200,130.625,20190900,,20191200
2019-08-19 04:30:00,,20191200,130.625,20190900,,20191200
2019-08-19 04:45:00,,20191200,130.640625,20190900,,20191200
2019-08-19 05:15:00,,20191200,130.625,20190900,,20191200
2019-08-19 05:30:00,,20191200,130.625,20190900,,20191200
2019-08-19 05:45:00,,20191200,130.625,20190900,,20191200
2019-08-19 06:15:00,,20191200,130.640625,20190900,,20191200
2019-08-19 06:30:00,,20191200,130.640625,20190900,,20191200
2019-08-19 06:45:00,,20191200,130.640625,20190900,,20191200
2019-08-19 07:00:00,131.3125,20191200,130.671875,20190900,131.3125,20191200
2019-08-19 07:15:00,,20191200,130.6875,20190900,,20191200
2019-08-19 07:30:00,,20191200,130.703125,20190900,,20191200
2019-08-19 07:45:00,,20191200,130.6875,20190900,,20191200
2019-08-19 08:00:00,131.140625,20191200,130.609375,20190900,131.140625,20191200
2019-08-19 08:15:00,,20191200,130.609375,20190900,,20191200
2019-08-19 08:30:00,,20191200,130.578125,20190900,,20191200
2019-08-19 08:45:00,,20191200,130.515625,20190900,,20191200
2019-08-19 09:00:00,131.0,20191200,130.421875,20190900,131.0,20191200
2019-08-19 09:15:00,,20191200,130.390625,20190900,,20191200
2019-08-19 09:30:00,,20191200,130.375,20190900,,20191200
2019-08-19 09:45:00,,20191200,130.421875,20190900,,20191200
2019-08-19 10:00:00,130.96875,20191200,130.375,20190900,130.96875,20191200
2019-08-19 10:15:00,,20191200,130.375,20190900,,20191200
2019-08-19 10:30:00,,20191200,130.375,20190900,,20191200
2019-08-19 10:45:00,,20191200,130.359375,20190900,,20191200
2019-08-19 11:00:00,131.015625,20191200,130.390625,20190900,131.015625,20191200
2019-08-19 11:15:00,,20191200,130.4375,20190900,,20191200
2019-08-19 11:30:00,,20191200,130.421875,20190900,,20191200
2019-08-19 11:45:00,,20191200,130.40625,20190900,,20191200
2019-08-19 12:00:00,131.0625,20191200,130.4375,20190900,131.0625,20191200
2019-08-19 12:15:00,,20191200,130.375,20190900,,20191200
2019-08-19 12:30:00,,20191200,130.375,20190900,,20191200
2019-08-19 12:45:00,,20191200,130.4375,20190900,,20191200
2019-08-19 13:00:00,131.03125,20191200,130.484375,20190900,131.03125,20191200
2019-08-19 13:15:00,,20191200,130.515625,20190900,,20191200
2019-08-19 13:30:00,,20191200,130.484375,20190900,,20191200
2019-08-19 13:45:00,,20191200,130.40625,20190900,,20191200
2019-08-19 14:00:00,131.046875,20191200,130.40625,20190900,131.046875,20191200
2019-08-19 14:15:00,,20191200,130.359375,20190900,,20191200
2019-08-19 14:30:00,,20191200,130.359375,20190900,,20191200
2019-08-19 14:45:00,,20191200,130.40625,20190900,,20191200
2019-08-19 15:00:00,131.03125,20191200,130.421875,20190900,131.03125,20191200
2019-08-19 15:15:00,,20191200,130.46875,20190900,,20191200
2019-08-19 15:30:00,,20191200,130.484375,20190900,,20191200
2019-08-19 15:45:00,,20191200,130.421875,20190900,,20191200
2019-08-19 16:00:00,131.140625,20191200,130.484375,20190900,131.140625,20191200
2019-08-19 16:15:00,,20191200,130.46875,20190900,,20191200
2019-08-19 16:30:00,,20191200,130.5,20190900,,20191200
2019-08-19 16:45:00,,20191200,130.53125,20190900,,20191200
2019-08-19 17:00:00,131.078125,20191200,130.484375,20190900,131.078125,20191200
2019-08-19 17:15:00,,20191200,130.4375,20190900,,20191200
2019-08-19 17:30:00,,20191200,130.46875,20190900,,20191200
2019-08-19 17:45:00,,20191200,130.453125,20190900,,20191200
2019-08-19 18:00:00,131.109375,20191200,130.46875,20190900,131.109375,20191200
2019-08-19 18:15:00,,20191200,130.46875,20190900,,20191200
2019-08-19 18:30:00,,20191200,130.453125,20190900,,20191200
2019-08-19 18:45:00,,20191200,130.484375,20190900,,20191200
2019-08-19 19:00:00,131.0625,20191200,130.5,20190900,131.0625,20191200
2019-08-19 19:15:00,,20191200,130.46875,20190900,,20191200
2019-08-19 19:30:00,,20191200,130.4375,20190900,,20191200
2019-08-19 19:45:00,,20191200,130.421875,20190900,,20191200
2019-08-19 20:00:00,130.984375,20191200,130.421875,20190900,130.984375,20191200
2019-08-19 20:15:00,,20191200,130.390625,20190900,,20191200
2019-08-19 20:30:00,,20191200,130.34375,20190900,,20191200
2019-08-19 20:45:00,,20191200,130.359375,20190900,,20191200
2019-08-19 21:00:00,130.9375,20191200,130.359375,20190900,130.9375,20191200
2019-08-19 21:15:00,,20191200,130.375,20190900,,20191200
2019-08-19 21:30:00,,20191200,130.34375,20190900,,20191200
2019-08-19 21:45:00,,20191200,130.34375,20190900,,20191200
2019-08-19 23:00:00,131.265625,20191200,130.640625,20190900,131.265625,20191200
2019-08-19 23:15:00,,20191200,130.4375,20190900,,20191200
2019-08-19 23:30:00,,20191200,130.40625,20190900,,20191200
2019-08-19 23:45:00,,20191200,130.40625,20190900,,20191200
2019-08-20 00:00:00,131.09375,20191200,130.390625,20190900,131.09375,20191200
2019-08-20 00:15:00,,20191200,130.375,20190900,,20191200
2019-08-20 00:30:00,,20191200,130.375,20190900,,20191200
2019-08-20 00:45:00,,20191200,130.46875,20190900,,20191200
2019-08-20 01:00:00,131.078125,20191200,130.4375,20190900,131.078125,20191200
2019-08-20 01:15:00,,20191200,130.453125,20190900,,20191200
2019-08-20 01:30:00,,20191200,130.4375,20190900,,20191200
2019-08-20 01:45:00,,20191200,130.453125,20190900,,20191200
2019-08-20 02:00:00,131.109375,20191200,130.5,20190900,131.109375,20191200
2019-08-20 02:15:00,,20191200,130.5,20190900,,20191200
2019-08-20 02:30:00,,20191200,130.484375,20190900,,20191200
2019-08-20 02:45:00,,20191200,130.46875,20190900,,20191200
2019-08-20 03:00:00,131.0625,20191200,130.453125,20190900,131.0625,20191200
2019-08-20 03:15:00,,20191200,130.46875,20190900,,20191200
2019-08-20 03:30:00,,20191200,130.4375,20190900,,20191200
2019-08-20 03:45:00,,20191200,130.453125,20190900,,20191200
2019-08-20 04:00:00,131.109375,20191200,130.484375,20190900,131.109375,20191200
2019-08-20 04:15:00,,20191200,130.5,20190900,,20191200
2019-08-20 04:30:00,,20191200,130.5,20190900,,20191200
2019-08-20 04:45:00,,20191200,130.484375,20190900,,20191200
2019-08-20 05:15:00,,20191200,130.484375,20190900,,20191200
2019-08-20 05:30:00,,20191200,130.46875,20190900,,20191200
2019-08-20 05:45:00,,20191200,130.46875,20190900,,20191200
2019-08-20 06:15:00,,20191200,130.453125,20190900,,20191200
2019-08-20 06:30:00,,20191200,130.46875,20190900,,20191200
2019-08-20 06:45:00,,20191200,130.453125,20190900,,20191200
2019-08-20 07:00:00,131.0625,20191200,130.453125,20190900,131.0625,20191200
2019-08-20 07:15:00,,20191200,130.5,20190900,,20191200
2019-08-20 07:30:00,,20191200,130.453125,20190900,,20191200
2019-08-20 07:45:00,,20191200,130.4375,20190900,,20191200
2019-08-20 08:00:00,131.125,20191200,130.5,20190900,131.125,20191200
2019-08-20 08:15:00,,20191200,130.515625,20190900,,20191200
2019-08-20 08:30:00,,20191200,130.5,20190900,,20191200
2019-08-20 08:45:00,,20191200,130.515625,20190900,,20191200
2019-08-20 09:00:00,131.171875,20191200,130.5625,20190900,131.171875,20191200
2019-08-20 09:15:00,,20191200,130.578125,20190900,,20191200
2019-08-20 09:30:00,,20191200,130.5625,20190900,,20191200
2019-08-20 09:45:00,,20191200,130.546875,20190900,,20191200
2019-08-20 10:00:00,131.328125,20191200,130.578125,20190900,131.328125,20191200
2019-08-20 10:15:00,,20191200,130.609375,20190900,,20191200
2019-08-20 10:30:00,,20191200,130.6875,20190900,,20191200
2019-08-20 10:45:00,,20191200,130.703125,20190900,,20191200
2019-08-20 11:00:00,131.328125,20191200,130.671875,20190900,131.328125,20191200
2019-08-20 11:15:00,,20191200,130.65625,20190900,,20191200
2019-08-20 11:30:00,,20191200,130.65625,20190900,,20191200
2019-08-20 11:45:00,,20191200,130.6875,20190900,,20191200
2019-08-20 12:00:00,131.203125,20191200,130.640625,20190900,131.203125,20191200
2019-08-20 12:15:00,,20191200,130.65625,20190900,,20191200
2019-08-20 12:30:00,,20191200,130.609375,20190900,,20191200
2019-08-20 12:45:00,,20191200,130.578125,20190900,,20191200
2019-08-20 13:00:00,131.40625,20191200,130.625,20190900,131.40625,20191200
2019-08-20 13:15:00,,20191200,130.703125,20190900,,20191200
2019-08-20 13:30:00,,20191200,130.75,20190900,,20191200
2019-08-20 13:45:00,,20191200,130.78125,20190900,,20191200
2019-08-20 14:00:00,131.46875,20191200,130.859375,20190900,131.46875,20191200
2019-08-20 14:15:00,,20191200,130.796875,20190900,,20191200
2019-08-20 14:30:00,,20191200,130.875,20190900,,20191200
2019-08-20 14:45:00,,20191200,130.828125,20190900,,20191200
2019-08-20 15:00:00,131.453125,20191200,130.796875,20190900,131.453125,20191200
2019-08-20 15:15:00,,20191200,130.78125,20190900,,20191200
2019-08-20 15:30:00,,20191200,130.796875,20190900,,20191200
2019-08-20 15:45:00,,20191200,130.8125,20190900,,20191200
2019-08-20 16:00:00,131.453125,20191200,130.8125,20190900,131.453125,20191200
2019-08-20 16:15:00,,20191200,130.796875,20190900,,20191200
2019-08-20 16:30:00,,20191200,130.828125,20190900,,20191200
2019-08-20 16:45:00,,20191200,130.828125,20190900,,20191200
2019-08-20 17:00:00,131.4375,20191200,130.828125,20190900,131.4375,20191200
2019-08-20 17:15:00,,20191200,130.828125,20190900,,20191200
2019-08-20 17:30:00,,20191200,130.8125,20190900,,20191200
2019-08-20 17:45:00,,20191200,130.78125,20190900,,20191200
2019-08-20 18:00:00,131.453125,20191200,130.828125,20190900,131.453125,20191200
2019-08-20 18:15:00,,20191200,130.828125,20190900,,20191200
2019-08-20 18:30:00,,20191200,130.796875,20190900,,20191200
2019-08-20 18:45:00,,20191200,130.796875,20190900,,20191200
2019-08-20 19:00:00,131.40625,20191200,130.78125,20190900,131.40625,20191200
2019-08-20 19:15:00,,20191200,130.78125,20190900,,20191200
2019-08-20 19:30:00,,20191200,130.75,20190900,,20191200
2019-08-20 19:45:00,,20191200,130.765625,20190900,,20191200
2019-08-20 20:00:00,131.46875,20191200,130.828125,20190900,131.46875,20191200
2019-08-20 20:15:00,,20191200,130.84375,20190900,,20191200
2019-08-20 20:30:00,,20191200,130.828125,20190900,,20191200
2019-08-20 20:45:00,,20191200,130.828125,20190900,,20191200
2019-08-20 21:00:00,131.421875,20191200,130.828125,20190900,131.421875,20191200
2019-08-20 21:15:00,,20191200,130.78125,20190900,,20191200
2019-08-20 21:30:00,,20191200,130.78125,20190900,,20191200
2019-08-20 21:45:00,,20191200,130.75,20190900,,20191200
2019-08-20 23:00:00,131.078125,20191200,130.453125,20190900,131.078125,20191200
2019-08-20 23:15:00,,20191200,130.703125,20190900,,20191200
2019-08-20 23:30:00,,20191200,130.734375,20190900,,20191200
2019-08-20 23:45:00,,20191200,130.734375,20190900,,20191200
2019-08-21 00:00:00,131.375,20191200,130.734375,20190900,131.375,20191200
2019-08-21 00:15:00,,20191200,130.734375,20190900,,20191200
2019-08-21 00:30:00,,20191200,130.734375,20190900,,20191200
2019-08-21 00:45:00,,20191200,130.734375,20190900,,20191200
2019-08-21 01:00:00,131.34375,20191200,130.71875,20190900,131.34375,20191200
2019-08-21 01:15:00,,20191200,130.6875,20190900,,20191200
2019-08-21 01:30:00,,20191200,130.734375,20190900,,20191200
2019-08-21 01:45:00,,20191200,130.703125,20190900,,20191200
2019-08-21 02:00:00,131.28125,20191200,130.71875,20190900,131.28125,20191200
2019-08-21 02:15:00,,20191200,130.703125,20190900,,20191200
2019-08-21 02:30:00,,20191200,130.703125,20190900,,20191200
2019-08-21 02:45:00,,20191200,130.640625,20190900,,20191200
2019-08-21 03:00:00,131.21875,20191200,130.625,20190900,131.21875,20191200
2019-08-21 03:15:00,,20191200,130.640625,20190900,,20191200
2019-08-21 03:30:00,,20191200,130.625,20190900,,20191200
2019-08-21 03:45:00,,20191200,130.59375,20190900,,20191200
2019-08-21 04:00:00,131.1875,20191200,130.59375,20190900,131.1875,20191200
2019-08-21 04:15:00,,20191200,130.609375,20190900,,20191200
2019-08-21 04:30:00,,20191200,130.609375,20190900,,20191200
2019-08-21 04:45:00,,20191200,130.5625,20190900,,20191200
2019-08-21 05:15:00,,20191200,130.578125,20190900,,20191200
2019-08-21 05:30:00,,20191200,130.59375,20190900,,20191200
2019-08-21 05:45:00,,20191200,130.59375,20190900,,20191200
2019-08-21 06:15:00,,20191200,130.546875,20190900,,20191200
2019-08-21 06:30:00,,20191200,130.5625,20190900,,20191200
2019-08-21 06:45:00,,20191200,130.578125,20190900,,20191200
2019-08-21 07:00:00,131.125,20191200,130.578125,20190900,131.125,20191200
2019-08-21 07:15:00,,20191200,130.53125,20190900,,20191200
2019-08-21 07:30:00,,20191200,130.5,20190900,,20191200
2019-08-21 07:45:00,,20191200,130.5,20190900,,20191200
2019-08-21 08:00:00,131.078125,20191200,130.46875,20190900,131.078125,20191200
2019-08-21 08:15:00,,20191200,130.4375,20190900,,20191200
2019-08-21 08:30:00,,20191200,130.484375,20190900,,20191200
2019-08-21 08:45:00,,20191200,130.453125,20190900,,20191200
2019-08-21 09:00:00,131.0625,20191200,130.484375,20190900,131.0625,20191200
2019-08-21 09:15:00,,20191200,130.421875,20190900,,20191200
2019-08-21 09:30:00,,20191200,130.390625,20190900,,20191200
2019-08-21 09:45:00,,20191200,130.4375,20190900,,20191200
2019-08-21 10:00:00,131.09375,20191200,130.453125,20190900,131.09375,20191200
2019-08-21 10:15:00,,20191200,130.453125,20190900,,20191200
2019-08-21 10:30:00,,20191200,130.453125,20190900,,20191200
2019-08-21 10:45:00,,20191200,130.46875,20190900,,20191200
2019-08-21 11:00:00,131.09375,20191200,130.5,20190900,131.09375,20191200
2019-08-21 11:15:00,,20191200,130.484375,20190900,,20191200
2019-08-21 11:30:00,,20191200,130.484375,20190900,,20191200
2019-08-21 11:45:00,,20191200,130.46875,20190900,,20191200
2019-08-21 12:00:00,131.140625,20191200,130.515625,20190900,131.140625,20191200
2019-08-21 12:15:00,,20191200,130.515625,20190900,,20191200
2019-08-21 12:30:00,,20191200,130.515625,20190900,,20191200
2019-08-21 12:45:00,,20191200,130.484375,20190900,,20191200
2019-08-21 13:00:00,131.078125,20191200,130.484375,20190900,131.078125,20191200
2019-08-21 13:15:00,,20191200,130.46875,20190900,,20191200
2019-08-21 13:30:00,,20191200,130.515625,20190900,,20191200
2019-08-21 13:45:00,,20191200,130.453125,20190900,,20191200
2019-08-21 14:00:00,131.203125,20191200,130.484375,20190900,131.203125,20191200
2019-08-21 14:15:00,,20191200,130.5,20190900,,20191200
2019-08-21 14:30:00,,20191200,130.453125,20190900,,20191200
2019-08-21 14:45:00,,20191200,130.578125,20190900,,20191200
2019-08-21 15:00:00,131.25,20191200,130.546875,20190900,131.25,20191200
2019-08-21 15:15:00,,20191200,130.5625,20190900,,20191200
2019-08-21 15:30:00,,20191200,130.640625,20190900,,20191200
2019-08-21 15:45:00,,20191200,130.625,20190900,,20191200
2019-08-21 16:00:00,131.15625,20191200,130.609375,20190900,131.15625,20191200
2019-08-21 16:15:00,,20191200,130.609375,20190900,,20191200
2019-08-21 16:30:00,,20191200,130.625,20190900,,20191200
2019-08-21 16:45:00,,20191200,130.53125,20190900,,20191200
2019-08-21 17:00:00,131.28125,20191200,130.546875,20190900,131.28125,20191200
2019-08-21 17:15:00,,20191200,130.59375,20190900,,20191200
2019-08-21 17:30:00,,20191200,130.65625,20190900,,20191200
2019-08-21 17:45:00,,20191200,130.65625,20190900,,20191200
2019-08-21 18:00:00,131.25,20191200,130.671875,20190900,131.25,20191200
2019-08-21 18:15:00,,20191200,130.671875,20190900,,20191200
2019-08-21 18:30:00,,20191200,130.671875,20190900,,20191200
2019-08-21 18:45:00,,20191200,130.625,20190900,,20191200
2019-08-21 19:00:00,131.171875,20191200,130.78125,20190900,131.171875,20191200
2019-08-21 19:15:00,,20191200,130.609375,20190900,,20191200
2019-08-21 19:30:00,,20191200,130.546875,20190900,,20191200
2019-08-21 19:45:00,,20191200,130.546875,20190900,,20191200
2019-08-21 20:00:00,131.15625,20191200,130.546875,20190900,131.15625,20191200
2019-08-21 20:15:00,,20191200,130.453125,20190900,,20191200
2019-08-21 20:30:00,,20191200,130.546875,20190900,,20191200
2019-08-21 20:45:00,,20191200,130.515625,20190900,,20191200
2019-08-21 21:00:00,131.09375,20191200,130.515625,20190900,131.09375,20191200
2019-08-21 21:15:00,,20191200,130.46875,20190900,,20191200
2019-08-21 21:30:00,,20191200,130.453125,20190900,,20191200
2019-08-21 21:45:00,,20191200,130.453125,20190900,,20191200
2019-08-21 23:00:00,131.203125,20191200,130.59375,20190900,131.203125,20191200
2019-08-21 23:15:00,,20191200,130.46875,20190900,,20191200
2019-08-21 23:30:00,,20191200,130.421875,20190900,,20191200
2019-08-21 23:45:00,,20191200,130.453125,20190900,,20191200
2019-08-22 00:00:00,131.078125,20191200,130.453125,20190900,131.078125,20191200
2019-08-22 00:15:00,,20191200,130.453125,20190900,,20191200
2019-08-22 00:30:00,,20191200,130.46875,20190900,,20191200
2019-08-22 00:45:00,,20191200,130.46875,20190900,,20191200
2019-08-22 01:00:00,131.140625,20191200,130.5,20190900,131.140625,20191200
2019-08-22 01:15:00,,20191200,130.5,20190900,,20191200
2019-08-22 01:30:00,,20191200,130.484375,20190900,,20191200
2019-08-22 01:45:00,,20191200,130.515625,20190900,,20191200
2019-08-22 02:00:00,131.15625,20191200,130.5,20190900,131.15625,20191200
2019-08-22 02:15:00,,20191200,130.484375,20190900,,20191200
2019-08-22 02:30:00,,20191200,130.5,20190900,,20191200
2019-08-22 02:45:00,,20191200,130.546875,20190900,,20191200
2019-08-22 03:00:00,131.171875,20191200,130.546875,20190900,131.171875,20191200
2019-08-22 03:15:00,,20191200,130.53125,20190900,,20191200
2019-08-22 03:30:00,,20191200,130.546875,20190900,,20191200
2019-08-22 03:45:00,,20191200,130.546875,20190900,,20191200
2019-08-22 04:00:00,131.1875,20191200,130.5625,20190900,131.1875,20191200
2019-08-22 04:15:00,,20191200,130.5625,20190900,,20191200
2019-08-22 04:30:00,,20191200,130.5625,20190900,,20191200
2019-08-22 04:45:00,,20191200,130.5625,20190900,,20191200
2019-08-22 05:15:00,,20191200,130.5625,20190900,,20191200
2019-08-22 05:30:00,,20191200,130.5625,20190900,,20191200
2019-08-22 05:45:00,,20191200,130.5625,20190900,,20191200
2019-08-22 06:15:00,,20191200,130.578125,20190900,,20191200
2019-08-22 06:30:00,,20191200,130.59375,20190900,,20191200
2019-08-22 06:45:00,,20191200,130.578125,20190900,,20191200
2019-08-22 07:00:00,131.34375,20191200,130.65625,20190900,131.34375,20191200
2019-08-22 07:15:00,,20191200,130.71875,20190900,,20191200
2019-08-22 07:30:00,,20191200,130.6875,20190900,,20191200
2019-08-22 07:45:00,,20191200,130.6875,20190900,,20191200
2019-08-22 08:00:00,131.125,20191200,130.6875,20190900,131.125,20191200
2019-08-22 08:15:00,,20191200,130.578125,20190900,,20191200
2019-08-22 08:30:00,,20191200,130.453125,20190900,,20191200
2019-08-22 08:45:00,,20191200,130.484375,20190900,,20191200
2019-08-22 09:00:00,131.171875,20191200,130.453125,20190900,131.171875,20191200
2019-08-22 09:15:00,,20191200,130.484375,20190900,,20191200
2019-08-22 09:30:00,,20191200,130.53125,20190900,,20191200
2019-08-22 09:45:00,,20191200,130.546875,20190900,,20191200
2019-08-22 10:00:00,131.1875,20191200,130.5625,20190900,131.1875,20191200
2019-08-22 10:15:00,,20191200,130.609375,20190900,,20191200
2019-08-22 10:30:00,,20191200,130.59375,20190900,,20191200
2019-08-22 10:45:00,,20191200,130.5625,20190900,,20191200
2019-08-22 11:00:00,131.125,20191200,130.53125,20190900,131.125,20191200
2019-08-22 11:15:00,,20191200,130.515625,20190900,,20191200
2019-08-22 11:30:00,,20191200,130.484375,20190900,,20191200
2019-08-22 11:45:00,,20191200,130.484375,20190900,,20191200
2019-08-22 12:00:00,130.84375,20191200,130.46875,20190900,130.84375,20191200
2019-08-22 12:15:00,,20191200,130.4375,20190900,,20191200
2019-08-22 12:30:00,,20191200,130.296875,20190900,,20191200
2019-08-22 12:45:00,,20191200,130.21875,20190900,,20191200
2019-08-22 13:00:00,130.875,20191200,130.140625,20190900,130.875,20191200
2019-08-22 13:15:00,,20191200,130.203125,20190900,,20191200
2019-08-22 13:30:00,,20191200,130.234375,20190900,,20191200
2019-08-22 13:45:00,,20191200,130.234375,20190900,,20191200
2019-08-22 14:00:00,131.140625,20191200,130.265625,20190900,131.140625,20191200
2019-08-22 14:15:00,,20191200,130.296875,20190900,,20191200
2019-08-22 14:30:00,,20191200,130.40625,20190900,,20191200
2019-08-22 14:45:00,,20191200,130.515625,20190900,,20191200
2019-08-22 15:00:00,131.0,20191200,130.4375,20190900,131.0,20191200
2019-08-22 15:15:00,,20191200,130.40625,20190900,,20191200
2019-08-22 15:30:00,,20191200,130.421875,20190900,,20191200
2019-08-22 15:45:00,,20191200,130.375,20190900,,20191200
2019-08-22 16:00:00,131.03125,20191200,130.40625,20190900,131.03125,20191200
2019-08-22 16:15:00,,20191200,130.40625,20190900,,20191200
2019-08-22 16:30:00,,20191200,130.421875,20190900,,20191200
2019-08-22 16:45:00,,20191200,130.390625,20190900,,20191200
2019-08-22 17:00:00,130.921875,20191200,130.265625,20190900,130.921875,20191200
2019-08-22 17:15:00,,20191200,130.265625,20190900,,20191200
2019-08-22 17:30:00,,20191200,130.234375,20190900,,20191200
2019-08-22 17:45:00,,20191200,130.296875,20190900,,20191200
2019-08-22 18:00:00,131.015625,20191200,130.3125,20190900,131.015625,20191200
2019-08-22 18:15:00,,20191200,130.359375,20190900,,20191200
2019-08-22 18:30:00,,20191200,130.328125,20190900,,20191200
2019-08-22 18:45:00,,20191200,130.390625,20190900,,20191200
2019-08-22 19:00:00,130.9375,20191200,130.375,20190900,130.9375,20191200
2019-08-22 19:15:00,,20191200,130.421875,20190900,,20191200
2019-08-22 19:30:00,,20191200,130.375,20190900,,20191200
2019-08-22 19:45:00,,20191200,130.28125,20190900,,20191200
2019-08-22 20:00:00,130.921875,20191200,130.34375,20190900,130.921875,20191200
2019-08-22 20:15:00,,20191200,130.28125,20190900,,20191200
2019-08-22 20:30:00,,20191200,130.28125,20190900,,20191200
2019-08-22 20:45:00,,20191200,130.296875,20190900,,20191200
2019-08-22 21:00:00,130.875,20191200,130.28125,20190900,130.875,20191200
2019-08-22 21:15:00,,20191200,130.234375,20190900,,20191200
2019-08-22 21:30:00,,20191200,130.265625,20190900,,20191200
2019-08-22 21:45:00,,20191200,130.25,20190900,,20191200
2019-08-22 23:00:00,131.21875,20191200,130.578125,20190900,131.21875,20191200
2019-08-22 23:15:00,,20191200,130.3125,20190900,,20191200
2019-08-22 23:30:00,,20191200,130.296875,20190900,,20191200
2019-08-22 23:45:00,,20191200,130.25,20190900,,20191200
2019-08-23 00:00:00,130.9375,20191200,130.25,20190900,130.9375,20191200
2019-08-23 00:15:00,,20191200,130.296875,20190900,,20191200
2019-08-23 00:30:00,,20191200,130.296875,20190900,,20191200
2019-08-23 00:45:00,,20191200,130.296875,20190900,,20191200
2019-08-23 01:00:00,130.859375,20191200,130.28125,20190900,130.859375,20191200
2019-08-23 01:15:00,,20191200,130.21875,20190900,,20191200
2019-08-23 01:30:00,,20191200,130.203125,20190900,,20191200
2019-08-23 01:45:00,,20191200,130.21875,20190900,,20191200
2019-08-23 02:00:00,130.65625,20191200,130.109375,20190900,130.65625,20191200
2019-08-23 02:15:00,,20191200,130.078125,20190900,,20191200
2019-08-23 02:30:00,,20191200,130.078125,20190900,,20191200
2019-08-23 02:45:00,,20191200,130.03125,20190900,,20191200
2019-08-23 03:00:00,130.703125,20191200,130.046875,20190900,130.703125,20191200
2019-08-23 03:15:00,,20191200,130.078125,20190900,,20191200
2019-08-23 03:30:00,,20191200,130.078125,20190900,,20191200
2019-08-23 03:45:00,,20191200,130.078125,20190900,,20191200
2019-08-23 04:00:00,130.71875,20191200,130.046875,20190900,130.71875,20191200
2019-08-23 04:15:00,,20191200,130.09375,20190900,,20191200
2019-08-23 04:30:00,,20191200,130.09375,20190900,,20191200
2019-08-23 04:45:00,,20191200,130.09375,20190900,,20191200
2019-08-23 05:15:00,,20191200,130.078125,20190900,,20191200
2019-08-23 05:30:00,,20191200,130.0625,20190900,,20191200
2019-08-23 05:45:00,,20191200,130.0625,20190900,,20191200
2019-08-23 06:15:00,,20191200,130.0625,20190900,,20191200
2019-08-23 06:30:00,,20191200,130.03125,20190900,,20191200
2019-08-23 06:45:00,,20191200,130.0,20190900,,20191200
2019-08-23 07:00:00,130.6875,20191200,130.03125,20190900,130.6875,20191200
2019-08-23 07:15:00,,20191200,130.046875,20190900,,20191200
2019-08-23 07:30:00,,20191200,130.078125,20190900,,20191200
2019-08-23 07:45:00,,20191200,130.046875,20190900,,20191200
2019-08-23 08:00:00,130.5625,20191200,130.046875,20190900,130.5625,20191200
2019-08-23 08:15:00,,20191200,129.90625,20190900,,20191200
2019-08-23 08:30:00,,20191200,129.90625,20190900,,20191200
2019-08-23 08:45:00,,20191200,129.9375,20190900,,20191200
2019-08-23 09:00:00,130.625,20191200,129.96875,20190900,130.625,20191200
2019-08-23 09:15:00,,20191200,129.9375,20190900,,20191200
2019-08-23 09:30:00,,20191200,129.984375,20190900,,20191200
2019-08-23 09:45:00,,20191200,130.0,20190900,,20191200
2019-08-23 10:00:00,130.625,20191200,129.96875,20190900,130.625,20191200
2019-08-23 10:15:00,,20191200,130.0,20190900,,20191200
2019-08-23 10:30:00,,20191200,130.015625,20190900,,20191200
2019-08-23 10:45:00,,20191200,130.0,20190900,,20191200
2019-08-23 11:00:00,130.703125,20191200,130.03125,20190900,130.703125,20191200
2019-08-23 11:15:00,,20191200,130.015625,20190900,,20191200
2019-08-23 11:30:00,,20191200,130.0625,20190900,,20191200
2019-08-23 11:45:00,,20191200,130.078125,20190900,,20191200
2019-08-23 12:00:00,130.640625,20191200,130.0625,20190900,130.640625,20191200
2019-08-23 12:15:00,,20191200,130.046875,20190900,,20191200
2019-08-23 12:30:00,,20191200,130.0625,20190900,,20191200
2019-08-23 12:45:00,,20191200,129.984375,20190900,,20191200
2019-08-23 13:00:00,130.953125,20191200,130.296875,20190900,130.953125,20191200
2019-08-23 13:15:00,,20191200,130.328125,20190900,,20191200
2019-08-23 13:30:00,,20191200,130.359375,20190900,,20191200
2019-08-23 13:45:00,,20191200,130.3125,20190900,,20191200
2019-08-23 14:00:00,131.015625,20191200,130.390625,20190900,131.015625,20191200
2019-08-23 14:15:00,,20191200,130.390625,20190900,,20191200
2019-08-23 14:30:00,,20191200,130.375,20190900,,20191200
2019-08-23 14:45:00,,20191200,130.359375,20190900,,20191200
2019-08-23 15:00:00,131.375,20191200,130.5,20190900,131.375,20191200
2019-08-23 15:15:00,,20191200,130.578125,20190900,,20191200
2019-08-23 15:30:00,,20191200,130.578125,20190900,,20191200
2019-08-23 15:45:00,,20191200,130.71875,20190900,,20191200
2019-08-23 16:00:00,131.640625,20191200,130.875,20190900,131.640625,20191200
2019-08-23 16:15:00,,20191200,130.921875,20190900,,20191200
2019-08-23 16:30:00,,20191200,130.921875,20190900,,20191200
2019-08-23 16:45:00,,20191200,130.984375,20190900,,20191200
2019-08-23 17:00:00,131.703125,20191200,130.90625,20190900,131.703125,20191200
2019-08-23 17:15:00,,20191200,130.921875,20190900,,20191200
2019-08-23 17:30:00,,20191200,130.984375,20190900,,20191200
2019-08-23 17:45:00,,20191200,131.03125,20190900,,20191200
2019-08-23 18:00:00,131.71875,20191200,130.984375,20190900,131.71875,20191200
2019-08-23 18:15:00,,20191200,131.109375,20190900,,20191200
2019-08-23 18:30:00,,20191200,131.140625,20190900,,20191200
2019-08-23 18:45:00,,20191200,131.046875,20190900,,20191200
2019-08-23 19:00:00,131.625,20191200,131.09375,20190900,131.625,20191200
2019-08-23 19:15:00,,20191200,131.046875,20190900,,20191200
2019-08-23 19:30:00,,20191200,131.0,20190900,,20191200
2019-08-23 19:45:00,,20191200,130.96875,20190900,,20191200
2019-08-23 20:00:00,131.671875,20191200,130.953125,20190900,131.671875,20191200
2019-08-23 20:15:00,,20191200,131.03125,20190900,,20191200
2019-08-23 20:30:00,,20191200,131.015625,20190900,,20191200
2019-08-23 20:45:00,,20191200,131.0,20190900,,20191200
2019-08-23 21:00:00,131.53125,20191200,131.0,20190900,131.53125,20191200
2019-08-23 21:15:00,,20191200,130.921875,20190900,,20191200
2019-08-23 21:30:00,,20191200,130.921875,20190900,,20191200
2019-08-23 21:45:00,,20191200,130.890625,20190900,,20191200
2019-08-23 23:00:00,130.625,20191200,130.078125,20190900,130.625,20191200
2019-08-25 23:00:00,132.09375,20191200,131.421875,20190900,132.09375,20191200
2019-08-25 23:15:00,,20191200,131.484375,20190900,,20191200
2019-08-25 23:30:00,,20191200,131.421875,20190900,,20191200
2019-08-25 23:45:00,,20191200,131.4375,20190900,,20191200
2019-08-26 00:00:00,132.09375,20191200,131.375,20190900,132.09375,20191200
2019-08-26 00:15:00,,20191200,131.40625,20190900,,20191200
2019-08-26 00:30:00,,20191200,131.453125,20190900,,20191200
2019-08-26 00:45:00,,20191200,131.4375,20190900,,20191200
2019-08-26 01:00:00,132.0625,20191200,131.421875,20190900,132.0625,20191200
2019-08-26 02:00:00,,20200300,131.96875,20191200,,20200300
2019-08-26 03:00:00,,20200300,131.96875,20191200,,20200300
2019-08-26 04:00:00,,20200300,131.984375,20191200,,20200300
2019-08-26 07:00:00,,20200300,131.78125,20191200,,20200300
2019-08-26 08:00:00,,20200300,131.59375,20191200,,20200300
2019-08-26 09:00:00,,20200300,131.453125,20191200,,20200300
2019-08-26 10:00:00,,20200300,131.640625,20191200,,20200300
2019-08-26 11:00:00,,20200300,131.640625,20191200,,20200300
2019-08-26 12:00:00,,20200300,131.6875,20191200,,20200300
2019-08-26 13:00:00,,20200300,131.515625,20191200,,20200300
2019-08-26 14:00:00,,20200300,131.6875,20191200,,20200300
2019-08-26 15:00:00,,20200300,131.640625,20191200,,20200300
2019-08-26 16:00:00,,20200300,131.640625,20191200,,20200300
2019-08-26 17:00:00,,20200300,131.53125,20191200,,20200300
2019-08-26 18:00:00,,20200300,131.578125,20191200,,20200300
2019-08-26 19:00:00,,20200300,131.46875,20191200,,20200300
2019-08-26 20:00:00,,20200300,131.5,20191200,,20200300
2019-08-26 21:00:00,,20200300,131.546875,20191200,,20200300
2019-08-26 23:00:00,,20200300,132.21875,20191200,,20200300
2019-08-27 00:00:00,,20200300,131.609375,20191200,,20200300
2019-08-27 01:00:00,,20200300,131.640625,20191200,,20200300
2019-08-27 02:00:00,,20200300,131.609375,20191200,,20200300
2019-08-27 03:00:00,,20200300,131.640625,20191200,,20200300
2019-08-27 04:00:00,,20200300,131.65625,20191200,,20200300
2019-08-27 07:00:00,,20200300,131.625,20191200,,20200300
2019-08-27 08:00:00,,20200300,131.703125,20191200,,20200300
2019-08-27 09:00:00,,20200300,131.671875,20191200,,20200300
2019-08-27 10:00:00,,20200300,131.765625,20191200,,20200300
2019-08-27 11:00:00,,20200300,131.65625,20191200,,20200300
2019-08-27 12:00:00,,20200300,131.71875,20191200,,20200300
2019-08-27 13:00:00,,20200300,131.6875,20191200,,20200300
2019-08-27 14:00:00,,20200300,131.703125,20191200,,20200300
2019-08-27 15:00:00,,20200300,131.84375,20191200,,20200300
2019-08-27 16:00:00,,20200300,131.875,20191200,,20200300
2019-08-27 17:00:00,132.0,20200300,131.90625,20191200,132.0,20200300
2019-08-27 18:00:00,,20200300,131.828125,20191200,,20200300
2019-08-27 19:00:00,,20200300,131.8125,20191200,,20200300
2019-08-27 20:00:00,,20200300,131.90625,20191200,,20200300
2019-08-27 21:00:00,,20200300,131.921875,20191200,,20200300
2019-08-27 23:00:00,132.0,20200300,131.703125,20191200,132.0,20200300
2019-08-28 00:00:00,,20200300,131.875,20191200,,20200300
2019-08-28 01:00:00,,20200300,131.921875,20191200,,20200300
2019-08-28 02:00:00,,20200300,131.90625,20191200,,20200300
2019-08-28 03:00:00,,20200300,131.84375,20191200,,20200300
2019-08-28 04:00:00,,20200300,131.828125,20191200,,20200300
2019-08-28 07:00:00,,20200300,131.828125,20191200,,20200300
2019-08-28 08:00:00,,20200300,131.90625,20191200,,20200300
2019-08-28 09:00:00,,20200300,131.875,20191200,,20200300
2019-08-28 10:00:00,,20200300,131.90625,20191200,,20200300
2019-08-28 11:00:00,,20200300,131.96875,20191200,,20200300
2019-08-28 12:00:00,,20200300,132.0625,20191200,,20200300
2019-08-28 13:00:00,,20200300,132.0625,20191200,,20200300
2019-08-28 14:00:00,,20200300,131.984375,20191200,,20200300
2019-08-28 15:00:00,131.625,20200300,131.953125,20191200,131.625,20200300
2019-08-28 16:00:00,,20200300,132.03125,20191200,,20200300
2019-08-28 17:00:00,,20200300,131.984375,20191200,,20200300
2019-08-28 18:00:00,,20200300,132.09375,20191200,,20200300
2019-08-28 19:00:00,,20200300,132.0,20191200,,20200300
2019-08-28 20:00:00,,20200300,132.0,20191200,,20200300
2019-08-28 21:00:00,,20200300,131.921875,20191200,,20200300
2019-08-28 23:00:00,131.625,20200300,131.796875,20191200,131.625,20200300
2019-08-29 00:00:00,,20200300,132.0625,20191200,,20200300
2019-08-29 01:00:00,,20200300,132.09375,20191200,,20200300
2019-08-29 02:00:00,,20200300,132.1875,20191200,,20200300
2019-08-29 03:00:00,,20200300,132.15625,20191200,,20200300
2019-08-29 04:00:00,,20200300,132.09375,20191200,,20200300
2019-08-29 07:00:00,,20200300,132.0625,20191200,,20200300
2019-08-29 08:00:00,,20200300,131.921875,20191200,,20200300
2019-08-29 09:00:00,,20200300,131.765625,20191200,,20200300
2019-08-29 10:00:00,,20200300,131.78125,20191200,,20200300
2019-08-29 11:00:00,,20200300,131.8125,20191200,,20200300
2019-08-29 12:00:00,,20200300,131.796875,20191200,,20200300
2019-08-29 13:00:00,,20200300,131.890625,20191200,,20200300
2019-08-29 14:00:00,,20200300,131.640625,20191200,,20200300
2019-08-29 15:00:00,,20200300,131.71875,20191200,,20200300
2019-08-29 16:00:00,,20200300,131.640625,20191200,,20200300
2019-08-29 17:00:00,,20200300,131.640625,20191200,,20200300
2019-08-29 18:00:00,131.78125,20200300,131.609375,20191200,131.78125,20200300
2019-08-29 19:00:00,,20200300,131.625,20191200,,20200300
2019-08-29 20:00:00,132.0,20200300,131.765625,20191200,132.0,20200300
2019-08-29 21:00:00,,20200300,131.765625,20191200,,20200300
2019-08-29 23:00:00,131.921875,20200300,132.125,20191200,131.921875,20200300
2019-08-30 00:00:00,,20200300,131.78125,20191200,,20200300
2019-08-30 01:00:00,,20200300,131.71875,20191200,,20200300
2019-08-30 02:00:00,,20200300,131.640625,20191200,,20200300
2019-08-30 03:00:00,,20200300,131.53125,20191200,,20200300
2019-08-30 04:00:00,,20200300,131.5625,20191200,,20200300
2019-08-30 07:00:00,,20200300,131.5625,20191200,,20200300
2019-08-30 08:00:00,,20200300,131.40625,20191200,,20200300
2019-08-30 09:00:00,,20200300,131.53125,20191200,,20200300
2019-08-30 10:00:00,,20200300,131.5,20191200,,20200300
2019-08-30 11:00:00,,20200300,131.546875,20191200,,20200300
2019-08-30 12:00:00,,20200300,131.578125,20191200,,20200300
2019-08-30 13:00:00,,20200300,131.625,20191200,,20200300
2019-08-30 14:00:00,,20200300,131.546875,20191200,,20200300
2019-08-30 15:00:00,,20200300,131.703125,20191200,,20200300
2019-08-30 16:00:00,,20200300,131.625,20191200,,20200300
2019-08-30 17:00:00,,20200300,131.53125,20191200,,20200300
2019-08-30 18:00:00,,20200300,131.53125,20191200,,20200300
2019-08-30 19:00:00,,20200300,131.75,20191200,,20200300
2019-08-30 20:00:00,,20200300,131.78125,20191200,,20200300
2019-08-30 21:00:00,,20200300,131.765625,20191200,,20200300
2019-08-30 23:00:00,131.921875,20200300,131.640625,20191200,131.921875,20200300
2019-09-01 23:00:00,,20200300,131.90625,20191200,,20200300
2019-09-02 00:00:00,,20200300,131.890625,20191200,,20200300
2019-09-02 01:00:00,,20200300,131.890625,20191200,,20200300
2019-09-02 02:00:00,,20200300,131.765625,20191200,,20200300
2019-09-02 03:00:00,,20200300,131.78125,20191200,,20200300
2019-09-02 04:00:00,,20200300,131.765625,20191200,,20200300
2019-09-02 07:00:00,,20200300,131.71875,20191200,,20200300
2019-09-02 08:00:00,,20200300,131.71875,20191200,,20200300
2019-09-02 09:00:00,,20200300,131.71875,20191200,,20200300
2019-09-02 10:00:00,,20200300,131.703125,20191200,,20200300
2019-09-02 11:00:00,,20200300,131.546875,20191200,,20200300
2019-09-02 12:00:00,,20200300,131.625,20191200,,20200300
2019-09-02 13:00:00,,20200300,131.5625,20191200,,20200300
2019-09-02 14:00:00,,20200300,131.59375,20191200,,20200300
2019-09-02 15:00:00,,20200300,131.625,20191200,,20200300
2019-09-02 16:00:00,131.71875,20200300,131.78125,20191200,131.71875,20200300
2019-09-02 17:00:00,,20200300,131.859375,20191200,,20200300
2019-09-02 23:00:00,,20200300,131.734375,20191200,,20200300
2019-09-03 00:00:00,,20200300,131.734375,20191200,,20200300
2019-09-03 01:00:00,,20200300,131.625,20191200,,20200300
2019-09-03 02:00:00,,20200300,131.546875,20191200,,20200300
2019-09-03 03:00:00,,20200300,131.578125,20191200,,20200300
2019-09-03 04:00:00,,20200300,131.59375,20191200,,20200300
2019-09-03 07:00:00,,20200300,131.75,20191200,,20200300
2019-09-03 08:00:00,,20200300,132.03125,20191200,,20200300
2019-09-03 09:00:00,,20200300,131.953125,20191200,,20200300
2019-09-03 10:00:00,,20200300,131.953125,20191200,,20200300
2019-09-03 11:00:00,,20200300,131.828125,20191200,,20200300
2019-09-03 12:00:00,,20200300,131.921875,20191200,,20200300
2019-09-03 13:00:00,,20200300,131.703125,20191200,,20200300
2019-09-03 14:00:00,,20200300,131.703125,20191200,,20200300
2019-09-03 15:00:00,132.0,20200300,132.296875,20191200,132.0,20200300
2019-09-03 16:00:00,,20200300,132.28125,20191200,,20200300
2019-09-03 17:00:00,,20200300,132.21875,20191200,,20200300
2019-09-03 18:00:00,,20200300,132.171875,20191200,,20200300
2019-09-03 19:00:00,,20200300,132.125,20191200,,20200300
2019-09-03 20:00:00,,20200300,132.03125,20191200,,20200300
2019-09-03 21:00:00,,20200300,132.203125,20191200,,20200300
2019-09-03 23:00:00,132.0,20200300,131.65625,20191200,132.0,20200300
2019-09-04 00:00:00,,20200300,132.25,20191200,,20200300
2019-09-04 01:00:00,,20200300,132.140625,20191200,,20200300
2019-09-04 02:00:00,,20200300,132.0625,20191200,,20200300
2019-09-04 03:00:00,,20200300,132.140625,20191200,,20200300
2019-09-04 04:00:00,,20200300,132.140625,20191200,,20200300
2019-09-04 07:00:00,,20200300,132.0625,20191200,,20200300
2019-09-04 08:00:00,,20200300,131.96875,20191200,,20200300
2019-09-04 09:00:00,132.125,20200300,132.03125,20191200,132.125,20200300
2019-09-04 10:00:00,,20200300,131.921875,20191200,,20200300
2019-09-04 11:00:00,,20200300,131.96875,20191200,,20200300
2019-09-04 12:00:00,,20200300,132.015625,20191200,,20200300
2019-09-04 13:00:00,,20200300,132.015625,20191200,,20200300
2019-09-04 14:00:00,,20200300,132.046875,20191200,,20200300
2019-09-04 15:00:00,,20200300,132.140625,20191200,,20200300
2019-09-04 16:00:00,,20200300,132.171875,20191200,,20200300
2019-09-04 17:00:00,,20200300,132.21875,20191200,,20200300
2019-09-04 18:00:00,132.28125,20200300,132.296875,20191200,132.28125,20200300
2019-09-04 19:00:00,,20200300,132.296875,20191200,,20200300
2019-09-04 20:00:00,,20200300,132.296875,20191200,,20200300
2019-09-04 21:00:00,,20200300,132.21875,20191200,,20200300
2019-09-04 23:00:00,132.296875,20200300,132.078125,20191200,132.296875,20200300
2019-09-05 00:00:00,,20200300,132.21875,20191200,,20200300
2019-09-05 01:00:00,,20200300,132.140625,20191200,,20200300
2019-09-05 02:00:00,,20200300,131.8125,20191200,,20200300
2019-09-05 03:00:00,,20200300,131.765625,20191200,,20200300
2019-09-05 04:00:00,132.296875,20200300,131.84375,20191200,132.296875,20200300
2019-09-05 07:00:00,,20200300,131.90625,20191200,,20200300
2019-09-05 08:00:00,,20200300,131.875,20191200,,20200300
2019-09-05 09:00:00,,20200300,131.859375,20191200,,20200300
2019-09-05 10:00:00,,20200300,131.78125,20191200,,20200300
2019-09-05 11:00:00,,20200300,131.796875,20191200,,20200300
2019-09-05 12:00:00,,20200300,131.859375,20191200,,20200300
2019-09-05 13:00:00,,20200300,131.6875,20191200,,20200300
2019-09-05 14:00:00,,20200300,131.46875,20191200,,20200300
2019-09-05 15:00:00,131.625,20200300,131.171875,20191200,131.625,20200300
2019-09-05 16:00:00,,20200300,131.234375,20191200,,20200300
2019-09-05 17:00:00,,20200300,131.265625,20191200,,20200300
2019-09-05 18:00:00,,20200300,131.3125,20191200,,20200300
2019-09-05 19:00:00,,20200300,131.3125,20191200,,20200300
2019-09-05 20:00:00,,20200300,131.296875,20191200,,20200300
2019-09-05 21:00:00,,20200300,131.328125,20191200,,20200300
2019-09-05 23:00:00,132.1875,20200300,131.84375,20191200,132.1875,20200300
2019-09-06 00:00:00,,20200300,131.3125,20191200,,20200300
2019-09-06 01:00:00,,20200300,131.21875,20191200,,20200300
2019-09-06 02:00:00,,20200300,131.1875,20191200,,20200300
2019-09-06 03:00:00,,20200300,131.1875,20191200,,20200300
2019-09-06 04:00:00,,20200300,131.203125,20191200,,20200300
2019-09-06 07:00:00,,20200300,131.25,20191200,,20200300
2019-09-06 08:00:00,,20200300,131.234375,20191200,,20200300
2019-09-06 09:00:00,,20200300,131.03125,20191200,,20200300
2019-09-06 10:00:00,,20200300,131.09375,20191200,,20200300
2019-09-06 11:00:00,,20200300,131.078125,20191200,,20200300
2019-09-06 12:00:00,,20200300,130.953125,20191200,,20200300
2019-09-06 13:00:00,,20200300,131.28125,20191200,,20200300
2019-09-06 14:00:00,,20200300,131.296875,20191200,,20200300
2019-09-06 15:00:00,131.546875,20200300,131.28125,20191200,131.546875,20200300
2019-09-06 16:00:00,,20200300,131.40625,20191200,,20200300
2019-09-06 17:00:00,,20200300,131.359375,20191200,,20200300
2019-09-06 18:00:00,,20200300,131.421875,20191200,,20200300
2019-09-06 19:00:00,,20200300,131.375,20191200,,20200300
2019-09-06 20:00:00,,20200300,131.359375,20191200,,20200300
2019-09-06 21:00:00,,20200300,131.265625,20191200,,20200300
2019-09-06 23:00:00,131.546875,20200300,131.203125,20191200,131.546875,20200300
2019-09-08 23:00:00,,20200300,131.296875,20191200,,20200300
2019-09-09 00:00:00,,20200300,131.296875,20191200,,20200300
2019-09-09 01:00:00,,20200300,131.234375,20191200,,20200300
2019-09-09 02:00:00,,20200300,131.28125,20191200,,20200300
2019-09-09 03:00:00,,20200300,131.25,20191200,,20200300
2019-09-09 04:00:00,,20200300,131.265625,20191200,,20200300
2019-09-09 07:00:00,,20200300,131.21875,20191200,,20200300
2019-09-09 08:00:00,,20200300,131.015625,20191200,,20200300
2019-09-09 09:00:00,,20200300,131.03125,20191200,,20200300
2019-09-09 10:00:00,,20200300,130.984375,20191200,,20200300
2019-09-09 11:00:00,,20200300,131.015625,20191200,,20200300
2019-09-09 12:00:00,,20200300,131.078125,20191200,,20200300
2019-09-09 13:00:00,,20200300,131.03125,20191200,,20200300
2019-09-09 14:00:00,131.0,20200300,130.875,20191200,131.0,20200300
2019-09-09 15:00:00,131.0,20200300,130.734375,20191200,131.0,20200300
2019-09-09 16:00:00,,20200300,130.875,20191200,,20200300
2019-09-09 17:00:00,,20200300,130.90625,20191200,,20200300
2019-09-09 18:00:00,,20200300,130.90625,20191200,,20200300
2019-09-09 19:00:00,,20200300,130.875,20191200,,20200300
2019-09-09 20:00:00,,20200300,130.734375,20191200,,20200300
2019-09-09 21:00:00,,20200300,130.671875,20191200,,20200300
2019-09-09 23:00:00,131.0,20200300,131.28125,20191200,131.0,20200300
2019-09-10 00:00:00,,20200300,130.625,20191200,,20200300
2019-09-10 01:00:00,,20200300,130.640625,20191200,,20200300
2019-09-10 02:00:00,,20200300,130.578125,20191200,,20200300
2019-09-10 03:00:00,,20200300,130.65625,20191200,,20200300
2019-09-10 04:00:00,,20200300,130.640625,20191200,,20200300
2019-09-10 07:00:00,,20200300,130.703125,20191200,,20200300
2019-09-10 08:00:00,,20200300,130.71875,20191200,,20200300
2019-09-10 09:00:00,,20200300,130.75,20191200,,20200300
2019-09-10 10:00:00,,20200300,130.78125,20191200,,20200300
2019-09-10 11:00:00,,20200300,130.703125,20191200,,20200300
2019-09-10 12:00:00,,20200300,130.625,20191200,,20200300
2019-09-10 13:00:00,,20200300,130.671875,20191200,,20200300
2019-09-10 14:00:00,,20200300,130.609375,20191200,,20200300
2019-09-10 15:00:00,,20200300,130.421875,20191200,,20200300
2019-09-10 16:00:00,,20200300,130.3125,20191200,,20200300
2019-09-10 17:00:00,,20200300,130.265625,20191200,,20200300
2019-09-10 18:00:00,130.640625,20200300,130.25,20191200,130.640625,20200300
2019-09-10 19:00:00,129.84375,20200300,130.15625,20191200,129.84375,20200300
2019-09-10 20:00:00,,20200300,129.953125,20191200,,20200300
2019-09-10 21:00:00,,20200300,129.890625,20191200,,20200300
2019-09-10 23:00:00,129.84375,20200300,130.671875,20191200,129.84375,20200300
2019-09-11 00:00:00,,20200300,129.921875,20191200,,20200300
2019-09-11 01:00:00,,20200300,130.015625,20191200,,20200300
2019-09-11 02:00:00,,20200300,130.0625,20191200,,20200300
2019-09-11 03:00:00,,20200300,130.078125,20191200,,20200300
2019-09-11 04:00:00,,20200300,130.03125,20191200,,20200300
2019-09-11 07:00:00,,20200300,130.03125,20191200,,20200300
2019-09-11 08:00:00,,20200300,129.84375,20191200,,20200300
2019-09-11 09:00:00,,20200300,129.953125,20191200,,20200300
2019-09-11 10:00:00,,20200300,130.046875,20191200,,20200300
2019-09-11 11:00:00,,20200300,130.0625,20191200,,20200300
2019-09-11 12:00:00,,20200300,130.0,20191200,,20200300
2019-09-11 13:00:00,,20200300,129.8125,20191200,,20200300
2019-09-11 14:00:00,,20200300,129.921875,20191200,,20200300
2019-09-11 15:00:00,,20200300,129.96875,20191200,,20200300
2019-09-11 16:00:00,,20200300,129.9375,20191200,,20200300
2019-09-11 17:00:00,,20200300,129.9375,20191200,,20200300
2019-09-11 18:00:00,,20200300,129.90625,20191200,,20200300
2019-09-11 19:00:00,,20200300,129.890625,20191200,,20200300
2019-09-11 20:00:00,,20200300,129.8125,20191200,,20200300
2019-09-11 21:00:00,,20200300,129.875,20191200,,20200300
2019-09-11 23:00:00,,20200300,130.03125,20191200,,20200300
2019-09-12 00:00:00,,20200300,129.640625,20191200,,20200300
2019-09-12 01:00:00,,20200300,129.65625,20191200,,20200300
2019-09-12 02:00:00,,20200300,129.734375,20191200,,20200300
2019-09-12 03:00:00,,20200300,129.703125,20191200,,20200300
2019-09-12 04:00:00,,20200300,129.65625,20191200,,20200300
2019-09-12 07:00:00,,20200300,129.875,20191200,,20200300
2019-09-12 08:00:00,,20200300,129.9375,20191200,,20200300
2019-09-12 09:00:00,,20200300,129.9375,20191200,,20200300
2019-09-12 10:00:00,,20200300,129.9375,20191200,,20200300
2019-09-12 11:00:00,,20200300,129.9375,20191200,,20200300
2019-09-12 12:00:00,,20200300,130.296875,20191200,,20200300
2019-09-12 13:00:00,,20200300,130.25,20191200,,20200300
2019-09-12 14:00:00,,20200300,129.9375,20191200,,20200300
2019-09-12 15:00:00,,20200300,129.875,20191200,,20200300
2019-09-12 16:00:00,,20200300,129.546875,20191200,,20200300
2019-09-12 17:00:00,129.09375,20200300,129.46875,20191200,129.09375,20200300
2019-09-12 18:00:00,129.984375,20200300,129.53125,20191200,129.984375,20200300
2019-09-12 19:00:00,131.0,20200300,129.453125,20191200,131.0,20200300
2019-09-12 20:00:00,,20200300,129.546875,20191200,,20200300
2019-09-12 21:00:00,,20200300,129.609375,20191200,,20200300
2019-09-12 23:00:00,129.984375,20200300,129.796875,20191200,129.984375,20200300
2019-09-13 00:00:00,,20200300,129.578125,20191200,,20200300
2019-09-13 01:00:00,,20200300,129.5625,20191200,,20200300
2019-09-13 02:00:00,,20200300,129.484375,20191200,,20200300
2019-09-13 03:00:00,,20200300,129.515625,20191200,,20200300
2019-09-13 04:00:00,,20200300,129.453125,20191200,,20200300
2019-09-13 07:00:00,,20200300,129.515625,20191200,,20200300
2019-09-13 08:00:00,,20200300,129.375,20191200,,20200300
2019-09-13 09:00:00,,20200300,129.4375,20191200,,20200300
2019-09-13 10:00:00,131.0,20200300,129.359375,20191200,131.0,20200300
2019-09-13 11:00:00,131.0,20200300,129.34375,20191200,131.0,20200300
2019-09-13 12:00:00,129.328125,20200300,129.421875,20191200,129.328125,20200300
2019-09-13 13:00:00,129.46875,20200300,129.078125,20191200,129.46875,20200300
2019-09-13 14:00:00,,20200300,129.1875,20191200,,20200300
2019-09-13 15:00:00,129.03125,20200300,128.796875,20191200,129.03125,20200300
2019-09-13 16:00:00,129.09375,20200300,128.75,20191200,129.09375,20200300
2019-09-13 17:00:00,,20200300,128.6875,20191200,,20200300
2019-09-13 18:00:00,,20200300,128.8125,20191200,,20200300
2019-09-13 19:00:00,,20200300,128.59375,20191200,,20200300
2019-09-13 20:00:00,,20200300,128.546875,20191200,,20200300
2019-09-13 21:00:00,,20200300,128.578125,20191200,,20200300
2019-09-13 23:00:00,129.09375,20200300,129.5,20191200,129.09375,20200300
2019-09-15 23:00:00,,20200300,128.859375,20191200,,20200300
2019-09-16 00:00:00,129.28125,20200300,128.96875,20191200,129.28125,20200300
2019-09-16 01:00:00,,20200300,128.96875,20191200,,20200300
2019-09-16 02:00:00,,20200300,128.984375,20191200,,20200300
2019-09-16 03:00:00,,20200300,129.015625,20191200,,20200300
2019-09-16 04:00:00,,20200300,129.0,20191200,,20200300
2019-09-16 07:00:00,,20200300,128.890625,20191200,,20200300
2019-09-16 08:00:00,,20200300,128.84375,20191200,,20200300
2019-09-16 09:00:00,,20200300,129.0625,20191200,,20200300
2019-09-16 10:00:00,,20200300,129.109375,20191200,,20200300
2019-09-16 11:00:00,,20200300,129.078125,20191200,,20200300
2019-09-16 12:00:00,,20200300,129.03125,20191200,,20200300
2019-09-16 13:00:00,,20200300,128.953125,20191200,,20200300
2019-09-16 14:00:00,,20200300,128.90625,20191200,,20200300
2019-09-16 15:00:00,,20200300,129.0,20191200,,20200300
2019-09-16 16:00:00,,20200300,129.09375,20191200,,20200300
2019-09-16 17:00:00,,20200300,129.125,20191200,,20200300
2019-09-16 18:00:00,,20200300,129.09375,20191200,,20200300
2019-09-16 19:00:00,,20200300,129.0625,20191200,,20200300
2019-09-16 20:00:00,,20200300,129.046875,20191200,,20200300
2019-09-16 21:00:00,,20200300,129.015625,20191200,,20200300
2019-09-16 23:00:00,129.140625,20200300,128.921875,20191200,129.140625,20200300
2019-09-17 00:00:00,,20200300,129.046875,20191200,,20200300
2019-09-17 01:00:00,,20200300,129.109375,20191200,,20200300
2019-09-17 02:00:00,,20200300,129.234375,20191200,,20200300
2019-09-17 03:00:00,129.328125,20200300,129.21875,20191200,129.328125,20200300
2019-09-17 04:00:00,,20200300,129.171875,20191200,,20200300
2019-09-17 07:00:00,,20200300,129.046875,20191200,,20200300
2019-09-17 08:00:00,,20200300,129.15625,20191200,,20200300
2019-09-17 09:00:00,,20200300,129.15625,20191200,,20200300
2019-09-17 10:00:00,,20200300,129.09375,20191200,,20200300
2019-09-17 11:00:00,,20200300,129.265625,20191200,,20200300
2019-09-17 12:00:00,,20200300,129.3125,20191200,,20200300
2019-09-17 13:00:00,,20200300,129.171875,20191200,,20200300
2019-09-17 14:00:00,,20200300,129.234375,20191200,,20200300
2019-09-17 15:00:00,,20200300,129.140625,20191200,,20200300
2019-09-17 16:00:00,,20200300,129.390625,20191200,,20200300
2019-09-17 17:00:00,,20200300,129.375,20191200,,20200300
2019-09-17 18:00:00,,20200300,129.3125,20191200,,20200300
2019-09-17 19:00:00,,20200300,129.28125,20191200,,20200300
2019-09-17 20:00:00,,20200300,129.328125,20191200,,20200300
2019-09-17 21:00:00,,20200300,129.359375,20191200,,20200300
2019-09-17 23:00:00,129.359375,20200300,129.15625,20191200,129.359375,20200300
2019-09-18 00:00:00,,20200300,129.328125,20191200,,20200300
2019-09-18 01:00:00,,20200300,129.25,20191200,,20200300
2019-09-18 02:00:00,,20200300,129.25,20191200,,20200300
2019-09-18 03:00:00,,20200300,129.296875,20191200,,20200300
2019-09-18 04:00:00,,20200300,129.359375,20191200,,20200300
2019-09-18 07:00:00,,20200300,129.375,20191200,,20200300
2019-09-18 08:00:00,,20200300,129.53125,20191200,,20200300
2019-09-18 09:00:00,,20200300,129.546875,20191200,,20200300
2019-09-18 10:00:00,,20200300,129.578125,20191200,,20200300
2019-09-18 11:00:00,129.640625,20200300,129.59375,20191200,129.640625,20200300
2019-09-18 12:00:00,,20200300,129.5625,20191200,,20200300
2019-09-18 13:00:00,,20200300,129.546875,20191200,,20200300
2019-09-18 14:00:00,,20200300,129.640625,20191200,,20200300
2019-09-18 15:00:00,,20200300,129.6875,20191200,,20200300
2019-09-18 16:00:00,129.78125,20200300,129.75,20191200,129.78125,20200300
2019-09-18 17:00:00,,20200300,129.796875,20191200,,20200300
2019-09-18 18:00:00,,20200300,129.8125,20191200,,20200300
2019-09-18 19:00:00,129.984375,20200300,129.4375,20191200,129.984375,20200300
2019-09-18 20:00:00,,20200300,129.34375,20191200,,20200300
2019-09-18 21:00:00,,20200300,129.28125,20191200,,20200300
2019-09-18 23:00:00,129.984375,20200300,129.359375,20191200,129.984375,20200300
2019-09-19 00:00:00,,20200300,129.328125,20191200,,20200300
2019-09-19 01:00:00,,20200300,129.15625,20191200,,20200300
2019-09-19 02:00:00,,20200300,129.234375,20191200,,20200300
2019-09-19 03:00:00,,20200300,129.265625,20191200,,20200300
2019-09-19 04:00:00,,20200300,129.359375,20191200,,20200300
2019-09-19 07:00:00,,20200300,129.359375,20191200,,20200300
2019-09-19 08:00:00,,20200300,129.390625,20191200,,20200300
2019-09-19 09:00:00,,20200300,129.40625,20191200,,20200300
2019-09-19 10:00:00,,20200300,129.34375,20191200,,20200300
2019-09-19 11:00:00,,20200300,129.375,20191200,,20200300
2019-09-19 12:00:00,,20200300,129.515625,20191200,,20200300
2019-09-19 13:00:00,,20200300,129.640625,20191200,,20200300
2019-09-19 14:00:00,,20200300,129.53125,20191200,,20200300
2019-09-19 15:00:00,,20200300,129.46875,20191200,,20200300
2019-09-19 16:00:00,,20200300,129.5,20191200,,20200300
2019-09-19 17:00:00,,20200300,129.578125,20191200,,20200300
2019-09-19 18:00:00,,20200300,129.640625,20191200,,20200300
2019-09-19 19:00:00,,20200300,129.609375,20191200,,20200300
2019-09-19 20:00:00,129.859375,20200300,129.4375,20191200,129.859375,20200300
2019-09-19 21:00:00,,20200300,129.484375,20191200,,20200300
2019-09-19 23:00:00,129.859375,20200300,129.421875,20191200,129.859375,20200300
2019-09-20 00:00:00,,20200300,129.5,20191200,,20200300
2019-09-20 01:00:00,,20200300,129.5,20191200,,20200300
2019-09-20 02:00:00,,20200300,129.5,20191200,,20200300
2019-09-20 03:00:00,,20200300,129.546875,20191200,,20200300
2019-09-20 04:00:00,,20200300,129.5625,20191200,,20200300
2019-09-20 07:00:00,,20200300,129.5625,20191200,,20200300
2019-09-20 08:00:00,,20200300,129.46875,20191200,,20200300
2019-09-20 09:00:00,,20200300,129.53125,20191200,,20200300
2019-09-20 10:00:00,,20200300,129.484375,20191200,,20200300
2019-09-20 11:00:00,,20200300,129.515625,20191200,,20200300
2019-09-20 12:00:00,,20200300,129.40625,20191200,,20200300
2019-09-20 13:00:00,,20200300,129.53125,20191200,,20200300
2019-09-20 14:00:00,,20200300,129.546875,20191200,,20200300
2019-09-20 15:00:00,,20200300,129.609375,20191200,,20200300
2019-09-20 16:00:00,,20200300,129.46875,20191200,,20200300
2019-09-20 17:00:00,,20200300,129.546875,20191200,,20200300
2019-09-20 18:00:00,,20200300,129.640625,20191200,,20200300
2019-09-20 19:00:00,,20200300,129.703125,20191200,,20200300
2019-09-20 20:00:00,129.984375,20200300,129.875,20191200,129.984375,20200300
2019-09-20 21:00:00,,20200300,129.921875,20191200,,20200300
2019-09-20 23:00:00,129.984375,20200300,129.5625,20191200,129.984375,20200300
2019-09-22 23:00:00,,20200300,129.703125,20191200,,20200300
2019-09-23 00:00:00,,20200300,129.703125,20191200,,20200300
2019-09-23 01:00:00,,20200300,129.6875,20191200,,20200300
2019-09-23 02:00:00,,20200300,129.8125,20191200,,20200300
2019-09-23 03:00:00,,20200300,129.8125,20191200,,20200300
2019-09-23 04:00:00,,20200300,129.84375,20191200,,20200300
2019-09-23 07:00:00,,20200300,129.6875,20191200,,20200300
2019-09-23 08:00:00,130.0,20200300,130.046875,20191200,130.0,20200300
2019-09-23 09:00:00,130.125,20200300,130.171875,20191200,130.125,20200300
2019-09-23 10:00:00,,20200300,130.140625,20191200,,20200300
2019-09-23 11:00:00,,20200300,130.1875,20191200,,20200300
2019-09-23 12:00:00,,20200300,130.171875,20191200,,20200300
2019-09-23 13:00:00,130.296875,20200300,130.140625,20191200,130.296875,20200300
2019-09-23 14:00:00,130.375,20200300,130.328125,20191200,130.375,20200300
2019-09-23 15:00:00,,20200300,130.390625,20191200,,20200300
2019-09-23 16:00:00,,20200300,130.234375,20191200,,20200300
2019-09-23 17:00:00,130.375,20200300,130.203125,20191200,130.375,20200300
2019-09-23 18:00:00,130.15625,20200300,130.140625,20191200,130.15625,20200300
2019-09-23 19:00:00,130.234375,20200300,130.0625,20191200,130.234375,20200300
2019-09-23 20:00:00,130.09375,20200300,130.078125,20191200,130.09375,20200300
2019-09-23 21:00:00,130.015625,20200300,129.921875,20191200,130.015625,20200300
2019-09-23 23:00:00,130.109375,20200300,129.734375,20191200,130.109375,20200300
2019-09-24 00:00:00,,20200300,130.015625,20191200,,20200300
2019-09-24 01:00:00,,20200300,130.015625,20191200,,20200300
2019-09-24 02:00:00,,20200300,130.015625,20191200,,20200300
2019-09-24 03:00:00,,20200300,130.03125,20191200,,20200300
2019-09-24 04:00:00,,20200300,130.0625,20191200,,20200300
2019-09-24 07:00:00,,20200300,130.0625,20191200,,20200300
2019-09-24 08:00:00,,20200300,130.078125,20191200,,20200300
2019-09-24 09:00:00,,20200300,130.03125,20191200,,20200300
2019-09-24 10:00:00,130.109375,20200300,130.015625,20191200,130.109375,20200300
2019-09-24 11:00:00,,20200300,130.125,20191200,,20200300
2019-09-24 12:00:00,,20200300,130.0625,20191200,,20200300
2019-09-24 13:00:00,,20200300,130.1875,20191200,,20200300
2019-09-24 14:00:00,,20200300,130.265625,20191200,,20200300
2019-09-24 15:00:00,,20200300,130.359375,20191200,,20200300
2019-09-24 16:00:00,130.484375,20200300,130.4375,20191200,130.484375,20200300
2019-09-24 17:00:00,130.59375,20200300,130.578125,20191200,130.59375,20200300
2019-09-24 18:00:00,130.703125,20200300,130.546875,20191200,130.703125,20200300
2019-09-24 19:00:00,130.765625,20200300,130.71875,20191200,130.765625,20200300
2019-09-24 20:00:00,,20200300,130.671875,20191200,,20200300
2019-09-24 21:00:00,,20200300,130.609375,20191200,,20200300
2019-09-24 23:00:00,130.875,20200300,130.0,20191200,130.875,20200300
2019-09-25 00:00:00,,20200300,130.59375,20191200,,20200300
2019-09-25 01:00:00,,20200300,130.703125,20191200,,20200300
2019-09-25 02:00:00,,20200300,130.703125,20191200,,20200300
2019-09-25 03:00:00,,20200300,130.5625,20191200,,20200300
2019-09-25 04:00:00,,20200300,130.609375,20191200,,20200300
2019-09-25 07:00:00,,20200300,130.5,20191200,,20200300
2019-09-25 08:00:00,,20200300,130.671875,20191200,,20200300
2019-09-25 09:00:00,,20200300,130.671875,20191200,,20200300
2019-09-25 10:00:00,,20200300,130.671875,20191200,,20200300
2019-09-25 11:00:00,,20200300,130.625,20191200,,20200300
2019-09-25 12:00:00,,20200300,130.65625,20191200,,20200300
2019-09-25 13:00:00,,20200300,130.578125,20191200,,20200300
2019-09-25 14:00:00,,20200300,130.578125,20191200,,20200300
2019-09-25 15:00:00,130.546875,20200300,130.21875,20191200,130.546875,20200300
2019-09-25 16:00:00,,20200300,130.15625,20191200,,20200300
2019-09-25 17:00:00,,20200300,130.078125,20191200,,20200300
2019-09-25 18:00:00,,20200300,130.078125,20191200,,20200300
2019-09-25 19:00:00,,20200300,129.96875,20191200,,20200300
2019-09-25 20:00:00,,20200300,129.96875,20191200,,20200300
2019-09-25 21:00:00,,20200300,129.90625,20191200,,20200300
2019-09-25 23:00:00,130.328125,20200300,130.53125,20191200,130.328125,20200300
2019-09-26 00:00:00,,20200300,130.015625,20191200,,20200300
2019-09-26 01:00:00,,20200300,130.09375,20191200,,20200300
2019-09-26 02:00:00,,20200300,130.140625,20191200,,20200300
2019-09-26 03:00:00,,20200300,130.140625,20191200,,20200300
2019-09-26 04:00:00,,20200300,130.15625,20191200,,20200300
2019-09-26 07:00:00,,20200300,130.203125,20191200,,20200300
2019-09-26 08:00:00,,20200300,130.078125,20191200,,20200300
2019-09-26 09:00:00,,20200300,130.140625,20191200,,20200300
2019-09-26 10:00:00,,20200300,130.09375,20191200,,20200300
2019-09-26 11:00:00,,20200300,130.109375,20191200,,20200300
2019-09-26 12:00:00,,20200300,130.0,20191200,,20200300
2019-09-26 13:00:00,,20200300,130.1875,20191200,,20200300
2019-09-26 14:00:00,130.421875,20200300,130.1875,20191200,130.421875,20200300
2019-09-26 15:00:00,,20200300,130.265625,20191200,,20200300
2019-09-26 16:00:00,,20200300,130.28125,20191200,,20200300
2019-09-26 17:00:00,,20200300,130.1875,20191200,,20200300
2019-09-26 18:00:00,,20200300,130.25,20191200,,20200300
2019-09-26 19:00:00,,20200300,130.28125,20191200,,20200300
2019-09-26 20:00:00,,20200300,130.15625,20191200,,20200300
2019-09-26 21:00:00,130.328125,20200300,130.234375,20191200,130.328125,20200300
2019-09-26 23:00:00,130.421875,20200300,130.109375,20191200,130.421875,20200300
2019-09-27 00:00:00,,20200300,130.203125,20191200,,20200300
2019-09-27 01:00:00,,20200300,130.234375,20191200,,20200300
2019-09-27 02:00:00,,20200300,130.21875,20191200,,20200300
2019-09-27 03:00:00,,20200300,130.21875,20191200,,20200300
2019-09-27 04:00:00,,20200300,130.234375,20191200,,20200300
2019-09-27 07:00:00,,20200300,130.140625,20191200,,20200300
2019-09-27 08:00:00,,20200300,130.1875,20191200,,20200300
2019-09-27 09:00:00,,20200300,130.109375,20191200,,20200300
2019-09-27 10:00:00,,20200300,130.03125,20191200,,20200300
2019-09-27 11:00:00,,20200300,130.0,20191200,,20200300
2019-09-27 12:00:00,130.078125,20200300,130.03125,20191200,130.078125,20200300
2019-09-27 13:00:00,,20200300,130.125,20191200,,20200300
2019-09-27 14:00:00,,20200300,130.234375,20191200,,20200300
2019-09-27 15:00:00,130.25,20200300,130.21875,20191200,130.25,20200300
2019-09-27 16:00:00,130.375,20200300,130.171875,20191200,130.375,20200300
2019-09-27 17:00:00,130.265625,20200300,130.328125,20191200,130.265625,20200300
2019-09-27 18:00:00,130.375,20200300,130.234375,20191200,130.375,20200300
2019-09-27 19:00:00,130.421875,20200300,130.40625,20191200,130.421875,20200300
2019-09-27 20:00:00,,20200300,130.28125,20191200,,20200300
2019-09-27 21:00:00,130.296875,20200300,130.265625,20191200,130.296875,20200300
2019-09-27 23:00:00,130.46875,20200300,130.15625,20191200,130.46875,20200300
2019-09-29 23:00:00,,20200300,130.359375,20191200,,20200300
2019-09-30 00:00:00,,20200300,130.28125,20191200,,20200300
2019-09-30 01:00:00,130.390625,20200300,130.296875,20191200,130.390625,20200300
2019-09-30 02:00:00,,20200300,130.25,20191200,,20200300
2019-09-30 03:00:00,130.3125,20200300,130.234375,20191200,130.3125,20200300
2019-09-30 04:00:00,,20200300,130.25,20191200,,20200300
2019-09-30 07:00:00,130.21875,20200300,130.109375,20191200,130.21875,20200300
2019-09-30 08:00:00,,20200300,130.09375,20191200,,20200300
2019-09-30 09:00:00,130.1875,20200300,130.125,20191200,130.1875,20200300
2019-09-30 10:00:00,130.265625,20200300,130.203125,20191200,130.265625,20200300
2019-09-30 11:00:00,,20200300,130.21875,20191200,,20200300
2019-09-30 12:00:00,,20200300,130.1875,20191200,,20200300
2019-09-30 13:00:00,,20200300,130.15625,20191200,,20200300
2019-09-30 14:00:00,130.203125,20200300,130.21875,20191200,130.203125,20200300
2019-09-30 15:00:00,130.390625,20200300,130.25,20191200,130.390625,20200300
2019-09-30 16:00:00,130.359375,20200300,130.28125,20191200,130.359375,20200300
2019-09-30 17:00:00,,20200300,130.28125,20191200,,20200300
2019-09-30 18:00:00,,20200300,130.296875,20191200,,20200300
2019-09-30 19:00:00,130.4375,20200300,130.3125,20191200,130.4375,20200300
2019-09-30 20:00:00,130.453125,20200300,130.3125,20191200,130.453125,20200300
2019-09-30 21:00:00,130.484375,20200300,130.359375,20191200,130.484375,20200300
2019-09-30 23:00:00,130.375,20200300,130.296875,20191200,130.375,20200300
2019-10-01 00:00:00,,20200300,130.328125,20191200,,20200300
2019-10-01 01:00:00,,20200300,130.25,20191200,,20200300
2019-10-01 02:00:00,,20200300,130.234375,20191200,,20200300
2019-10-01 03:00:00,,20200300,130.21875,20191200,,20200300
2019-10-01 04:00:00,130.328125,20200300,130.078125,20191200,130.328125,20200300
2019-10-01 07:00:00,,20200300,130.078125,20191200,,20200300
2019-10-01 08:00:00,129.984375,20200300,129.9375,20191200,129.984375,20200300
2019-10-01 09:00:00,129.84375,20200300,129.6875,20191200,129.84375,20200300
2019-10-01 10:00:00,,20200300,129.8125,20191200,,20200300
2019-10-01 11:00:00,129.90625,20200300,129.828125,20191200,129.90625,20200300
2019-10-01 12:00:00,129.921875,20200300,129.84375,20191200,129.921875,20200300
2019-10-01 13:00:00,129.796875,20200300,129.703125,20191200,129.796875,20200300
2019-10-01 14:00:00,130.03125,20200300,129.921875,20191200,130.03125,20200300
2019-10-01 15:00:00,130.671875,20200300,130.8125,20191200,130.671875,20200300
2019-10-01 16:00:00,131.03125,20200300,130.890625,20191200,131.03125,20200300
2019-10-01 17:00:00,130.796875,20200300,130.71875,20191200,130.796875,20200300
2019-10-01 18:00:00,130.890625,20200300,130.78125,20191200,130.890625,20200300
2019-10-01 19:00:00,130.71875,20200300,130.65625,20191200,130.71875,20200300
2019-10-01 20:00:00,130.734375,20200300,130.671875,20191200,130.734375,20200300
2019-10-01 21:00:00,130.84375,20200300,130.6875,20191200,130.84375,20200300
2019-10-01 23:00:00,130.609375,20200300,130.109375,20191200,130.609375,20200300
2019-10-02 00:00:00,,20200300,130.71875,20191200,,20200300
2019-10-02 01:00:00,130.765625,20200300,130.59375,20191200,130.765625,20200300
2019-10-02 02:00:00,130.734375,20200300,130.546875,20191200,130.734375,20200300
2019-10-02 03:00:00,130.71875,20200300,130.578125,20191200,130.71875,20200300
2019-10-02 04:00:00,130.65625,20200300,130.515625,20191200,130.65625,20200300
2019-10-02 07:00:00,130.59375,20200300,130.59375,20191200,130.59375,20200300
2019-10-02 08:00:00,130.734375,20200300,130.640625,20191200,130.734375,20200300
2019-10-02 09:00:00,,20200300,130.734375,20191200,,20200300
2019-10-02 10:00:00,,20200300,130.8125,20191200,,20200300
2019-10-02 11:00:00,,20200300,130.828125,20191200,,20200300
2019-10-02 12:00:00,131.0625,20200300,130.828125,20191200,131.0625,20200300
2019-10-02 13:00:00,130.9375,20200300,130.828125,20191200,130.9375,20200300
2019-10-02 14:00:00,,20200300,130.828125,20191200,,20200300
2019-10-02 15:00:00,131.21875,20200300,131.0625,20191200,131.21875,20200300
2019-10-02 16:00:00,131.171875,20200300,131.078125,20191200,131.171875,20200300
2019-10-02 17:00:00,131.359375,20200300,131.234375,20191200,131.359375,20200300
2019-10-02 18:00:00,131.328125,20200300,131.203125,20191200,131.328125,20200300
2019-10-02 19:00:00,131.265625,20200300,131.125,20191200,131.265625,20200300
2019-10-02 20:00:00,,20200300,131.078125,20191200,,20200300
2019-10-02 21:00:00,131.21875,20200300,131.078125,20191200,131.21875,20200300
2019-10-02 23:00:00,130.71875,20200300,130.578125,20191200,130.71875,20200300
2019-10-03 00:00:00,,20200300,131.15625,20191200,,20200300
2019-10-03 01:00:00,,20200300,131.21875,20191200,,20200300
2019-10-03 02:00:00,,20200300,131.1875,20191200,,20200300
2019-10-03 03:00:00,,20200300,131.203125,20191200,,20200300
2019-10-03 04:00:00,,20200300,131.1875,20191200,,20200300
2019-10-03 07:00:00,131.390625,20200300,131.1875,20191200,131.390625,20200300
2019-10-03 08:00:00,,20200300,131.265625,20191200,,20200300
2019-10-03 09:00:00,,20200300,131.234375,20191200,,20200300
2019-10-03 10:00:00,,20200300,131.265625,20191200,,20200300
2019-10-03 11:00:00,,20200300,131.265625,20191200,,20200300
2019-10-03 12:00:00,131.4375,20200300,131.28125,20191200,131.4375,20200300
2019-10-03 13:00:00,131.390625,20200300,131.234375,20191200,131.390625,20200300
2019-10-03 14:00:00,131.375,20200300,131.3125,20191200,131.375,20200300
2019-10-03 15:00:00,131.828125,20200300,131.6875,20191200,131.828125,20200300
2019-10-03 16:00:00,131.84375,20200300,131.71875,20191200,131.84375,20200300
2019-10-03 17:00:00,131.828125,20200300,131.75,20191200,131.828125,20200300
2019-10-03 18:00:00,131.921875,20200300,131.734375,20191200,131.921875,20200300
2019-10-03 19:00:00,131.921875,20200300,131.734375,20191200,131.921875,20200300
2019-10-03 20:00:00,,20200300,131.6875,20191200,,20200300
2019-10-03 21:00:00,,20200300,131.71875,20191200,,20200300
2019-10-03 23:00:00,131.859375,20200300,131.203125,20191200,131.859375,20200300
2019-10-04 00:00:00,131.859375,20200300,131.71875,20191200,131.859375,20200300
2019-10-04 01:00:00,131.84375,20200300,131.703125,20191200,131.84375,20200300
2019-10-04 02:00:00,131.8125,20200300,131.6875,20191200,131.8125,20200300
2019-10-04 03:00:00,,20200300,131.703125,20191200,,20200300
2019-10-04 04:00:00,,20200300,131.703125,20191200,,20200300
2019-10-04 07:00:00,,20200300,131.765625,20191200,,20200300
2019-10-04 08:00:00,132.0,20200300,131.84375,20191200,132.0,20200300
2019-10-04 09:00:00,132.0,20200300,131.859375,20191200,132.0,20200300
2019-10-04 10:00:00,131.9375,20200300,131.78125,20191200,131.9375,20200300
2019-10-04 11:00:00,131.9375,20200300,131.8125,20191200,131.9375,20200300
2019-10-04 12:00:00,131.90625,20200300,131.75,20191200,131.90625,20200300
2019-10-04 13:00:00,131.6875,20200300,131.53125,20191200,131.6875,20200300
2019-10-04 14:00:00,131.796875,20200300,131.640625,20191200,131.796875,20200300
2019-10-04 15:00:00,132.0,20200300,131.890625,20191200,132.0,20200300
2019-10-04 16:00:00,131.90625,20200300,131.828125,20191200,131.90625,20200300
2019-10-04 17:00:00,131.9375,20200300,131.859375,20191200,131.9375,20200300
2019-10-04 18:00:00,,20200300,131.765625,20191200,,20200300
2019-10-04 19:00:00,,20200300,131.921875,20191200,,20200300
2019-10-04 20:00:00,132.0,20200300,131.84375,20191200,132.0,20200300
2019-10-04 21:00:00,,20200300,131.734375,20191200,,20200300
2019-10-04 23:00:00,132.0,20200300,131.671875,20191200,132.0,20200300
2019-10-06 23:00:00,,20200300,131.796875,20191200,,20200300
2019-10-07 00:00:00,131.953125,20200300,131.875,20191200,131.953125,20200300
2019-10-07 01:00:00,131.9375,20200300,131.921875,20191200,131.9375,20200300
2019-10-07 02:00:00,132.078125,20200300,131.890625,20191200,132.078125,20200300
2019-10-07 03:00:00,,20200300,131.84375,20191200,,20200300
2019-10-07 04:00:00,,20200300,131.828125,20191200,,20200300
2019-10-07 07:00:00,132.03125,20200300,131.859375,20191200,132.03125,20200300
2019-10-07 08:00:00,,20200300,131.875,20191200,,20200300
2019-10-07 09:00:00,,20200300,131.859375,20191200,,20200300
2019-10-07 10:00:00,131.984375,20200300,131.875,20191200,131.984375,20200300
2019-10-07 11:00:00,,20200300,131.734375,20191200,,20200300
2019-10-07 12:00:00,131.8125,20200300,131.71875,20191200,131.8125,20200300
2019-10-07 13:00:00,131.875,20200300,131.625,20191200,131.875,20200300
2019-10-07 14:00:00,,20200300,131.671875,20191200,,20200300
2019-10-07 15:00:00,131.828125,20200300,131.71875,20191200,131.828125,20200300
2019-10-07 16:00:00,131.71875,20200300,131.578125,20191200,131.71875,20200300
2019-10-07 17:00:00,131.640625,20200300,131.546875,20191200,131.640625,20200300
2019-10-07 18:00:00,131.5625,20200300,131.515625,20191200,131.5625,20200300
2019-10-07 19:00:00,131.6875,20200300,131.53125,20191200,131.6875,20200300
2019-10-07 20:00:00,,20200300,131.484375,20191200,,20200300
2019-10-07 21:00:00,131.59375,20200300,131.484375,20191200,131.59375,20200300
2019-10-07 23:00:00,131.59375,20200300,131.796875,20191200,131.59375,20200300
2019-10-08 00:00:00,,20200300,131.5,20191200,,20200300
2019-10-08 01:00:00,131.53125,20200300,131.390625,20191200,131.53125,20200300
2019-10-08 02:00:00,131.4375,20200300,131.34375,20191200,131.4375,20200300
2019-10-08 03:00:00,131.4375,20200300,131.34375,20191200,131.4375,20200300
2019-10-08 04:00:00,131.328125,20200300,131.25,20191200,131.328125,20200300
2019-10-08 07:00:00,131.4375,20200300,131.328125,20191200,131.4375,20200300
2019-10-08 08:00:00,131.453125,20200300,131.484375,20191200,131.453125,20200300
2019-10-08 09:00:00,,20200300,131.53125,20191200,,20200300
2019-10-08 10:00:00,131.765625,20200300,131.671875,20191200,131.765625,20200300
2019-10-08 11:00:00,,20200300,131.71875,20191200,,20200300
2019-10-08 12:00:00,131.9375,20200300,131.796875,20191200,131.9375,20200300
2019-10-08 13:00:00,131.90625,20200300,131.78125,20191200,131.90625,20200300
2019-10-08 14:00:00,131.9375,20200300,131.859375,20191200,131.9375,20200300
2019-10-08 15:00:00,131.9375,20200300,131.765625,20191200,131.9375,20200300
2019-10-08 16:00:00,131.921875,20200300,131.75,20191200,131.921875,20200300
2019-10-08 17:00:00,131.78125,20200300,131.640625,20191200,131.78125,20200300
2019-10-08 18:00:00,131.734375,20200300,131.640625,20191200,131.734375,20200300
2019-10-08 19:00:00,131.9375,20200300,131.671875,20191200,131.9375,20200300
2019-10-08 20:00:00,131.875,20200300,131.734375,20191200,131.875,20200300
2019-10-08 21:00:00,131.875,20200300,131.734375,20191200,131.875,20200300
2019-10-08 23:00:00,131.375,20200300,131.28125,20191200,131.375,20200300
2019-10-09 00:00:00,131.90625,20200300,131.78125,20191200,131.90625,20200300
2019-10-09 01:00:00,,20200300,131.6875,20191200,,20200300
2019-10-09 02:00:00,,20200300,131.65625,20191200,,20200300
2019-10-09 03:00:00,,20200300,131.671875,20191200,,20200300
2019-10-09 04:00:00,,20200300,131.6875,20191200,,20200300
2019-10-09 07:00:00,131.828125,20200300,131.75,20191200,131.828125,20200300
2019-10-09 08:00:00,,20200300,131.6875,20191200,,20200300
2019-10-09 09:00:00,131.71875,20200300,131.65625,20191200,131.71875,20200300
2019-10-09 10:00:00,131.6875,20200300,131.515625,20191200,131.6875,20200300
2019-10-09 11:00:00,,20200300,131.5625,20191200,,20200300
2019-10-09 12:00:00,131.5625,20200300,131.53125,20191200,131.5625,20200300
2019-10-09 13:00:00,131.75,20200300,131.625,20191200,131.75,20200300
2019-10-09 14:00:00,131.65625,20200300,131.578125,20191200,131.65625,20200300
2019-10-09 15:00:00,131.703125,20200300,131.53125,20191200,131.703125,20200300
2019-10-09 16:00:00,131.625,20200300,131.4375,20191200,131.625,20200300
2019-10-09 17:00:00,131.4375,20200300,131.296875,20191200,131.4375,20200300
2019-10-09 18:00:00,,20200300,131.34375,20191200,,20200300
2019-10-09 19:00:00,,20200300,131.28125,20191200,,20200300
2019-10-09 20:00:00,131.546875,20200300,131.421875,20191200,131.546875,20200300
2019-10-09 21:00:00,131.4375,20200300,131.3125,20191200,131.4375,20200300
2019-10-09 23:00:00,131.84375,20200300,131.703125,20191200,131.84375,20200300
2019-10-10 00:00:00,131.75,20200300,131.59375,20191200,131.75,20200300
2019-10-10 01:00:00,131.78125,20200300,131.609375,20191200,131.78125,20200300
2019-10-10 02:00:00,131.515625,20200300,131.4375,20191200,131.515625,20200300
2019-10-10 03:00:00,,20200300,131.40625,20191200,,20200300
2019-10-10 04:00:00,,20200300,131.453125,20191200,,20200300
2019-10-10 07:00:00,131.484375,20200300,131.390625,20191200,131.484375,20200300
2019-10-10 08:00:00,131.5625,20200300,131.40625,20191200,131.5625,20200300
2019-10-10 09:00:00,131.546875,20200300,131.421875,20191200,131.546875,20200300
2019-10-10 10:00:00,,20200300,131.34375,20191200,,20200300
2019-10-10 11:00:00,131.421875,20200300,131.3125,20191200,131.421875,20200300
2019-10-10 12:00:00,131.421875,20200300,131.34375,20191200,131.421875,20200300
2019-10-10 13:00:00,131.296875,20200300,131.15625,20191200,131.296875,20200300
2019-10-10 14:00:00,131.046875,20200300,130.90625,20191200,131.046875,20200300
2019-10-10 15:00:00,130.90625,20200300,130.75,20191200,130.90625,20200300
2019-10-10 16:00:00,130.765625,20200300,130.65625,20191200,130.765625,20200300
2019-10-10 17:00:00,130.75,20200300,130.625,20191200,130.75,20200300
2019-10-10 18:00:00,130.78125,20200300,130.75,20191200,130.78125,20200300
2019-10-10 19:00:00,130.84375,20200300,130.71875,20191200,130.84375,20200300
2019-10-10 20:00:00,130.78125,20200300,130.6875,20191200,130.78125,20200300
2019-10-10 21:00:00,130.65625,20200300,130.59375,20191200,130.65625,20200300
2019-10-10 23:00:00,131.5,20200300,131.40625,20191200,131.5,20200300
2019-10-11 00:00:00,,20200300,130.65625,20191200,,20200300
2019-10-11 01:00:00,130.765625,20200300,130.578125,20191200,130.765625,20200300
2019-10-11 02:00:00,,20200300,130.625,20191200,,20200300
2019-10-11 03:00:00,130.71875,20200300,130.59375,20191200,130.71875,20200300
2019-10-11 04:00:00,,20200300,130.578125,20191200,,20200300
2019-10-11 07:00:00,130.765625,20200300,130.671875,20191200,130.765625,20200300
2019-10-11 08:00:00,130.859375,20200300,130.75,20191200,130.859375,20200300
2019-10-11 09:00:00,130.875,20200300,130.59375,20191200,130.875,20200300
2019-10-11 10:00:00,,20200300,130.578125,20191200,,20200300
2019-10-11 11:00:00,130.640625,20200300,130.515625,20191200,130.640625,20200300
2019-10-11 12:00:00,130.21875,20200300,130.203125,20191200,130.21875,20200300
2019-10-11 13:00:00,130.3125,20200300,130.203125,20191200,130.3125,20200300
2019-10-11 14:00:00,130.15625,20200300,130.125,20191200,130.15625,20200300
2019-10-11 15:00:00,130.0,20200300,129.9375,20191200,130.0,20200300
2019-10-11 16:00:00,129.953125,20200300,129.890625,20191200,129.953125,20200300
2019-10-11 17:00:00,129.921875,20200300,129.984375,20191200,129.921875,20200300
2019-10-11 18:00:00,130.015625,20200300,130.015625,20191200,130.015625,20200300
2019-10-11 19:00:00,129.96875,20200300,129.875,20191200,129.96875,20200300
2019-10-11 20:00:00,129.84375,20200300,129.984375,20191200,129.84375,20200300
2019-10-11 21:00:00,130.078125,20200300,130.0625,20191200,130.078125,20200300
2019-10-11 23:00:00,130.65625,20200300,130.59375,20191200,130.65625,20200300
2019-10-13 23:00:00,130.140625,20200300,130.015625,20191200,130.140625,20200300
2019-10-14 00:00:00,130.015625,20200300,129.984375,20191200,130.015625,20200300
2019-10-14 01:00:00,,20200300,130.125,20191200,,20200300
2019-10-14 02:00:00,130.25,20200300,130.15625,20191200,130.25,20200300
2019-10-14 03:00:00,,20200300,130.140625,20191200,,20200300
2019-10-14 04:00:00,,20200300,130.125,20191200,,20200300
2019-10-14 07:00:00,130.25,20200300,130.265625,20191200,130.25,20200300
2019-10-14 08:00:00,130.375,20200300,130.359375,20191200,130.375,20200300
2019-10-14 09:00:00,130.40625,20200300,130.34375,20191200,130.40625,20200300
2019-10-14 10:00:00,130.609375,20200300,130.46875,20191200,130.609375,20200300
2019-10-14 11:00:00,130.578125,20200300,130.46875,20191200,130.578125,20200300
2019-10-14 12:00:00,,20200300,130.421875,20191200,,20200300
2019-10-14 13:00:00,130.453125,20200300,130.3125,20191200,130.453125,20200300
2019-10-14 14:00:00,130.296875,20200300,130.1875,20191200,130.296875,20200300
2019-10-14 15:00:00,,20200300,130.21875,20191200,,20200300
2019-10-14 16:00:00,,20200300,130.203125,20191200,,20200300
2019-10-14 17:00:00,,20200300,130.234375,20191200,,20200300
2019-10-14 18:00:00,,20200300,130.203125,20191200,,20200300
2019-10-14 19:00:00,130.3125,20200300,130.234375,20191200,130.3125,20200300
2019-10-14 20:00:00,,20200300,130.21875,20191200,,20200300
2019-10-14 21:00:00,,20200300,130.265625,20191200,,20200300
2019-10-14 23:00:00,130.1875,20200300,130.1875,20191200,130.1875,20200300
2019-10-15 00:00:00,,20200300,130.1875,20191200,,20200300
2019-10-15 01:00:00,,20200300,130.28125,20191200,,20200300
2019-10-15 02:00:00,,20200300,130.359375,20191200,,20200300
2019-10-15 03:00:00,130.4375,20200300,130.359375,20191200,130.4375,20200300
2019-10-15 04:00:00,130.4375,20200300,130.390625,20191200,130.4375,20200300
2019-10-15 07:00:00,130.3125,20200300,130.3125,20191200,130.3125,20200300
2019-10-15 08:00:00,130.453125,20200300,130.421875,20191200,130.453125,20200300
2019-10-15 09:00:00,,20200300,130.4375,20191200,,20200300
2019-10-15 10:00:00,,20200300,130.40625,20191200,,20200300
2019-10-15 11:00:00,130.578125,20200300,130.453125,20191200,130.578125,20200300
2019-10-15 12:00:00,,20200300,130.40625,20191200,,20200300
2019-10-15 13:00:00,130.390625,20200300,130.3125,20191200,130.390625,20200300
2019-10-15 14:00:00,130.28125,20200300,130.265625,20191200,130.28125,20200300
2019-10-15 15:00:00,129.96875,20200300,129.859375,20191200,129.96875,20200300
2019-10-15 16:00:00,130.015625,20200300,129.90625,20191200,130.015625,20200300
2019-10-15 17:00:00,129.9375,20200300,129.796875,20191200,129.9375,20200300
2019-10-15 18:00:00,129.796875,20200300,129.78125,20191200,129.796875,20200300
2019-10-15 19:00:00,129.796875,20200300,129.765625,20191200,129.796875,20200300
2019-10-15 20:00:00,129.84375,20200300,129.75,20191200,129.84375,20200300
2019-10-15 21:00:00,129.796875,20200300,129.734375,20191200,129.796875,20200300
2019-10-15 23:00:00,130.390625,20200300,130.3125,20191200,130.390625,20200300
2019-10-16 00:00:00,,20200300,129.828125,20191200,,20200300
2019-10-16 01:00:00,129.96875,20200300,129.921875,20191200,129.96875,20200300
2019-10-16 02:00:00,,20200300,129.96875,20191200,,20200300
2019-10-16 03:00:00,,20200300,129.984375,20191200,,20200300
2019-10-16 04:00:00,,20200300,130.0,20191200,,20200300
2019-10-16 07:00:00,130.0,20200300,130.015625,20191200,130.0,20200300
2019-10-16 08:00:00,130.234375,20200300,130.171875,20191200,130.234375,20200300
2019-10-16 09:00:00,130.171875,20200300,130.140625,20191200,130.171875,20200300
2019-10-16 10:00:00,130.203125,20200300,130.109375,20191200,130.203125,20200300
2019-10-16 11:00:00,130.203125,20200300,130.125,20191200,130.203125,20200300
2019-10-16 12:00:00,130.046875,20200300,130.03125,20191200,130.046875,20200300
2019-10-16 13:00:00,130.0625,20200300,130.03125,20191200,130.0625,20200300
2019-10-16 14:00:00,129.953125,20200300,129.90625,20191200,129.953125,20200300
2019-10-16 15:00:00,129.9375,20200300,129.921875,20191200,129.9375,20200300
2019-10-16 16:00:00,130.0,20200300,130.015625,20191200,130.0,20200300
2019-10-16 17:00:00,130.0625,20200300,130.015625,20191200,130.0625,20200300
2019-10-16 18:00:00,129.984375,20200300,129.984375,20191200,129.984375,20200300
2019-10-16 19:00:00,130.0625,20200300,130.015625,20191200,130.0625,20200300
2019-10-16 20:00:00,130.0,20200300,129.96875,20191200,130.0,20200300
2019-10-16 21:00:00,130.0625,20200300,130.03125,20191200,130.0625,20200300
2019-10-16 23:00:00,130.015625,20200300,130.0,20191200,130.015625,20200300
2019-10-17 00:00:00,130.09375,20200300,130.09375,20191200,130.09375,20200300
2019-10-17 01:00:00,130.21875,20200300,130.140625,20191200,130.21875,20200300
2019-10-17 02:00:00,,20200300,130.0625,20191200,,20200300
2019-10-17 03:00:00,,20200300,130.0625,20191200,,20200300
2019-10-17 04:00:00,,20200300,130.09375,20191200,,20200300
2019-10-17 07:00:00,,20200300,130.109375,20191200,,20200300
2019-10-17 08:00:00,130.078125,20200300,129.9375,20191200,130.078125,20200300
2019-10-17 09:00:00,,20200300,129.96875,20191200,,20200300
2019-10-17 10:00:00,129.546875,20200300,129.625,20191200,129.546875,20200300
2019-10-17 11:00:00,129.75,20200300,129.71875,20191200,129.75,20200300
2019-10-17 12:00:00,129.828125,20200300,129.8125,20191200,129.828125,20200300
2019-10-17 13:00:00,129.953125,20200300,129.921875,20191200,129.953125,20200300
2019-10-17 14:00:00,129.875,20200300,129.828125,20191200,129.875,20200300
2019-10-17 15:00:00,129.953125,20200300,129.9375,20191200,129.953125,20200300
2019-10-17 16:00:00,130.015625,20200300,130.09375,20191200,130.015625,20200300
2019-10-17 17:00:00,130.140625,20200300,130.046875,20191200,130.140625,20200300
2019-10-17 18:00:00,130.046875,20200300,130.015625,20191200,130.046875,20200300
2019-10-17 19:00:00,129.921875,20200300,129.921875,20191200,129.921875,20200300
2019-10-17 20:00:00,129.90625,20200300,129.875,20191200,129.90625,20200300
2019-10-17 21:00:00,129.9375,20200300,129.890625,20191200,129.9375,20200300
2019-10-17 23:00:00,129.9375,20200300,130.125,20191200,129.9375,20200300
2019-10-18 00:00:00,,20200300,129.96875,20191200,,20200300
2019-10-18 01:00:00,130.0,20200300,130.0,20191200,130.0,20200300
2019-10-18 02:00:00,,20200300,130.015625,20191200,,20200300
2019-10-18 03:00:00,,20200300,129.984375,20191200,,20200300
2019-10-18 04:00:00,130.109375,20200300,130.046875,20191200,130.109375,20200300
2019-10-18 07:00:00,129.9375,20200300,129.921875,20191200,129.9375,20200300
2019-10-18 08:00:00,,20200300,129.875,20191200,,20200300
2019-10-18 09:00:00,,20200300,129.828125,20191200,,20200300
2019-10-18 10:00:00,129.84375,20200300,129.828125,20191200,129.84375,20200300
2019-10-18 11:00:00,,20200300,129.859375,20191200,,20200300
2019-10-18 12:00:00,129.859375,20200300,129.8125,20191200,129.859375,20200300
2019-10-18 13:00:00,129.96875,20200300,129.953125,20191200,129.96875,20200300
2019-10-18 14:00:00,130.015625,20200300,129.921875,20191200,130.015625,20200300
2019-10-18 15:00:00,,20200300,130.015625,20191200,,20200300
2019-10-18 16:00:00,130.125,20200300,130.078125,20191200,130.125,20200300
2019-10-18 17:00:00,130.140625,20200300,130.09375,20191200,130.140625,20200300
2019-10-18 18:00:00,130.0625,20200300,130.015625,20191200,130.0625,20200300
2019-10-18 19:00:00,130.078125,20200300,130.0,20191200,130.078125,20200300
2019-10-18 20:00:00,130.046875,20200300,130.0,20191200,130.046875,20200300
2019-10-18 21:00:00,,20200300,129.9375,20191200,,20200300
2019-10-18 23:00:00,130.046875,20200300,130.015625,20191200,130.046875,20200300
2019-10-20 23:00:00,130.109375,20200300,130.078125,20191200,130.109375,20200300
2019-10-21 00:00:00,,20200300,130.09375,20191200,,20200300
2019-10-21 01:00:00,130.046875,20200300,130.0,20191200,130.046875,20200300
2019-10-21 02:00:00,130.015625,20200300,130.0,20191200,130.015625,20200300
2019-10-21 03:00:00,,20200300,129.96875,20191200,,20200300
2019-10-21 04:00:00,,20200300,129.9375,20191200,,20200300
2019-10-21 07:00:00,129.859375,20200300,129.84375,20191200,129.859375,20200300
2019-10-21 08:00:00,129.71875,20200300,129.734375,20191200,129.71875,20200300
2019-10-21 09:00:00,129.734375,20200300,129.75,20191200,129.734375,20200300
2019-10-21 10:00:00,129.859375,20200300,129.859375,20191200,129.859375,20200300
2019-10-21 11:00:00,,20200300,129.828125,20191200,,20200300
2019-10-21 12:00:00,129.796875,20200300,129.796875,20191200,129.796875,20200300
2019-10-21 13:00:00,129.765625,20200300,129.765625,20191200,129.765625,20200300
2019-10-21 14:00:00,129.796875,20200300,129.84375,20191200,129.796875,20200300
2019-10-21 15:00:00,129.8125,20200300,129.765625,20191200,129.8125,20200300
2019-10-21 16:00:00,129.609375,20200300,129.609375,20191200,129.609375,20200300
2019-10-21 17:00:00,129.609375,20200300,129.5625,20191200,129.609375,20200300
2019-10-21 18:00:00,129.5625,20200300,129.625,20191200,129.5625,20200300
2019-10-21 19:00:00,,20200300,129.640625,20191200,,20200300
2019-10-21 20:00:00,129.59375,20200300,129.59375,20191200,129.59375,20200300
2019-10-21 21:00:00,129.578125,20200300,129.5625,20191200,129.578125,20200300
2019-10-21 23:00:00,130.0,20200300,129.96875,20191200,130.0,20200300
2019-10-22 00:00:00,129.59375,20200300,129.5625,20191200,129.59375,20200300
2019-10-22 01:00:00,129.515625,20200300,129.53125,20191200,129.515625,20200300
2019-10-22 02:00:00,129.515625,20200300,129.515625,20191200,129.515625,20200300
2019-10-22 03:00:00,129.53125,20200300,129.515625,20191200,129.53125,20200300
2019-10-22 04:00:00,129.53125,20200300,129.53125,20191200,129.53125,20200300
2019-10-22 07:00:00,129.59375,20200300,129.640625,20191200,129.59375,20200300
2019-10-22 08:00:00,129.65625,20200300,129.703125,20191200,129.65625,20200300
2019-10-22 09:00:00,129.8125,20200300,129.765625,20191200,129.8125,20200300
2019-10-22 10:00:00,129.703125,20200300,129.734375,20191200,129.703125,20200300
2019-10-22 11:00:00,,20200300,129.734375,20191200,,20200300
2019-10-22 12:00:00,129.765625,20200300,129.75,20191200,129.765625,20200300
2019-10-22 13:00:00,129.84375,20200300,129.828125,20191200,129.84375,20200300
2019-10-22 14:00:00,129.84375,20200300,129.78125,20191200,129.84375,20200300
2019-10-22 15:00:00,129.71875,20200300,129.703125,20191200,129.71875,20200300
2019-10-22 16:00:00,129.59375,20200300,129.59375,20191200,129.59375,20200300
2019-10-22 17:00:00,129.59375,20200300,129.578125,20191200,129.59375,20200300
2019-10-22 18:00:00,,20200300,129.609375,20191200,,20200300
2019-10-22 19:00:00,129.859375,20200300,129.796875,20191200,129.859375,20200300
2019-10-22 20:00:00,,20200300,129.796875,20191200,,20200300
2019-10-22 21:00:00,129.875,20200300,129.84375,20191200,129.875,20200300
2019-10-22 23:00:00,129.5625,20200300,129.53125,20191200,129.5625,20200300
2019-10-23 00:00:00,,20200300,129.859375,20191200,,20200300
2019-10-23 01:00:00,130.015625,20200300,129.875,20191200,130.015625,20200300
2019-10-23 02:00:00,130.0,20200300,129.984375,20191200,130.0,20200300
2019-10-23 03:00:00,129.953125,20200300,129.953125,20191200,129.953125,20200300
2019-10-23 04:00:00,129.953125,20200300,129.921875,20191200,129.953125,20200300
2019-10-23 07:00:00,,20200300,130.03125,20191200,,20200300
2019-10-23 08:00:00,130.046875,20200300,130.015625,20191200,130.046875,20200300
2019-10-23 09:00:00,130.0625,20200300,130.078125,20191200,130.0625,20200300
2019-10-23 10:00:00,130.0625,20200300,130.03125,20191200,130.0625,20200300
2019-10-23 11:00:00,130.046875,20200300,130.0,20191200,130.046875,20200300
2019-10-23 12:00:00,130.09375,20200300,130.0625,20191200,130.09375,20200300
2019-10-23 13:00:00,130.0625,20200300,130.046875,20191200,130.0625,20200300
2019-10-23 14:00:00,130.078125,20200300,130.046875,20191200,130.078125,20200300
2019-10-23 15:00:00,129.96875,20200300,129.96875,20191200,129.96875,20200300
2019-10-23 16:00:00,,20200300,129.921875,20191200,,20200300
2019-10-23 17:00:00,,20200300,129.921875,20191200,,20200300
2019-10-23 18:00:00,129.90625,20200300,129.890625,20191200,129.90625,20200300
2019-10-23 19:00:00,129.90625,20200300,129.859375,20191200,129.90625,20200300
2019-10-23 20:00:00,129.8125,20200300,129.8125,20191200,129.8125,20200300
2019-10-23 21:00:00,129.796875,20200300,129.796875,20191200,129.796875,20200300
2019-10-23 23:00:00,129.875,20200300,129.921875,20191200,129.875,20200300
2019-10-24 00:00:00,,20200300,129.84375,20191200,,20200300
2019-10-24 01:00:00,,20200300,129.828125,20191200,,20200300
2019-10-24 02:00:00,129.859375,20200300,129.84375,20191200,129.859375,20200300
2019-10-24 03:00:00,129.84375,20200300,129.84375,20191200,129.84375,20200300
2019-10-24 04:00:00,,20200300,129.828125,20191200,,20200300
2019-10-24 07:00:00,129.953125,20200300,129.921875,20191200,129.953125,20200300
2019-10-24 08:00:00,,20200300,129.8125,20191200,,20200300
2019-10-24 09:00:00,,20200300,129.875,20191200,,20200300
2019-10-24 10:00:00,,20200300,129.796875,20191200,,20200300
2019-10-24 11:00:00,,20200300,129.859375,20191200,,20200300
2019-10-24 12:00:00,,20200300,129.859375,20191200,,20200300
2019-10-24 13:00:00,129.828125,20200300,129.78125,20191200,129.828125,20200300
2019-10-24 14:00:00,130.046875,20200300,130.015625,20191200,130.046875,20200300
2019-10-24 15:00:00,130.046875,20200300,130.03125,20191200,130.046875,20200300
2019-10-24 16:00:00,129.96875,20200300,129.9375,20191200,129.96875,20200300
2019-10-24 17:00:00,129.96875,20200300,129.9375,20191200,129.96875,20200300
2019-10-24 18:00:00,130.015625,20200300,129.921875,20191200,130.015625,20200300
2019-10-24 19:00:00,,20200300,129.84375,20191200,,20200300
2019-10-24 20:00:00,129.8125,20200300,129.8125,20191200,129.8125,20200300
2019-10-24 21:00:00,129.828125,20200300,129.84375,20191200,129.828125,20200300
2019-10-24 23:00:00,129.890625,20200300,129.859375,20191200,129.890625,20200300
2019-10-25 00:00:00,,20200300,129.90625,20191200,,20200300
2019-10-25 01:00:00,129.953125,20200300,129.890625,20191200,129.953125,20200300
2019-10-25 02:00:00,,20200300,129.9375,20191200,,20200300
2019-10-25 03:00:00,,20200300,129.9375,20191200,,20200300
2019-10-25 04:00:00,,20200300,129.9375,20191200,,20200300
2019-10-25 07:00:00,129.9375,20200300,129.8125,20191200,129.9375,20200300
2019-10-25 08:00:00,129.890625,20200300,129.859375,20191200,129.890625,20200300
2019-10-25 09:00:00,,20200300,129.859375,20191200,,20200300
2019-10-25 10:00:00,,20200300,129.78125,20191200,,20200300
2019-10-25 11:00:00,,20200300,129.796875,20191200,,20200300
2019-10-25 12:00:00,129.8125,20200300,129.8125,20191200,129.8125,20200300
2019-10-25 13:00:00,129.96875,20200300,129.921875,20191200,129.96875,20200300
2019-10-25 14:00:00,129.84375,20200300,129.796875,20191200,129.84375,20200300
2019-10-25 15:00:00,129.765625,20200300,129.765625,20191200,129.765625,20200300
2019-10-25 16:00:00,129.484375,20200300,129.421875,20191200,129.484375,20200300
2019-10-25 17:00:00,129.5,20200300,129.46875,20191200,129.5,20200300
2019-10-25 18:00:00,129.546875,20200300,129.5,20191200,129.546875,20200300
2019-10-25 19:00:00,129.546875,20200300,129.53125,20191200,129.546875,20200300
2019-10-25 20:00:00,129.546875,20200300,129.53125,20191200,129.546875,20200300
2019-10-25 21:00:00,129.5625,20200300,129.578125,20191200,129.5625,20200300
2019-10-25 23:00:00,129.953125,20200300,129.890625,20191200,129.953125,20200300
2019-10-27 23:00:00,,20200300,129.515625,20191200,,20200300
2019-10-28 00:00:00,129.515625,20200300,129.5,20191200,129.515625,20200300
2019-10-28 01:00:00,129.5625,20200300,129.515625,20191200,129.5625,20200300
2019-10-28 02:00:00,,20200300,129.5,20191200,,20200300
2019-10-28 03:00:00,129.46875,20200300,129.453125,20191200,129.46875,20200300
2019-10-28 04:00:00,129.453125,20200300,129.421875,20191200,129.453125,20200300
2019-10-28 07:00:00,129.453125,20200300,129.4375,20191200,129.453125,20200300
2019-10-28 08:00:00,129.34375,20200300,129.296875,20191200,129.34375,20200300
2019-10-28 09:00:00,129.296875,20200300,129.3125,20191200,129.296875,20200300
2019-10-28 10:00:00,129.234375,20200300,129.21875,20191200,129.234375,20200300
2019-10-28 11:00:00,,20200300,129.25,20191200,,20200300
2019-10-28 12:00:00,129.3125,20200300,129.25,20191200,129.3125,20200300
2019-10-28 13:00:00,129.1875,20200300,129.171875,20191200,129.1875,20200300
2019-10-28 14:00:00,129.0625,20200300,129.078125,20191200,129.0625,20200300
2019-10-28 15:00:00,129.15625,20200300,129.15625,20191200,129.15625,20200300
2019-10-28 16:00:00,129.125,20200300,129.078125,20191200,129.125,20200300
2019-10-28 17:00:00,129.125,20200300,129.15625,20191200,129.125,20200300
2019-10-28 18:00:00,129.203125,20200300,129.203125,20191200,129.203125,20200300
2019-10-28 19:00:00,129.1875,20200300,129.140625,20191200,129.1875,20200300
2019-10-28 20:00:00,129.203125,20200300,129.1875,20191200,129.203125,20200300
2019-10-28 21:00:00,129.234375,20200300,129.203125,20191200,129.234375,20200300
2019-10-28 23:00:00,129.46875,20200300,129.4375,20191200,129.46875,20200300
2019-10-29 00:00:00,129.171875,20200300,129.171875,20191200,129.171875,20200300
2019-10-29 01:00:00,,20200300,129.109375,20191200,,20200300
2019-10-29 02:00:00,129.109375,20200300,129.09375,20191200,129.109375,20200300
2019-10-29 03:00:00,,20200300,129.09375,20191200,,20200300
2019-10-29 04:00:00,129.15625,20200300,129.140625,20191200,129.15625,20200300
2019-10-29 07:00:00,129.125,20200300,129.140625,20191200,129.125,20200300
2019-10-29 08:00:00,129.25,20200300,129.21875,20191200,129.25,20200300
2019-10-29 09:00:00,129.265625,20200300,129.296875,20191200,129.265625,20200300
2019-10-29 10:00:00,129.359375,20200300,129.34375,20191200,129.359375,20200300
2019-10-29 11:00:00,129.265625,20200300,129.234375,20191200,129.265625,20200300
2019-10-29 12:00:00,129.3125,20200300,129.28125,20191200,129.3125,20200300
2019-10-29 13:00:00,129.328125,20200300,129.296875,20191200,129.328125,20200300
2019-10-29 14:00:00,129.25,20200300,129.234375,20191200,129.25,20200300
2019-10-29 15:00:00,129.234375,20200300,129.203125,20191200,129.234375,20200300
2019-10-29 16:00:00,129.296875,20200300,129.3125,20191200,129.296875,20200300
2019-10-29 17:00:00,129.296875,20200300,129.234375,20191200,129.296875,20200300
2019-10-29 18:00:00,129.234375,20200300,129.21875,20191200,129.234375,20200300
2019-10-29 19:00:00,129.296875,20200300,129.28125,20191200,129.296875,20200300
2019-10-29 20:00:00,129.265625,20200300,129.234375,20191200,129.265625,20200300
2019-10-29 21:00:00,129.28125,20200300,129.21875,20191200,129.28125,20200300
2019-10-29 23:00:00,129.09375,20200300,129.0625,20191200,129.09375,20200300
2019-10-30 00:00:00,129.28125,20200300,129.25,20191200,129.28125,20200300
2019-10-30 01:00:00,129.3125,20200300,129.3125,20191200,129.3125,20200300
2019-10-30 02:00:00,,20200300,129.3125,20191200,,20200300
2019-10-30 03:00:00,129.3125,20200300,129.328125,20191200,129.3125,20200300
2019-10-30 04:00:00,129.375,20200300,129.328125,20191200,129.375,20200300
2019-10-30 07:00:00,129.328125,20200300,129.3125,20191200,129.328125,20200300
2019-10-30 08:00:00,129.265625,20200300,129.25,20191200,129.265625,20200300
2019-10-30 09:00:00,129.3125,20200300,129.296875,20191200,129.3125,20200300
2019-10-30 10:00:00,,20200300,129.3125,20191200,,20200300
2019-10-30 11:00:00,,20200300,129.328125,20191200,,20200300
2019-10-30 12:00:00,,20200300,129.3125,20191200,,20200300
2019-10-30 13:00:00,129.265625,20200300,129.3125,20191200,129.265625,20200300
2019-10-30 14:00:00,129.421875,20200300,129.359375,20191200,129.421875,20200300
2019-10-30 15:00:00,129.453125,20200300,129.421875,20191200,129.453125,20200300
2019-10-30 16:00:00,129.546875,20200300,129.5,20191200,129.546875,20200300
2019-10-30 17:00:00,129.5,20200300,129.5,20191200,129.5,20200300
2019-10-30 18:00:00,129.546875,20200300,129.53125,20191200,129.546875,20200300
2019-10-30 19:00:00,129.515625,20200300,129.515625,20191200,129.515625,20200300
2019-10-30 20:00:00,129.734375,20200300,129.6875,20191200,129.734375,20200300
2019-10-30 21:00:00,129.75,20200300,129.703125,20191200,129.75,20200300
2019-10-30 23:00:00,129.3125,20200300,129.3125,20191200,129.3125,20200300
2019-10-31 00:00:00,,20200300,129.65625,20191200,,20200300
2019-10-31 01:00:00,129.640625,20200300,129.59375,20191200,129.640625,20200300
2019-10-31 02:00:00,129.65625,20200300,129.625,20191200,129.65625,20200300
2019-10-31 03:00:00,129.65625,20200300,129.640625,20191200,129.65625,20200300
2019-10-31 04:00:00,129.65625,20200300,129.578125,20191200,129.65625,20200300
2019-10-31 07:00:00,129.671875,20200300,129.578125,20191200,129.671875,20200300
2019-10-31 08:00:00,129.6875,20200300,129.65625,20191200,129.6875,20200300
2019-10-31 09:00:00,129.703125,20200300,129.65625,20191200,129.703125,20200300
2019-10-31 10:00:00,129.953125,20200300,129.875,20191200,129.953125,20200300
2019-10-31 11:00:00,129.890625,20200300,129.875,20191200,129.890625,20200300
2019-10-31 12:00:00,129.96875,20200300,129.9375,20191200,129.96875,20200300
2019-10-31 13:00:00,130.046875,20200300,130.015625,20191200,130.046875,20200300
2019-10-31 14:00:00,130.1875,20200300,130.15625,20191200,130.1875,20200300
2019-10-31 15:00:00,130.265625,20200300,130.203125,20191200,130.265625,20200300
2019-10-31 16:00:00,130.21875,20200300,130.171875,20191200,130.21875,20200300
2019-10-31 17:00:00,130.296875,20200300,130.265625,20191200,130.296875,20200300
2019-10-31 18:00:00,130.40625,20200300,130.359375,20191200,130.40625,20200300
2019-10-31 19:00:00,130.390625,20200300,130.328125,20191200,130.390625,20200300
2019-10-31 20:00:00,130.375,20200300,130.328125,20191200,130.375,20200300
2019-10-31 21:00:00,130.4375,20200300,130.296875,20191200,130.4375,20200300
2019-10-31 23:00:00,130.359375,20200300,129.59375,20191200,130.359375,20200300
2019-11-01 00:00:00,130.40625,20200300,130.3125,20191200,130.40625,20200300
2019-11-01 01:00:00,130.375,20200300,130.359375,20191200,130.375,20200300
2019-11-01 02:00:00,130.3125,20200300,130.25,20191200,130.3125,20200300
2019-11-01 03:00:00,,20200300,130.265625,20191200,,20200300
2019-11-01 04:00:00,,20200300,130.265625,20191200,,20200300
2019-11-01 07:00:00,,20200300,130.25,20191200,,20200300
2019-11-01 08:00:00,,20200300,130.28125,20191200,,20200300
2019-11-01 09:00:00,130.421875,20200300,130.328125,20191200,130.421875,20200300
2019-11-01 10:00:00,130.34375,20200300,130.296875,20191200,130.34375,20200300
2019-11-01 11:00:00,130.328125,20200300,130.25,20191200,130.328125,20200300
2019-11-01 12:00:00,130.453125,20200300,130.359375,20191200,130.453125,20200300
2019-11-01 13:00:00,130.25,20200300,130.171875,20191200,130.25,20200300
2019-11-01 14:00:00,130.28125,20200300,130.234375,20191200,130.28125,20200300
2019-11-01 15:00:00,130.15625,20200300,130.140625,20191200,130.15625,20200300
2019-11-01 16:00:00,130.109375,20200300,130.046875,20191200,130.109375,20200300
2019-11-01 17:00:00,130.046875,20200300,129.96875,20191200,130.046875,20200300
2019-11-01 18:00:00,130.046875,20200300,129.984375,20191200,130.046875,20200300
2019-11-01 19:00:00,130.0625,20200300,130.015625,20191200,130.0625,20200300
2019-11-01 20:00:00,130.140625,20200300,130.09375,20191200,130.140625,20200300
2019-11-01 21:00:00,130.203125,20200300,130.125,20191200,130.203125,20200300
2019-11-01 23:00:00,130.203125,20200300,130.234375,20191200,130.203125,20200300
2019-11-03 23:00:00,130.03125,20200300,129.984375,20191200,130.03125,20200300
2019-11-04 00:00:00,130.0,20200300,129.953125,20191200,130.0,20200300
2019-11-04 01:00:00,130.0,20200300,129.96875,20191200,130.0,20200300
2019-11-04 02:00:00,129.984375,20200300,129.921875,20191200,129.984375,20200300
2019-11-04 03:00:00,129.96875,20200300,129.890625,20191200,129.96875,20200300
2019-11-04 04:00:00,129.953125,20200300,129.90625,20191200,129.953125,20200300
2019-11-04 07:00:00,129.875,20200300,129.8125,20191200,129.875,20200300
2019-11-04 08:00:00,129.84375,20200300,129.796875,20191200,129.84375,20200300
2019-11-04 09:00:00,129.890625,20200300,129.84375,20191200,129.890625,20200300
2019-11-04 10:00:00,129.875,20200300,129.828125,20191200,129.875,20200300
2019-11-04 11:00:00,129.828125,20200300,129.84375,20191200,129.828125,20200300
2019-11-04 12:00:00,129.9375,20200300,129.796875,20191200,129.9375,20200300
2019-11-04 13:00:00,129.796875,20200300,129.734375,20191200,129.796875,20200300
2019-11-04 14:00:00,129.671875,20200300,129.609375,20191200,129.671875,20200300
2019-11-04 15:00:00,129.65625,20200300,129.609375,20191200,129.65625,20200300
2019-11-04 16:00:00,129.625,20200300,129.5625,20191200,129.625,20200300
2019-11-04 17:00:00,129.640625,20200300,129.578125,20191200,129.640625,20200300
2019-11-04 18:00:00,129.625,20200300,129.546875,20191200,129.625,20200300
2019-11-04 19:00:00,129.609375,20200300,129.578125,20191200,129.609375,20200300
2019-11-04 20:00:00,129.65625,20200300,129.59375,20191200,129.65625,20200300
2019-11-04 21:00:00,129.6875,20200300,129.65625,20191200,129.6875,20200300
2019-11-04 23:00:00,129.484375,20200300,129.859375,20191200,129.484375,20200300
2019-11-05 00:00:00,129.578125,20200300,129.53125,20191200,129.578125,20200300
2019-11-05 01:00:00,,20200300,129.53125,20191200,,20200300
2019-11-05 02:00:00,129.53125,20200300,129.5,20191200,129.53125,20200300
2019-11-05 03:00:00,129.46875,20200300,129.421875,20191200,129.46875,20200300
2019-11-05 04:00:00,129.5,20200300,129.453125,20191200,129.5,20200300
2019-11-05 07:00:00,129.421875,20200300,129.40625,20191200,129.421875,20200300
2019-11-05 08:00:00,129.328125,20200300,129.3125,20191200,129.328125,20200300
2019-11-05 09:00:00,129.375,20200300,129.359375,20191200,129.375,20200300
2019-11-05 10:00:00,129.40625,20200300,129.359375,20191200,129.40625,20200300
2019-11-05 11:00:00,129.40625,20200300,129.375,20191200,129.40625,20200300
2019-11-05 12:00:00,129.375,20200300,129.328125,20191200,129.375,20200300
2019-11-05 13:00:00,129.203125,20200300,129.203125,20191200,129.203125,20200300
2019-11-05 14:00:00,129.1875,20200300,129.203125,20191200,129.1875,20200300
2019-11-05 15:00:00,128.9375,20200300,128.921875,20191200,128.9375,20200300
2019-11-05 16:00:00,128.953125,20200300,128.9375,20191200,128.953125,20200300
2019-11-05 17:00:00,128.953125,20200300,128.96875,20191200,128.953125,20200300
2019-11-05 18:00:00,128.96875,20200300,128.984375,20191200,128.96875,20200300
2019-11-05 19:00:00,128.921875,20200300,128.9375,20191200,128.921875,20200300
2019-11-05 20:00:00,128.984375,20200300,128.96875,20191200,128.984375,20200300
2019-11-05 21:00:00,128.9375,20200300,128.984375,20191200,128.9375,20200300
2019-11-05 23:00:00,129.421875,20200300,129.421875,20191200,129.421875,20200300
2019-11-06 00:00:00,129.09375,20200300,129.09375,20191200,129.09375,20200300
2019-11-06 01:00:00,129.109375,20200300,129.109375,20191200,129.109375,20200300
2019-11-06 02:00:00,129.109375,20200300,129.09375,20191200,129.109375,20200300
2019-11-06 03:00:00,129.09375,20200300,129.109375,20191200,129.09375,20200300
2019-11-06 04:00:00,,20200300,129.03125,20191200,,20200300
2019-11-06 07:00:00,129.046875,20200300,129.0625,20191200,129.046875,20200300
2019-11-06 08:00:00,128.984375,20200300,129.015625,20191200,128.984375,20200300
2019-11-06 09:00:00,129.0625,20200300,129.109375,20191200,129.0625,20200300
2019-11-06 10:00:00,,20200300,129.015625,20191200,,20200300
2019-11-06 11:00:00,129.09375,20200300,129.09375,20191200,129.09375,20200300
2019-11-06 12:00:00,129.09375,20200300,129.09375,20191200,129.09375,20200300
2019-11-06 13:00:00,129.1875,20200300,129.1875,20191200,129.1875,20200300
2019-11-06 14:00:00,129.171875,20200300,129.15625,20191200,129.171875,20200300
2019-11-06 15:00:00,129.15625,20200300,129.1875,20191200,129.15625,20200300
2019-11-06 16:00:00,129.28125,20200300,129.296875,20191200,129.28125,20200300
2019-11-06 17:00:00,129.296875,20200300,129.296875,20191200,129.296875,20200300
2019-11-06 18:00:00,129.328125,20200300,129.296875,20191200,129.328125,20200300
2019-11-06 19:00:00,129.34375,20200300,129.3125,20191200,129.34375,20200300
2019-11-06 20:00:00,129.3125,20200300,129.3125,20191200,129.3125,20200300
2019-11-06 21:00:00,129.25,20200300,129.234375,20191200,129.25,20200300
2019-11-06 23:00:00,129.03125,20200300,129.046875,20191200,129.03125,20200300
2019-11-07 00:00:00,129.28125,20200300,129.28125,20191200,129.28125,20200300
2019-11-07 01:00:00,129.359375,20200300,129.359375,20191200,129.359375,20200300
2019-11-07 02:00:00,,20200300,129.34375,20191200,,20200300
2019-11-07 03:00:00,129.359375,20200300,129.359375,20191200,129.359375,20200300
2019-11-07 04:00:00,,20200300,129.328125,20191200,,20200300
2019-11-07 07:00:00,129.015625,20200300,129.03125,20191200,129.015625,20200300
2019-11-07 08:00:00,129.03125,20200300,129.03125,20191200,129.03125,20200300
2019-11-07 09:00:00,128.9375,20200300,128.9375,20191200,128.9375,20200300
2019-11-07 10:00:00,128.734375,20200300,128.765625,20191200,128.734375,20200300
2019-11-07 11:00:00,128.78125,20200300,128.78125,20191200,128.78125,20200300
2019-11-07 12:00:00,128.765625,20200300,128.765625,20191200,128.765625,20200300
2019-11-07 13:00:00,128.71875,20200300,128.75,20191200,128.71875,20200300
2019-11-07 14:00:00,128.5625,20200300,128.59375,20191200,128.5625,20200300
2019-11-07 15:00:00,128.359375,20200300,128.40625,20191200,128.359375,20200300
2019-11-07 16:00:00,128.1875,20200300,128.234375,20191200,128.1875,20200300
2019-11-07 17:00:00,128.078125,20200300,128.125,20191200,128.078125,20200300
2019-11-07 18:00:00,128.265625,20200300,128.328125,20191200,128.265625,20200300
2019-11-07 19:00:00,128.34375,20200300,128.390625,20191200,128.34375,20200300
2019-11-07 20:00:00,128.40625,20200300,128.4375,20191200,128.40625,20200300
2019-11-07 21:00:00,128.390625,20200300,128.453125,20191200,128.390625,20200300
2019-11-07 23:00:00,129.296875,20200300,129.296875,20191200,129.296875,20200300
2019-11-08 00:00:00,128.40625,20200300,128.453125,20191200,128.40625,20200300
2019-11-08 01:00:00,,20200300,128.4375,20191200,,20200300
2019-11-08 02:00:00,128.453125,20200300,128.484375,20191200,128.453125,20200300
2019-11-08 03:00:00,128.4375,20200300,128.453125,20191200,128.4375,20200300
2019-11-08 04:00:00,,20200300,128.46875,20191200,,20200300
2019-11-08 07:00:00,128.5,20200300,128.515625,20191200,128.5,20200300
2019-11-08 08:00:00,128.453125,20200300,128.484375,20191200,128.453125,20200300
2019-11-08 09:00:00,128.453125,20200300,128.46875,20191200,128.453125,20200300
2019-11-08 10:00:00,128.40625,20200300,128.40625,20191200,128.40625,20200300
2019-11-08 11:00:00,128.328125,20200300,128.359375,20191200,128.328125,20200300
2019-11-08 12:00:00,128.21875,20200300,128.21875,20191200,128.21875,20200300
2019-11-08 13:00:00,128.15625,20200300,128.203125,20191200,128.15625,20200300
2019-11-08 14:00:00,128.5625,20200300,128.609375,20191200,128.5625,20200300
2019-11-08 15:00:00,128.53125,20200300,128.5625,20191200,128.53125,20200300
2019-11-08 16:00:00,128.46875,20200300,128.53125,20191200,128.46875,20200300
2019-11-08 17:00:00,128.375,20200300,128.453125,20191200,128.375,20200300
2019-11-08 18:00:00,128.359375,20200300,128.375,20191200,128.359375,20200300
2019-11-08 19:00:00,128.34375,20200300,128.375,20191200,128.34375,20200300
2019-11-08 20:00:00,128.25,20200300,128.296875,20191200,128.25,20200300
2019-11-08 21:00:00,128.234375,20200300,128.265625,20191200,128.234375,20200300
2019-11-08 23:00:00,128.484375,20200300,128.5,20191200,128.484375,20200300
2019-11-10 23:00:00,128.21875,20200300,128.3125,20191200,128.21875,20200300
2019-11-11 00:00:00,,20200300,128.375,20191200,,20200300
2019-11-11 01:00:00,128.328125,20200300,128.390625,20191200,128.328125,20200300
2019-11-11 02:00:00,128.390625,20200300,128.4375,20191200,128.390625,20200300
2019-11-11 03:00:00,128.375,20200300,128.40625,20191200,128.375,20200300
2019-11-11 04:00:00,128.390625,20200300,128.40625,20191200,128.390625,20200300
2019-11-11 07:00:00,128.53125,20200300,128.546875,20191200,128.53125,20200300
2019-11-11 08:00:00,128.484375,20200300,128.484375,20191200,128.484375,20200300
2019-11-11 09:00:00,128.515625,20200300,128.5625,20191200,128.515625,20200300
2019-11-11 10:00:00,128.5,20200300,128.546875,20191200,128.5,20200300
2019-11-11 11:00:00,128.5,20200300,128.546875,20191200,128.5,20200300
2019-11-11 12:00:00,128.453125,20200300,128.5,20191200,128.453125,20200300
2019-11-11 13:00:00,128.484375,20200300,128.546875,20191200,128.484375,20200300
2019-11-11 14:00:00,128.453125,20200300,128.484375,20191200,128.453125,20200300
2019-11-11 15:00:00,128.28125,20200300,128.328125,20191200,128.28125,20200300
2019-11-11 16:00:00,128.28125,20200300,128.296875,20191200,128.28125,20200300
2019-11-11 17:00:00,128.328125,20200300,128.34375,20191200,128.328125,20200300
2019-11-11 18:00:00,128.34375,20200300,128.375,20191200,128.34375,20200300
2019-11-11 19:00:00,128.375,20200300,128.390625,20191200,128.375,20200300
2019-11-11 20:00:00,128.375,20200300,128.390625,20191200,128.375,20200300
2019-11-11 21:00:00,128.421875,20200300,128.4375,20191200,128.421875,20200300
2019-11-11 23:00:00,128.515625,20200300,128.546875,20191200,128.515625,20200300
2019-11-12 00:00:00,128.34375,20200300,128.390625,20191200,128.34375,20200300
2019-11-12 01:00:00,128.390625,20200300,128.453125,20191200,128.390625,20200300
2019-11-12 02:00:00,,20200300,128.4375,20191200,,20200300
2019-11-12 03:00:00,,20200300,128.46875,20191200,,20200300
2019-11-12 04:00:00,,20200300,128.4375,20191200,,20200300
2019-11-12 07:00:00,128.125,20200300,128.234375,20191200,128.125,20200300
2019-11-12 08:00:00,128.234375,20200300,128.3125,20191200,128.234375,20200300
2019-11-12 09:00:00,128.328125,20200300,128.34375,20191200,128.328125,20200300
2019-11-12 10:00:00,128.3125,20200300,128.296875,20191200,128.3125,20200300
2019-11-12 11:00:00,128.1875,20200300,128.21875,20191200,128.1875,20200300
2019-11-12 12:00:00,128.203125,20200300,128.28125,20191200,128.203125,20200300
2019-11-12 13:00:00,128.296875,20200300,128.34375,20191200,128.296875,20200300
2019-11-12 14:00:00,128.265625,20200300,128.3125,20191200,128.265625,20200300
2019-11-12 15:00:00,128.265625,20200300,128.28125,20191200,128.265625,20200300
2019-11-12 16:00:00,128.359375,20200300,128.390625,20191200,128.359375,20200300
2019-11-12 17:00:00,128.421875,20200300,128.453125,20191200,128.421875,20200300
2019-11-12 18:00:00,128.34375,20200300,128.390625,20191200,128.34375,20200300
2019-11-12 19:00:00,128.5,20200300,128.53125,20191200,128.5,20200300
2019-11-12 20:00:00,128.4375,20200300,128.484375,20191200,128.4375,20200300
2019-11-12 21:00:00,128.296875,20200300,128.359375,20191200,128.296875,20200300
2019-11-12 23:00:00,128.15625,20200300,128.203125,20191200,128.15625,20200300
2019-11-13 00:00:00,128.46875,20200300,128.484375,20191200,128.46875,20200300
2019-11-13 01:00:00,128.421875,20200300,128.4375,20191200,128.421875,20200300
2019-11-13 02:00:00,128.390625,20200300,128.453125,20191200,128.390625,20200300
2019-11-13 03:00:00,,20200300,128.4375,20191200,,20200300
2019-11-13 04:00:00,,20200300,128.453125,20191200,,20200300
2019-11-13 07:00:00,128.453125,20200300,128.46875,20191200,128.453125,20200300
2019-11-13 08:00:00,128.515625,20200300,128.546875,20191200,128.515625,20200300
2019-11-13 09:00:00,128.765625,20200300,128.796875,20191200,128.765625,20200300
2019-11-13 10:00:00,128.765625,20200300,128.796875,20191200,128.765625,20200300
2019-11-13 11:00:00,128.796875,20200300,128.8125,20191200,128.796875,20200300
2019-11-13 12:00:00,128.765625,20200300,128.78125,20191200,128.765625,20200300
2019-11-13 13:00:00,128.765625,20200300,128.796875,20191200,128.765625,20200300
2019-11-13 14:00:00,128.84375,20200300,128.859375,20191200,128.84375,20200300
2019-11-13 15:00:00,128.84375,20200300,128.84375,20191200,128.84375,20200300
2019-11-13 16:00:00,128.734375,20200300,128.75,20191200,128.734375,20200300
2019-11-13 17:00:00,128.71875,20200300,128.734375,20191200,128.71875,20200300
2019-11-13 18:00:00,128.8125,20200300,128.8125,20191200,128.8125,20200300
2019-11-13 19:00:00,128.875,20200300,128.90625,20191200,128.875,20200300
2019-11-13 20:00:00,128.78125,20200300,128.796875,20191200,128.78125,20200300
2019-11-13 21:00:00,128.75,20200300,128.75,20191200,128.75,20200300
2019-11-13 23:00:00,128.4375,20200300,128.46875,20191200,128.4375,20200300
2019-11-14 00:00:00,128.796875,20200300,128.828125,20191200,128.796875,20200300
2019-11-14 01:00:00,128.71875,20200300,128.75,20191200,128.71875,20200300
2019-11-14 02:00:00,128.8125,20200300,128.8125,20191200,128.8125,20200300
2019-11-14 03:00:00,128.828125,20200300,128.84375,20191200,128.828125,20200300
2019-11-14 04:00:00,128.859375,20200300,128.859375,20191200,128.859375,20200300
2019-11-14 07:00:00,128.921875,20200300,128.9375,20191200,128.921875,20200300
2019-11-14 08:00:00,129.109375,20200300,129.109375,20191200,129.109375,20200300
2019-11-14 09:00:00,129.109375,20200300,129.125,20191200,129.109375,20200300
2019-11-14 10:00:00,129.0,20200300,129.03125,20191200,129.0,20200300
2019-11-14 11:00:00,129.015625,20200300,129.03125,20191200,129.015625,20200300
2019-11-14 12:00:00,129.09375,20200300,129.078125,20191200,129.09375,20200300
2019-11-14 13:00:00,129.203125,20200300,129.1875,20191200,129.203125,20200300
2019-11-14 14:00:00,129.25,20200300,129.25,20191200,129.25,20200300
2019-11-14 15:00:00,129.296875,20200300,129.265625,20191200,129.296875,20200300
2019-11-14 16:00:00,129.390625,20200300,129.390625,20191200,129.390625,20200300
2019-11-14 17:00:00,129.390625,20200300,129.390625,20191200,129.390625,20200300
2019-11-14 18:00:00,129.421875,20200300,129.40625,20191200,129.421875,20200300
2019-11-14 19:00:00,129.359375,20200300,129.34375,20191200,129.359375,20200300
2019-11-14 20:00:00,129.296875,20200300,129.296875,20191200,129.296875,20200300
2019-11-14 21:00:00,129.296875,20200300,129.296875,20191200,129.296875,20200300
2019-11-14 23:00:00,128.921875,20200300,128.921875,20191200,128.921875,20200300
2019-11-15 00:00:00,129.09375,20200300,129.078125,20191200,129.09375,20200300
2019-11-15 01:00:00,129.09375,20200300,129.140625,20191200,129.09375,20200300
2019-11-15 02:00:00,129.109375,20200300,129.109375,20191200,129.109375,20200300
2019-11-15 03:00:00,129.109375,20200300,129.09375,20191200,129.109375,20200300
2019-11-15 04:00:00,129.09375,20200300,129.125,20191200,129.09375,20200300
2019-11-15 07:00:00,129.125,20200300,129.109375,20191200,129.125,20200300
2019-11-15 08:00:00,129.234375,20200300,129.21875,20191200,129.234375,20200300
2019-11-15 09:00:00,129.078125,20200300,129.0625,20191200,129.078125,20200300
2019-11-15 10:00:00,129.171875,20200300,129.171875,20191200,129.171875,20200300
2019-11-15 11:00:00,129.140625,20200300,129.109375,20191200,129.140625,20200300
2019-11-15 12:00:00,129.09375,20200300,129.09375,20191200,129.09375,20200300
2019-11-15 13:00:00,129.203125,20200300,129.21875,20191200,129.203125,20200300
2019-11-15 14:00:00,129.21875,20200300,129.203125,20191200,129.21875,20200300
2019-11-15 15:00:00,129.265625,20200300,129.265625,20191200,129.265625,20200300
2019-11-15 16:00:00,129.15625,20200300,129.171875,20191200,129.15625,20200300
2019-11-15 17:00:00,129.203125,20200300,129.203125,20191200,129.203125,20200300
2019-11-15 18:00:00,129.203125,20200300,129.203125,20191200,129.203125,20200300
2019-11-15 19:00:00,129.15625,20200300,129.140625,20191200,129.15625,20200300
2019-11-15 20:00:00,129.140625,20200300,129.125,20191200,129.140625,20200300
2019-11-15 21:00:00,129.171875,20200300,129.171875,20191200,129.171875,20200300
2019-11-15 23:00:00,129.046875,20200300,129.046875,20191200,129.046875,20200300
2019-11-17 23:00:00,129.234375,20200300,129.234375,20191200,129.234375,20200300
2019-11-18 00:00:00,129.265625,20200300,129.25,20191200,129.265625,20200300
2019-11-18 01:00:00,129.203125,20200300,129.1875,20191200,129.203125,20200300
2019-11-18 02:00:00,129.234375,20200300,129.21875,20191200,129.234375,20200300
2019-11-18 03:00:00,129.234375,20200300,129.21875,20191200,129.234375,20200300
2019-11-18 04:00:00,129.25,20200300,129.234375,20191200,129.25,20200300
2019-11-18 07:00:00,129.15625,20200300,129.140625,20191200,129.15625,20200300
2019-11-18 08:00:00,129.0625,20200300,129.0625,20191200,129.0625,20200300
2019-11-18 09:00:00,129.0625,20200300,129.0625,20191200,129.0625,20200300
2019-11-18 10:00:00,129.046875,20200300,129.046875,20191200,129.046875,20200300
2019-11-18 11:00:00,129.0625,20200300,129.0625,20191200,129.0625,20200300
2019-11-18 12:00:00,128.984375,20200300,128.984375,20191200,128.984375,20200300
2019-11-18 13:00:00,129.234375,20200300,129.21875,20191200,129.234375,20200300
2019-11-18 14:00:00,129.359375,20200300,129.359375,20191200,129.359375,20200300
2019-11-18 15:00:00,129.4375,20200300,129.40625,20191200,129.4375,20200300
2019-11-18 16:00:00,129.375,20200300,129.359375,20191200,129.375,20200300
2019-11-18 17:00:00,129.34375,20200300,129.34375,20191200,129.34375,20200300
2019-11-18 18:00:00,129.34375,20200300,129.328125,20191200,129.34375,20200300
2019-11-18 19:00:00,129.359375,20200300,129.328125,20191200,129.359375,20200300
2019-11-18 20:00:00,129.328125,20200300,129.3125,20191200,129.328125,20200300
2019-11-18 21:00:00,129.296875,20200300,129.265625,20191200,129.296875,20200300
2019-11-18 23:00:00,129.234375,20200300,129.21875,20191200,129.234375,20200300
2019-11-19 00:00:00,129.421875,20200300,129.40625,20191200,129.421875,20200300
2019-11-19 01:00:00,129.328125,20200300,129.3125,20191200,129.328125,20200300
2019-11-19 02:00:00,129.328125,20200300,129.3125,20191200,129.328125,20200300
2019-11-19 03:00:00,129.34375,20200300,129.34375,20191200,129.34375,20200300
2019-11-19 04:00:00,129.34375,20200300,129.328125,20191200,129.34375,20200300
2019-11-19 07:00:00,129.234375,20200300,129.203125,20191200,129.234375,20200300
2019-11-19 08:00:00,129.21875,20200300,129.203125,20191200,129.21875,20200300
2019-11-19 09:00:00,129.1875,20200300,129.1875,20191200,129.1875,20200300
2019-11-19 10:00:00,129.1875,20200300,129.1875,20191200,129.1875,20200300
2019-11-19 11:00:00,129.28125,20200300,129.25,20191200,129.28125,20200300
2019-11-19 12:00:00,129.234375,20200300,129.203125,20191200,129.234375,20200300
2019-11-19 13:00:00,129.328125,20200300,129.328125,20191200,129.328125,20200300
2019-11-19 14:00:00,129.40625,20200300,129.390625,20191200,129.40625,20200300
2019-11-19 15:00:00,129.5,20200300,129.453125,20191200,129.5,20200300
2019-11-19 16:00:00,129.421875,20200300,129.390625,20191200,129.421875,20200300
2019-11-19 17:00:00,129.46875,20200300,129.453125,20191200,129.46875,20200300
2019-11-19 18:00:00,129.515625,20200300,129.46875,20191200,129.515625,20200300
2019-11-19 19:00:00,129.46875,20200300,129.453125,20191200,129.46875,20200300
2019-11-19 20:00:00,129.453125,20200300,129.4375,20191200,129.453125,20200300
2019-11-19 21:00:00,129.484375,20200300,129.453125,20191200,129.484375,20200300
2019-11-19 23:00:00,129.3125,20200300,129.28125,20191200,129.3125,20200300
2019-11-20 00:00:00,129.640625,20200300,129.609375,20191200,129.640625,20200300
2019-11-20 01:00:00,129.796875,20200300,129.734375,20191200,129.796875,20200300
2019-11-20 02:00:00,129.8125,20200300,129.765625,20191200,129.8125,20200300
2019-11-20 03:00:00,129.78125,20200300,129.71875,20191200,129.78125,20200300
2019-11-20 04:00:00,129.71875,20200300,129.6875,20191200,129.71875,20200300
2019-11-20 07:00:00,129.875,20200300,129.84375,20191200,129.875,20200300
2019-11-20 08:00:00,129.90625,20200300,129.84375,20191200,129.90625,20200300
2019-11-20 09:00:00,129.84375,20200300,129.796875,20191200,129.84375,20200300
2019-11-20 10:00:00,129.796875,20200300,129.734375,20191200,129.796875,20200300
2019-11-20 11:00:00,129.75,20200300,129.6875,20191200,129.75,20200300
2019-11-20 12:00:00,129.8125,20200300,129.78125,20191200,129.8125,20200300
2019-11-20 13:00:00,129.8125,20200300,129.765625,20191200,129.8125,20200300
2019-11-20 14:00:00,129.796875,20200300,129.734375,20191200,129.796875,20200300
2019-11-20 15:00:00,129.78125,20200300,129.734375,20191200,129.78125,20200300
2019-11-20 16:00:00,129.65625,20200300,129.609375,20191200,129.65625,20200300
2019-11-20 17:00:00,129.78125,20200300,129.734375,20191200,129.78125,20200300
2019-11-20 18:00:00,129.875,20200300,129.78125,20191200,129.875,20200300
2019-11-20 19:00:00,129.875,20200300,129.8125,20191200,129.875,20200300
2019-11-20 20:00:00,129.890625,20200300,129.828125,20191200,129.890625,20200300
2019-11-20 21:00:00,129.78125,20200300,129.734375,20191200,129.78125,20200300
2019-11-20 23:00:00,129.75,20200300,129.703125,20191200,129.75,20200300
2019-11-21 00:00:00,130.015625,20200300,129.953125,20191200,130.015625,20200300
2019-11-21 01:00:00,130.109375,20200300,130.03125,20191200,130.109375,20200300
2019-11-21 02:00:00,129.90625,20200300,129.84375,20191200,129.90625,20200300
2019-11-21 03:00:00,129.890625,20200300,129.828125,20191200,129.890625,20200300
2019-11-21 04:00:00,129.90625,20200300,129.84375,20191200,129.90625,20200300
2019-11-21 07:00:00,129.84375,20200300,129.78125,20191200,129.84375,20200300
2019-11-21 08:00:00,129.84375,20200300,129.78125,20191200,129.84375,20200300
2019-11-21 09:00:00,129.734375,20200300,129.65625,20191200,129.734375,20200300
2019-11-21 10:00:00,129.6875,20200300,129.609375,20191200,129.6875,20200300
2019-11-21 11:00:00,129.71875,20200300,129.65625,20191200,129.71875,20200300
2019-11-21 12:00:00,129.703125,20200300,129.640625,20191200,129.703125,20200300
2019-11-21 13:00:00,129.71875,20200300,129.640625,20191200,129.71875,20200300
2019-11-21 14:00:00,129.59375,20200300,129.53125,20191200,129.59375,20200300
2019-11-21 15:00:00,129.671875,20200300,129.625,20191200,129.671875,20200300
2019-11-21 16:00:00,129.609375,20200300,129.546875,20191200,129.609375,20200300
2019-11-21 17:00:00,129.5,20200300,129.4375,20191200,129.5,20200300
2019-11-21 18:00:00,129.53125,20200300,129.46875,20191200,129.53125,20200300
2019-11-21 19:00:00,129.5625,20200300,129.484375,20191200,129.5625,20200300
2019-11-21 20:00:00,129.578125,20200300,129.5,20191200,129.578125,20200300
2019-11-21 21:00:00,129.53125,20200300,129.46875,20191200,129.53125,20200300
2019-11-21 23:00:00,129.859375,20200300,129.78125,20191200,129.859375,20200300
2019-11-22 00:00:00,129.5,20200300,129.4375,20191200,129.5,20200300
2019-11-22 01:00:00,129.453125,20200300,129.390625,20191200,129.453125,20200300
2019-11-22 02:00:00,129.5,20200300,129.4375,20191200,129.5,20200300
2019-11-22 03:00:00,129.5,20200300,129.453125,20191200,129.5,20200300
2019-11-22 04:00:00,129.5,20200300,129.4375,20191200,129.5,20200300
2019-11-22 07:00:00,129.5,20200300,129.453125,20191200,129.5,20200300
2019-11-22 08:00:00,129.46875,20200300,129.40625,20191200,129.46875,20200300
2019-11-22 09:00:00,129.671875,20200300,129.59375,20191200,129.671875,20200300
2019-11-22 10:00:00,129.65625,20200300,129.59375,20191200,129.65625,20200300
2019-11-22 11:00:00,129.75,20200300,129.65625,20191200,129.75,20200300
2019-11-22 12:00:00,129.6875,20200300,129.609375,20191200,129.6875,20200300
2019-11-22 13:00:00,129.65625,20200300,129.59375,20191200,129.65625,20200300
2019-11-22 14:00:00,129.5,20200300,129.421875,20191200,129.5,20200300
2019-11-22 15:00:00,129.5625,20200300,129.5,20191200,129.5625,20200300
2019-11-22 16:00:00,129.546875,20200300,129.484375,20191200,129.546875,20200300
2019-11-22 17:00:00,129.546875,20200300,129.484375,20191200,129.546875,20200300
2019-11-22 18:00:00,129.515625,20200300,129.453125,20191200,129.515625,20200300
2019-11-22 19:00:00,129.5,20200300,129.453125,20191200,129.5,20200300
2019-11-22 20:00:00,129.5625,20200300,129.484375,20191200,129.5625,20200300
2019-11-22 21:00:00,129.5,20200300,129.4375,20191200,129.5,20200300
2019-11-22 23:00:00,129.53125,20200300,129.484375,20191200,129.53125,20200300
2019-11-24 23:00:00,129.453125,20200300,129.40625,20191200,129.453125,20200300
2019-11-25 00:00:00,129.453125,20200300,129.390625,20191200,129.453125,20200300
2019-11-25 01:00:00,129.453125,20200300,129.40625,20191200,129.453125,20200300
2019-11-25 02:00:00,,20200600,129.484375,20200300,,20200600
2019-11-25 03:00:00,,20200600,129.515625,20200300,,20200600
2019-11-25 04:00:00,,20200600,129.515625,20200300,,20200600
2019-11-25 07:00:00,,20200600,129.421875,20200300,,20200600
2019-11-25 08:00:00,,20200600,129.375,20200300,,20200600
2019-11-25 09:00:00,,20200600,129.375,20200300,,20200600
2019-11-25 10:00:00,,20200600,129.375,20200300,,20200600
2019-11-25 11:00:00,,20200600,129.375,20200300,,20200600
2019-11-25 12:00:00,,20200600,129.375,20200300,,20200600
2019-11-25 13:00:00,,20200600,129.453125,20200300,,20200600
2019-11-25 14:00:00,,20200600,129.609375,20200300,,20200600
2019-11-25 15:00:00,,20200600,129.59375,20200300,,20200600
2019-11-25 16:00:00,,20200600,129.578125,20200300,,20200600
2019-11-25 17:00:00,,20200600,129.5625,20200300,,20200600
2019-11-25 18:00:00,,20200600,129.59375,20200300,,20200600
2019-11-25 19:00:00,,20200600,129.578125,20200300,,20200600
2019-11-25 20:00:00,,20200600,129.578125,20200300,,20200600
2019-11-25 21:00:00,,20200600,129.609375,20200300,,20200600
2019-11-25 23:00:00,129.578125,20200600,129.40625,20200300,129.578125,20200600
2019-11-26 00:00:00,,20200600,129.546875,20200300,,20200600
2019-11-26 01:00:00,,20200600,129.515625,20200300,,20200600
2019-11-26 02:00:00,,20200600,129.578125,20200300,,20200600
2019-11-26 03:00:00,,20200600,129.578125,20200300,,20200600
2019-11-26 04:00:00,,20200600,129.578125,20200300,,20200600
2019-11-26 07:00:00,,20200600,129.546875,20200300,,20200600
2019-11-26 08:00:00,,20200600,129.671875,20200300,,20200600
2019-11-26 09:00:00,,20200600,129.671875,20200300,,20200600
2019-11-26 10:00:00,,20200600,129.6875,20200300,,20200600
2019-11-26 11:00:00,,20200600,129.65625,20200300,,20200600
2019-11-26 12:00:00,,20200600,129.6875,20200300,,20200600
2019-11-26 13:00:00,,20200600,129.765625,20200300,,20200600
2019-11-26 14:00:00,,20200600,129.796875,20200300,,20200600
2019-11-26 15:00:00,,20200600,129.78125,20200300,,20200600
2019-11-26 16:00:00,,20200600,129.71875,20200300,,20200600
2019-11-26 17:00:00,,20200600,129.765625,20200300,,20200600
2019-11-26 18:00:00,,20200600,129.75,20200300,,20200600
2019-11-26 19:00:00,,20200600,129.765625,20200300,,20200600
2019-11-26 20:00:00,,20200600,129.75,20200300,,20200600
2019-11-26 21:00:00,,20200600,129.75,20200300,,20200600
2019-11-26 23:00:00,129.75,20200600,129.609375,20200300,129.75,20200600
2019-11-27 00:00:00,,20200600,129.6875,20200300,,20200600
2019-11-27 01:00:00,,20200600,129.671875,20200300,,20200600
2019-11-27 02:00:00,,20200600,129.65625,20200300,,20200600
2019-11-27 03:00:00,,20200600,129.703125,20200300,,20200600
2019-11-27 04:00:00,,20200600,129.703125,20200300,,20200600
2019-11-27 07:00:00,,20200600,129.734375,20200300,,20200600
2019-11-27 08:00:00,,20200600,129.75,20200300,,20200600
2019-11-27 09:00:00,,20200600,129.71875,20200300,,20200600
2019-11-27 10:00:00,,20200600,129.75,20200300,,20200600
2019-11-27 11:00:00,,20200600,129.71875,20200300,,20200600
2019-11-27 12:00:00,,20200600,129.6875,20200300,,20200600
2019-11-27 13:00:00,,20200600,129.5,20200300,,20200600
2019-11-27 14:00:00,,20200600,129.46875,20200300,,20200600
2019-11-27 15:00:00,,20200600,129.453125,20200300,,20200600
2019-11-27 16:00:00,,20200600,129.53125,20200300,,20200600
2019-11-27 17:00:00,,20200600,129.546875,20200300,,20200600
2019-11-27 18:00:00,,20200600,129.515625,20200300,,20200600
2019-11-27 19:00:00,,20200600,129.484375,20200300,,20200600
2019-11-27 20:00:00,,20200600,129.453125,20200300,,20200600
2019-11-27 21:00:00,,20200600,129.453125,20200300,,20200600
2019-11-27 23:00:00,129.484375,20200600,129.71875,20200300,129.484375,20200600
2019-11-28 00:00:00,,20200600,129.578125,20200300,,20200600
2019-11-28 01:00:00,,20200600,129.53125,20200300,,20200600
2019-11-28 02:00:00,,20200600,129.515625,20200300,,20200600
2019-11-28 03:00:00,,20200600,129.515625,20200300,,20200600
2019-11-28 04:00:00,,20200600,129.515625,20200300,,20200600
2019-11-28 07:00:00,,20200600,129.546875,20200300,,20200600
2019-11-28 08:00:00,,20200600,129.578125,20200300,,20200600
2019-11-28 09:00:00,,20200600,129.546875,20200300,,20200600
2019-11-28 10:00:00,,20200600,129.5,20200300,,20200600
2019-11-28 11:00:00,,20200600,129.46875,20200300,,20200600
2019-11-28 12:00:00,,20200600,129.40625,20200300,,20200600
2019-11-28 13:00:00,,20200600,129.40625,20200300,,20200600
2019-11-28 14:00:00,,20200600,129.359375,20200300,,20200600
2019-11-28 15:00:00,,20200600,129.390625,20200300,,20200600
2019-11-28 16:00:00,,20200600,129.375,20200300,,20200600
2019-11-28 17:00:00,,20200600,129.359375,20200300,,20200600
2019-11-28 23:00:00,,20200600,129.5,20200300,,20200600
2019-11-29 00:00:00,,20200600,129.375,20200300,,20200600
2019-11-29 01:00:00,,20200600,129.4375,20200300,,20200600
2019-11-29 02:00:00,,20200600,129.453125,20200300,,20200600
2019-11-29 03:00:00,,20200600,129.421875,20200300,,20200600
2019-11-29 04:00:00,,20200600,129.421875,20200300,,20200600
2019-11-29 07:00:00,,20200600,129.484375,20200300,,20200600
2019-11-29 08:00:00,,20200600,129.46875,20200300,,20200600
2019-11-29 09:00:00,,20200600,129.484375,20200300,,20200600
2019-11-29 10:00:00,,20200600,129.484375,20200300,,20200600
2019-11-29 11:00:00,,20200600,129.484375,20200300,,20200600
2019-11-29 12:00:00,,20200600,129.4375,20200300,,20200600
2019-11-29 13:00:00,,20200600,129.359375,20200300,,20200600
2019-11-29 14:00:00,,20200600,129.34375,20200300,,20200600
2019-11-29 15:00:00,129.453125,20200600,129.265625,20200300,129.453125,20200600
2019-11-29 16:00:00,,20200600,129.390625,20200300,,20200600
2019-11-29 17:00:00,,20200600,129.375,20200300,,20200600
2019-11-29 18:00:00,,20200600,129.40625,20200300,,20200600
2019-11-29 23:00:00,129.453125,20200600,129.484375,20200300,129.453125,20200600
2019-12-01 23:00:00,,20200600,129.203125,20200300,,20200600
2019-12-02 00:00:00,,20200600,129.109375,20200300,,20200600
2019-12-02 01:00:00,,20200600,129.109375,20200300,,20200600
2019-12-02 02:00:00,,20200600,129.09375,20200300,,20200600
2019-12-02 03:00:00,,20200600,129.0625,20200300,,20200600
2019-12-02 04:00:00,,20200600,129.09375,20200300,,20200600
2019-12-02 07:00:00,,20200600,128.9375,20200300,,20200600
2019-12-02 08:00:00,,20200600,128.765625,20200300,,20200600
2019-12-02 09:00:00,,20200600,128.796875,20200300,,20200600
2019-12-02 10:00:00,,20200600,128.84375,20200300,,20200600
2019-12-02 11:00:00,,20200600,128.921875,20200300,,20200600
2019-12-02 12:00:00,,20200600,128.890625,20200300,,20200600
2019-12-02 13:00:00,,20200600,128.859375,20200300,,20200600
2019-12-02 14:00:00,,20200600,128.765625,20200300,,20200600
2019-12-02 15:00:00,,20200600,128.96875,20200300,,20200600
2019-12-02 16:00:00,,20200600,128.96875,20200300,,20200600
2019-12-02 17:00:00,,20200600,129.015625,20200300,,20200600
2019-12-02 18:00:00,,20200600,128.984375,20200300,,20200600
2019-12-02 19:00:00,,20200600,128.921875,20200300,,20200600
2019-12-02 20:00:00,,20200600,129.015625,20200300,,20200600
2019-12-02 21:00:00,,20200600,129.0625,20200300,,20200600
2019-12-02 23:00:00,128.8125,20200600,129.09375,20200300,128.8125,20200600
2019-12-03 00:00:00,,20200600,129.03125,20200300,,20200600
2019-12-03 01:00:00,,20200600,129.015625,20200300,,20200600
2019-12-03 02:00:00,,20200600,129.0,20200300,,20200600
2019-12-03 03:00:00,,20200600,128.953125,20200300,,20200600
2019-12-03 04:00:00,,20200600,128.890625,20200300,,20200600
2019-12-03 07:00:00,,20200600,128.984375,20200300,,20200600
2019-12-03 08:00:00,,20200600,128.96875,20200300,,20200600
2019-12-03 09:00:00,,20200600,129.015625,20200300,,20200600
2019-12-03 10:00:00,,20200600,129.328125,20200300,,20200600
2019-12-03 11:00:00,,20200600,129.3125,20200300,,20200600
2019-12-03 12:00:00,,20200600,129.359375,20200300,,20200600
2019-12-03 13:00:00,,20200600,129.484375,20200300,,20200600
2019-12-03 14:00:00,,20200600,129.734375,20200300,,20200600
2019-12-03 15:00:00,,20200600,130.046875,20200300,,20200600
2019-12-03 16:00:00,,20200600,130.078125,20200300,,20200600
2019-12-03 17:00:00,,20200600,130.09375,20200300,,20200600
2019-12-03 18:00:00,,20200600,130.03125,20200300,,20200600
2019-12-03 19:00:00,,20200600,130.03125,20200300,,20200600
2019-12-03 20:00:00,,20200600,129.96875,20200300,,20200600
2019-12-03 21:00:00,,20200600,129.9375,20200300,,20200600
2019-12-03 23:00:00,129.9375,20200600,128.859375,20200300,129.9375,20200600
2019-12-04 00:00:00,,20200600,129.875,20200300,,20200600
2019-12-04 01:00:00,,20200600,129.8125,20200300,,20200600
2019-12-04 02:00:00,,20200600,129.859375,20200300,,20200600
2019-12-04 03:00:00,,20200600,129.828125,20200300,,20200600
2019-12-04 04:00:00,,20200600,129.84375,20200300,,20200600
2019-12-04 07:00:00,,20200600,130.046875,20200300,,20200600
2019-12-04 08:00:00,,20200600,130.0,20200300,,20200600
2019-12-04 09:00:00,,20200600,129.6875,20200300,,20200600
2019-12-04 10:00:00,,20200600,129.765625,20200300,,20200600
2019-12-04 11:00:00,,20200600,129.765625,20200300,,20200600
2019-12-04 12:00:00,,20200600,129.71875,20200300,,20200600
2019-12-04 13:00:00,,20200600,129.8125,20200300,,20200600
2019-12-04 14:00:00,,20200600,129.75,20200300,,20200600
2019-12-04 15:00:00,,20200600,129.5625,20200300,,20200600
2019-12-04 16:00:00,,20200600,129.421875,20200300,,20200600
2019-12-04 17:00:00,,20200600,129.484375,20200300,,20200600
2019-12-04 18:00:00,,20200600,129.453125,20200300,,20200600
2019-12-04 19:00:00,129.3125,20200600,129.453125,20200300,129.3125,20200600
2019-12-04 20:00:00,,20200600,129.53125,20200300,,20200600
2019-12-04 21:00:00,,20200600,129.5,20200300,,20200600
2019-12-04 23:00:00,129.3125,20200600,129.90625,20200300,129.3125,20200600
2019-12-05 00:00:00,,20200600,129.546875,20200300,,20200600
2019-12-05 01:00:00,,20200600,129.546875,20200300,,20200600
2019-12-05 02:00:00,129.453125,20200600,129.5625,20200300,129.453125,20200600
2019-12-05 03:00:00,,20200600,129.59375,20200300,,20200600
2019-12-05 04:00:00,,20200600,129.5625,20200300,,20200600
2019-12-05 07:00:00,,20200600,129.5,20200300,,20200600
2019-12-05 08:00:00,,20200600,129.46875,20200300,,20200600
2019-12-05 09:00:00,,20200600,129.453125,20200300,,20200600
2019-12-05 10:00:00,,20200600,129.4375,20200300,,20200600
2019-12-05 11:00:00,,20200600,129.421875,20200300,,20200600
2019-12-05 12:00:00,129.3125,20200600,129.453125,20200300,129.3125,20200600
2019-12-05 13:00:00,,20200600,129.140625,20200300,,20200600
2019-12-05 14:00:00,129.0625,20200600,129.125,20200300,129.0625,20200600
2019-12-05 15:00:00,,20200600,129.171875,20200300,,20200600
2019-12-05 16:00:00,129.296875,20200600,129.296875,20200300,129.296875,20200600
2019-12-05 17:00:00,,20200600,129.28125,20200300,,20200600
2019-12-05 18:00:00,,20200600,129.28125,20200300,,20200600
2019-12-05 19:00:00,,20200600,129.328125,20200300,,20200600
2019-12-05 20:00:00,,20200600,129.28125,20200300,,20200600
2019-12-05 21:00:00,,20200600,129.171875,20200300,,20200600
2019-12-05 23:00:00,129.296875,20200600,129.578125,20200300,129.296875,20200600
2019-12-06 00:00:00,,20200600,129.21875,20200300,,20200600
2019-12-06 01:00:00,,20200600,129.28125,20200300,,20200600
2019-12-06 02:00:00,,20200600,129.3125,20200300,,20200600
2019-12-06 03:00:00,,20200600,129.296875,20200300,,20200600
2019-12-06 04:00:00,,20200600,129.296875,20200300,,20200600
2019-12-06 07:00:00,,20200600,129.21875,20200300,,20200600
2019-12-06 08:00:00,,20200600,129.296875,20200300,,20200600
2019-12-06 09:00:00,,20200600,129.3125,20200300,,20200600
2019-12-06 10:00:00,,20200600,129.3125,20200300,,20200600
2019-12-06 11:00:00,,20200600,129.296875,20200300,,20200600
2019-12-06 12:00:00,,20200600,129.328125,20200300,,20200600
2019-12-06 13:00:00,,20200600,128.703125,20200300,,20200600
2019-12-06 14:00:00,,20200600,128.828125,20200300,,20200600
2019-12-06 15:00:00,,20200600,128.984375,20200300,,20200600
2019-12-06 16:00:00,,20200600,128.875,20200300,,20200600
2019-12-06 17:00:00,,20200600,128.875,20200300,,20200600
2019-12-06 18:00:00,,20200600,128.890625,20200300,,20200600
2019-12-06 19:00:00,,20200600,128.875,20200300,,20200600
2019-12-06 20:00:00,,20200600,128.921875,20200300,,20200600
2019-12-06 21:00:00,,20200600,128.921875,20200300,,20200600
2019-12-06 23:00:00,128.796875,20200600,129.1875,20200300,128.796875,20200600
2019-12-08 23:00:00,,20200600,128.875,20200300,,20200600
2019-12-09 00:00:00,,20200600,128.90625,20200300,,20200600
2019-12-09 01:00:00,,20200600,128.890625,20200300,,20200600
2019-12-09 02:00:00,,20200600,128.859375,20200300,,20200600
2019-12-09 03:00:00,,20200600,128.875,20200300,,20200600
2019-12-09 04:00:00,,20200600,128.921875,20200300,,20200600
2019-12-09 07:00:00,,20200600,128.96875,20200300,,20200600
2019-12-09 08:00:00,,20200600,129.0625,20200300,,20200600
2019-12-09 09:00:00,,20200600,129.03125,20200300,,20200600
2019-12-09 10:00:00,,20200600,129.015625,20200300,,20200600
2019-12-09 11:00:00,,20200600,129.03125,20200300,,20200600
2019-12-09 12:00:00,,20200600,129.0625,20200300,,20200600
2019-12-09 13:00:00,,20200600,129.109375,20200300,,20200600
2019-12-09 14:00:00,,20200600,129.03125,20200300,,20200600
2019-12-09 15:00:00,128.390625,20200600,129.0625,20200300,128.390625,20200600
2019-12-09 16:00:00,,20200600,129.0625,20200300,,20200600
2019-12-09 17:00:00,,20200600,129.0,20200300,,20200600
2019-12-09 18:00:00,,20200600,128.984375,20200300,,20200600
2019-12-09 19:00:00,,20200600,128.96875,20200300,,20200600
2019-12-09 20:00:00,,20200600,129.0,20200300,,20200600
2019-12-09 21:00:00,,20200600,129.046875,20200300,,20200600
2019-12-09 23:00:00,128.390625,20200600,128.9375,20200300,128.390625,20200600
2019-12-10 00:00:00,,20200600,129.0625,20200300,,20200600
2019-12-10 01:00:00,,20200600,129.046875,20200300,,20200600
2019-12-10 02:00:00,,20200600,129.046875,20200300,,20200600
2019-12-10 03:00:00,,20200600,128.984375,20200300,,20200600
2019-12-10 04:00:00,,20200600,129.03125,20200300,,20200600
2019-12-10 07:00:00,,20200600,129.046875,20200300,,20200600
2019-12-10 08:00:00,,20200600,129.09375,20200300,,20200600
2019-12-10 09:00:00,,20200600,129.125,20200300,,20200600
2019-12-10 10:00:00,,20200600,129.125,20200300,,20200600
2019-12-10 11:00:00,,20200600,129.15625,20200300,,20200600
2019-12-10 12:00:00,,20200600,129.140625,20200300,,20200600
2019-12-10 13:00:00,,20200600,129.0625,20200300,,20200600
2019-12-10 14:00:00,,20200600,128.84375,20200300,,20200600
2019-12-10 15:00:00,,20200600,128.859375,20200300,,20200600
2019-12-10 16:00:00,,20200600,128.8125,20200300,,20200600
2019-12-10 17:00:00,,20200600,128.84375,20200300,,20200600
2019-12-10 18:00:00,,20200600,128.859375,20200300,,20200600
2019-12-10 19:00:00,,20200600,128.921875,20200300,,20200600
2019-12-10 20:00:00,,20200600,128.84375,20200300,,20200600
2019-12-10 21:00:00,,20200600,128.859375,20200300,,20200600
2019-12-10 23:00:00,128.828125,20200600,129.0625,20200300,128.828125,20200600
2019-12-11 00:00:00,,20200600,128.90625,20200300,,20200600
2019-12-11 01:00:00,,20200600,128.890625,20200300,,20200600
2019-12-11 02:00:00,,20200600,128.921875,20200300,,20200600
2019-12-11 03:00:00,,20200600,128.875,20200300,,20200600
2019-12-11 04:00:00,,20200600,128.859375,20200300,,20200600
2019-12-11 07:00:00,,20200600,128.953125,20200300,,20200600
2019-12-11 08:00:00,,20200600,129.046875,20200300,,20200600
2019-12-11 09:00:00,,20200600,129.03125,20200300,,20200600
2019-12-11 10:00:00,,20200600,129.046875,20200300,,20200600
2019-12-11 11:00:00,,20200600,129.015625,20200300,,20200600
2019-12-11 12:00:00,,20200600,128.953125,20200300,,20200600
2019-12-11 13:00:00,,20200600,128.953125,20200300,,20200600
2019-12-11 14:00:00,,20200600,128.953125,20200300,,20200600
2019-12-11 15:00:00,,20200600,129.03125,20200300,,20200600
2019-12-11 16:00:00,,20200600,129.046875,20200300,,20200600
2019-12-11 17:00:00,,20200600,129.078125,20200300,,20200600
2019-12-11 18:00:00,,20200600,129.09375,20200300,,20200600
2019-12-11 19:00:00,,20200600,129.28125,20200300,,20200600
2019-12-11 20:00:00,,20200600,129.25,20200300,,20200600
2019-12-11 21:00:00,,20200600,129.234375,20200300,,20200600
2019-12-11 23:00:00,129.1875,20200600,128.875,20200300,129.1875,20200600
2019-12-12 00:00:00,,20200600,129.234375,20200300,,20200600
2019-12-12 01:00:00,,20200600,129.1875,20200300,,20200600
2019-12-12 02:00:00,,20200600,129.1875,20200300,,20200600
2019-12-12 03:00:00,,20200600,129.1875,20200300,,20200600
2019-12-12 04:00:00,,20200600,129.1875,20200300,,20200600
2019-12-12 07:00:00,,20200600,129.109375,20200300,,20200600
2019-12-12 08:00:00,,20200600,129.09375,20200300,,20200600
2019-12-12 09:00:00,,20200600,129.140625,20200300,,20200600
2019-12-12 10:00:00,,20200600,129.171875,20200300,,20200600
2019-12-12 11:00:00,,20200600,129.171875,20200300,,20200600
2019-12-12 12:00:00,,20200600,129.1875,20200300,,20200600
2019-12-12 13:00:00,,20200600,129.328125,20200300,,20200600
2019-12-12 14:00:00,,20200600,128.78125,20200300,,20200600
2019-12-12 15:00:00,,20200600,128.53125,20200300,,20200600
2019-12-12 16:00:00,,20200600,128.515625,20200300,,20200600
2019-12-12 17:00:00,,20200600,128.453125,20200300,,20200600
2019-12-12 18:00:00,,20200600,128.484375,20200300,,20200600
2019-12-12 19:00:00,,20200600,128.390625,20200300,,20200600
2019-12-12 20:00:00,,20200600,128.359375,20200300,,20200600
2019-12-12 21:00:00,,20200600,128.4375,20200300,,20200600
2019-12-12 23:00:00,128.296875,20200600,129.140625,20200300,128.296875,20200600
2019-12-13 00:00:00,,20200600,128.109375,20200300,,20200600
2019-12-13 01:00:00,,20200600,128.1875,20200300,,20200600
2019-12-13 02:00:00,,20200600,128.15625,20200300,,20200600
2019-12-13 03:00:00,,20200600,128.15625,20200300,,20200600
2019-12-13 04:00:00,,20200600,128.171875,20200300,,20200600
2019-12-13 07:00:00,,20200600,128.21875,20200300,,20200600
2019-12-13 08:00:00,,20200600,128.375,20200300,,20200600
2019-12-13 09:00:00,,20200600,128.359375,20200300,,20200600
2019-12-13 10:00:00,,20200600,128.375,20200300,,20200600
2019-12-13 11:00:00,,20200600,128.390625,20200300,,20200600
2019-12-13 12:00:00,128.46875,20200600,128.515625,20200300,128.46875,20200600
2019-12-13 13:00:00,,20200600,128.421875,20200300,,20200600
2019-12-13 14:00:00,,20200600,128.6875,20200300,,20200600
2019-12-13 15:00:00,128.375,20200600,128.90625,20200300,128.375,20200600
2019-12-13 16:00:00,,20200600,128.953125,20200300,,20200600
2019-12-13 17:00:00,,20200600,128.96875,20200300,,20200600
2019-12-13 18:00:00,,20200600,128.953125,20200300,,20200600
2019-12-13 19:00:00,,20200600,129.03125,20200300,,20200600
2019-12-13 20:00:00,,20200600,128.984375,20200300,,20200600
2019-12-13 21:00:00,,20200600,128.984375,20200300,,20200600
2019-12-13 23:00:00,128.375,20200600,128.171875,20200300,128.375,20200600
2019-12-15 23:00:00,,20200600,128.90625,20200300,,20200600
2019-12-16 00:00:00,,20200600,128.875,20200300,,20200600
2019-12-16 01:00:00,,20200600,128.84375,20200300,,20200600
2019-12-16 02:00:00,,20200600,128.84375,20200300,,20200600
2019-12-16 03:00:00,,20200600,128.859375,20200300,,20200600
2019-12-16 04:00:00,,20200600,128.875,20200300,,20200600
2019-12-16 07:00:00,,20200600,128.828125,20200300,,20200600
2019-12-16 08:00:00,,20200600,128.796875,20200300,,20200600
2019-12-16 09:00:00,,20200600,128.859375,20200300,,20200600
2019-12-16 10:00:00,,20200600,128.796875,20200300,,20200600
2019-12-16 11:00:00,,20200600,128.765625,20200300,,20200600
2019-12-16 12:00:00,,20200600,128.78125,20200300,,20200600
2019-12-16 13:00:00,,20200600,128.703125,20200300,,20200600
2019-12-16 14:00:00,,20200600,128.65625,20200300,,20200600
2019-12-16 15:00:00,,20200600,128.578125,20200300,,20200600
2019-12-16 16:00:00,,20200600,128.515625,20200300,,20200600
2019-12-16 17:00:00,,20200600,128.46875,20200300,,20200600
2019-12-16 18:00:00,,20200600,128.453125,20200300,,20200600
2019-12-16 19:00:00,,20200600,128.4375,20200300,,20200600
2019-12-16 20:00:00,,20200600,128.484375,20200300,,20200600
2019-12-16 21:00:00,,20200600,128.5625,20200300,,20200600
2019-12-16 23:00:00,128.3125,20200600,128.875,20200300,128.3125,20200600
2019-12-17 00:00:00,,20200600,128.59375,20200300,,20200600
2019-12-17 01:00:00,,20200600,128.59375,20200300,,20200600
2019-12-17 02:00:00,,20200600,128.578125,20200300,,20200600
2019-12-17 03:00:00,,20200600,128.59375,20200300,,20200600
2019-12-17 04:00:00,,20200600,128.640625,20200300,,20200600
2019-12-17 07:00:00,,20200600,128.609375,20200300,,20200600
2019-12-17 08:00:00,,20200600,128.65625,20200300,,20200600
2019-12-17 09:00:00,,20200600,128.640625,20200300,,20200600
2019-12-17 10:00:00,,20200600,128.6875,20200300,,20200600
2019-12-17 11:00:00,,20200600,128.671875,20200300,,20200600
2019-12-17 12:00:00,,20200600,128.640625,20200300,,20200600
2019-12-17 13:00:00,,20200600,128.65625,20200300,,20200600
2019-12-17 14:00:00,,20200600,128.5625,20200300,,20200600
2019-12-17 15:00:00,,20200600,128.53125,20200300,,20200600
2019-12-17 16:00:00,,20200600,128.5625,20200300,,20200600
2019-12-17 17:00:00,,20200600,128.53125,20200300,,20200600
2019-12-17 18:00:00,,20200600,128.453125,20200300,,20200600
2019-12-17 19:00:00,,20200600,128.46875,20200300,,20200600
2019-12-17 20:00:00,,20200600,128.484375,20200300,,20200600
2019-12-17 21:00:00,,20200600,128.5,20200300,,20200600
2019-12-17 23:00:00,128.34375,20200600,128.65625,20200300,128.34375,20200600
2019-12-18 00:00:00,,20200600,128.484375,20200300,,20200600
2019-12-18 01:00:00,,20200600,128.484375,20200300,,20200600
2019-12-18 02:00:00,,20200600,128.53125,20200300,,20200600
2019-12-18 03:00:00,,20200600,128.546875,20200300,,20200600
2019-12-18 04:00:00,,20200600,128.53125,20200300,,20200600
2019-12-18 07:00:00,,20200600,128.578125,20200300,,20200600
2019-12-18 08:00:00,,20200600,128.609375,20200300,,20200600
2019-12-18 09:00:00,,20200600,128.5625,20200300,,20200600
2019-12-18 10:00:00,,20200600,128.578125,20200300,,20200600
2019-12-18 11:00:00,,20200600,128.5625,20200300,,20200600
2019-12-18 12:00:00,,20200600,128.453125,20200300,,20200600
2019-12-18 13:00:00,,20200600,128.4375,20200300,,20200600
2019-12-18 14:00:00,,20200600,128.265625,20200300,,20200600
2019-12-18 15:00:00,,20200600,128.140625,20200300,,20200600
2019-12-18 16:00:00,,20200600,128.171875,20200300,,20200600
2019-12-18 17:00:00,,20200600,128.09375,20200300,,20200600
2019-12-18 18:00:00,,20200600,128.140625,20200300,,20200600
2019-12-18 19:00:00,,20200600,128.15625,20200300,,20200600
2019-12-18 20:00:00,,20200600,128.1875,20200300,,20200600
2019-12-18 21:00:00,,20200600,128.21875,20200300,,20200600
2019-12-18 23:00:00,128.046875,20200600,128.53125,20200300,128.046875,20200600
2019-12-19 00:00:00,,20200600,128.234375,20200300,,20200600
2019-12-19 01:00:00,,20200600,128.28125,20200300,,20200600
2019-12-19 02:00:00,,20200600,128.3125,20200300,,20200600
2019-12-19 03:00:00,,20200600,128.296875,20200300,,20200600
2019-12-19 04:00:00,,20200600,128.25,20200300,,20200600
2019-12-19 07:00:00,,20200600,128.15625,20200300,,20200600
2019-12-19 08:00:00,,20200600,128.046875,20200300,,20200600
2019-12-19 09:00:00,,20200600,128.015625,20200300,,20200600
2019-12-19 10:00:00,,20200600,128.015625,20200300,,20200600
2019-12-19 11:00:00,,20200600,127.984375,20200300,,20200600
2019-12-19 12:00:00,,20200600,127.953125,20200300,,20200600
2019-12-19 13:00:00,,20200600,128.109375,20200300,,20200600
2019-12-19 14:00:00,,20200600,128.078125,20200300,,20200600
2019-12-19 15:00:00,,20200600,128.140625,20200300,,20200600
2019-12-19 16:00:00,127.8125,20200600,128.296875,20200300,127.8125,20200600
2019-12-19 17:00:00,,20200600,128.375,20200300,,20200600
2019-12-19 18:00:00,,20200600,128.328125,20200300,,20200600
2019-12-19 19:00:00,,20200600,128.3125,20200300,,20200600
2019-12-19 20:00:00,,20200600,128.25,20200300,,20200600
2019-12-19 21:00:00,,20200600,128.171875,20200300,,20200600
2019-12-19 23:00:00,128.171875,20200600,128.203125,20200300,128.171875,20200600
2019-12-20 00:00:00,,20200600,128.21875,20200300,,20200600
2019-12-20 01:00:00,,20200600,128.140625,20200300,,20200600
2019-12-20 02:00:00,,20200600,128.15625,20200300,,20200600
2019-12-20 03:00:00,,20200600,128.140625,20200300,,20200600
2019-12-20 04:00:00,127.96875,20200600,128.15625,20200300,127.96875,20200600
2019-12-20 07:00:00,,20200600,128.109375,20200300,,20200600
2019-12-20 08:00:00,,20200600,127.984375,20200300,,20200600
2019-12-20 09:00:00,,20200600,128.015625,20200300,,20200600
2019-12-20 10:00:00,,20200600,127.984375,20200300,,20200600
2019-12-20 11:00:00,,20200600,128.03125,20200300,,20200600
2019-12-20 12:00:00,,20200600,128.0625,20200300,,20200600
2019-12-20 13:00:00,127.875,20200600,128.109375,20200300,127.875,20200600
2019-12-20 14:00:00,,20200600,128.0625,20200300,,20200600
2019-12-20 15:00:00,,20200600,128.171875,20200300,,20200600
2019-12-20 16:00:00,,20200600,128.21875,20200300,,20200600
2019-12-20 17:00:00,,20200600,128.234375,20200300,,20200600
2019-12-20 18:00:00,,20200600,128.21875,20200300,,20200600
2019-12-20 19:00:00,,20200600,128.234375,20200300,,20200600
2019-12-20 20:00:00,,20200600,128.234375,20200300,,20200600
2019-12-20 21:00:00,127.96875,20200600,128.234375,20200300,127.96875,20200600
2019-12-20 23:00:00,127.96875,20200600,128.15625,20200300,127.96875,20200600
2019-12-22 23:00:00,,20200600,128.203125,20200300,,20200600
2019-12-23 00:00:00,,20200600,128.25,20200300,,20200600
2019-12-23 01:00:00,,20200600,128.25,20200300,,20200600
2019-12-23 02:00:00,,20200600,128.28125,20200300,,20200600
2019-12-23 03:00:00,,20200600,128.28125,20200300,,20200600
2019-12-23 04:00:00,,20200600,128.265625,20200300,,20200600
2019-12-23 07:00:00,,20200600,128.359375,20200300,,20200600
2019-12-23 08:00:00,,20200600,128.328125,20200300,,20200600
2019-12-23 09:00:00,,20200600,128.34375,20200300,,20200600
2019-12-23 10:00:00,,20200600,128.28125,20200300,,20200600
2019-12-23 11:00:00,,20200600,128.21875,20200300,,20200600
2019-12-23 12:00:00,,20200600,128.21875,20200300,,20200600
2019-12-23 13:00:00,,20200600,128.328125,20200300,,20200600
2019-12-23 14:00:00,,20200600,128.28125,20200300,,20200600
2019-12-23 15:00:00,,20200600,128.25,20200300,,20200600
2019-12-23 16:00:00,128.03125,20200600,128.1875,20200300,128.03125,20200600
2019-12-23 17:00:00,,20200600,128.09375,20200300,,20200600
2019-12-23 18:00:00,,20200600,128.140625,20200300,,20200600
2019-12-23 19:00:00,,20200600,128.109375,20200300,,20200600
2019-12-23 20:00:00,,20200600,128.140625,20200300,,20200600
2019-12-23 21:00:00,,20200600,128.125,20200300,,20200600
2019-12-23 23:00:00,127.953125,20200600,128.296875,20200300,127.953125,20200600
2019-12-24 00:00:00,,20200600,128.140625,20200300,,20200600
2019-12-24 01:00:00,,20200600,128.1875,20200300,,20200600
2019-12-24 02:00:00,,20200600,128.203125,20200300,,20200600
2019-12-24 03:00:00,,20200600,128.203125,20200300,,20200600
2019-12-24 04:00:00,,20200600,128.21875,20200300,,20200600
2019-12-24 07:00:00,,20200600,128.171875,20200300,,20200600
2019-12-24 08:00:00,,20200600,128.21875,20200300,,20200600
2019-12-24 09:00:00,,20200600,128.171875,20200300,,20200600
2019-12-24 10:00:00,,20200600,128.125,20200300,,20200600
2019-12-24 11:00:00,,20200600,128.140625,20200300,,20200600
2019-12-24 12:00:00,,20200600,128.109375,20200300,,20200600
2019-12-24 13:00:00,,20200600,128.046875,20200300,,20200600
2019-12-24 14:00:00,,20200600,128.0625,20200300,,20200600
2019-12-24 15:00:00,,20200600,128.25,20200300,,20200600
2019-12-24 16:00:00,,20200600,128.25,20200300,,20200600
2019-12-24 17:00:00,,20200600,128.34375,20200300,,20200600
2019-12-24 18:00:00,,20200600,128.359375,20200300,,20200600
2019-12-24 23:00:00,128.171875,20200600,128.203125,20200300,128.171875,20200600
2019-12-25 23:00:00,,20200600,128.359375,20200300,,20200600
2019-12-26 00:00:00,,20200600,128.296875,20200300,,20200600
2019-12-26 01:00:00,,20200600,128.296875,20200300,,20200600
2019-12-26 02:00:00,,20200600,128.28125,20200300,,20200600
2019-12-26 03:00:00,,20200600,128.3125,20200300,,20200600
2019-12-26 04:00:00,,20200600,128.328125,20200300,,20200600
2019-12-26 07:00:00,,20200600,128.359375,20200300,,20200600
2019-12-26 08:00:00,,20200600,128.40625,20200300,,20200600
2019-12-26 09:00:00,,20200600,128.375,20200300,,20200600
2019-12-26 10:00:00,,20200600,128.375,20200300,,20200600
2019-12-26 11:00:00,,20200600,128.328125,20200300,,20200600
2019-12-26 12:00:00,,20200600,128.3125,20200300,,20200600
2019-12-26 13:00:00,,20200600,128.359375,20200300,,20200600
2019-12-26 14:00:00,,20200600,128.390625,20200300,,20200600
2019-12-26 15:00:00,128.09375,20200600,128.296875,20200300,128.09375,20200600
2019-12-26 16:00:00,,20200600,128.25,20200300,,20200600
2019-12-26 17:00:00,,20200600,128.296875,20200300,,20200600
2019-12-26 18:00:00,,20200600,128.421875,20200300,,20200600
2019-12-26 19:00:00,128.1875,20200600,128.375,20200300,128.1875,20200600
2019-12-26 20:00:00,,20200600,128.453125,20200300,,20200600
2019-12-26 21:00:00,,20200600,128.421875,20200300,,20200600
2019-12-26 23:00:00,128.15625,20200600,128.3125,20200300,128.15625,20200600
2019-12-27 00:00:00,,20200600,128.4375,20200300,,20200600
2019-12-27 01:00:00,,20200600,128.421875,20200300,,20200600
2019-12-27 02:00:00,,20200600,128.40625,20200300,,20200600
2019-12-27 03:00:00,,20200600,128.40625,20200300,,20200600
2019-12-27 04:00:00,,20200600,128.4375,20200300,,20200600
2019-12-27 07:00:00,,20200600,128.421875,20200300,,20200600
2019-12-27 08:00:00,128.234375,20200600,128.46875,20200300,128.234375,20200600
2019-12-27 09:00:00,,20200600,128.5,20200300,,20200600
2019-12-27 10:00:00,,20200600,128.484375,20200300,,20200600
2019-12-27 11:00:00,,20200600,128.5,20200300,,20200600
2019-12-27 12:00:00,128.1875,20200600,128.4375,20200300,128.1875,20200600
2019-12-27 13:00:00,128.265625,20200600,128.578125,20200300,128.265625,20200600
2019-12-27 14:00:00,,20200600,128.625,20200300,,20200600
2019-12-27 15:00:00,,20200600,128.640625,20200300,,20200600
2019-12-27 16:00:00,,20200600,128.640625,20200300,,20200600
2019-12-27 17:00:00,,20200600,128.65625,20200300,,20200600
2019-12-27 18:00:00,,20200600,128.671875,20200300,,20200600
2019-12-27 19:00:00,128.4375,20200600,128.671875,20200300,128.4375,20200600
2019-12-27 20:00:00,128.4375,20200600,128.640625,20200300,128.4375,20200600
2019-12-27 21:00:00,128.4375,20200600,128.609375,20200300,128.4375,20200600
2019-12-27 23:00:00,128.4375,20200600,128.390625,20200300,128.4375,20200600
2019-12-29 23:00:00,,20200600,128.65625,20200300,,20200600
2019-12-30 00:00:00,,20200600,128.59375,20200300,,20200600
2019-12-30 01:00:00,,20200600,128.640625,20200300,,20200600
2019-12-30 02:00:00,,20200600,128.640625,20200300,,20200600
2019-12-30 03:00:00,,20200600,128.65625,20200300,,20200600
2019-12-30 04:00:00,,20200600,128.640625,20200300,,20200600
2019-12-30 07:00:00,,20200600,128.578125,20200300,,20200600
2019-12-30 08:00:00,,20200600,128.421875,20200300,,20200600
2019-12-30 09:00:00,,20200600,128.390625,20200300,,20200600
2019-12-30 10:00:00,128.125,20200600,128.34375,20200300,128.125,20200600
2019-12-30 11:00:00,128.09375,20200600,128.296875,20200300,128.09375,20200600
2019-12-30 12:00:00,,20200600,128.328125,20200300,,20200600
2019-12-30 13:00:00,128.0,20200600,128.1875,20200300,128.0,20200600
2019-12-30 14:00:00,,20200600,128.3125,20200300,,20200600
2019-12-30 15:00:00,,20200600,128.234375,20200300,,20200600
2019-12-30 16:00:00,,20200600,128.296875,20200300,,20200600
2019-12-30 17:00:00,128.0625,20200600,128.390625,20200300,128.0625,20200600
2019-12-30 18:00:00,,20200600,128.46875,20200300,,20200600
2019-12-30 19:00:00,,20200600,128.546875,20200300,,20200600
2019-12-30 20:00:00,128.296875,20200600,128.578125,20200300,128.296875,20200600
2019-12-30 21:00:00,128.359375,20200600,128.59375,20200300,128.359375,20200600
2019-12-30 23:00:00,128.296875,20200600,128.640625,20200300,128.296875,20200600
2019-12-31 00:00:00,,20200600,128.46875,20200300,,20200600
2019-12-31 01:00:00,,20200600,128.515625,20200300,,20200600
2019-12-31 02:00:00,,20200600,128.484375,20200300,,20200600
2019-12-31 03:00:00,,20200600,128.484375,20200300,,20200600
2019-12-31 04:00:00,,20200600,128.515625,20200300,,20200600
2019-12-31 07:00:00,128.34375,20200600,128.578125,20200300,128.34375,20200600
2019-12-31 08:00:00,,20200600,128.4375,20200300,,20200600
2019-12-31 09:00:00,,20200600,128.453125,20200300,,20200600
2019-12-31 10:00:00,,20200600,128.484375,20200300,,20200600
2019-12-31 11:00:00,,20200600,128.515625,20200300,,20200600
2019-12-31 12:00:00,,20200600,128.53125,20200300,,20200600
2019-12-31 13:00:00,,20200600,128.5,20200300,,20200600
2019-12-31 14:00:00,,20200600,128.296875,20200300,,20200600
2019-12-31 15:00:00,128.078125,20200600,128.421875,20200300,128.078125,20200600
2019-12-31 16:00:00,,20200600,128.421875,20200300,,20200600
2019-12-31 17:00:00,,20200600,128.421875,20200300,,20200600
2019-12-31 18:00:00,128.09375,20200600,128.359375,20200300,128.09375,20200600
2019-12-31 19:00:00,128.046875,20200600,128.28125,20200300,128.046875,20200600
2019-12-31 20:00:00,128.0625,20200600,128.25,20200300,128.0625,20200600
2019-12-31 21:00:00,,20200600,128.265625,20200300,,20200600
2019-12-31 23:00:00,128.1875,20200600,128.484375,20200300,128.1875,20200600
2020-01-01 23:00:00,,20200600,128.28125,20200300,,20200600
2020-01-02 00:00:00,,20200600,128.296875,20200300,,20200600
2020-01-02 01:00:00,128.125,20200600,128.359375,20200300,128.125,20200600
2020-01-02 02:00:00,,20200600,128.328125,20200300,,20200600
2020-01-02 03:00:00,,20200600,128.34375,20200300,,20200600
2020-01-02 04:00:00,,20200600,128.359375,20200300,,20200600
2020-01-02 07:00:00,,20200600,128.265625,20200300,,20200600
2020-01-02 08:00:00,127.96875,20200600,128.203125,20200300,127.96875,20200600
2020-01-02 09:00:00,,20200600,128.234375,20200300,,20200600
2020-01-02 10:00:00,,20200600,128.359375,20200300,,20200600
2020-01-02 11:00:00,128.15625,20200600,128.4375,20200300,128.15625,20200600
2020-01-02 12:00:00,,20200600,128.421875,20200300,,20200600
2020-01-02 13:00:00,128.40625,20200600,128.65625,20200300,128.40625,20200600
2020-01-02 14:00:00,,20200600,128.75,20200300,,20200600
2020-01-02 15:00:00,128.65625,20200600,128.796875,20200300,128.65625,20200600
2020-01-02 16:00:00,,20200600,128.65625,20200300,,20200600
2020-01-02 17:00:00,128.40625,20200600,128.625,20200300,128.40625,20200600
2020-01-02 18:00:00,,20200600,128.65625,20200300,,20200600
2020-01-02 19:00:00,,20200600,128.640625,20200300,,20200600
2020-01-02 20:00:00,128.453125,20200600,128.65625,20200300,128.453125,20200600
2020-01-02 21:00:00,128.390625,20200600,128.625,20200300,128.390625,20200600
2020-01-02 23:00:00,128.40625,20200600,128.359375,20200300,128.40625,20200600
2020-01-03 00:00:00,,20200600,128.65625,20200300,,20200600
2020-01-03 01:00:00,128.46875,20200600,128.828125,20200300,128.46875,20200600
2020-01-03 02:00:00,128.890625,20200600,129.09375,20200300,128.890625,20200600
2020-01-03 03:00:00,128.90625,20200600,129.078125,20200300,128.90625,20200600
2020-01-03 04:00:00,,20200600,129.046875,20200300,,20200600
2020-01-03 07:00:00,128.953125,20200600,129.15625,20200300,128.953125,20200600
2020-01-03 08:00:00,128.921875,20200600,129.125,20200300,128.921875,20200600
2020-01-03 09:00:00,,20200600,129.140625,20200300,,20200600
2020-01-03 10:00:00,129.015625,20200600,129.171875,20200300,129.015625,20200600
2020-01-03 11:00:00,,20200600,129.234375,20200300,,20200600
2020-01-03 12:00:00,,20200600,129.125,20200300,,20200600
2020-01-03 13:00:00,128.9375,20200600,129.125,20200300,128.9375,20200600
2020-01-03 14:00:00,128.84375,20200600,129.0625,20200300,128.84375,20200600
2020-01-03 15:00:00,129.0,20200600,129.234375,20200300,129.0,20200600
2020-01-03 16:00:00,129.0625,20200600,129.21875,20200300,129.0625,20200600
2020-01-03 17:00:00,,20200600,129.296875,20200300,,20200600
2020-01-03 18:00:00,129.09375,20200600,129.28125,20200300,129.09375,20200600
2020-01-03 19:00:00,129.125,20200600,129.375,20200300,129.125,20200600
2020-01-03 20:00:00,,20200600,129.359375,20200300,,20200600
2020-01-03 21:00:00,129.1875,20200600,129.375,20200300,129.1875,20200600
2020-01-03 23:00:00,128.875,20200600,129.03125,20200300,128.875,20200600
2020-01-05 23:00:00,129.390625,20200600,129.5625,20200300,129.390625,20200600
2020-01-06 00:00:00,129.34375,20200600,129.5,20200300,129.34375,20200600
2020-01-06 01:00:00,129.328125,20200600,129.625,20200300,129.328125,20200600
2020-01-06 02:00:00,,20200600,129.546875,20200300,,20200600
2020-01-06 03:00:00,,20200600,129.53125,20200300,,20200600
2020-01-06 04:00:00,,20200600,129.53125,20200300,,20200600
2020-01-06 07:00:00,129.1875,20200600,129.40625,20200300,129.1875,20200600
2020-01-06 08:00:00,129.21875,20200600,129.484375,20200300,129.21875,20200600
2020-01-06 09:00:00,129.28125,20200600,129.46875,20200300,129.28125,20200600
2020-01-06 10:00:00,,20200600,129.453125,20200300,,20200600
2020-01-06 11:00:00,,20200600,129.453125,20200300,,20200600
2020-01-06 12:00:00,,20200600,129.390625,20200300,,20200600
2020-01-06 13:00:00,,20200600,129.4375,20200300,,20200600
2020-01-06 14:00:00,129.34375,20200600,129.5,20200300,129.34375,20200600
2020-01-06 15:00:00,,20200600,129.3125,20200300,,20200600
2020-01-06 16:00:00,129.0,20200600,129.265625,20200300,129.0,20200600
2020-01-06 17:00:00,,20200600,129.34375,20200300,,20200600
2020-01-06 18:00:00,,20200600,129.34375,20200300,,20200600
2020-01-06 19:00:00,,20200600,129.265625,20200300,,20200600
2020-01-06 20:00:00,,20200600,129.28125,20200300,,20200600
2020-01-06 21:00:00,,20200600,129.265625,20200300,,20200600
2020-01-06 23:00:00,129.0,20200600,129.46875,20200300,129.0,20200600
2020-01-07 00:00:00,,20200600,129.234375,20200300,,20200600
2020-01-07 01:00:00,,20200600,129.21875,20200300,,20200600
2020-01-07 02:00:00,,20200600,129.21875,20200300,,20200600
2020-01-07 03:00:00,,20200600,129.1875,20200300,,20200600
2020-01-07 04:00:00,128.984375,20200600,129.1875,20200300,128.984375,20200600
2020-01-07 07:00:00,129.140625,20200600,129.296875,20200300,129.140625,20200600
2020-01-07 08:00:00,,20200600,129.15625,20200300,,20200600
2020-01-07 09:00:00,,20200600,129.234375,20200300,,20200600
2020-01-07 10:00:00,,20200600,129.265625,20200300,,20200600
2020-01-07 11:00:00,,20200600,129.34375,20200300,,20200600
2020-01-07 12:00:00,129.171875,20200600,129.359375,20200300,129.171875,20200600
2020-01-07 13:00:00,,20200600,129.296875,20200300,,20200600
2020-01-07 14:00:00,,20200600,129.296875,20200300,,20200600
2020-01-07 15:00:00,,20200600,129.265625,20200300,,20200600
2020-01-07 16:00:00,,20200600,129.296875,20200300,,20200600
2020-01-07 17:00:00,,20200600,129.234375,20200300,,20200600
2020-01-07 18:00:00,129.0,20200600,129.171875,20200300,129.0,20200600
2020-01-07 19:00:00,,20200600,129.15625,20200300,,20200600
2020-01-07 20:00:00,128.96875,20200600,129.15625,20200300,128.96875,20200600
2020-01-07 21:00:00,129.03125,20200600,129.203125,20200300,129.03125,20200600
2020-01-07 23:00:00,129.515625,20200600,129.203125,20200300,129.515625,20200600
2020-01-08 00:00:00,129.84375,20200600,129.953125,20200300,129.84375,20200600
2020-01-08 01:00:00,129.796875,20200600,129.796875,20200300,129.796875,20200600
2020-01-08 02:00:00,129.171875,20200600,129.40625,20200300,129.171875,20200600
2020-01-08 03:00:00,129.296875,20200600,129.4375,20200300,129.296875,20200600
2020-01-08 04:00:00,129.34375,20200600,129.5625,20200300,129.34375,20200600
2020-01-08 07:00:00,129.203125,20200600,129.46875,20200300,129.203125,20200600
2020-01-08 08:00:00,129.140625,20200600,129.34375,20200300,129.140625,20200600
2020-01-08 09:00:00,129.109375,20200600,129.359375,20200300,129.109375,20200600
2020-01-08 10:00:00,129.046875,20200600,129.265625,20200300,129.046875,20200600
2020-01-08 11:00:00,,20200600,129.25,20200300,,20200600
2020-01-08 12:00:00,129.078125,20200600,129.21875,20200300,129.078125,20200600
2020-01-08 13:00:00,128.921875,20200600,129.21875,20200300,128.921875,20200600
2020-01-08 14:00:00,129.0,20200600,129.21875,20200300,129.0,20200600
2020-01-08 15:00:00,129.0625,20200600,129.265625,20200300,129.0625,20200600
2020-01-08 16:00:00,128.6875,20200600,128.890625,20200300,128.6875,20200600
2020-01-08 17:00:00,128.625,20200600,128.921875,20200300,128.625,20200600
2020-01-08 18:00:00,128.625,20200600,128.84375,20200300,128.625,20200600
2020-01-08 19:00:00,,20200600,128.765625,20200300,,20200600
2020-01-08 20:00:00,128.65625,20200600,128.890625,20200300,128.65625,20200600
2020-01-08 21:00:00,128.53125,20200600,128.78125,20200300,128.53125,20200600
2020-01-08 23:00:00,128.578125,20200600,129.5,20200300,128.578125,20200600
2020-01-09 00:00:00,,20200600,128.828125,20200300,,20200600
2020-01-09 01:00:00,128.625,20200600,128.84375,20200300,128.625,20200600
2020-01-09 02:00:00,128.640625,20200600,128.859375,20200300,128.640625,20200600
2020-01-09 03:00:00,128.671875,20200600,128.859375,20200300,128.671875,20200600
2020-01-09 04:00:00,,20200600,128.859375,20200300,,20200600
2020-01-09 07:00:00,128.5,20200600,128.734375,20200300,128.5,20200600
2020-01-09 08:00:00,,20200600,128.75,20200300,,20200600
2020-01-09 09:00:00,128.578125,20200600,128.78125,20200300,128.578125,20200600
2020-01-09 10:00:00,,20200600,128.75,20200300,,20200600
2020-01-09 11:00:00,,20200600,128.8125,20200300,,20200600
2020-01-09 12:00:00,128.625,20200600,128.875,20200300,128.625,20200600
2020-01-09 13:00:00,,20200600,128.65625,20200300,,20200600
2020-01-09 14:00:00,128.4375,20200600,128.625,20200300,128.4375,20200600
2020-01-09 15:00:00,128.40625,20200600,128.546875,20200300,128.40625,20200600
2020-01-09 16:00:00,,20200600,128.625,20200300,,20200600
2020-01-09 17:00:00,128.46875,20200600,128.6875,20200300,128.46875,20200600
2020-01-09 18:00:00,128.609375,20200600,128.890625,20200300,128.609375,20200600
2020-01-09 19:00:00,128.671875,20200600,128.875,20200300,128.671875,20200600
2020-01-09 20:00:00,128.6875,20200600,128.890625,20200300,128.6875,20200600
2020-01-09 21:00:00,,20200600,128.859375,20200300,,20200600
2020-01-09 23:00:00,128.6875,20200600,128.734375,20200300,128.6875,20200600
2020-01-10 00:00:00,,20200600,128.8125,20200300,,20200600
2020-01-10 01:00:00,,20200600,128.8125,20200300,,20200600
2020-01-10 02:00:00,,20200600,128.78125,20200300,,20200600
2020-01-10 03:00:00,,20200600,128.796875,20200300,,20200600
2020-01-10 04:00:00,,20200600,128.78125,20200300,,20200600
2020-01-10 07:00:00,,20200600,128.875,20200300,,20200600
2020-01-10 08:00:00,128.734375,20200600,128.875,20200300,128.734375,20200600
2020-01-10 09:00:00,,20200600,128.84375,20200300,,20200600
2020-01-10 10:00:00,128.640625,20200600,128.90625,20200300,128.640625,20200600
2020-01-10 11:00:00,128.6875,20200600,128.90625,20200300,128.6875,20200600
2020-01-10 12:00:00,128.65625,20200600,128.875,20200300,128.65625,20200600
2020-01-10 13:00:00,128.65625,20200600,128.84375,20200300,128.65625,20200600
2020-01-10 14:00:00,128.609375,20200600,128.984375,20200300,128.609375,20200600
2020-01-10 15:00:00,,20200600,129.0625,20200300,,20200600
2020-01-10 16:00:00,128.921875,20200600,129.140625,20200300,128.921875,20200600
2020-01-10 17:00:00,128.921875,20200600,129.09375,20200300,128.921875,20200600
2020-01-10 18:00:00,128.90625,20200600,129.09375,20200300,128.90625,20200600
2020-01-10 19:00:00,128.875,20200600,129.078125,20200300,128.875,20200600
2020-01-10 20:00:00,,20200600,129.09375,20200300,,20200600
2020-01-10 21:00:00,128.921875,20200600,129.109375,20200300,128.921875,20200600
2020-01-10 23:00:00,128.921875,20200600,128.8125,20200300,128.921875,20200600
2020-01-12 23:00:00,,20200600,129.09375,20200300,,20200600
2020-01-13 00:00:00,,20200600,129.09375,20200300,,20200600
2020-01-13 01:00:00,,20200600,129.078125,20200300,,20200600
2020-01-13 02:00:00,,20200600,129.078125,20200300,,20200600
2020-01-13 03:00:00,,20200600,129.09375,20200300,,20200600
2020-01-13 04:00:00,,20200600,129.078125,20200300,,20200600
2020-01-13 07:00:00,,20200600,129.015625,20200300,,20200600
2020-01-13 08:00:00,128.8125,20200600,128.984375,20200300,128.8125,20200600
2020-01-13 09:00:00,,20200600,128.953125,20200300,,20200600
2020-01-13 10:00:00,,20200600,128.9375,20200300,,20200600
2020-01-13 11:00:00,128.71875,20200600,128.953125,20200300,128.71875,20200600
2020-01-13 12:00:00,,20200600,128.984375,20200300,,20200600
2020-01-13 13:00:00,,20200600,128.90625,20200300,,20200600
2020-01-13 14:00:00,,20200600,128.890625,20200300,,20200600
2020-01-13 15:00:00,,20200600,128.90625,20200300,,20200600
2020-01-13 16:00:00,128.640625,20200600,128.875,20200300,128.640625,20200600
2020-01-13 17:00:00,128.75,20200600,128.96875,20200300,128.75,20200600
2020-01-13 18:00:00,,20200600,128.9375,20200300,,20200600
2020-01-13 19:00:00,,20200600,128.90625,20200300,,20200600
2020-01-13 20:00:00,,20200600,128.96875,20200300,,20200600
2020-01-13 21:00:00,,20200600,128.890625,20200300,,20200600
2020-01-13 23:00:00,128.671875,20200600,129.03125,20200300,128.671875,20200600
2020-01-14 00:00:00,128.609375,20200600,128.796875,20200300,128.609375,20200600
2020-01-14 01:00:00,,20200600,128.8125,20200300,,20200600
2020-01-14 02:00:00,,20200600,128.828125,20200300,,20200600
2020-01-14 03:00:00,128.625,20200600,128.84375,20200300,128.625,20200600
2020-01-14 04:00:00,128.625,20200600,128.84375,20200300,128.625,20200600
2020-01-14 07:00:00,128.640625,20200600,128.890625,20200300,128.640625,20200600
2020-01-14 08:00:00,128.796875,20200600,128.984375,20200300,128.796875,20200600
2020-01-14 09:00:00,,20200600,128.96875,20200300,,20200600
2020-01-14 10:00:00,,20200600,128.96875,20200300,,20200600
2020-01-14 11:00:00,,20200600,129.0,20200300,,20200600
2020-01-14 12:00:00,,20200600,128.953125,20200300,,20200600
2020-01-14 13:00:00,128.84375,20200600,129.015625,20200300,128.84375,20200600
2020-01-14 14:00:00,128.890625,20200600,129.15625,20200300,128.890625,20200600
2020-01-14 15:00:00,128.921875,20200600,129.140625,20200300,128.921875,20200600
2020-01-14 16:00:00,128.984375,20200600,129.125,20200300,128.984375,20200600
2020-01-14 17:00:00,128.90625,20200600,129.109375,20200300,128.90625,20200600
2020-01-14 18:00:00,128.984375,20200600,129.171875,20200300,128.984375,20200600
2020-01-14 19:00:00,129.0,20200600,129.125,20200300,129.0,20200600
2020-01-14 20:00:00,,20200600,129.15625,20200300,,20200600
2020-01-14 21:00:00,128.984375,20200600,129.1875,20200300,128.984375,20200600
2020-01-14 23:00:00,129.03125,20200600,128.8125,20200300,129.03125,20200600
2020-01-15 00:00:00,,20200600,129.1875,20200300,,20200600
2020-01-15 01:00:00,,20200600,129.15625,20200300,,20200600
2020-01-15 02:00:00,,20200600,129.203125,20200300,,20200600
2020-01-15 03:00:00,,20200600,129.21875,20200300,,20200600
2020-01-15 04:00:00,,20200600,129.234375,20200300,,20200600
2020-01-15 07:00:00,129.078125,20200600,129.28125,20200300,129.078125,20200600
2020-01-15 08:00:00,129.125,20200600,129.3125,20200300,129.125,20200600
2020-01-15 09:00:00,,20200600,129.359375,20200300,,20200600
2020-01-15 10:00:00,,20200600,129.34375,20200300,,20200600
2020-01-15 11:00:00,,20200600,129.34375,20200300,,20200600
2020-01-15 12:00:00,,20200600,129.296875,20200300,,20200600
2020-01-15 13:00:00,,20200600,129.390625,20200300,,20200600
2020-01-15 14:00:00,,20200600,129.234375,20200300,,20200600
2020-01-15 15:00:00,129.109375,20200600,129.28125,20200300,129.109375,20200600
2020-01-15 16:00:00,129.125,20200600,129.3125,20200300,129.125,20200600
2020-01-15 17:00:00,,20200600,129.28125,20200300,,20200600
2020-01-15 18:00:00,,20200600,129.3125,20200300,,20200600
2020-01-15 19:00:00,129.15625,20200600,129.34375,20200300,129.15625,20200600
2020-01-15 20:00:00,,20200600,129.40625,20200300,,20200600
2020-01-15 21:00:00,129.203125,20200600,129.375,20200300,129.203125,20200600
2020-01-15 23:00:00,129.046875,20200600,129.21875,20200300,129.046875,20200600
2020-01-16 00:00:00,,20200600,129.3125,20200300,,20200600
2020-01-16 01:00:00,,20200600,129.328125,20200300,,20200600
2020-01-16 02:00:00,,20200600,129.328125,20200300,,20200600
2020-01-16 03:00:00,,20200600,129.3125,20200300,,20200600
2020-01-16 04:00:00,,20200600,129.328125,20200300,,20200600
2020-01-16 07:00:00,,20200600,129.296875,20200300,,20200600
2020-01-16 08:00:00,,20200600,129.296875,20200300,,20200600
2020-01-16 09:00:00,,20200600,129.328125,20200300,,20200600
2020-01-16 10:00:00,,20200600,129.328125,20200300,,20200600
2020-01-16 11:00:00,129.15625,20200600,129.34375,20200300,129.15625,20200600
2020-01-16 12:00:00,129.203125,20200600,129.40625,20200300,129.203125,20200600
2020-01-16 13:00:00,129.046875,20200600,129.25,20200300,129.046875,20200600
2020-01-16 14:00:00,129.0,20200600,129.234375,20200300,129.0,20200600
2020-01-16 15:00:00,129.09375,20200600,129.203125,20200300,129.09375,20200600
2020-01-16 16:00:00,128.90625,20200600,129.125,20200300,128.90625,20200600
2020-01-16 17:00:00,,20200600,129.109375,20200300,,20200600
2020-01-16 18:00:00,128.9375,20200600,129.125,20200300,128.9375,20200600
2020-01-16 19:00:00,,20200600,129.15625,20200300,,20200600
2020-01-16 20:00:00,129.015625,20200600,129.171875,20200300,129.015625,20200600
2020-01-16 21:00:00,128.953125,20200600,129.140625,20200300,128.953125,20200600
2020-01-16 23:00:00,128.90625,20200600,129.28125,20200300,128.90625,20200600
2020-01-17 00:00:00,,20200600,129.09375,20200300,,20200600
2020-01-17 01:00:00,128.953125,20200600,129.109375,20200300,128.953125,20200600
2020-01-17 02:00:00,,20200600,129.09375,20200300,,20200600
2020-01-17 03:00:00,,20200600,129.109375,20200300,,20200600
2020-01-17 04:00:00,,20200600,129.140625,20200300,,20200600
2020-01-17 07:00:00,,20200600,129.109375,20200300,,20200600
2020-01-17 08:00:00,,20200600,129.125,20200300,,20200600
2020-01-17 09:00:00,,20200600,129.15625,20200300,,20200600
2020-01-17 10:00:00,,20200600,129.15625,20200300,,20200600
2020-01-17 11:00:00,128.984375,20200600,129.15625,20200300,128.984375,20200600
2020-01-17 12:00:00,129.046875,20200600,129.21875,20200300,129.046875,20200600
2020-01-17 13:00:00,128.84375,20200600,129.015625,20200300,128.84375,20200600
2020-01-17 14:00:00,128.84375,20200600,129.03125,20200300,128.84375,20200600
2020-01-17 15:00:00,128.8125,20200600,129.0,20200300,128.8125,20200600
2020-01-17 16:00:00,128.890625,20200600,129.078125,20200300,128.890625,20200600
2020-01-17 17:00:00,128.90625,20200600,129.125,20200300,128.90625,20200600
2020-01-17 18:00:00,,20200600,129.078125,20200300,,20200600
2020-01-17 19:00:00,128.875,20200600,129.046875,20200300,128.875,20200600
2020-01-17 20:00:00,,20200600,129.109375,20200300,,20200600
2020-01-17 21:00:00,,20200600,129.140625,20200300,,20200600
2020-01-17 23:00:00,128.921875,20200600,129.109375,20200300,128.921875,20200600
2020-01-19 23:00:00,128.9375,20200600,129.15625,20200300,128.9375,20200600
2020-01-20 00:00:00,,20200600,129.125,20200300,,20200600
2020-01-20 01:00:00,,20200600,129.140625,20200300,,20200600
2020-01-20 02:00:00,,20200600,129.15625,20200300,,20200600
2020-01-20 03:00:00,,20200600,129.171875,20200300,,20200600
2020-01-20 04:00:00,,20200600,129.15625,20200300,,20200600
2020-01-20 07:00:00,,20200600,129.15625,20200300,,20200600
2020-01-20 08:00:00,,20200600,129.171875,20200300,,20200600
2020-01-20 09:00:00,,20200600,129.140625,20200300,,20200600
2020-01-20 10:00:00,,20200600,129.140625,20200300,,20200600
2020-01-20 11:00:00,,20200600,129.125,20200300,,20200600
2020-01-20 12:00:00,,20200600,129.125,20200300,,20200600
2020-01-20 13:00:00,,20200600,129.125,20200300,,20200600
2020-01-20 14:00:00,,20200600,129.1875,20200300,,20200600
2020-01-20 15:00:00,,20200600,129.15625,20200300,,20200600
2020-01-20 16:00:00,128.96875,20200600,129.15625,20200300,128.96875,20200600
2020-01-20 17:00:00,,20200600,129.125,20200300,,20200600
2020-01-20 23:00:00,128.953125,20200600,129.171875,20200300,128.953125,20200600
2020-01-21 00:00:00,,20200600,129.15625,20200300,,20200600
2020-01-21 01:00:00,129.171875,20200600,129.375,20200300,129.171875,20200600
2020-01-21 02:00:00,129.265625,20200600,129.421875,20200300,129.265625,20200600
2020-01-21 03:00:00,129.265625,20200600,129.390625,20200300,129.265625,20200600
2020-01-21 04:00:00,129.125,20200600,129.375,20200300,129.125,20200600
2020-01-21 07:00:00,,20200600,129.3125,20200300,,20200600
2020-01-21 08:00:00,,20200600,129.375,20200300,,20200600
2020-01-21 09:00:00,,20200600,129.359375,20200300,,20200600
2020-01-21 10:00:00,,20200600,129.3125,20200300,,20200600
2020-01-21 11:00:00,,20200600,129.28125,20200300,,20200600
2020-01-21 12:00:00,,20200600,129.34375,20200300,,20200600
2020-01-21 13:00:00,129.234375,20200600,129.453125,20200300,129.234375,20200600
2020-01-21 14:00:00,129.21875,20200600,129.46875,20200300,129.21875,20200600
2020-01-21 15:00:00,129.359375,20200600,129.5625,20200300,129.359375,20200600
2020-01-21 16:00:00,129.3125,20200600,129.484375,20200300,129.3125,20200600
2020-01-21 17:00:00,129.3125,20200600,129.515625,20200300,129.3125,20200600
2020-01-21 18:00:00,129.421875,20200600,129.59375,20200300,129.421875,20200600
2020-01-21 19:00:00,129.40625,20200600,129.59375,20200300,129.40625,20200600
2020-01-21 20:00:00,129.390625,20200600,129.5625,20200300,129.390625,20200600
2020-01-21 21:00:00,129.359375,20200600,129.546875,20200300,129.359375,20200600
2020-01-21 23:00:00,129.3125,20200600,129.421875,20200300,129.3125,20200600
2020-01-22 00:00:00,,20200600,129.453125,20200300,,20200600
2020-01-22 01:00:00,129.3125,20200600,129.5,20200300,129.3125,20200600
2020-01-22 02:00:00,129.234375,20200600,129.40625,20200300,129.234375,20200600
2020-01-22 03:00:00,,20200600,129.421875,20200300,,20200600
2020-01-22 04:00:00,129.21875,20200600,129.421875,20200300,129.21875,20200600
2020-01-22 07:00:00,,20200600,129.4375,20200300,,20200600
2020-01-22 08:00:00,,20200600,129.484375,20200300,,20200600
2020-01-22 09:00:00,129.3125,20200600,129.5,20200300,129.3125,20200600
2020-01-22 10:00:00,129.390625,20200600,129.5625,20200300,129.390625,20200600
2020-01-22 11:00:00,129.421875,20200600,129.53125,20200300,129.421875,20200600
2020-01-22 12:00:00,129.328125,20200600,129.5,20200300,129.328125,20200600
2020-01-22 13:00:00,129.296875,20200600,129.46875,20200300,129.296875,20200600
2020-01-22 14:00:00,129.390625,20200600,129.59375,20200300,129.390625,20200600
2020-01-22 15:00:00,129.390625,20200600,129.578125,20200300,129.390625,20200600
2020-01-22 16:00:00,129.34375,20200600,129.515625,20200300,129.34375,20200600
2020-01-22 17:00:00,129.375,20200600,129.5625,20200300,129.375,20200600
2020-01-22 18:00:00,129.390625,20200600,129.546875,20200300,129.390625,20200600
2020-01-22 19:00:00,,20200600,129.546875,20200300,,20200600
2020-01-22 20:00:00,129.375,20200600,129.5625,20200300,129.375,20200600
2020-01-22 21:00:00,129.390625,20200600,129.53125,20200300,129.390625,20200600
2020-01-22 23:00:00,129.546875,20200600,129.40625,20200300,129.546875,20200600
2020-01-23 00:00:00,,20200600,129.609375,20200300,,20200600
2020-01-23 01:00:00,129.484375,20200600,129.65625,20200300,129.484375,20200600
2020-01-23 02:00:00,129.484375,20200600,129.671875,20200300,129.484375,20200600
2020-01-23 03:00:00,,20200600,129.6875,20200300,,20200600
2020-01-23 04:00:00,,20200600,129.6875,20200300,,20200600
2020-01-23 07:00:00,129.546875,20200600,129.703125,20200300,129.546875,20200600
2020-01-23 08:00:00,129.640625,20200600,129.796875,20200300,129.640625,20200600
2020-01-23 09:00:00,129.578125,20200600,129.78125,20200300,129.578125,20200600
2020-01-23 10:00:00,,20200600,129.75,20200300,,20200600
2020-01-23 11:00:00,129.546875,20200600,129.671875,20200300,129.546875,20200600
2020-01-23 12:00:00,129.5,20200600,129.703125,20200300,129.5,20200600
2020-01-23 13:00:00,129.640625,20200600,129.796875,20200300,129.640625,20200600
2020-01-23 14:00:00,129.78125,20200600,129.890625,20200300,129.78125,20200600
2020-01-23 15:00:00,129.703125,20200600,129.921875,20200300,129.703125,20200600
2020-01-23 16:00:00,129.8125,20200600,129.9375,20200300,129.8125,20200600
2020-01-23 17:00:00,129.765625,20200600,129.953125,20200300,129.765625,20200600
2020-01-23 18:00:00,129.6875,20200600,129.78125,20200300,129.6875,20200600
2020-01-23 19:00:00,129.609375,20200600,129.796875,20200300,129.609375,20200600
2020-01-23 20:00:00,129.65625,20200600,129.828125,20200300,129.65625,20200600
2020-01-23 21:00:00,,20200600,129.828125,20200300,,20200600
2020-01-23 23:00:00,129.65625,20200600,129.734375,20200300,129.65625,20200600
2020-01-24 00:00:00,,20200600,129.765625,20200300,,20200600
2020-01-24 01:00:00,,20200600,129.8125,20200300,,20200600
2020-01-24 02:00:00,,20200600,129.8125,20200300,,20200600
2020-01-24 03:00:00,,20200600,129.8125,20200300,,20200600
2020-01-24 04:00:00,,20200600,129.75,20200300,,20200600
2020-01-24 07:00:00,,20200600,129.703125,20200300,,20200600
2020-01-24 08:00:00,129.5,20200600,129.671875,20200300,129.5,20200600
2020-01-24 09:00:00,129.546875,20200600,129.828125,20200300,129.546875,20200600
2020-01-24 10:00:00,129.671875,20200600,129.828125,20200300,129.671875,20200600
2020-01-24 11:00:00,,20200600,129.703125,20200300,,20200600
2020-01-24 12:00:00,129.609375,20200600,129.796875,20200300,129.609375,20200600
2020-01-24 13:00:00,129.703125,20200600,129.90625,20200300,129.703125,20200600
2020-01-24 14:00:00,129.8125,20200600,129.984375,20200300,129.8125,20200600
2020-01-24 15:00:00,129.953125,20200600,130.09375,20200300,129.953125,20200600
2020-01-24 16:00:00,130.015625,20200600,130.171875,20200300,130.015625,20200600
2020-01-24 17:00:00,130.0625,20200600,130.171875,20200300,130.0625,20200600
2020-01-24 18:00:00,130.09375,20200600,130.25,20200300,130.09375,20200600
2020-01-24 19:00:00,130.109375,20200600,130.265625,20200300,130.109375,20200600
2020-01-24 20:00:00,130.03125,20200600,130.203125,20200300,130.03125,20200600
2020-01-24 21:00:00,130.109375,20200600,130.21875,20200300,130.109375,20200600
2020-01-24 23:00:00,130.078125,20200600,129.765625,20200300,130.078125,20200600
2020-01-26 23:00:00,130.59375,20200600,130.734375,20200300,130.59375,20200600
2020-01-27 00:00:00,130.46875,20200600,130.609375,20200300,130.46875,20200600
2020-01-27 01:00:00,130.5,20200600,130.640625,20200300,130.5,20200600
2020-01-27 02:00:00,130.546875,20200600,130.71875,20200300,130.546875,20200600
2020-01-27 03:00:00,130.5,20200600,130.640625,20200300,130.5,20200600
2020-01-27 04:00:00,130.484375,20200600,130.625,20200300,130.484375,20200600
2020-01-27 07:00:00,130.46875,20200600,130.609375,20200300,130.46875,20200600
2020-01-27 08:00:00,130.453125,20200600,130.6875,20200300,130.453125,20200600
2020-01-27 09:00:00,130.65625,20200600,130.796875,20200300,130.65625,20200600
2020-01-27 10:00:00,130.734375,20200600,130.90625,20200300,130.734375,20200600
2020-01-27 11:00:00,130.703125,20200600,130.828125,20200300,130.703125,20200600
2020-01-27 12:00:00,130.671875,20200600,130.828125,20200300,130.671875,20200600
2020-01-27 13:00:00,130.625,20200600,130.765625,20200300,130.625,20200600
2020-01-27 14:00:00,130.640625,20200600,130.796875,20200300,130.640625,20200600
2020-01-27 15:00:00,130.75,20200600,130.859375,20200300,130.75,20200600
2020-01-27 16:00:00,130.734375,20200600,130.875,20200300,130.734375,20200600
2020-01-27 17:00:00,130.671875,20200600,130.859375,20200300,130.671875,20200600
2020-01-27 18:00:00,130.671875,20200600,130.859375,20200300,130.671875,20200600
2020-01-27 19:00:00,130.71875,20200600,130.875,20200300,130.71875,20200600
2020-01-27 20:00:00,130.765625,20200600,130.921875,20200300,130.765625,20200600
2020-01-27 21:00:00,130.65625,20200600,130.84375,20200300,130.65625,20200600
2020-01-27 23:00:00,130.484375,20200600,130.609375,20200300,130.484375,20200600
2020-01-28 00:00:00,130.671875,20200600,130.890625,20200300,130.671875,20200600
2020-01-28 01:00:00,130.75,20200600,130.890625,20200300,130.75,20200600
2020-01-28 02:00:00,130.75,20200600,130.90625,20200300,130.75,20200600
2020-01-28 03:00:00,,20200600,130.859375,20200300,,20200600
2020-01-28 04:00:00,130.671875,20200600,130.8125,20200300,130.671875,20200600
2020-01-28 07:00:00,130.625,20200600,130.796875,20200300,130.625,20200600
2020-01-28 08:00:00,130.734375,20200600,130.921875,20200300,130.734375,20200600
2020-01-28 09:00:00,130.953125,20200600,131.09375,20200300,130.953125,20200600
2020-01-28 10:00:00,130.84375,20200600,130.984375,20200300,130.84375,20200600
2020-01-28 11:00:00,130.90625,20200600,130.90625,20200300,130.90625,20200600
2020-01-28 12:00:00,130.53125,20200600,130.703125,20200300,130.53125,20200600
2020-01-28 13:00:00,130.625,20200600,130.765625,20200300,130.625,20200600
2020-01-28 14:00:00,130.640625,20200600,130.78125,20200300,130.640625,20200600
2020-01-28 15:00:00,130.4375,20200600,130.59375,20200300,130.4375,20200600
2020-01-28 16:00:00,130.4375,20200600,130.515625,20200300,130.4375,20200600
2020-01-28 17:00:00,130.4375,20200600,130.5625,20200300,130.4375,20200600
2020-01-28 18:00:00,130.46875,20200600,130.578125,20200300,130.46875,20200600
2020-01-28 19:00:00,130.4375,20200600,130.625,20200300,130.4375,20200600
2020-01-28 20:00:00,130.484375,20200600,130.578125,20200300,130.484375,20200600
2020-01-28 21:00:00,130.3125,20200600,130.5,20200300,130.3125,20200600
2020-01-28 23:00:00,130.640625,20200600,130.796875,20200300,130.640625,20200600
2020-01-29 00:00:00,130.4375,20200600,130.5625,20200300,130.4375,20200600
2020-01-29 01:00:00,130.296875,20200600,130.5,20200300,130.296875,20200600
2020-01-29 02:00:00,,20200600,130.484375,20200300,,20200600
2020-01-29 03:00:00,,20200600,130.46875,20200300,,20200600
2020-01-29 04:00:00,130.34375,20200600,130.5,20200300,130.34375,20200600
2020-01-29 07:00:00,,20200600,130.640625,20200300,,20200600
2020-01-29 08:00:00,130.5625,20200600,130.71875,20200300,130.5625,20200600
2020-01-29 09:00:00,130.6875,20200600,130.828125,20200300,130.6875,20200600
2020-01-29 10:00:00,130.671875,20200600,130.71875,20200300,130.671875,20200600
2020-01-29 11:00:00,130.625,20200600,130.765625,20200300,130.625,20200600
2020-01-29 12:00:00,130.5625,20200600,130.71875,20200300,130.5625,20200600
2020-01-29 13:00:00,130.640625,20200600,130.78125,20200300,130.640625,20200600
2020-01-29 14:00:00,130.75,20200600,130.875,20200300,130.75,20200600
2020-01-29 15:00:00,130.640625,20200600,130.796875,20200300,130.640625,20200600
2020-01-29 16:00:00,130.703125,20200600,130.84375,20200300,130.703125,20200600
2020-01-29 17:00:00,130.6875,20200600,130.8125,20200300,130.6875,20200600
2020-01-29 18:00:00,130.703125,20200600,130.84375,20200300,130.703125,20200600
2020-01-29 19:00:00,130.875,20200600,131.015625,20200300,130.875,20200600
2020-01-29 20:00:00,130.90625,20200600,131.0625,20200300,130.90625,20200600
2020-01-29 21:00:00,130.9375,20200600,131.09375,20200300,130.9375,20200600
2020-01-29 23:00:00,130.46875,20200600,130.625,20200300,130.46875,20200600
2020-01-30 00:00:00,131.015625,20200600,131.15625,20200300,131.015625,20200600
2020-01-30 01:00:00,131.015625,20200600,131.125,20200300,131.015625,20200600
2020-01-30 02:00:00,131.078125,20200600,131.234375,20200300,131.078125,20200600
2020-01-30 03:00:00,131.15625,20200600,131.296875,20200300,131.15625,20200600
2020-01-30 04:00:00,131.125,20200600,131.25,20200300,131.125,20200600
2020-01-30 07:00:00,131.234375,20200600,131.3125,20200300,131.234375,20200600
2020-01-30 08:00:00,131.1875,20200600,131.234375,20200300,131.1875,20200600
2020-01-30 09:00:00,131.109375,20200600,131.234375,20200300,131.109375,20200600
2020-01-30 10:00:00,131.125,20200600,131.265625,20200300,131.125,20200600
2020-01-30 11:00:00,131.140625,20200600,131.3125,20200300,131.140625,20200600
2020-01-30 12:00:00,131.203125,20200600,131.34375,20200300,131.203125,20200600
2020-01-30 13:00:00,131.0625,20200600,131.171875,20200300,131.0625,20200600
2020-01-30 14:00:00,131.09375,20200600,131.21875,20200300,131.09375,20200600
2020-01-30 15:00:00,131.3125,20200600,131.453125,20200300,131.3125,20200600
2020-01-30 16:00:00,131.1875,20200600,131.328125,20200300,131.1875,20200600
2020-01-30 17:00:00,131.375,20200600,131.5,20200300,131.375,20200600
2020-01-30 18:00:00,131.3125,20200600,131.484375,20200300,131.3125,20200600
2020-01-30 19:00:00,131.28125,20200600,131.359375,20200300,131.28125,20200600
2020-01-30 20:00:00,131.078125,20200600,131.15625,20200300,131.078125,20200600
2020-01-30 21:00:00,130.90625,20200600,131.0625,20200300,130.90625,20200600
2020-01-30 23:00:00,131.09375,20200600,131.234375,20200300,131.09375,20200600
2020-01-31 00:00:00,130.90625,20200600,131.046875,20200300,130.90625,20200600
2020-01-31 01:00:00,130.9375,20200600,131.09375,20200300,130.9375,20200600
2020-01-31 02:00:00,130.890625,20200600,131.046875,20200300,130.890625,20200600
2020-01-31 03:00:00,,20200600,131.046875,20200300,,20200600
2020-01-31 04:00:00,,20200600,131.015625,20200300,,20200600
2020-01-31 07:00:00,131.0,20200600,131.140625,20200300,131.0,20200600
2020-01-31 08:00:00,131.0625,20200600,131.1875,20200300,131.0625,20200600
2020-01-31 09:00:00,131.09375,20200600,131.234375,20200300,131.09375,20200600
2020-01-31 10:00:00,131.15625,20200600,131.28125,20200300,131.15625,20200600
2020-01-31 11:00:00,131.15625,20200600,131.296875,20200300,131.15625,20200600
2020-01-31 12:00:00,131.109375,20200600,131.25,20200300,131.109375,20200600
2020-01-31 13:00:00,131.234375,20200600,131.359375,20200300,131.234375,20200600
2020-01-31 14:00:00,131.34375,20200600,131.46875,20200300,131.34375,20200600
2020-01-31 15:00:00,131.40625,20200600,131.53125,20200300,131.40625,20200600
2020-01-31 16:00:00,131.328125,20200600,131.453125,20200300,131.328125,20200600
2020-01-31 17:00:00,131.421875,20200600,131.53125,20200300,131.421875,20200600
2020-01-31 18:00:00,131.46875,20200600,131.546875,20200300,131.46875,20200600
2020-01-31 19:00:00,131.546875,20200600,131.6875,20200300,131.546875,20200600
2020-01-31 20:00:00,131.609375,20200600,131.734375,20200300,131.609375,20200600
2020-01-31 21:00:00,131.625,20200600,131.765625,20200300,131.625,20200600
2020-01-31 23:00:00,130.921875,20200600,131.0625,20200300,130.921875,20200600
2020-02-02 23:00:00,131.59375,20200600,131.71875,20200300,131.59375,20200600
2020-02-03 00:00:00,131.421875,20200600,131.5625,20200300,131.421875,20200600
2020-02-03 01:00:00,131.453125,20200600,131.53125,20200300,131.453125,20200600
2020-02-03 02:00:00,,20200600,131.640625,20200300,,20200600
2020-02-03 03:00:00,131.53125,20200600,131.578125,20200300,131.53125,20200600
2020-02-03 04:00:00,131.484375,20200600,131.609375,20200300,131.484375,20200600
2020-02-03 07:00:00,131.28125,20200600,131.5,20200300,131.28125,20200600
2020-02-03 08:00:00,131.328125,20200600,131.453125,20200300,131.328125,20200600
2020-02-03 09:00:00,131.34375,20200600,131.546875,20200300,131.34375,20200600
2020-02-03 10:00:00,131.421875,20200600,131.59375,20200300,131.421875,20200600
2020-02-03 11:00:00,131.3125,20200600,131.421875,20200300,131.3125,20200600
2020-02-03 12:00:00,131.328125,20200600,131.453125,20200300,131.328125,20200600
2020-02-03 13:00:00,131.3125,20200600,131.4375,20200300,131.3125,20200600
2020-02-03 14:00:00,131.21875,20200600,131.375,20200300,131.21875,20200600
2020-02-03 15:00:00,131.15625,20200600,131.296875,20200300,131.15625,20200600
2020-02-03 16:00:00,131.484375,20200600,131.53125,20200300,131.484375,20200600
2020-02-03 17:00:00,131.359375,20200600,131.453125,20200300,131.359375,20200600
2020-02-03 18:00:00,131.421875,20200600,131.515625,20200300,131.421875,20200600
2020-02-03 19:00:00,131.453125,20200600,131.59375,20200300,131.453125,20200600
2020-02-03 20:00:00,131.40625,20200600,131.5625,20200300,131.40625,20200600
2020-02-03 21:00:00,131.359375,20200600,131.5,20200300,131.359375,20200600
2020-02-03 23:00:00,131.484375,20200600,131.609375,20200300,131.484375,20200600
2020-02-04 00:00:00,131.453125,20200600,131.546875,20200300,131.453125,20200600
2020-02-04 01:00:00,131.25,20200600,131.375,20200300,131.25,20200600
2020-02-04 02:00:00,,20200600,131.40625,20200300,,20200600
2020-02-04 03:00:00,,20200600,131.390625,20200300,,20200600
2020-02-04 04:00:00,131.21875,20200600,131.375,20200300,131.21875,20200600
2020-02-04 07:00:00,131.109375,20200600,131.234375,20200300,131.109375,20200600
2020-02-04 08:00:00,131.015625,20200600,131.125,20200300,131.015625,20200600
2020-02-04 09:00:00,130.9375,20200600,131.09375,20200300,130.9375,20200600
2020-02-04 10:00:00,130.96875,20200600,131.171875,20200300,130.96875,20200600
2020-02-04 11:00:00,130.984375,20200600,131.125,20200300,130.984375,20200600
2020-02-04 12:00:00,130.921875,20200600,131.046875,20200300,130.921875,20200600
2020-02-04 13:00:00,130.875,20200600,130.9375,20200300,130.875,20200600
2020-02-04 14:00:00,130.78125,20200600,130.890625,20200300,130.78125,20200600
2020-02-04 15:00:00,130.765625,20200600,130.921875,20200300,130.765625,20200600
2020-02-04 16:00:00,130.75,20200600,130.875,20200300,130.75,20200600
2020-02-04 17:00:00,130.71875,20200600,130.84375,20200300,130.71875,20200600
2020-02-04 18:00:00,130.71875,20200600,130.84375,20200300,130.71875,20200600
2020-02-04 19:00:00,130.765625,20200600,130.90625,20200300,130.765625,20200600
2020-02-04 20:00:00,130.8125,20200600,130.96875,20200300,130.8125,20200600
2020-02-04 21:00:00,130.765625,20200600,130.921875,20200300,130.765625,20200600
2020-02-04 23:00:00,131.09375,20200600,131.203125,20200300,131.09375,20200600
2020-02-05 00:00:00,130.765625,20200600,130.953125,20200300,130.765625,20200600
2020-02-05 01:00:00,130.78125,20200600,130.90625,20200300,130.78125,20200600
2020-02-05 02:00:00,130.828125,20200600,130.96875,20200300,130.828125,20200600
2020-02-05 03:00:00,130.890625,20200600,131.015625,20200300,130.890625,20200600
2020-02-05 04:00:00,130.859375,20200600,130.984375,20200300,130.859375,20200600
2020-02-05 07:00:00,130.953125,20200600,131.09375,20200300,130.953125,20200600
2020-02-05 08:00:00,130.671875,20200600,130.828125,20200300,130.671875,20200600
2020-02-05 09:00:00,130.4375,20200600,130.59375,20200300,130.4375,20200600
2020-02-05 10:00:00,130.53125,20200600,130.609375,20200300,130.53125,20200600
2020-02-05 11:00:00,130.546875,20200600,130.703125,20200300,130.546875,20200600
2020-02-05 12:00:00,130.4375,20200600,130.609375,20200300,130.4375,20200600
2020-02-05 13:00:00,130.328125,20200600,130.484375,20200300,130.328125,20200600
2020-02-05 14:00:00,130.40625,20200600,130.546875,20200300,130.40625,20200600
2020-02-05 15:00:00,130.4375,20200600,130.578125,20200300,130.4375,20200600
2020-02-05 16:00:00,130.40625,20200600,130.5625,20200300,130.40625,20200600
2020-02-05 17:00:00,130.40625,20200600,130.546875,20200300,130.40625,20200600
2020-02-05 18:00:00,130.4375,20200600,130.5625,20200300,130.4375,20200600
2020-02-05 19:00:00,130.390625,20200600,130.5625,20200300,130.390625,20200600
2020-02-05 20:00:00,130.375,20200600,130.515625,20200300,130.375,20200600
2020-02-05 21:00:00,130.390625,20200600,130.53125,20200300,130.390625,20200600
2020-02-05 23:00:00,130.921875,20200600,131.046875,20200300,130.921875,20200600
2020-02-06 00:00:00,130.34375,20200600,130.5625,20200300,130.34375,20200600
2020-02-06 01:00:00,130.359375,20200600,130.546875,20200300,130.359375,20200600
2020-02-06 02:00:00,130.359375,20200600,130.5,20200300,130.359375,20200600
2020-02-06 03:00:00,130.359375,20200600,130.515625,20200300,130.359375,20200600
2020-02-06 04:00:00,130.125,20200600,130.296875,20200300,130.125,20200600
2020-02-06 07:00:00,130.25,20200600,130.421875,20200300,130.25,20200600
2020-02-06 08:00:00,130.203125,20200600,130.375,20200300,130.203125,20200600
2020-02-06 09:00:00,130.359375,20200600,130.515625,20200300,130.359375,20200600
2020-02-06 10:00:00,130.453125,20200600,130.625,20200300,130.453125,20200600
2020-02-06 11:00:00,130.421875,20200600,130.546875,20200300,130.421875,20200600
2020-02-06 12:00:00,130.421875,20200600,130.609375,20200300,130.421875,20200600
2020-02-06 13:00:00,130.265625,20200600,130.4375,20200300,130.265625,20200600
2020-02-06 14:00:00,130.296875,20200600,130.390625,20200300,130.296875,20200600
2020-02-06 15:00:00,130.296875,20200600,130.46875,20200300,130.296875,20200600
2020-02-06 16:00:00,130.4375,20200600,130.578125,20200300,130.4375,20200600
2020-02-06 17:00:00,130.40625,20200600,130.5625,20200300,130.40625,20200600
2020-02-06 18:00:00,130.390625,20200600,130.515625,20200300,130.390625,20200600
2020-02-06 19:00:00,130.40625,20200600,130.5625,20200300,130.40625,20200600
2020-02-06 20:00:00,130.40625,20200600,130.5625,20200300,130.40625,20200600
2020-02-06 21:00:00,130.40625,20200600,130.5625,20200300,130.40625,20200600
2020-02-06 23:00:00,130.171875,20200600,130.4375,20200300,130.171875,20200600
2020-02-07 00:00:00,130.546875,20200600,130.65625,20200300,130.546875,20200600
2020-02-07 01:00:00,130.46875,20200600,130.65625,20200300,130.46875,20200600
2020-02-07 02:00:00,130.5,20200600,130.6875,20200300,130.5,20200600
2020-02-07 03:00:00,,20200600,130.65625,20200300,,20200600
2020-02-07 04:00:00,,20200600,130.6875,20200300,,20200600
2020-02-07 07:00:00,130.6875,20200600,130.8125,20200300,130.6875,20200600
2020-02-07 08:00:00,130.65625,20200600,130.78125,20200300,130.65625,20200600
2020-02-07 09:00:00,130.703125,20200600,130.8125,20200300,130.703125,20200600
2020-02-07 10:00:00,130.75,20200600,130.921875,20200300,130.75,20200600
2020-02-07 11:00:00,130.6875,20200600,130.828125,20200300,130.6875,20200600
2020-02-07 12:00:00,130.59375,20200600,130.734375,20200300,130.59375,20200600
2020-02-07 13:00:00,130.703125,20200600,130.875,20200300,130.703125,20200600
2020-02-07 14:00:00,130.890625,20200600,131.046875,20200300,130.890625,20200600
2020-02-07 15:00:00,130.796875,20200600,130.921875,20200300,130.796875,20200600
2020-02-07 16:00:00,130.875,20200600,130.984375,20200300,130.875,20200600
2020-02-07 17:00:00,130.8125,20200600,130.96875,20200300,130.8125,20200600
2020-02-07 18:00:00,130.9375,20200600,131.0625,20200300,130.9375,20200600
2020-02-07 19:00:00,130.953125,20200600,131.0625,20200300,130.953125,20200600
2020-02-07 20:00:00,130.890625,20200600,131.015625,20200300,130.890625,20200600
2020-02-07 21:00:00,130.875,20200600,131.0,20200300,130.875,20200600
2020-02-07 23:00:00,130.546875,20200600,130.671875,20200300,130.546875,20200600
2020-02-09 23:00:00,131.09375,20200600,131.234375,20200300,131.09375,20200600
2020-02-10 00:00:00,131.015625,20200600,131.15625,20200300,131.015625,20200600
2020-02-10 01:00:00,131.0,20200600,131.046875,20200300,131.0,20200600
2020-02-10 02:00:00,130.765625,20200600,130.9375,20200300,130.765625,20200600
2020-02-10 03:00:00,,20200600,131.0,20200300,,20200600
2020-02-10 04:00:00,130.875,20200600,131.03125,20200300,130.875,20200600
2020-02-10 07:00:00,130.8125,20200600,130.984375,20200300,130.8125,20200600
2020-02-10 08:00:00,130.96875,20200600,131.109375,20200300,130.96875,20200600
2020-02-10 09:00:00,131.015625,20200600,131.140625,20200300,131.015625,20200600
2020-02-10 10:00:00,131.0,20200600,131.09375,20200300,131.0,20200600
2020-02-10 11:00:00,,20200600,131.109375,20200300,,20200600
2020-02-10 12:00:00,130.984375,20200600,131.15625,20200300,130.984375,20200600
2020-02-10 13:00:00,131.046875,20200600,131.203125,20200300,131.046875,20200600
2020-02-10 14:00:00,131.015625,20200600,131.125,20200300,131.015625,20200600
2020-02-10 15:00:00,131.109375,20200600,131.21875,20200300,131.109375,20200600
2020-02-10 16:00:00,131.125,20200600,131.25,20200300,131.125,20200600
2020-02-10 17:00:00,131.234375,20200600,131.359375,20200300,131.234375,20200600
2020-02-10 18:00:00,131.234375,20200600,131.34375,20200300,131.234375,20200600
2020-02-10 19:00:00,131.234375,20200600,131.359375,20200300,131.234375,20200600
2020-02-10 20:00:00,131.125,20200600,131.234375,20200300,131.125,20200600
2020-02-10 21:00:00,131.0,20200600,131.140625,20200300,131.0,20200600
2020-02-10 23:00:00,130.8125,20200600,130.9375,20200300,130.8125,20200600
2020-02-11 00:00:00,131.0,20200600,131.109375,20200300,131.0,20200600
2020-02-11 01:00:00,130.953125,20200600,131.078125,20200300,130.953125,20200600
2020-02-11 02:00:00,130.9375,20200600,131.078125,20200300,130.9375,20200600
2020-02-11 03:00:00,130.9375,20200600,131.078125,20200300,130.9375,20200600
2020-02-11 04:00:00,130.953125,20200600,131.0625,20200300,130.953125,20200600
2020-02-11 07:00:00,130.96875,20200600,130.984375,20200300,130.96875,20200600
2020-02-11 08:00:00,130.859375,20200600,131.0,20200300,130.859375,20200600
2020-02-11 09:00:00,130.859375,20200600,131.0,20200300,130.859375,20200600
2020-02-11 10:00:00,130.828125,20200600,130.96875,20200300,130.828125,20200600
2020-02-11 11:00:00,130.84375,20200600,130.96875,20200300,130.84375,20200600
2020-02-11 12:00:00,130.828125,20200600,130.96875,20200300,130.828125,20200600
2020-02-11 13:00:00,130.953125,20200600,131.046875,20200300,130.953125,20200600
2020-02-11 14:00:00,130.875,20200600,131.0,20200300,130.875,20200600
2020-02-11 15:00:00,130.828125,20200600,130.953125,20200300,130.828125,20200600
2020-02-11 16:00:00,130.921875,20200600,131.03125,20200300,130.921875,20200600
2020-02-11 17:00:00,130.828125,20200600,130.953125,20200300,130.828125,20200600
2020-02-11 18:00:00,130.875,20200600,131.0,20200300,130.875,20200600
2020-02-11 19:00:00,130.859375,20200600,130.984375,20200300,130.859375,20200600
2020-02-11 20:00:00,130.828125,20200600,130.96875,20200300,130.828125,20200600
2020-02-11 21:00:00,130.765625,20200600,130.890625,20200300,130.765625,20200600
2020-02-11 23:00:00,130.921875,20200600,131.03125,20200300,130.921875,20200600
2020-02-12 00:00:00,130.71875,20200600,130.890625,20200300,130.71875,20200600
2020-02-12 01:00:00,130.65625,20200600,130.796875,20200300,130.65625,20200600
2020-02-12 02:00:00,130.640625,20200600,130.78125,20200300,130.640625,20200600
2020-02-12 03:00:00,130.640625,20200600,130.78125,20200300,130.640625,20200600
2020-02-12 04:00:00,130.625,20200600,130.765625,20200300,130.625,20200600
2020-02-12 07:00:00,130.59375,20200600,130.734375,20200300,130.59375,20200600
2020-02-12 08:00:00,130.53125,20200600,130.671875,20200300,130.53125,20200600
2020-02-12 09:00:00,130.625,20200600,130.734375,20200300,130.625,20200600
2020-02-12 10:00:00,130.71875,20200600,130.8125,20200300,130.71875,20200600
2020-02-12 11:00:00,130.671875,20200600,130.8125,20200300,130.671875,20200600
2020-02-12 12:00:00,130.609375,20200600,130.71875,20200300,130.609375,20200600
2020-02-12 13:00:00,130.609375,20200600,130.75,20200300,130.609375,20200600
2020-02-12 14:00:00,130.578125,20200600,130.703125,20200300,130.578125,20200600
2020-02-12 15:00:00,130.546875,20200600,130.6875,20200300,130.546875,20200600
2020-02-12 16:00:00,130.5625,20200600,130.703125,20200300,130.5625,20200600
2020-02-12 17:00:00,130.578125,20200600,130.71875,20200300,130.578125,20200600
2020-02-12 18:00:00,130.609375,20200600,130.734375,20200300,130.609375,20200600
2020-02-12 19:00:00,130.5625,20200600,130.703125,20200300,130.5625,20200600
2020-02-12 20:00:00,130.5625,20200600,130.703125,20200300,130.5625,20200600
2020-02-12 21:00:00,130.515625,20200600,130.640625,20200300,130.515625,20200600
2020-02-12 23:00:00,130.671875,20200600,130.796875,20200300,130.671875,20200600
2020-02-13 00:00:00,130.75,20200600,130.859375,20200300,130.75,20200600
2020-02-13 01:00:00,130.671875,20200600,130.8125,20200300,130.671875,20200600
2020-02-13 02:00:00,130.6875,20200600,130.828125,20200300,130.6875,20200600
2020-02-13 03:00:00,130.71875,20200600,130.859375,20200300,130.71875,20200600
2020-02-13 04:00:00,130.765625,20200600,130.890625,20200300,130.765625,20200600
2020-02-13 07:00:00,130.921875,20200600,131.078125,20200300,130.921875,20200600
2020-02-13 08:00:00,130.859375,20200600,131.015625,20200300,130.859375,20200600
2020-02-13 09:00:00,130.953125,20200600,131.078125,20200300,130.953125,20200600
2020-02-13 10:00:00,130.890625,20200600,131.015625,20200300,130.890625,20200600
2020-02-13 11:00:00,130.84375,20200600,131.0,20200300,130.84375,20200600
2020-02-13 12:00:00,130.796875,20200600,130.90625,20200300,130.796875,20200600
2020-02-13 13:00:00,130.703125,20200600,130.875,20200300,130.703125,20200600
2020-02-13 14:00:00,130.6875,20200600,130.8125,20200300,130.6875,20200600
2020-02-13 15:00:00,130.65625,20200600,130.796875,20200300,130.65625,20200600
2020-02-13 16:00:00,130.625,20200600,130.75,20200300,130.625,20200600
2020-02-13 17:00:00,130.671875,20200600,130.796875,20200300,130.671875,20200600
2020-02-13 18:00:00,130.671875,20200600,130.8125,20200300,130.671875,20200600
2020-02-13 19:00:00,130.625,20200600,130.765625,20200300,130.625,20200600
2020-02-13 20:00:00,130.671875,20200600,130.78125,20200300,130.671875,20200600
2020-02-13 21:00:00,130.578125,20200600,130.734375,20200300,130.578125,20200600
2020-02-13 23:00:00,130.84375,20200600,130.984375,20200300,130.84375,20200600
2020-02-14 00:00:00,130.75,20200600,130.84375,20200300,130.75,20200600
2020-02-14 01:00:00,130.6875,20200600,130.84375,20200300,130.6875,20200600
2020-02-14 02:00:00,130.703125,20200600,130.828125,20200300,130.703125,20200600
2020-02-14 03:00:00,130.6875,20200600,130.84375,20200300,130.6875,20200600
2020-02-14 04:00:00,,20200600,130.828125,20200300,,20200600
2020-02-14 07:00:00,130.640625,20200600,130.8125,20200300,130.640625,20200600
2020-02-14 08:00:00,130.71875,20200600,130.875,20200300,130.71875,20200600
2020-02-14 09:00:00,130.828125,20200600,130.96875,20200300,130.828125,20200600
2020-02-14 10:00:00,130.78125,20200600,130.890625,20200300,130.78125,20200600
2020-02-14 11:00:00,130.796875,20200600,130.9375,20200300,130.796875,20200600
2020-02-14 12:00:00,130.78125,20200600,130.90625,20200300,130.78125,20200600
2020-02-14 13:00:00,130.921875,20200600,131.046875,20200300,130.921875,20200600
2020-02-14 14:00:00,130.96875,20200600,131.09375,20200300,130.96875,20200600
2020-02-14 15:00:00,130.953125,20200600,131.078125,20200300,130.953125,20200600
2020-02-14 16:00:00,130.859375,20200600,131.0,20200300,130.859375,20200600
2020-02-14 17:00:00,130.9375,20200600,131.0625,20200300,130.9375,20200600
2020-02-14 18:00:00,130.953125,20200600,131.0625,20200300,130.953125,20200600
2020-02-14 19:00:00,130.875,20200600,130.984375,20200300,130.875,20200600
2020-02-14 20:00:00,130.84375,20200600,130.96875,20200300,130.84375,20200600
2020-02-14 21:00:00,130.859375,20200600,130.984375,20200300,130.859375,20200600
2020-02-14 23:00:00,130.71875,20200600,130.859375,20200300,130.71875,20200600
2020-02-16 23:00:00,130.765625,20200600,130.90625,20200300,130.765625,20200600
2020-02-17 00:00:00,130.84375,20200600,130.96875,20200300,130.84375,20200600
2020-02-17 01:00:00,130.78125,20200600,130.90625,20200300,130.78125,20200600
2020-02-17 02:00:00,,20200600,130.875,20200300,,20200600
2020-02-17 03:00:00,,20200600,130.90625,20200300,,20200600
2020-02-17 04:00:00,130.78125,20200600,130.90625,20200300,130.78125,20200600
2020-02-17 07:00:00,130.78125,20200600,130.84375,20200300,130.78125,20200600
2020-02-17 08:00:00,130.859375,20200600,130.984375,20200300,130.859375,20200600
2020-02-17 09:00:00,130.875,20200600,130.984375,20200300,130.875,20200600
2020-02-17 10:00:00,130.859375,20200600,131.0,20200300,130.859375,20200600
2020-02-17 11:00:00,130.890625,20200600,130.984375,20200300,130.890625,20200600
2020-02-17 12:00:00,130.875,20200600,130.984375,20200300,130.875,20200600
2020-02-17 13:00:00,130.875,20200600,131.0,20200300,130.875,20200600
2020-02-17 14:00:00,130.875,20200600,130.96875,20200300,130.875,20200600
2020-02-17 15:00:00,130.84375,20200600,130.953125,20200300,130.84375,20200600
2020-02-17 16:00:00,130.859375,20200600,130.96875,20200300,130.859375,20200600
2020-02-17 17:00:00,130.875,20200600,130.984375,20200300,130.875,20200600
2020-02-17 23:00:00,130.75,20200600,130.90625,20200300,130.75,20200600
2020-02-18 00:00:00,131.046875,20200600,131.15625,20200300,131.046875,20200600
2020-02-18 01:00:00,131.09375,20200600,131.1875,20200300,131.09375,20200600
2020-02-18 02:00:00,131.203125,20200600,131.3125,20200300,131.203125,20200600
2020-02-18 03:00:00,131.1875,20200600,131.296875,20200300,131.1875,20200600
2020-02-18 04:00:00,131.140625,20200600,131.25,20200300,131.140625,20200600
2020-02-18 07:00:00,131.234375,20200600,131.359375,20200300,131.234375,20200600
2020-02-18 08:00:00,131.1875,20200600,131.296875,20200300,131.1875,20200600
2020-02-18 09:00:00,131.234375,20200600,131.34375,20200300,131.234375,20200600
2020-02-18 10:00:00,131.203125,20200600,131.328125,20200300,131.203125,20200600
2020-02-18 11:00:00,131.25,20200600,131.359375,20200300,131.25,20200600
2020-02-18 12:00:00,131.1875,20200600,131.3125,20200300,131.1875,20200600
2020-02-18 13:00:00,131.140625,20200600,131.25,20200300,131.140625,20200600
2020-02-18 14:00:00,131.046875,20200600,131.15625,20200300,131.046875,20200600
2020-02-18 15:00:00,131.1875,20200600,131.296875,20200300,131.1875,20200600
2020-02-18 16:00:00,131.21875,20200600,131.328125,20200300,131.21875,20200600
2020-02-18 17:00:00,131.15625,20200600,131.265625,20200300,131.15625,20200600
2020-02-18 18:00:00,131.15625,20200600,131.265625,20200300,131.15625,20200600
2020-02-18 19:00:00,131.09375,20200600,131.21875,20200300,131.09375,20200600
2020-02-18 20:00:00,131.09375,20200600,131.203125,20200300,131.09375,20200600
2020-02-18 21:00:00,131.0625,20200600,131.171875,20200300,131.0625,20200600
2020-02-18 23:00:00,131.140625,20200600,131.234375,20200300,131.140625,20200600
2020-02-19 00:00:00,131.0,20200600,131.125,20200300,131.0,20200600
2020-02-19 01:00:00,131.046875,20200600,131.171875,20200300,131.046875,20200600
2020-02-19 02:00:00,131.03125,20200600,131.15625,20200300,131.03125,20200600
2020-02-19 03:00:00,130.984375,20200600,131.109375,20200300,130.984375,20200600
2020-02-19 04:00:00,130.984375,20200600,131.109375,20200300,130.984375,20200600
2020-02-19 07:00:00,130.9375,20200600,131.0625,20200300,130.9375,20200600
2020-02-19 08:00:00,131.03125,20200600,131.15625,20200300,131.03125,20200600
2020-02-19 09:00:00,131.09375,20200600,131.21875,20200300,131.09375,20200600
2020-02-19 10:00:00,131.109375,20200600,131.21875,20200300,131.109375,20200600
2020-02-19 11:00:00,131.046875,20200600,131.171875,20200300,131.046875,20200600
2020-02-19 12:00:00,130.96875,20200600,131.09375,20200300,130.96875,20200600
2020-02-19 13:00:00,130.890625,20200600,131.015625,20200300,130.890625,20200600
2020-02-19 14:00:00,130.9375,20200600,131.046875,20200300,130.9375,20200600
2020-02-19 15:00:00,130.984375,20200600,131.125,20200300,130.984375,20200600
2020-02-19 16:00:00,131.0,20200600,131.109375,20200300,131.0,20200600
2020-02-19 17:00:00,130.984375,20200600,131.109375,20200300,130.984375,20200600
2020-02-19 18:00:00,131.0,20200600,131.125,20200300,131.0,20200600
2020-02-19 19:00:00,130.953125,20200600,131.078125,20200300,130.953125,20200600
2020-02-19 20:00:00,131.015625,20200600,131.140625,20200300,131.015625,20200600
2020-02-19 21:00:00,130.984375,20200600,131.078125,20200300,130.984375,20200600
2020-02-19 23:00:00,131.015625,20200600,131.140625,20200300,131.015625,20200600
2020-02-20 00:00:00,130.84375,20200600,130.984375,20200300,130.84375,20200600
2020-02-20 01:00:00,130.96875,20200600,131.09375,20200300,130.96875,20200600
2020-02-20 02:00:00,131.0,20200600,131.125,20200300,131.0,20200600
2020-02-20 03:00:00,131.109375,20200600,131.21875,20200300,131.109375,20200600
2020-02-20 04:00:00,131.078125,20200600,131.203125,20200300,131.078125,20200600
2020-02-20 07:00:00,131.03125,20200600,131.140625,20200300,131.03125,20200600
2020-02-20 08:00:00,131.078125,20200600,131.1875,20200300,131.078125,20200600
2020-02-20 09:00:00,131.078125,20200600,131.1875,20200300,131.078125,20200600
2020-02-20 10:00:00,131.09375,20200600,131.203125,20200300,131.09375,20200600
2020-02-20 11:00:00,131.203125,20200600,131.328125,20200300,131.203125,20200600
2020-02-20 12:00:00,131.1875,20200600,131.296875,20200300,131.1875,20200600
2020-02-20 13:00:00,131.1875,20200600,131.296875,20200300,131.1875,20200600
2020-02-20 14:00:00,131.21875,20200600,131.34375,20200300,131.21875,20200600
2020-02-20 15:00:00,131.265625,20200600,131.375,20200300,131.265625,20200600
2020-02-20 16:00:00,131.40625,20200600,131.515625,20200300,131.40625,20200600
2020-02-20 17:00:00,131.328125,20200600,131.4375,20200300,131.328125,20200600
2020-02-20 18:00:00,131.328125,20200600,131.453125,20200300,131.328125,20200600
2020-02-20 19:00:00,131.3125,20200600,131.421875,20200300,131.3125,20200600
2020-02-20 20:00:00,131.328125,20200600,131.4375,20200300,131.328125,20200600
2020-02-20 21:00:00,131.359375,20200600,131.484375,20200300,131.359375,20200600
2020-02-20 23:00:00,131.015625,20200600,131.125,20200300,131.015625,20200600
2020-02-21 00:00:00,131.34375,20200600,131.4375,20200300,131.34375,20200600
2020-02-21 01:00:00,131.4375,20200600,131.5625,20200300,131.4375,20200600
2020-02-21 02:00:00,131.5,20200600,131.59375,20200300,131.5,20200600
2020-02-21 03:00:00,131.5,20200600,131.625,20200300,131.5,20200600
2020-02-21 04:00:00,131.546875,20200600,131.65625,20200300,131.546875,20200600
2020-02-21 07:00:00,131.625,20200600,131.734375,20200300,131.625,20200600
2020-02-21 08:00:00,131.640625,20200600,131.75,20200300,131.640625,20200600
2020-02-21 09:00:00,131.6875,20200600,131.78125,20200300,131.6875,20200600
2020-02-21 10:00:00,131.59375,20200600,131.6875,20200300,131.59375,20200600
2020-02-21 11:00:00,131.578125,20200600,131.703125,20200300,131.578125,20200600
2020-02-21 12:00:00,131.59375,20200600,131.6875,20200300,131.59375,20200600
2020-02-21 13:00:00,131.65625,20200600,131.765625,20200300,131.65625,20200600
2020-02-21 14:00:00,131.78125,20200600,131.890625,20200300,131.78125,20200600
2020-02-21 15:00:00,131.859375,20200600,131.953125,20200300,131.859375,20200600
2020-02-21 16:00:00,131.71875,20200600,131.828125,20200300,131.71875,20200600
2020-02-21 17:00:00,131.734375,20200600,131.859375,20200300,131.734375,20200600
2020-02-21 18:00:00,131.78125,20200600,131.90625,20200300,131.78125,20200600
2020-02-21 19:00:00,131.75,20200600,131.890625,20200300,131.75,20200600
2020-02-21 20:00:00,131.765625,20200600,131.875,20200300,131.765625,20200600
2020-02-21 21:00:00,131.71875,20200600,131.828125,20200300,131.71875,20200600
2020-02-21 23:00:00,131.5625,20200600,131.671875,20200300,131.5625,20200600
2020-02-23 23:00:00,132.109375,20200600,132.203125,20200300,132.109375,20200600
2020-02-24 00:00:00,132.078125,20200600,132.203125,20200300,132.078125,20200600
2020-02-24 01:00:00,132.078125,20200600,132.1875,20200300,132.078125,20200600
2020-02-24 02:00:00,,20200900,132.171875,20200600,,20200900
2020-02-24 03:00:00,,20200900,132.140625,20200600,,20200900
2020-02-24 04:00:00,,20200900,132.09375,20200600,,20200900
2020-02-24 07:00:00,,20200900,132.25,20200600,,20200900
2020-02-24 08:00:00,,20200900,132.421875,20200600,,20200900
2020-02-24 09:00:00,,20200900,132.40625,20200600,,20200900
2020-02-24 10:00:00,,20200900,132.46875,20200600,,20200900
2020-02-24 11:00:00,,20200900,132.390625,20200600,,20200900
2020-02-24 12:00:00,,20200900,132.40625,20200600,,20200900
2020-02-24 13:00:00,,20200900,132.5,20200600,,20200900
2020-02-24 14:00:00,,20200900,132.609375,20200600,,20200900
2020-02-24 15:00:00,,20200900,132.640625,20200600,,20200900
2020-02-24 16:00:00,,20200900,132.640625,20200600,,20200900
2020-02-24 17:00:00,,20200900,132.734375,20200600,,20200900
2020-02-24 18:00:00,,20200900,132.6875,20200600,,20200900
2020-02-24 19:00:00,,20200900,132.578125,20200600,,20200900
2020-02-24 20:00:00,,20200900,132.65625,20200600,,20200900
2020-02-24 21:00:00,,20200900,132.640625,20200600,,20200900
2020-02-24 23:00:00,132.140625,20200900,132.15625,20200600,132.140625,20200900
2020-02-25 00:00:00,,20200900,132.390625,20200600,,20200900
2020-02-25 01:00:00,,20200900,132.359375,20200600,,20200900
2020-02-25 02:00:00,,20200900,132.390625,20200600,,20200900
2020-02-25 03:00:00,,20200900,132.390625,20200600,,20200900
2020-02-25 04:00:00,,20200900,132.40625,20200600,,20200900
2020-02-25 07:00:00,,20200900,132.375,20200600,,20200900
2020-02-25 08:00:00,,20200900,132.625,20200600,,20200900
2020-02-25 09:00:00,,20200900,132.6875,20200600,,20200900
2020-02-25 10:00:00,,20200900,132.75,20200600,,20200900
2020-02-25 11:00:00,,20200900,132.65625,20200600,,20200900
2020-02-25 12:00:00,,20200900,132.5625,20200600,,20200900
2020-02-25 13:00:00,,20200900,132.671875,20200600,,20200900
2020-02-25 14:00:00,,20200900,132.796875,20200600,,20200900
2020-02-25 15:00:00,,20200900,133.015625,20200600,,20200900
2020-02-25 16:00:00,,20200900,132.953125,20200600,,20200900
2020-02-25 17:00:00,,20200900,133.09375,20200600,,20200900
2020-02-25 18:00:00,,20200900,133.140625,20200600,,20200900
2020-02-25 19:00:00,,20200900,133.0,20200600,,20200900
2020-02-25 20:00:00,,20200900,132.96875,20200600,,20200900
2020-02-25 21:00:00,,20200900,132.78125,20200600,,20200900
2020-02-25 23:00:00,132.59375,20200900,132.328125,20200600,132.59375,20200900
2020-02-26 00:00:00,,20200900,132.9375,20200600,,20200900
2020-02-26 01:00:00,,20200900,132.875,20200600,,20200900
2020-02-26 02:00:00,,20200900,132.71875,20200600,,20200900
2020-02-26 03:00:00,,20200900,132.65625,20200600,,20200900
2020-02-26 04:00:00,,20200900,132.6875,20200600,,20200900
2020-02-26 07:00:00,,20200900,132.765625,20200600,,20200900
2020-02-26 08:00:00,,20200900,133.03125,20200600,,20200900
2020-02-26 09:00:00,,20200900,132.953125,20200600,,20200900
2020-02-26 10:00:00,,20200900,132.859375,20200600,,20200900
2020-02-26 11:00:00,,20200900,132.75,20200600,,20200900
2020-02-26 12:00:00,,20200900,132.6875,20200600,,20200900
2020-02-26 13:00:00,,20200900,132.734375,20200600,,20200900
2020-02-26 14:00:00,,20200900,132.765625,20200600,,20200900
2020-02-26 15:00:00,,20200900,132.859375,20200600,,20200900
2020-02-26 16:00:00,,20200900,133.0,20200600,,20200900
2020-02-26 17:00:00,133.0,20200900,133.0,20200600,133.0,20200900
2020-02-26 18:00:00,,20200900,133.15625,20200600,,20200900
2020-02-26 19:00:00,,20200900,133.203125,20200600,,20200900
2020-02-26 20:00:00,,20200900,132.90625,20200600,,20200900
2020-02-26 21:00:00,,20200900,132.9375,20200600,,20200900
2020-02-26 23:00:00,133.0,20200900,132.84375,20200600,133.0,20200900
2020-02-27 00:00:00,,20200900,133.09375,20200600,,20200900
2020-02-27 01:00:00,,20200900,133.15625,20200600,,20200900
2020-02-27 02:00:00,,20200900,133.265625,20200600,,20200900
2020-02-27 03:00:00,,20200900,133.234375,20200600,,20200900
2020-02-27 04:00:00,,20200900,133.359375,20200600,,20200900
2020-02-27 07:00:00,,20200900,133.25,20200600,,20200900
2020-02-27 08:00:00,,20200900,133.25,20200600,,20200900
2020-02-27 09:00:00,,20200900,133.34375,20200600,,20200900
2020-02-27 10:00:00,,20200900,133.359375,20200600,,20200900
2020-02-27 11:00:00,,20200900,133.421875,20200600,,20200900
2020-02-27 12:00:00,,20200900,133.53125,20200600,,20200900
2020-02-27 13:00:00,,20200900,133.5,20200600,,20200900
2020-02-27 14:00:00,,20200900,133.578125,20200600,,20200900
2020-02-27 15:00:00,,20200900,133.53125,20200600,,20200900
2020-02-27 16:00:00,,20200900,133.375,20200600,,20200900
2020-02-27 17:00:00,,20200900,133.203125,20200600,,20200900
2020-02-27 18:00:00,,20200900,133.421875,20200600,,20200900
2020-02-27 19:00:00,,20200900,133.3125,20200600,,20200900
2020-02-27 20:00:00,,20200900,133.5,20200600,,20200900
2020-02-27 21:00:00,,20200900,133.640625,20200600,,20200900
2020-02-27 23:00:00,132.90625,20200900,133.234375,20200600,132.90625,20200900
2020-02-28 00:00:00,,20200900,133.515625,20200600,,20200900
2020-02-28 01:00:00,,20200900,133.609375,20200600,,20200900
2020-02-28 02:00:00,,20200900,133.65625,20200600,,20200900
2020-02-28 03:00:00,,20200900,133.6875,20200600,,20200900
2020-02-28 04:00:00,,20200900,133.75,20200600,,20200900
2020-02-28 07:00:00,,20200900,134.265625,20200600,,20200900
2020-02-28 08:00:00,,20200900,134.28125,20200600,,20200900
2020-02-28 09:00:00,,20200900,134.359375,20200600,,20200900
2020-02-28 10:00:00,,20200900,134.359375,20200600,,20200900
2020-02-28 11:00:00,,20200900,134.21875,20200600,,20200900
2020-02-28 12:00:00,,20200900,134.09375,20200600,,20200900
2020-02-28 13:00:00,,20200900,134.359375,20200600,,20200900
2020-02-28 14:00:00,,20200900,134.515625,20200600,,20200900
2020-02-28 15:00:00,,20200900,134.546875,20200600,,20200900
2020-02-28 16:00:00,,20200900,134.5625,20200600,,20200900
2020-02-28 17:00:00,,20200900,134.453125,20200600,,20200900
2020-02-28 18:00:00,,20200900,134.578125,20200600,,20200900
2020-02-28 19:00:00,,20200900,134.71875,20200600,,20200900
2020-02-28 20:00:00,,20200900,134.71875,20200600,,20200900
2020-02-28 21:00:00,,20200900,134.59375,20200600,,20200900
2020-02-28 23:00:00,134.328125,20200900,133.953125,20200600,134.328125,20200900
2020-03-01 23:00:00,,20200900,135.078125,20200600,,20200900
2020-03-02 00:00:00,,20200900,135.625,20200600,,20200900
2020-03-02 01:00:00,,20200900,135.34375,20200600,,20200900
2020-03-02 02:00:00,,20200900,135.0625,20200600,,20200900
2020-03-02 03:00:00,,20200900,135.15625,20200600,,20200900
2020-03-02 04:00:00,,20200900,135.359375,20200600,,20200900
2020-03-02 07:00:00,,20200900,134.734375,20200600,,20200900
2020-03-02 08:00:00,,20200900,135.15625,20200600,,20200900
2020-03-02 09:00:00,,20200900,135.171875,20200600,,20200900
2020-03-02 10:00:00,,20200900,135.40625,20200600,,20200900
2020-03-02 11:00:00,,20200900,135.625,20200600,,20200900
2020-03-02 12:00:00,,20200900,135.328125,20200600,,20200900
2020-03-02 13:00:00,,20200900,135.1875,20200600,,20200900
2020-03-02 14:00:00,,20200900,135.21875,20200600,,20200900
2020-03-02 15:00:00,,20200900,135.203125,20200600,,20200900
2020-03-02 16:00:00,,20200900,135.109375,20200600,,20200900
2020-03-02 17:00:00,,20200900,135.109375,20200600,,20200900
2020-03-02 18:00:00,,20200900,135.171875,20200600,,20200900
2020-03-02 19:00:00,,20200900,135.109375,20200600,,20200900
2020-03-02 20:00:00,,20200900,134.484375,20200600,,20200900
2020-03-02 21:00:00,,20200900,134.46875,20200600,,20200900
2020-03-02 23:00:00,134.6875,20200900,135.109375,20200600,134.6875,20200900
2020-03-03 00:00:00,,20200900,134.546875,20200600,,20200900
2020-03-03 01:00:00,,20200900,134.71875,20200600,,20200900
2020-03-03 02:00:00,,20200900,134.78125,20200600,,20200900
2020-03-03 03:00:00,,20200900,134.78125,20200600,,20200900
2020-03-03 04:00:00,,20200900,134.875,20200600,,20200900
2020-03-03 07:00:00,,20200900,134.671875,20200600,,20200900
2020-03-03 08:00:00,,20200900,134.640625,20200600,,20200900
2020-03-03 09:00:00,,20200900,134.546875,20200600,,20200900
2020-03-03 10:00:00,,20200900,134.5625,20200600,,20200900
2020-03-03 11:00:00,,20200900,134.71875,20200600,,20200900
2020-03-03 12:00:00,,20200900,134.78125,20200600,,20200900
2020-03-03 13:00:00,,20200900,134.859375,20200600,,20200900
2020-03-03 14:00:00,,20200900,134.953125,20200600,,20200900
2020-03-03 15:00:00,,20200900,135.265625,20200600,,20200900
2020-03-03 16:00:00,,20200900,135.546875,20200600,,20200900
2020-03-03 17:00:00,,20200900,135.578125,20200600,,20200900
2020-03-03 18:00:00,,20200900,136.25,20200600,,20200900
2020-03-03 19:00:00,,20200900,135.625,20200600,,20200900
2020-03-03 20:00:00,,20200900,135.875,20200600,,20200900
2020-03-03 21:00:00,,20200900,135.921875,20200600,,20200900
2020-03-03 23:00:00,135.328125,20200900,134.75,20200600,135.328125,20200900
2020-03-04 00:00:00,,20200900,136.078125,20200600,,20200900
2020-03-04 01:00:00,,20200900,136.265625,20200600,,20200900
2020-03-04 02:00:00,,20200900,136.21875,20200600,,20200900
2020-03-04 03:00:00,,20200900,136.109375,20200600,,20200900
2020-03-04 04:00:00,,20200900,136.203125,20200600,,20200900
2020-03-04 07:00:00,,20200900,136.140625,20200600,,20200900
2020-03-04 08:00:00,,20200900,136.296875,20200600,,20200900
2020-03-04 09:00:00,,20200900,136.328125,20200600,,20200900
2020-03-04 10:00:00,,20200900,136.265625,20200600,,20200900
2020-03-04 11:00:00,,20200900,136.09375,20200600,,20200900
2020-03-04 12:00:00,,20200900,135.890625,20200600,,20200900
2020-03-04 13:00:00,,20200900,135.875,20200600,,20200900
2020-03-04 14:00:00,,20200900,136.3125,20200600,,20200900
2020-03-04 15:00:00,,20200900,136.234375,20200600,,20200900
2020-03-04 16:00:00,,20200900,136.21875,20200600,,20200900
2020-03-04 17:00:00,,20200900,136.015625,20200600,,20200900
2020-03-04 18:00:00,,20200900,136.0,20200600,,20200900
2020-03-04 19:00:00,,20200900,136.03125,20200600,,20200900
2020-03-04 20:00:00,,20200900,135.6875,20200600,,20200900
2020-03-04 21:00:00,,20200900,135.484375,20200600,,20200900
2020-03-04 23:00:00,135.578125,20200900,136.25,20200600,135.578125,20200900
2020-03-05 00:00:00,,20200900,135.71875,20200600,,20200900
2020-03-05 01:00:00,,20200900,135.765625,20200600,,20200900
2020-03-05 02:00:00,,20200900,135.78125,20200600,,20200900
2020-03-05 03:00:00,,20200900,135.859375,20200600,,20200900
2020-03-05 04:00:00,,20200900,135.859375,20200600,,20200900
2020-03-05 07:00:00,,20200900,135.765625,20200600,,20200900
2020-03-05 08:00:00,,20200900,135.90625,20200600,,20200900
2020-03-05 09:00:00,,20200900,136.0625,20200600,,20200900
2020-03-05 10:00:00,,20200900,136.25,20200600,,20200900
2020-03-05 11:00:00,,20200900,136.09375,20200600,,20200900
2020-03-05 12:00:00,,20200900,136.25,20200600,,20200900
2020-03-05 13:00:00,,20200900,136.375,20200600,,20200900
2020-03-05 14:00:00,,20200900,136.53125,20200600,,20200900
2020-03-05 15:00:00,,20200900,136.546875,20200600,,20200900
2020-03-05 16:00:00,,20200900,136.546875,20200600,,20200900
2020-03-05 17:00:00,,20200900,136.65625,20200600,,20200900
2020-03-05 18:00:00,,20200900,136.46875,20200600,,20200900
2020-03-05 19:00:00,,20200900,136.53125,20200600,,20200900
2020-03-05 20:00:00,,20200900,136.546875,20200600,,20200900
2020-03-05 21:00:00,,20200900,136.53125,20200600,,20200900
2020-03-05 23:00:00,136.109375,20200900,135.828125,20200600,136.109375,20200900
2020-03-06 00:00:00,,20200900,136.796875,20200600,,20200900
2020-03-06 01:00:00,,20200900,137.21875,20200600,,20200900
2020-03-06 02:00:00,,20200900,137.234375,20200600,,20200900
2020-03-06 03:00:00,,20200900,137.40625,20200600,,20200900
2020-03-06 04:00:00,,20200900,137.359375,20200600,,20200900
2020-03-06 07:00:00,,20200900,137.34375,20200600,,20200900
2020-03-06 08:00:00,,20200900,137.640625,20200600,,20200900
2020-03-06 09:00:00,,20200900,137.859375,20200600,,20200900
2020-03-06 10:00:00,,20200900,137.59375,20200600,,20200900
2020-03-06 11:00:00,,20200900,137.484375,20200600,,20200900
2020-03-06 12:00:00,,20200900,137.875,20200600,,20200900
2020-03-06 13:00:00,,20200900,137.8125,20200600,,20200900
2020-03-06 14:00:00,,20200900,138.09375,20200600,,20200900
2020-03-06 15:00:00,,20200900,137.546875,20200600,,20200900
2020-03-06 16:00:00,,20200900,137.71875,20200600,,20200900
2020-03-06 17:00:00,,20200900,137.546875,20200600,,20200900
2020-03-06 18:00:00,,20200900,137.5,20200600,,20200900
2020-03-06 19:00:00,,20200900,137.96875,20200600,,20200900
2020-03-06 20:00:00,,20200900,137.515625,20200600,,20200900
2020-03-06 21:00:00,,20200900,137.515625,20200600,,20200900
2020-03-06 23:00:00,137.5,20200900,137.296875,20200600,137.5,20200900
2020-03-08 23:00:00,,20200900,139.3125,20200600,,20200900
2020-03-09 00:00:00,,20200900,139.578125,20200600,,20200900
2020-03-09 01:00:00,,20200900,139.328125,20200600,,20200900
2020-03-09 02:00:00,,20200900,139.890625,20200600,,20200900
2020-03-09 03:00:00,,20200900,139.703125,20200600,,20200900
2020-03-09 04:00:00,,20200900,139.515625,20200600,,20200900
2020-03-09 07:00:00,,20200900,139.765625,20200600,,20200900
2020-03-09 08:00:00,,20200900,140.078125,20200600,,20200900
2020-03-09 09:00:00,,20200900,139.515625,20200600,,20200900
2020-03-09 10:00:00,,20200900,139.703125,20200600,,20200900
2020-03-09 11:00:00,,20200900,140.046875,20200600,,20200900
2020-03-09 12:00:00,,20200900,140.40625,20200600,,20200900
2020-03-09 13:00:00,,20200900,140.421875,20200600,,20200900
2020-03-09 14:00:00,,20200900,139.765625,20200600,,20200900
2020-03-09 15:00:00,,20200900,139.578125,20200600,,20200900
2020-03-09 16:00:00,,20200900,138.890625,20200600,,20200900
2020-03-09 17:00:00,,20200900,139.28125,20200600,,20200900
2020-03-09 18:00:00,,20200900,139.359375,20200600,,20200900
2020-03-09 19:00:00,,20200900,139.5,20200600,,20200900
2020-03-09 20:00:00,,20200900,138.71875,20200600,,20200900
2020-03-09 21:00:00,,20200900,139.0,20200600,,20200900
2020-03-09 23:00:00,139.03125,20200900,139.359375,20200600,139.03125,20200900
2020-03-10 00:00:00,,20200900,138.390625,20200600,,20200900
2020-03-10 01:00:00,,20200900,137.703125,20200600,,20200900
2020-03-10 02:00:00,,20200900,138.21875,20200600,,20200900
2020-03-10 03:00:00,,20200900,138.0625,20200600,,20200900
2020-03-10 04:00:00,,20200900,137.796875,20200600,,20200900
2020-03-10 07:00:00,,20200900,137.65625,20200600,,20200900
2020-03-10 08:00:00,,20200900,137.890625,20200600,,20200900
2020-03-10 09:00:00,,20200900,137.578125,20200600,,20200900
2020-03-10 10:00:00,,20200900,137.234375,20200600,,20200900
2020-03-10 11:00:00,,20200900,137.3125,20200600,,20200900
2020-03-10 12:00:00,,20200900,137.59375,20200600,,20200900
2020-03-10 13:00:00,,20200900,138.15625,20200600,,20200900
2020-03-10 14:00:00,,20200900,138.109375,20200600,,20200900
2020-03-10 15:00:00,,20200900,138.5625,20200600,,20200900
2020-03-10 16:00:00,,20200900,138.609375,20200600,,20200900
2020-03-10 17:00:00,,20200900,138.25,20200600,,20200900
2020-03-10 18:00:00,,20200900,138.015625,20200600,,20200900
2020-03-10 19:00:00,,20200900,137.578125,20200600,,20200900
2020-03-10 20:00:00,,20200900,137.15625,20200600,,20200900
2020-03-10 21:00:00,,20200900,137.1875,20200600,,20200900
2020-03-10 23:00:00,137.203125,20200900,137.484375,20200600,137.203125,20200900
2020-03-11 00:00:00,,20200900,137.59375,20200600,,20200900
2020-03-11 01:00:00,,20200900,137.796875,20200600,,20200900
2020-03-11 02:00:00,,20200900,138.140625,20200600,,20200900
2020-03-11 03:00:00,,20200900,138.203125,20200600,,20200900
2020-03-11 04:00:00,,20200900,138.28125,20200600,,20200900
2020-03-11 07:00:00,,20200900,138.28125,20200600,,20200900
2020-03-11 08:00:00,,20200900,138.109375,20200600,,20200900
2020-03-11 09:00:00,,20200900,137.71875,20200600,,20200900
2020-03-11 10:00:00,,20200900,137.875,20200600,,20200900
2020-03-11 11:00:00,,20200900,137.953125,20200600,,20200900
2020-03-11 12:00:00,,20200900,137.890625,20200600,,20200900
2020-03-11 13:00:00,,20200900,138.15625,20200600,,20200900
2020-03-11 14:00:00,,20200900,138.171875,20200600,,20200900
2020-03-11 15:00:00,,20200900,137.890625,20200600,,20200900
2020-03-11 16:00:00,,20200900,137.703125,20200600,,20200900
2020-03-11 17:00:00,,20200900,137.484375,20200600,,20200900
2020-03-11 18:00:00,,20200900,137.734375,20200600,,20200900
2020-03-11 19:00:00,,20200900,137.375,20200600,,20200900
2020-03-11 20:00:00,,20200900,137.234375,20200600,,20200900
2020-03-11 21:00:00,,20200900,137.203125,20200600,,20200900
2020-03-11 23:00:00,136.96875,20200900,138.328125,20200600,136.96875,20200900
2020-03-12 00:00:00,,20200900,137.25,20200600,,20200900
2020-03-12 01:00:00,,20200900,137.375,20200600,,20200900
2020-03-12 02:00:00,,20200900,138.3125,20200600,,20200900
2020-03-12 03:00:00,,20200900,138.1875,20200600,,20200900
2020-03-12 04:00:00,,20200900,138.203125,20200600,,20200900
2020-03-12 07:00:00,,20200900,138.203125,20200600,,20200900
2020-03-12 08:00:00,,20200900,138.078125,20200600,,20200900
2020-03-12 09:00:00,,20200900,138.328125,20200600,,20200900
2020-03-12 10:00:00,,20200900,138.5625,20200600,,20200900
2020-03-12 11:00:00,,20200900,138.6875,20200600,,20200900
2020-03-12 12:00:00,,20200900,138.796875,20200600,,20200900
2020-03-12 13:00:00,,20200900,138.90625,20200600,,20200900
2020-03-12 14:00:00,,20200900,138.78125,20200600,,20200900
2020-03-12 15:00:00,,20200900,138.59375,20200600,,20200900
2020-03-12 16:00:00,,20200900,137.765625,20200600,,20200900
2020-03-12 17:00:00,,20200900,138.203125,20200600,,20200900
2020-03-12 18:00:00,,20200900,137.796875,20200600,,20200900
2020-03-12 19:00:00,,20200900,137.1875,20200600,,20200900
2020-03-12 20:00:00,,20200900,137.25,20200600,,20200900
2020-03-12 21:00:00,,20200900,138.015625,20200600,,20200900
2020-03-12 23:00:00,136.828125,20200900,138.015625,20200600,136.828125,20200900
2020-03-13 00:00:00,,20200900,138.015625,20200600,,20200900
2020-03-13 01:00:00,,20200900,138.390625,20200600,,20200900
2020-03-13 02:00:00,,20200900,138.203125,20200600,,20200900
2020-03-13 03:00:00,,20200900,138.1875,20200600,,20200900
2020-03-13 04:00:00,,20200900,138.09375,20200600,,20200900
2020-03-13 07:00:00,,20200900,137.75,20200600,,20200900
2020-03-13 08:00:00,,20200900,137.359375,20200600,,20200900
2020-03-13 09:00:00,,20200900,137.015625,20200600,,20200900
2020-03-13 10:00:00,,20200900,136.96875,20200600,,20200900
2020-03-13 11:00:00,,20200900,137.359375,20200600,,20200900
2020-03-13 12:00:00,,20200900,136.5,20200600,,20200900
2020-03-13 13:00:00,,20200900,136.5625,20200600,,20200900
2020-03-13 14:00:00,,20200900,136.546875,20200600,,20200900
2020-03-13 15:00:00,,20200900,136.828125,20200600,,20200900
2020-03-13 16:00:00,,20200900,136.921875,20200600,,20200900
2020-03-13 17:00:00,,20200900,136.828125,20200600,,20200900
2020-03-13 18:00:00,,20200900,136.75,20200600,,20200900
2020-03-13 19:00:00,,20200900,136.28125,20200600,,20200900
2020-03-13 20:00:00,,20200900,136.078125,20200600,,20200900
2020-03-13 21:00:00,,20200900,136.1875,20200600,,20200900
2020-03-13 23:00:00,135.859375,20200900,137.8125,20200600,135.859375,20200900
2020-03-15 23:00:00,,20200900,138.171875,20200600,,20200900
2020-03-16 00:00:00,,20200900,138.796875,20200600,,20200900
2020-03-16 01:00:00,,20200900,138.328125,20200600,,20200900
2020-03-16 02:00:00,,20200900,138.765625,20200600,,20200900
2020-03-16 03:00:00,,20200900,138.578125,20200600,,20200900
2020-03-16 04:00:00,,20200900,138.5625,20200600,,20200900
2020-03-16 07:00:00,,20200900,138.328125,20200600,,20200900
2020-03-16 08:00:00,,20200900,137.59375,20200600,,20200900
2020-03-16 09:00:00,,20200900,137.578125,20200600,,20200900
2020-03-16 10:00:00,,20200900,137.515625,20200600,,20200900
2020-03-16 11:00:00,,20200900,137.65625,20200600,,20200900
2020-03-16 12:00:00,,20200900,137.71875,20200600,,20200900
2020-03-16 13:00:00,,20200900,137.921875,20200600,,20200900
2020-03-16 14:00:00,,20200900,137.859375,20200600,,20200900
2020-03-16 15:00:00,,20200900,137.40625,20200600,,20200900
2020-03-16 16:00:00,,20200900,137.578125,20200600,,20200900
2020-03-16 17:00:00,,20200900,137.84375,20200600,,20200900
2020-03-16 18:00:00,,20200900,138.015625,20200600,,20200900
2020-03-16 19:00:00,,20200900,137.890625,20200600,,20200900
2020-03-16 20:00:00,,20200900,138.03125,20200600,,20200900
2020-03-16 21:00:00,,20200900,138.03125,20200600,,20200900
2020-03-16 23:00:00,137.546875,20200900,138.328125,20200600,137.546875,20200900
2020-03-17 00:00:00,,20200900,137.84375,20200600,,20200900
2020-03-17 01:00:00,,20200900,137.578125,20200600,,20200900
2020-03-17 02:00:00,,20200900,137.453125,20200600,,20200900
2020-03-17 03:00:00,,20200900,137.4375,20200600,,20200900
2020-03-17 04:00:00,,20200900,137.46875,20200600,,20200900
2020-03-17 07:00:00,,20200900,137.453125,20200600,,20200900
2020-03-17 08:00:00,,20200900,137.171875,20200600,,20200900
2020-03-17 09:00:00,,20200900,137.171875,20200600,,20200900
2020-03-17 10:00:00,,20200900,137.234375,20200600,,20200900
2020-03-17 11:00:00,,20200900,137.03125,20200600,,20200900
2020-03-17 12:00:00,,20200900,137.421875,20200600,,20200900
2020-03-17 13:00:00,,20200900,137.171875,20200600,,20200900
2020-03-17 14:00:00,,20200900,137.21875,20200600,,20200900
2020-03-17 15:00:00,,20200900,137.421875,20200600,,20200900
2020-03-17 16:00:00,,20200900,136.9375,20200600,,20200900
2020-03-17 17:00:00,,20200900,136.5625,20200600,,20200900
2020-03-17 18:00:00,,20200900,136.703125,20200600,,20200900
2020-03-17 19:00:00,,20200900,135.90625,20200600,,20200900
2020-03-17 20:00:00,,20200900,135.5625,20200600,,20200900
2020-03-17 21:00:00,,20200900,135.234375,20200600,,20200900
2020-03-17 23:00:00,135.515625,20200900,137.46875,20200600,135.515625,20200900
2020-03-18 00:00:00,,20200900,135.59375,20200600,,20200900
2020-03-18 01:00:00,,20200900,135.75,20200600,,20200900
2020-03-18 02:00:00,,20200900,135.921875,20200600,,20200900
2020-03-18 03:00:00,,20200900,135.78125,20200600,,20200900
2020-03-18 04:00:00,,20200900,135.796875,20200600,,20200900
2020-03-18 07:00:00,,20200900,135.515625,20200600,,20200900
2020-03-18 08:00:00,,20200900,134.9375,20200600,,20200900
2020-03-18 09:00:00,,20200900,134.484375,20200600,,20200900
2020-03-18 10:00:00,,20200900,134.453125,20200600,,20200900
2020-03-18 11:00:00,,20200900,134.703125,20200600,,20200900
2020-03-18 12:00:00,,20200900,135.28125,20200600,,20200900
2020-03-18 13:00:00,,20200900,134.9375,20200600,,20200900
2020-03-18 14:00:00,,20200900,135.265625,20200600,,20200900
2020-03-18 15:00:00,,20200900,135.25,20200600,,20200900
2020-03-18 16:00:00,,20200900,135.265625,20200600,,20200900
2020-03-18 17:00:00,,20200900,135.0625,20200600,,20200900
2020-03-18 18:00:00,,20200900,134.859375,20200600,,20200900
2020-03-18 19:00:00,,20200900,134.109375,20200600,,20200900
2020-03-18 20:00:00,,20200900,134.390625,20200600,,20200900
2020-03-18 21:00:00,,20200900,134.40625,20200600,,20200900
2020-03-18 23:00:00,133.703125,20200900,135.78125,20200600,133.703125,20200900
2020-03-19 00:00:00,,20200900,134.8125,20200600,,20200900
2020-03-19 01:00:00,,20200900,134.28125,20200600,,20200900
2020-03-19 02:00:00,,20200900,134.1875,20200600,,20200900
2020-03-19 03:00:00,,20200900,134.0625,20200600,,20200900
2020-03-19 04:00:00,,20200900,133.765625,20200600,,20200900
2020-03-19 07:00:00,,20200900,134.046875,20200600,,20200900
2020-03-19 08:00:00,,20200900,134.75,20200600,,20200900
2020-03-19 09:00:00,,20200900,134.609375,20200600,,20200900
2020-03-19 10:00:00,,20200900,134.46875,20200600,,20200900
2020-03-19 11:00:00,,20200900,134.796875,20200600,,20200900
2020-03-19 12:00:00,,20200900,135.09375,20200600,,20200900
2020-03-19 13:00:00,,20200900,135.140625,20200600,,20200900
2020-03-19 14:00:00,,20200900,135.171875,20200600,,20200900
2020-03-19 15:00:00,,20200900,135.390625,20200600,,20200900
2020-03-19 16:00:00,,20200900,135.109375,20200600,,20200900
2020-03-19 17:00:00,,20200900,135.21875,20200600,,20200900
2020-03-19 18:00:00,,20200900,135.8125,20200600,,20200900
2020-03-19 19:00:00,,20200900,135.140625,20200600,,20200900
2020-03-19 20:00:00,,20200900,134.71875,20200600,,20200900
2020-03-19 21:00:00,,20200900,135.078125,20200600,,20200900
2020-03-19 23:00:00,134.84375,20200900,133.875,20200600,134.84375,20200900
2020-03-20 00:00:00,,20200900,134.890625,20200600,,20200900
2020-03-20 01:00:00,,20200900,135.5,20200600,,20200900
2020-03-20 02:00:00,,20200900,135.46875,20200600,,20200900
2020-03-20 03:00:00,,20200900,135.484375,20200600,,20200900
2020-03-20 04:00:00,,20200900,135.53125,20200600,,20200900
2020-03-20 07:00:00,,20200900,135.4375,20200600,,20200900
2020-03-20 08:00:00,,20200900,135.828125,20200600,,20200900
2020-03-20 09:00:00,,20200900,135.671875,20200600,,20200900
2020-03-20 10:00:00,,20200900,135.609375,20200600,,20200900
2020-03-20 11:00:00,,20200900,136.1875,20200600,,20200900
2020-03-20 12:00:00,,20200900,136.1875,20200600,,20200900
2020-03-20 13:00:00,,20200900,136.21875,20200600,,20200900
2020-03-20 14:00:00,,20200900,136.140625,20200600,,20200900
2020-03-20 15:00:00,,20200900,136.1875,20200600,,20200900
2020-03-20 16:00:00,,20200900,136.484375,20200600,,20200900
2020-03-20 17:00:00,,20200900,136.59375,20200600,,20200900
2020-03-20 18:00:00,,20200900,136.71875,20200600,,20200900
2020-03-20 19:00:00,,20200900,136.6875,20200600,,20200900
2020-03-20 20:00:00,,20200900,136.96875,20200600,,20200900
2020-03-20 21:00:00,,20200900,137.390625,20200600,,20200900
2020-03-20 23:00:00,136.359375,20200900,135.609375,20200600,136.359375,20200900
2020-03-22 23:00:00,,20200900,137.859375,20200600,,20200900
2020-03-23 00:00:00,,20200900,137.859375,20200600,,20200900
2020-03-23 01:00:00,,20200900,137.671875,20200600,,20200900
2020-03-23 02:00:00,,20200900,137.65625,20200600,,20200900
2020-03-23 03:00:00,,20200900,137.59375,20200600,,20200900
2020-03-23 04:00:00,,20200900,137.484375,20200600,,20200900
2020-03-23 07:00:00,,20200900,137.5,20200600,,20200900
2020-03-23 08:00:00,,20200900,137.828125,20200600,,20200900
2020-03-23 09:00:00,,20200900,137.484375,20200600,,20200900
2020-03-23 10:00:00,,20200900,137.578125,20200600,,20200900
2020-03-23 11:00:00,,20200900,137.640625,20200600,,20200900
2020-03-23 12:00:00,,20200900,137.75,20200600,,20200900
2020-03-23 13:00:00,,20200900,137.78125,20200600,,20200900
2020-03-23 14:00:00,,20200900,138.3125,20200600,,20200900
2020-03-23 15:00:00,,20200900,138.375,20200600,,20200900
2020-03-23 16:00:00,,20200900,138.453125,20200600,,20200900
2020-03-23 17:00:00,,20200900,138.15625,20200600,,20200900
2020-03-23 18:00:00,,20200900,138.296875,20200600,,20200900
2020-03-23 19:00:00,,20200900,138.1875,20200600,,20200900
2020-03-23 20:00:00,,20200900,138.296875,20200600,,20200900
2020-03-23 21:00:00,,20200900,138.09375,20200600,,20200900
2020-03-23 23:00:00,137.828125,20200900,137.65625,20200600,137.828125,20200900
2020-03-24 00:00:00,,20200900,138.171875,20200600,,20200900
2020-03-24 01:00:00,,20200900,138.0,20200600,,20200900
2020-03-24 02:00:00,,20200900,137.875,20200600,,20200900
2020-03-24 03:00:00,,20200900,137.8125,20200600,,20200900
2020-03-24 04:00:00,,20200900,137.875,20200600,,20200900
2020-03-24 07:00:00,,20200900,137.703125,20200600,,20200900
2020-03-24 08:00:00,,20200900,137.671875,20200600,,20200900
2020-03-24 09:00:00,,20200900,137.859375,20200600,,20200900
2020-03-24 10:00:00,,20200900,137.828125,20200600,,20200900
2020-03-24 11:00:00,,20200900,137.875,20200600,,20200900
2020-03-24 12:00:00,,20200900,137.90625,20200600,,20200900
2020-03-24 13:00:00,,20200900,137.421875,20200600,,20200900
2020-03-24 14:00:00,,20200900,137.46875,20200600,,20200900
2020-03-24 15:00:00,,20200900,137.484375,20200600,,20200900
2020-03-24 16:00:00,,20200900,137.15625,20200600,,20200900
2020-03-24 17:00:00,,20200900,137.0625,20200600,,20200900
2020-03-24 18:00:00,,20200900,137.40625,20200600,,20200900
2020-03-24 19:00:00,,20200900,137.40625,20200600,,20200900
2020-03-24 20:00:00,,20200900,137.328125,20200600,,20200900
2020-03-24 21:00:00,,20200900,137.3125,20200600,,20200900
2020-03-24 23:00:00,137.078125,20200900,137.859375,20200600,137.078125,20200900
2020-03-25 00:00:00,,20200900,137.3125,20200600,,20200900
2020-03-25 01:00:00,,20200900,137.34375,20200600,,20200900
2020-03-25 02:00:00,,20200900,137.4375,20200600,,20200900
2020-03-25 03:00:00,,20200900,137.4375,20200600,,20200900
2020-03-25 04:00:00,,20200900,137.453125,20200600,,20200900
2020-03-25 07:00:00,,20200900,137.296875,20200600,,20200900
2020-03-25 08:00:00,,20200900,137.203125,20200600,,20200900
2020-03-25 09:00:00,,20200900,137.109375,20200600,,20200900
2020-03-25 10:00:00,,20200900,137.125,20200600,,20200900
2020-03-25 11:00:00,,20200900,137.375,20200600,,20200900
2020-03-25 12:00:00,,20200900,137.1875,20200600,,20200900
2020-03-25 13:00:00,,20200900,137.109375,20200600,,20200900
2020-03-25 14:00:00,,20200900,137.5,20200600,,20200900
2020-03-25 15:00:00,,20200900,137.609375,20200600,,20200900
2020-03-25 16:00:00,,20200900,137.46875,20200600,,20200900
2020-03-25 17:00:00,,20200900,137.34375,20200600,,20200900
2020-03-25 18:00:00,,20200900,137.578125,20200600,,20200900
2020-03-25 19:00:00,,20200900,137.359375,20200600,,20200900
2020-03-25 20:00:00,,20200900,137.359375,20200600,,20200900
2020-03-25 21:00:00,,20200900,137.21875,20200600,,20200900
2020-03-25 23:00:00,136.625,20200900,137.265625,20200600,136.625,20200900
2020-03-26 00:00:00,,20200900,137.5625,20200600,,20200900
2020-03-26 01:00:00,,20200900,137.59375,20200600,,20200900
2020-03-26 02:00:00,,20200900,137.71875,20200600,,20200900
2020-03-26 03:00:00,,20200900,137.734375,20200600,,20200900
2020-03-26 04:00:00,,20200900,137.71875,20200600,,20200900
2020-03-26 07:00:00,,20200900,137.53125,20200600,,20200900
2020-03-26 08:00:00,,20200900,137.65625,20200600,,20200900
2020-03-26 09:00:00,137.0,20200900,137.53125,20200600,137.0,20200900
2020-03-26 10:00:00,,20200900,137.515625,20200600,,20200900
2020-03-26 11:00:00,,20200900,137.46875,20200600,,20200900
2020-03-26 12:00:00,,20200900,137.703125,20200600,,20200900
2020-03-26 13:00:00,,20200900,137.65625,20200600,,20200900
2020-03-26 14:00:00,,20200900,137.546875,20200600,,20200900
2020-03-26 15:00:00,,20200900,137.75,20200600,,20200900
2020-03-26 16:00:00,,20200900,137.578125,20200600,,20200900
2020-03-26 17:00:00,,20200900,137.5625,20200600,,20200900
2020-03-26 18:00:00,,20200900,137.75,20200600,,20200900
2020-03-26 19:00:00,,20200900,137.71875,20200600,,20200900
2020-03-26 20:00:00,,20200900,137.5625,20200600,,20200900
2020-03-26 21:00:00,,20200900,137.34375,20200600,,20200900
2020-03-26 23:00:00,137.0,20200900,137.65625,20200600,137.0,20200900
2020-03-27 00:00:00,,20200900,137.453125,20200600,,20200900
2020-03-27 01:00:00,,20200900,137.59375,20200600,,20200900
2020-03-27 02:00:00,,20200900,137.625,20200600,,20200900
2020-03-27 03:00:00,,20200900,137.703125,20200600,,20200900
2020-03-27 04:00:00,,20200900,137.71875,20200600,,20200900
2020-03-27 07:00:00,,20200900,137.734375,20200600,,20200900
2020-03-27 08:00:00,,20200900,137.859375,20200600,,20200900
2020-03-27 09:00:00,,20200900,138.0,20200600,,20200900
2020-03-27 10:00:00,,20200900,138.09375,20200600,,20200900
2020-03-27 11:00:00,,20200900,138.1875,20200600,,20200900
2020-03-27 12:00:00,,20200900,138.125,20200600,,20200900
2020-03-27 13:00:00,,20200900,138.234375,20200600,,20200900
2020-03-27 14:00:00,,20200900,138.296875,20200600,,20200900
2020-03-27 15:00:00,,20200900,138.34375,20200600,,20200900
2020-03-27 16:00:00,,20200900,138.34375,20200600,,20200900
2020-03-27 17:00:00,,20200900,138.234375,20200600,,20200900
2020-03-27 18:00:00,,20200900,138.203125,20200600,,20200900
2020-03-27 19:00:00,,20200900,138.28125,20200600,,20200900
2020-03-27 20:00:00,138.0,20200900,138.578125,20200600,138.0,20200900
2020-03-27 21:00:00,138.6875,20200900,138.71875,20200600,138.6875,20200900
2020-03-27 23:00:00,138.6875,20200900,137.78125,20200600,138.6875,20200900
2020-03-29 23:00:00,,20200900,138.8125,20200600,,20200900
2020-03-30 00:00:00,,20200900,138.84375,20200600,,20200900
2020-03-30 01:00:00,,20200900,138.90625,20200600,,20200900
2020-03-30 02:00:00,,20200900,138.890625,20200600,,20200900
2020-03-30 03:00:00,,20200900,138.828125,20200600,,20200900
2020-03-30 04:00:00,,20200900,138.78125,20200600,,20200900
2020-03-30 07:00:00,,20200900,138.734375,20200600,,20200900
2020-03-30 08:00:00,,20200900,139.09375,20200600,,20200900
2020-03-30 09:00:00,,20200900,139.125,20200600,,20200900
2020-03-30 10:00:00,,20200900,139.125,20200600,,20200900
2020-03-30 11:00:00,,20200900,139.03125,20200600,,20200900
2020-03-30 12:00:00,,20200900,139.03125,20200600,,20200900
2020-03-30 13:00:00,,20200900,138.890625,20200600,,20200900
2020-03-30 14:00:00,,20200900,139.15625,20200600,,20200900
2020-03-30 15:00:00,,20200900,139.3125,20200600,,20200900
2020-03-30 16:00:00,,20200900,138.921875,20200600,,20200900
2020-03-30 17:00:00,,20200900,139.046875,20200600,,20200900
2020-03-30 18:00:00,,20200900,138.84375,20200600,,20200900
2020-03-30 19:00:00,,20200900,138.8125,20200600,,20200900
2020-03-30 20:00:00,,20200900,138.578125,20200600,,20200900
2020-03-30 21:00:00,,20200900,138.40625,20200600,,20200900
2020-03-30 23:00:00,138.453125,20200900,138.6875,20200600,138.453125,20200900
2020-03-31 00:00:00,,20200900,138.46875,20200600,,20200900
2020-03-31 01:00:00,,20200900,138.5,20200600,,20200900
2020-03-31 02:00:00,,20200900,138.578125,20200600,,20200900
2020-03-31 03:00:00,,20200900,138.5625,20200600,,20200900
2020-03-31 04:00:00,,20200900,138.546875,20200600,,20200900
2020-03-31 07:00:00,,20200900,138.703125,20200600,,20200900
2020-03-31 08:00:00,,20200900,138.59375,20200600,,20200900
2020-03-31 09:00:00,,20200900,138.5625,20200600,,20200900
2020-03-31 10:00:00,,20200900,138.71875,20200600,,20200900
2020-03-31 11:00:00,,20200900,138.71875,20200600,,20200900
2020-03-31 12:00:00,,20200900,138.796875,20200600,,20200900
2020-03-31 13:00:00,,20200900,138.625,20200600,,20200900
2020-03-31 14:00:00,,20200900,138.78125,20200600,,20200900
2020-03-31 15:00:00,,20200900,138.8125,20200600,,20200900
2020-03-31 16:00:00,,20200900,138.84375,20200600,,20200900
2020-03-31 17:00:00,,20200900,139.015625,20200600,,20200900
2020-03-31 18:00:00,,20200900,138.96875,20200600,,20200900
2020-03-31 19:00:00,,20200900,138.6875,20200600,,20200900
2020-03-31 20:00:00,,20200900,138.859375,20200600,,20200900
2020-03-31 21:00:00,,20200900,138.78125,20200600,,20200900
2020-03-31 23:00:00,138.3125,20200900,138.6875,20200600,138.3125,20200900
2020-04-01 00:00:00,,20200900,138.921875,20200600,,20200900
2020-04-01 01:00:00,,20200900,138.890625,20200600,,20200900
2020-04-01 02:00:00,,20200900,138.875,20200600,,20200900
2020-04-01 03:00:00,,20200900,138.96875,20200600,,20200900
2020-04-01 04:00:00,,20200900,139.046875,20200600,,20200900
2020-04-01 07:00:00,,20200900,139.21875,20200600,,20200900
2020-04-01 08:00:00,,20200900,139.15625,20200600,,20200900
2020-04-01 09:00:00,,20200900,139.1875,20200600,,20200900
2020-04-01 10:00:00,,20200900,139.234375,20200600,,20200900
2020-04-01 11:00:00,,20200900,139.234375,20200600,,20200900
2020-04-01 12:00:00,,20200900,139.265625,20200600,,20200900
2020-04-01 13:00:00,,20200900,139.25,20200600,,20200900
2020-04-01 14:00:00,,20200900,139.21875,20200600,,20200900
2020-04-01 15:00:00,,20200900,139.3125,20200600,,20200900
2020-04-01 16:00:00,,20200900,139.203125,20200600,,20200900
2020-04-01 17:00:00,,20200900,139.078125,20200600,,20200900
2020-04-01 18:00:00,,20200900,138.921875,20200600,,20200900
2020-04-01 19:00:00,,20200900,138.953125,20200600,,20200900
2020-04-01 20:00:00,,20200900,138.984375,20200600,,20200900
2020-04-01 21:00:00,,20200900,139.265625,20200600,,20200900
2020-04-01 23:00:00,138.609375,20200900,139.171875,20200600,138.609375,20200900
2020-04-02 00:00:00,,20200900,139.375,20200600,,20200900
2020-04-02 01:00:00,,20200900,139.359375,20200600,,20200900
2020-04-02 02:00:00,,20200900,139.34375,20200600,,20200900
2020-04-02 03:00:00,,20200900,139.1875,20200600,,20200900
2020-04-02 04:00:00,,20200900,139.234375,20200600,,20200900
2020-04-02 07:00:00,,20200900,139.078125,20200600,,20200900
2020-04-02 08:00:00,,20200900,139.078125,20200600,,20200900
2020-04-02 09:00:00,,20200900,139.015625,20200600,,20200900
2020-04-02 10:00:00,,20200900,139.125,20200600,,20200900
2020-04-02 11:00:00,,20200900,139.203125,20200600,,20200900
2020-04-02 12:00:00,,20200900,139.296875,20200600,,20200900
2020-04-02 13:00:00,,20200900,139.09375,20200600,,20200900
2020-04-02 14:00:00,,20200900,139.15625,20200600,,20200900
2020-04-02 15:00:00,,20200900,139.078125,20200600,,20200900
2020-04-02 16:00:00,,20200900,139.09375,20200600,,20200900
2020-04-02 17:00:00,,20200900,138.875,20200600,,20200900
2020-04-02 18:00:00,,20200900,138.890625,20200600,,20200900
2020-04-02 19:00:00,138.984375,20200900,138.890625,20200600,138.984375,20200900
2020-04-02 20:00:00,,20200900,138.9375,20200600,,20200900
2020-04-02 21:00:00,,20200900,139.046875,20200600,,20200900
2020-04-02 23:00:00,138.984375,20200900,139.203125,20200600,138.984375,20200900
2020-04-03 00:00:00,,20200900,139.0,20200600,,20200900
2020-04-03 01:00:00,,20200900,139.03125,20200600,,20200900
2020-04-03 02:00:00,,20200900,139.0625,20200600,,20200900
2020-04-03 03:00:00,,20200900,139.140625,20200600,,20200900
2020-04-03 04:00:00,,20200900,139.1875,20200600,,20200900
2020-04-03 07:00:00,,20200900,139.03125,20200600,,20200900
2020-04-03 08:00:00,,20200900,139.109375,20200600,,20200900
2020-04-03 09:00:00,,20200900,139.015625,20200600,,20200900
2020-04-03 10:00:00,,20200900,139.015625,20200600,,20200900
2020-04-03 11:00:00,,20200900,139.046875,20200600,,20200900
2020-04-03 12:00:00,,20200900,139.09375,20200600,,20200900
2020-04-03 13:00:00,,20200900,139.015625,20200600,,20200900
2020-04-03 14:00:00,,20200900,139.15625,20200600,,20200900
2020-04-03 15:00:00,,20200900,139.28125,20200600,,20200900
2020-04-03 16:00:00,,20200900,139.296875,20200600,,20200900
2020-04-03 17:00:00,,20200900,139.25,20200600,,20200900
2020-04-03 18:00:00,,20200900,139.21875,20200600,,20200900
2020-04-03 19:00:00,,20200900,139.140625,20200600,,20200900
2020-04-03 20:00:00,,20200900,138.96875,20200600,,20200900
2020-04-03 21:00:00,,20200900,139.0625,20200600,,20200900
2020-04-03 23:00:00,138.765625,20200900,139.15625,20200600,138.765625,20200900
2020-04-05 23:00:00,,20200900,139.015625,20200600,,20200900
2020-04-06 00:00:00,,20200900,138.921875,20200600,,20200900
2020-04-06 01:00:00,,20200900,138.84375,20200600,,20200900
2020-04-06 02:00:00,,20200900,138.8125,20200600,,20200900
2020-04-06 03:00:00,,20200900,138.796875,20200600,,20200900
2020-04-06 04:00:00,,20200900,138.8125,20200600,,20200900
2020-04-06 07:00:00,,20200900,138.640625,20200600,,20200900
2020-04-06 08:00:00,,20200900,138.578125,20200600,,20200900
2020-04-06 09:00:00,,20200900,138.5625,20200600,,20200900
2020-04-06 10:00:00,,20200900,138.4375,20200600,,20200900
2020-04-06 11:00:00,,20200900,138.5,20200600,,20200900
2020-04-06 12:00:00,,20200900,138.609375,20200600,,20200900
2020-04-06 13:00:00,,20200900,138.640625,20200600,,20200900
2020-04-06 14:00:00,138.0,20200900,138.609375,20200600,138.0,20200900
2020-04-06 15:00:00,,20200900,138.5,20200600,,20200900
2020-04-06 16:00:00,,20200900,138.578125,20200600,,20200900
2020-04-06 17:00:00,,20200900,138.46875,20200600,,20200900
2020-04-06 18:00:00,,20200900,138.421875,20200600,,20200900
2020-04-06 19:00:00,,20200900,138.390625,20200600,,20200900
2020-04-06 20:00:00,,20200900,138.40625,20200600,,20200900
2020-04-06 21:00:00,,20200900,138.46875,20200600,,20200900
2020-04-06 23:00:00,138.03125,20200900,138.78125,20200600,138.03125,20200900
2020-04-07 00:00:00,,20200900,138.296875,20200600,,20200900
2020-04-07 01:00:00,,20200900,138.328125,20200600,,20200900
2020-04-07 02:00:00,138.3125,20200900,138.40625,20200600,138.3125,20200900
2020-04-07 03:00:00,,20200900,138.328125,20200600,,20200900
2020-04-07 04:00:00,,20200900,138.375,20200600,,20200900
2020-04-07 07:00:00,138.0,20200900,137.9375,20200600,138.0,20200900
2020-04-07 08:00:00,,20200900,137.8125,20200600,,20200900
2020-04-07 09:00:00,,20200900,137.890625,20200600,,20200900
2020-04-07 10:00:00,,20200900,137.84375,20200600,,20200900
2020-04-07 11:00:00,,20200900,137.8125,20200600,,20200900
2020-04-07 12:00:00,,20200900,137.9375,20200600,,20200900
2020-04-07 13:00:00,,20200900,137.75,20200600,,20200900
2020-04-07 14:00:00,,20200900,137.71875,20200600,,20200900
2020-04-07 15:00:00,,20200900,137.765625,20200600,,20200900
2020-04-07 16:00:00,,20200900,137.515625,20200600,,20200900
2020-04-07 17:00:00,,20200900,137.5625,20200600,,20200900
2020-04-07 18:00:00,,20200900,137.71875,20200600,,20200900
2020-04-07 19:00:00,,20200900,137.90625,20200600,,20200900
2020-04-07 20:00:00,,20200900,138.03125,20200600,,20200900
2020-04-07 21:00:00,,20200900,138.109375,20200600,,20200900
2020-04-07 23:00:00,137.71875,20200900,138.046875,20200600,137.71875,20200900
2020-04-08 00:00:00,,20200900,138.109375,20200600,,20200900
2020-04-08 01:00:00,,20200900,138.171875,20200600,,20200900
2020-04-08 02:00:00,,20200900,138.125,20200600,,20200900
2020-04-08 03:00:00,,20200900,138.125,20200600,,20200900
2020-04-08 04:00:00,,20200900,138.0625,20200600,,20200900
2020-04-08 07:00:00,138.15625,20200900,138.125,20200600,138.15625,20200900
2020-04-08 08:00:00,,20200900,138.03125,20200600,,20200900
2020-04-08 09:00:00,,20200900,138.03125,20200600,,20200900
2020-04-08 10:00:00,,20200900,138.03125,20200600,,20200900
2020-04-08 11:00:00,,20200900,137.921875,20200600,,20200900
2020-04-08 12:00:00,,20200900,137.8125,20200600,,20200900
2020-04-08 13:00:00,,20200900,137.78125,20200600,,20200900
2020-04-08 14:00:00,,20200900,137.859375,20200600,,20200900
2020-04-08 15:00:00,,20200900,138.0,20200600,,20200900
2020-04-08 16:00:00,,20200900,137.921875,20200600,,20200900
2020-04-08 17:00:00,,20200900,138.015625,20200600,,20200900
2020-04-08 18:00:00,,20200900,138.09375,20200600,,20200900
2020-04-08 19:00:00,,20200900,137.84375,20200600,,20200900
2020-04-08 20:00:00,,20200900,137.890625,20200600,,20200900
2020-04-08 21:00:00,,20200900,137.765625,20200600,,20200900
2020-04-08 23:00:00,138.15625,20200900,138.03125,20200600,138.15625,20200900
2020-04-09 00:00:00,,20200900,137.703125,20200600,,20200900
2020-04-09 01:00:00,,20200900,137.828125,20200600,,20200900
2020-04-09 02:00:00,,20200900,137.953125,20200600,,20200900
2020-04-09 03:00:00,,20200900,137.953125,20200600,,20200900
2020-04-09 04:00:00,,20200900,137.96875,20200600,,20200900
2020-04-09 07:00:00,,20200900,138.0,20200600,,20200900
2020-04-09 08:00:00,,20200900,137.953125,20200600,,20200900
2020-04-09 09:00:00,,20200900,138.0,20200600,,20200900
2020-04-09 10:00:00,,20200900,138.0625,20200600,,20200900
2020-04-09 11:00:00,,20200900,138.15625,20200600,,20200900
2020-04-09 12:00:00,,20200900,138.125,20200600,,20200900
2020-04-09 13:00:00,,20200900,137.953125,20200600,,20200900
2020-04-09 14:00:00,,20200900,137.875,20200600,,20200900
2020-04-09 15:00:00,,20200900,137.890625,20200600,,20200900
2020-04-09 16:00:00,,20200900,138.234375,20200600,,20200900
2020-04-09 17:00:00,138.234375,20200900,138.25,20200600,138.234375,20200900
2020-04-09 18:00:00,,20200900,138.28125,20200600,,20200900
2020-04-09 19:00:00,,20200900,138.1875,20200600,,20200900
2020-04-09 20:00:00,,20200900,138.140625,20200600,,20200900
2020-04-09 21:00:00,,20200900,138.171875,20200600,,20200900
2020-04-09 23:00:00,138.0625,20200900,138.0,20200600,138.0625,20200900
2020-04-12 23:00:00,,20200900,138.265625,20200600,,20200900
2020-04-13 00:00:00,,20200900,138.234375,20200600,,20200900
2020-04-13 01:00:00,,20200900,138.21875,20200600,,20200900
2020-04-13 02:00:00,,20200900,138.171875,20200600,,20200900
2020-04-13 03:00:00,,20200900,138.140625,20200600,,20200900
2020-04-13 04:00:00,,20200900,138.171875,20200600,,20200900
2020-04-13 07:00:00,,20200900,138.21875,20200600,,20200900
2020-04-13 08:00:00,137.84375,20200900,138.234375,20200600,137.84375,20200900
2020-04-13 09:00:00,,20200900,138.21875,20200600,,20200900
2020-04-13 10:00:00,,20200900,138.21875,20200600,,20200900
2020-04-13 11:00:00,,20200900,138.234375,20200600,,20200900
2020-04-13 12:00:00,,20200900,138.21875,20200600,,20200900
2020-04-13 13:00:00,,20200900,138.09375,20200600,,20200900
2020-04-13 14:00:00,,20200900,138.15625,20200600,,20200900
2020-04-13 15:00:00,137.828125,20200900,138.125,20200600,137.828125,20200900
2020-04-13 16:00:00,,20200900,138.203125,20200600,,20200900
2020-04-13 17:00:00,,20200900,138.21875,20200600,,20200900
2020-04-13 18:00:00,137.859375,20200900,138.171875,20200600,137.859375,20200900
2020-04-13 19:00:00,,20200900,138.078125,20200600,,20200900
2020-04-13 20:00:00,137.8125,20200900,137.96875,20200600,137.8125,20200900
2020-04-13 21:00:00,,20200900,137.90625,20200600,,20200900
2020-04-13 23:00:00,137.859375,20200900,138.15625,20200600,137.859375,20200900
2020-04-14 00:00:00,137.609375,20200900,137.96875,20200600,137.609375,20200900
2020-04-14 01:00:00,,20200900,138.0,20200600,,20200900
2020-04-14 02:00:00,,20200900,137.890625,20200600,,20200900
2020-04-14 03:00:00,,20200900,137.90625,20200600,,20200900
2020-04-14 04:00:00,,20200900,137.9375,20200600,,20200900
2020-04-14 07:00:00,137.875,20200900,138.0,20200600,137.875,20200900
2020-04-14 08:00:00,,20200900,137.984375,20200600,,20200900
2020-04-14 09:00:00,,20200900,138.09375,20200600,,20200900
2020-04-14 10:00:00,,20200900,138.140625,20200600,,20200900
2020-04-14 11:00:00,,20200900,138.125,20200600,,20200900
2020-04-14 12:00:00,,20200900,138.125,20200600,,20200900
2020-04-14 13:00:00,,20200900,138.203125,20200600,,20200900
2020-04-14 14:00:00,,20200900,138.234375,20200600,,20200900
2020-04-14 15:00:00,137.9375,20200900,138.28125,20200600,137.9375,20200900
2020-04-14 16:00:00,138.03125,20200900,138.3125,20200600,138.03125,20200900
2020-04-14 17:00:00,138.046875,20200900,138.3125,20200600,138.046875,20200900
2020-04-14 18:00:00,,20200900,138.296875,20200600,,20200900
2020-04-14 19:00:00,,20200900,138.21875,20200600,,20200900
2020-04-14 20:00:00,,20200900,138.21875,20200600,,20200900
2020-04-14 21:00:00,,20200900,138.171875,20200600,,20200900
2020-04-14 23:00:00,138.046875,20200900,137.9375,20200600,138.046875,20200900
2020-04-15 00:00:00,,20200900,138.25,20200600,,20200900
2020-04-15 01:00:00,,20200900,138.25,20200600,,20200900
2020-04-15 02:00:00,,20200900,138.203125,20200600,,20200900
2020-04-15 03:00:00,,20200900,138.25,20200600,,20200900
2020-04-15 04:00:00,,20200900,138.25,20200600,,20200900
2020-04-15 07:00:00,,20200900,138.484375,20200600,,20200900
2020-04-15 08:00:00,,20200900,138.65625,20200600,,20200900
2020-04-15 09:00:00,138.46875,20200900,138.71875,20200600,138.46875,20200900
2020-04-15 10:00:00,,20200900,138.78125,20200600,,20200900
2020-04-15 11:00:00,138.625,20200900,138.734375,20200600,138.625,20200900
2020-04-15 12:00:00,,20200900,138.734375,20200600,,20200900
2020-04-15 13:00:00,138.671875,20200900,138.890625,20200600,138.671875,20200900
2020-04-15 14:00:00,138.625,20200900,138.96875,20200600,138.625,20200900
2020-04-15 15:00:00,138.890625,20200900,139.0625,20200600,138.890625,20200900
2020-04-15 16:00:00,,20200900,139.15625,20200600,,20200900
2020-04-15 17:00:00,,20200900,139.03125,20200600,,20200900
2020-04-15 18:00:00,,20200900,139.09375,20200600,,20200900
2020-04-15 19:00:00,,20200900,139.15625,20200600,,20200900
2020-04-15 20:00:00,138.9375,20200900,139.171875,20200600,138.9375,20200900
2020-04-15 21:00:00,138.96875,20200900,139.15625,20200600,138.96875,20200900
2020-04-15 23:00:00,139.0,20200900,138.359375,20200600,139.0,20200900
2020-04-16 00:00:00,,20200900,139.15625,20200600,,20200900
2020-04-16 01:00:00,,20200900,139.125,20200600,,20200900
2020-04-16 02:00:00,138.90625,20200900,139.078125,20200600,138.90625,20200900
2020-04-16 03:00:00,,20200900,139.09375,20200600,,20200900
2020-04-16 04:00:00,,20200900,139.078125,20200600,,20200900
2020-04-16 07:00:00,,20200900,139.046875,20200600,,20200900
2020-04-16 08:00:00,,20200900,139.015625,20200600,,20200900
2020-04-16 09:00:00,,20200900,139.03125,20200600,,20200900
2020-04-16 10:00:00,,20200900,139.109375,20200600,,20200900
2020-04-16 11:00:00,,20200900,139.09375,20200600,,20200900
2020-04-16 12:00:00,,20200900,139.296875,20200600,,20200900
2020-04-16 13:00:00,139.0,20200900,139.3125,20200600,139.0,20200900
2020-04-16 14:00:00,139.046875,20200900,139.296875,20200600,139.046875,20200900
2020-04-16 15:00:00,,20200900,139.328125,20200600,,20200900
2020-04-16 16:00:00,139.015625,20200900,139.15625,20200600,139.015625,20200900
2020-04-16 17:00:00,,20200900,139.265625,20200600,,20200900
2020-04-16 18:00:00,,20200900,139.28125,20200600,,20200900
2020-04-16 19:00:00,,20200900,139.203125,20200600,,20200900
2020-04-16 20:00:00,139.015625,20200900,139.21875,20200600,139.015625,20200900
2020-04-16 21:00:00,,20200900,139.046875,20200600,,20200900
2020-04-16 23:00:00,138.4375,20200900,139.109375,20200600,138.4375,20200900
2020-04-17 00:00:00,138.46875,20200900,138.6875,20200600,138.46875,20200900
2020-04-17 01:00:00,138.34375,20200900,138.609375,20200600,138.34375,20200900
2020-04-17 02:00:00,,20200900,138.578125,20200600,,20200900
2020-04-17 03:00:00,,20200900,138.625,20200600,,20200900
2020-04-17 04:00:00,138.4375,20200900,138.6875,20200600,138.4375,20200900
2020-04-17 07:00:00,138.609375,20200900,138.859375,20200600,138.609375,20200900
2020-04-17 08:00:00,138.78125,20200900,138.90625,20200600,138.78125,20200900
2020-04-17 09:00:00,,20200900,139.0,20200600,,20200900
2020-04-17 10:00:00,,20200900,138.953125,20200600,,20200900
2020-04-17 11:00:00,,20200900,138.9375,20200600,,20200900
2020-04-17 12:00:00,,20200900,138.875,20200600,,20200900
2020-04-17 13:00:00,138.953125,20200900,139.140625,20200600,138.953125,20200900
2020-04-17 14:00:00,138.96875,20200900,139.25,20200600,138.96875,20200900
2020-04-17 15:00:00,139.078125,20200900,139.296875,20200600,139.078125,20200900
2020-04-17 16:00:00,139.046875,20200900,139.234375,20200600,139.046875,20200900
2020-04-17 17:00:00,,20200900,139.21875,20200600,,20200900
2020-04-17 18:00:00,139.046875,20200900,139.234375,20200600,139.046875,20200900
2020-04-17 19:00:00,138.71875,20200900,138.890625,20200600,138.71875,20200900
2020-04-17 20:00:00,,20200900,138.9375,20200600,,20200900
2020-04-17 21:00:00,,20200900,138.96875,20200600,,20200900
2020-04-17 23:00:00,138.71875,20200900,138.75,20200600,138.71875,20200900
2020-04-19 23:00:00,138.90625,20200900,139.03125,20200600,138.90625,20200900
2020-04-20 00:00:00,138.765625,20200900,138.984375,20200600,138.765625,20200900
2020-04-20 01:00:00,,20200900,138.953125,20200600,,20200900
2020-04-20 02:00:00,138.84375,20200900,139.015625,20200600,138.84375,20200900
2020-04-20 03:00:00,,20200900,139.015625,20200600,,20200900
2020-04-20 04:00:00,,20200900,139.03125,20200600,,20200900
2020-04-20 07:00:00,,20200900,139.03125,20200600,,20200900
2020-04-20 08:00:00,,20200900,139.0625,20200600,,20200900
2020-04-20 09:00:00,,20200900,139.140625,20200600,,20200900
2020-04-20 10:00:00,,20200900,139.046875,20200600,,20200900
2020-04-20 11:00:00,,20200900,139.046875,20200600,,20200900
2020-04-20 12:00:00,,20200900,139.0625,20200600,,20200900
2020-04-20 13:00:00,138.96875,20200900,139.1875,20200600,138.96875,20200900
2020-04-20 14:00:00,138.875,20200900,139.0625,20200600,138.875,20200900
2020-04-20 15:00:00,138.859375,20200900,139.125,20200600,138.859375,20200900
2020-04-20 16:00:00,138.78125,20200900,139.0,20200600,138.78125,20200900
2020-04-20 17:00:00,138.796875,20200900,138.96875,20200600,138.796875,20200900
2020-04-20 18:00:00,,20200900,139.0,20200600,,20200900
2020-04-20 19:00:00,138.875,20200900,139.109375,20200600,138.875,20200900
2020-04-20 20:00:00,138.953125,20200900,139.171875,20200600,138.953125,20200900
2020-04-20 21:00:00,139.0,20200900,139.234375,20200600,139.0,20200900
2020-04-20 23:00:00,138.953125,20200900,139.09375,20200600,138.953125,20200900
2020-04-21 00:00:00,,20200900,139.171875,20200600,,20200900
2020-04-21 01:00:00,,20200900,139.140625,20200600,,20200900
2020-04-21 02:00:00,,20200900,139.15625,20200600,,20200900
2020-04-21 03:00:00,,20200900,139.265625,20200600,,20200900
2020-04-21 04:00:00,,20200900,139.28125,20200600,,20200900
2020-04-21 07:00:00,,20200900,139.1875,20200600,,20200900
2020-04-21 08:00:00,139.0,20200900,139.21875,20200600,139.0,20200900
2020-04-21 09:00:00,,20200900,139.28125,20200600,,20200900
2020-04-21 10:00:00,139.15625,20200900,139.453125,20200600,139.15625,20200900
2020-04-21 11:00:00,,20200900,139.46875,20200600,,20200900
2020-04-21 12:00:00,139.3125,20200900,139.546875,20200600,139.3125,20200900
2020-04-21 13:00:00,139.4375,20200900,139.625,20200600,139.4375,20200900
2020-04-21 14:00:00,139.265625,20200900,139.5,20200600,139.265625,20200900
2020-04-21 15:00:00,139.328125,20200900,139.59375,20200600,139.328125,20200900
2020-04-21 16:00:00,139.46875,20200900,139.5625,20200600,139.46875,20200900
2020-04-21 17:00:00,139.328125,20200900,139.484375,20200600,139.328125,20200900
2020-04-21 18:00:00,139.1875,20200900,139.40625,20200600,139.1875,20200900
2020-04-21 19:00:00,139.140625,20200900,139.40625,20200600,139.140625,20200900
2020-04-21 20:00:00,139.171875,20200900,139.40625,20200600,139.171875,20200900
2020-04-21 21:00:00,139.234375,20200900,139.375,20200600,139.234375,20200900
2020-04-21 23:00:00,139.171875,20200900,139.1875,20200600,139.171875,20200900
2020-04-22 00:00:00,,20200900,139.3125,20200600,,20200900
2020-04-22 01:00:00,139.140625,20200900,139.359375,20200600,139.140625,20200900
2020-04-22 02:00:00,139.15625,20200900,139.359375,20200600,139.15625,20200900
2020-04-22 03:00:00,,20200900,139.40625,20200600,,20200900
2020-04-22 04:00:00,,20200900,139.484375,20200600,,20200900
2020-04-22 07:00:00,,20200900,139.34375,20200600,,20200900
2020-04-22 08:00:00,138.984375,20200900,139.21875,20200600,138.984375,20200900
2020-04-22 09:00:00,139.03125,20200900,139.21875,20200600,139.03125,20200900
2020-04-22 10:00:00,,20200900,139.1875,20200600,,20200900
2020-04-22 11:00:00,,20200900,139.203125,20200600,,20200900
2020-04-22 12:00:00,,20200900,139.265625,20200600,,20200900
2020-04-22 13:00:00,,20200900,139.078125,20200600,,20200900
2020-04-22 14:00:00,138.953125,20200900,139.171875,20200600,138.953125,20200900
2020-04-22 15:00:00,138.796875,20200900,139.09375,20200600,138.796875,20200900
2020-04-22 16:00:00,,20200900,138.96875,20200600,,20200900
2020-04-22 17:00:00,138.703125,20200900,138.96875,20200600,138.703125,20200900
2020-04-22 18:00:00,,20200900,139.0,20200600,,20200900
2020-04-22 19:00:00,138.765625,20200900,139.046875,20200600,138.765625,20200900
2020-04-22 20:00:00,,20200900,139.0625,20200600,,20200900
2020-04-22 21:00:00,138.796875,20200900,139.015625,20200600,138.796875,20200900
2020-04-22 23:00:00,138.84375,20200900,139.453125,20200600,138.84375,20200900
2020-04-23 00:00:00,,20200900,139.09375,20200600,,20200900
2020-04-23 01:00:00,,20200900,139.109375,20200600,,20200900
2020-04-23 02:00:00,138.875,20200900,139.125,20200600,138.875,20200900
2020-04-23 03:00:00,138.9375,20200900,139.109375,20200600,138.9375,20200900
2020-04-23 04:00:00,,20200900,139.125,20200600,,20200900
2020-04-23 07:00:00,,20200900,138.921875,20200600,,20200900
2020-04-23 08:00:00,,20200900,138.9375,20200600,,20200900
2020-04-23 09:00:00,138.875,20200900,139.0625,20200600,138.875,20200900
2020-04-23 10:00:00,,20200900,138.984375,20200600,,20200900
2020-04-23 11:00:00,138.796875,20200900,138.9375,20200600,138.796875,20200900
2020-04-23 12:00:00,138.78125,20200900,138.96875,20200600,138.78125,20200900
2020-04-23 13:00:00,138.703125,20200900,138.9375,20200600,138.703125,20200900
2020-04-23 14:00:00,138.875,20200900,139.0625,20200600,138.875,20200900
2020-04-23 15:00:00,138.75,20200900,139.0625,20200600,138.75,20200900
2020-04-23 16:00:00,138.828125,20200900,139.015625,20200600,138.828125,20200900
2020-04-23 17:00:00,138.921875,20200900,139.03125,20200600,138.921875,20200900
2020-04-23 18:00:00,138.90625,20200900,139.0625,20200600,138.90625,20200900
2020-04-23 19:00:00,138.890625,20200900,139.046875,20200600,138.890625,20200900
2020-04-23 20:00:00,138.890625,20200900,139.109375,20200600,138.890625,20200900
2020-04-23 21:00:00,138.8125,20200900,139.0625,20200600,138.8125,20200900
2020-04-23 23:00:00,138.8125,20200900,139.09375,20200600,138.8125,20200900
2020-04-24 00:00:00,138.875,20200900,139.03125,20200600,138.875,20200900
2020-04-24 01:00:00,,20200900,139.140625,20200600,,20200900
2020-04-24 02:00:00,138.96875,20200900,139.1875,20200600,138.96875,20200900
2020-04-24 03:00:00,,20200900,139.125,20200600,,20200900
2020-04-24 04:00:00,,20200900,139.09375,20200600,,20200900
2020-04-24 07:00:00,,20200900,139.109375,20200600,,20200900
2020-04-24 08:00:00,,20200900,139.125,20200600,,20200900
2020-04-24 09:00:00,,20200900,139.09375,20200600,,20200900
2020-04-24 10:00:00,138.796875,20200900,139.015625,20200600,138.796875,20200900
2020-04-24 11:00:00,,20200900,139.015625,20200600,,20200900
2020-04-24 12:00:00,,20200900,139.09375,20200600,,20200900
2020-04-24 13:00:00,138.828125,20200900,138.96875,20200600,138.828125,20200900
2020-04-24 14:00:00,138.8125,20200900,139.015625,20200600,138.8125,20200900
2020-04-24 15:00:00,,20200900,139.078125,20200600,,20200900
2020-04-24 16:00:00,138.875,20200900,139.09375,20200600,138.875,20200900
2020-04-24 17:00:00,,20200900,139.09375,20200600,,20200900
2020-04-24 18:00:00,138.859375,20200900,139.078125,20200600,138.859375,20200900
2020-04-24 19:00:00,138.90625,20200900,139.109375,20200600,138.90625,20200900
2020-04-24 20:00:00,138.875,20200900,139.140625,20200600,138.875,20200900
2020-04-24 21:00:00,138.8125,20200900,139.0,20200600,138.8125,20200900
2020-04-24 23:00:00,138.875,20200900,139.125,20200600,138.875,20200900
2020-04-26 23:00:00,138.84375,20200900,139.03125,20200600,138.84375,20200900
2020-04-27 00:00:00,,20200900,139.0,20200600,,20200900
2020-04-27 01:00:00,,20200900,138.96875,20200600,,20200900
2020-04-27 02:00:00,,20200900,138.921875,20200600,,20200900
2020-04-27 03:00:00,,20200900,138.90625,20200600,,20200900
2020-04-27 04:00:00,,20200900,138.796875,20200600,,20200900
2020-04-27 07:00:00,,20200900,138.984375,20200600,,20200900
2020-04-27 08:00:00,138.671875,20200900,138.921875,20200600,138.671875,20200900
2020-04-27 09:00:00,138.671875,20200900,138.875,20200600,138.671875,20200900
2020-04-27 10:00:00,138.609375,20200900,138.828125,20200600,138.609375,20200900
2020-04-27 11:00:00,138.671875,20200900,138.859375,20200600,138.671875,20200900
2020-04-27 12:00:00,138.6875,20200900,138.875,20200600,138.6875,20200900
2020-04-27 13:00:00,138.625,20200900,138.875,20200600,138.625,20200900
2020-04-27 14:00:00,138.640625,20200900,138.71875,20200600,138.640625,20200900
2020-04-27 15:00:00,138.46875,20200900,138.671875,20200600,138.46875,20200900
2020-04-27 16:00:00,138.40625,20200900,138.6875,20200600,138.40625,20200900
2020-04-27 17:00:00,138.453125,20200900,138.703125,20200600,138.453125,20200900
2020-04-27 18:00:00,138.484375,20200900,138.734375,20200600,138.484375,20200900
2020-04-27 19:00:00,138.4375,20200900,138.671875,20200600,138.4375,20200900
2020-04-27 20:00:00,138.375,20200900,138.625,20200600,138.375,20200900
2020-04-27 21:00:00,,20200900,138.609375,20200600,,20200900
2020-04-27 23:00:00,138.4375,20200900,138.8125,20200600,138.4375,20200900
2020-04-28 00:00:00,,20200900,138.59375,20200600,,20200900
2020-04-28 01:00:00,,20200900,138.53125,20200600,,20200900
2020-04-28 02:00:00,,20200900,138.6875,20200600,,20200900
2020-04-28 03:00:00,,20200900,138.6875,20200600,,20200900
2020-04-28 04:00:00,,20200900,138.6875,20200600,,20200900
2020-04-28 07:00:00,,20200900,138.65625,20200600,,20200900
2020-04-28 08:00:00,,20200900,138.609375,20200600,,20200900
2020-04-28 09:00:00,,20200900,138.609375,20200600,,20200900
2020-04-28 10:00:00,,20200900,138.59375,20200600,,20200900
2020-04-28 11:00:00,,20200900,138.59375,20200600,,20200900
2020-04-28 12:00:00,,20200900,138.640625,20200600,,20200900
2020-04-28 13:00:00,138.53125,20200900,138.796875,20200600,138.53125,20200900
2020-04-28 14:00:00,138.59375,20200900,138.859375,20200600,138.59375,20200900
2020-04-28 15:00:00,138.78125,20200900,138.96875,20200600,138.78125,20200900
2020-04-28 16:00:00,138.703125,20200900,138.984375,20200600,138.703125,20200900
2020-04-28 17:00:00,138.78125,20200900,139.0,20200600,138.78125,20200900
2020-04-28 18:00:00,138.765625,20200900,139.0625,20200600,138.765625,20200900
2020-04-28 19:00:00,138.78125,20200900,139.015625,20200600,138.78125,20200900
2020-04-28 20:00:00,,20200900,139.0625,20200600,,20200900
2020-04-28 21:00:00,138.765625,20200900,138.96875,20200600,138.765625,20200900
2020-04-28 23:00:00,138.765625,20200900,138.65625,20200600,138.765625,20200900
2020-04-29 00:00:00,,20200900,139.0,20200600,,20200900
2020-04-29 01:00:00,,20200900,138.984375,20200600,,20200900
2020-04-29 02:00:00,,20200900,138.96875,20200600,,20200900
2020-04-29 03:00:00,,20200900,138.96875,20200600,,20200900
2020-04-29 04:00:00,,20200900,138.953125,20200600,,20200900
2020-04-29 07:00:00,138.84375,20200900,139.015625,20200600,138.84375,20200900
2020-04-29 08:00:00,138.90625,20200900,139.125,20200600,138.90625,20200900
2020-04-29 09:00:00,138.90625,20200900,139.109375,20200600,138.90625,20200900
2020-04-29 10:00:00,,20200900,139.171875,20200600,,20200900
2020-04-29 11:00:00,139.0,20200900,139.15625,20200600,139.0,20200900
2020-04-29 12:00:00,139.078125,20200900,139.265625,20200600,139.078125,20200900
2020-04-29 13:00:00,138.828125,20200900,139.03125,20200600,138.828125,20200900
2020-04-29 14:00:00,139.015625,20200900,139.21875,20200600,139.015625,20200900
2020-04-29 15:00:00,138.96875,20200900,139.203125,20200600,138.96875,20200900
2020-04-29 16:00:00,138.9375,20200900,139.125,20200600,138.9375,20200900
2020-04-29 17:00:00,138.921875,20200900,139.125,20200600,138.921875,20200900
2020-04-29 18:00:00,138.8125,20200900,139.0625,20200600,138.8125,20200900
2020-04-29 19:00:00,138.625,20200900,138.96875,20200600,138.625,20200900
2020-04-29 20:00:00,138.84375,20200900,139.09375,20200600,138.84375,20200900
2020-04-29 21:00:00,138.71875,20200900,138.9375,20200600,138.71875,20200900
2020-04-29 23:00:00,138.78125,20200900,138.984375,20200600,138.78125,20200900
2020-04-30 00:00:00,138.796875,20200900,138.984375,20200600,138.796875,20200900
2020-04-30 01:00:00,138.765625,20200900,138.96875,20200600,138.765625,20200900
2020-04-30 02:00:00,138.78125,20200900,139.0,20200600,138.78125,20200900
2020-04-30 03:00:00,138.796875,20200900,139.015625,20200600,138.796875,20200900
2020-04-30 04:00:00,138.828125,20200900,139.03125,20200600,138.828125,20200900
2020-04-30 07:00:00,,20200900,139.09375,20200600,,20200900
2020-04-30 08:00:00,138.90625,20200900,139.125,20200600,138.90625,20200900
2020-04-30 09:00:00,138.84375,20200900,139.078125,20200600,138.84375,20200900
2020-04-30 10:00:00,138.90625,20200900,139.125,20200600,138.90625,20200900
2020-04-30 11:00:00,138.9375,20200900,139.15625,20200600,138.9375,20200900
2020-04-30 12:00:00,138.9375,20200900,139.171875,20200600,138.9375,20200900
2020-04-30 13:00:00,139.0,20200900,139.203125,20200600,139.0,20200900
2020-04-30 14:00:00,138.984375,20200900,139.171875,20200600,138.984375,20200900
2020-04-30 15:00:00,139.015625,20200900,139.234375,20200600,139.015625,20200900
2020-04-30 16:00:00,139.0625,20200900,139.28125,20200600,139.0625,20200900
2020-04-30 17:00:00,139.125,20200900,139.328125,20200600,139.125,20200900
2020-04-30 18:00:00,138.984375,20200900,139.203125,20200600,138.984375,20200900
2020-04-30 19:00:00,138.859375,20200900,139.015625,20200600,138.859375,20200900
2020-04-30 20:00:00,138.65625,20200900,138.875,20200600,138.65625,20200900
2020-04-30 21:00:00,138.578125,20200900,138.859375,20200600,138.578125,20200900
2020-04-30 23:00:00,138.859375,20200900,139.109375,20200600,138.859375,20200900
2020-05-01 00:00:00,,20200900,138.96875,20200600,,20200900
2020-05-01 01:00:00,138.765625,20200900,139.03125,20200600,138.765625,20200900
2020-05-01 02:00:00,,20200900,139.0,20200600,,20200900
2020-05-01 03:00:00,138.875,20200900,139.09375,20200600,138.875,20200900
2020-05-01 04:00:00,,20200900,139.09375,20200600,,20200900
2020-05-01 07:00:00,138.9375,20200900,139.1875,20200600,138.9375,20200900
2020-05-01 08:00:00,139.015625,20200900,139.203125,20200600,139.015625,20200900
2020-05-01 09:00:00,,20200900,139.203125,20200600,,20200900
2020-05-01 10:00:00,,20200900,139.171875,20200600,,20200900
2020-05-01 11:00:00,,20200900,139.125,20200600,,20200900
2020-05-01 12:00:00,,20200900,139.125,20200600,,20200900
2020-05-01 13:00:00,138.90625,20200900,139.078125,20200600,138.90625,20200900
2020-05-01 14:00:00,138.875,20200900,138.96875,20200600,138.875,20200900
2020-05-01 15:00:00,138.625,20200900,138.890625,20200600,138.625,20200900
2020-05-01 16:00:00,138.84375,20200900,139.078125,20200600,138.84375,20200900
2020-05-01 17:00:00,138.796875,20200900,139.046875,20200600,138.796875,20200900
2020-05-01 18:00:00,138.71875,20200900,138.96875,20200600,138.71875,20200900
2020-05-01 19:00:00,138.65625,20200900,138.90625,20200600,138.65625,20200900
2020-05-01 20:00:00,138.703125,20200900,138.9375,20200600,138.703125,20200900
2020-05-01 21:00:00,138.828125,20200900,139.0625,20200600,138.828125,20200900
2020-05-01 23:00:00,138.765625,20200900,139.0625,20200600,138.765625,20200900
2020-05-03 23:00:00,138.828125,20200900,139.125,20200600,138.828125,20200900
2020-05-04 00:00:00,,20200900,139.171875,20200600,,20200900
2020-05-04 01:00:00,138.96875,20200900,139.21875,20200600,138.96875,20200900
2020-05-04 02:00:00,138.984375,20200900,139.15625,20200600,138.984375,20200900
2020-05-04 03:00:00,138.984375,20200900,139.140625,20200600,138.984375,20200900
2020-05-04 04:00:00,138.890625,20200900,139.109375,20200600,138.890625,20200900
2020-05-04 07:00:00,138.90625,20200900,139.046875,20200600,138.90625,20200900
2020-05-04 08:00:00,138.859375,20200900,139.078125,20200600,138.859375,20200900
2020-05-04 09:00:00,138.9375,20200900,139.15625,20200600,138.9375,20200900
2020-05-04 10:00:00,139.0,20200900,139.1875,20200600,139.0,20200900
2020-05-04 11:00:00,138.953125,20200900,139.1875,20200600,138.953125,20200900
2020-05-04 12:00:00,138.9375,20200900,139.125,20200600,138.9375,20200900
2020-05-04 13:00:00,138.6875,20200900,138.984375,20200600,138.6875,20200900
2020-05-04 14:00:00,138.609375,20200900,138.875,20200600,138.609375,20200900
2020-05-04 15:00:00,138.59375,20200900,138.890625,20200600,138.59375,20200900
2020-05-04 16:00:00,138.78125,20200900,139.03125,20200600,138.78125,20200900
2020-05-04 17:00:00,138.78125,20200900,139.015625,20200600,138.78125,20200900
2020-05-04 18:00:00,138.765625,20200900,138.984375,20200600,138.765625,20200900
2020-05-04 19:00:00,,20200900,138.96875,20200600,,20200900
2020-05-04 20:00:00,138.671875,20200900,138.984375,20200600,138.671875,20200900
2020-05-04 21:00:00,138.6875,20200900,138.921875,20200600,138.6875,20200900
2020-05-04 23:00:00,138.9375,20200900,139.15625,20200600,138.9375,20200900
2020-05-05 00:00:00,,20200900,138.9375,20200600,,20200900
2020-05-05 01:00:00,,20200900,138.890625,20200600,,20200900
2020-05-05 02:00:00,138.65625,20200900,138.875,20200600,138.65625,20200900
2020-05-05 03:00:00,,20200900,138.828125,20200600,,20200900
2020-05-05 04:00:00,138.609375,20200900,138.84375,20200600,138.609375,20200900
2020-05-05 07:00:00,138.515625,20200900,138.671875,20200600,138.515625,20200900
2020-05-05 08:00:00,138.390625,20200900,138.671875,20200600,138.390625,20200900
2020-05-05 09:00:00,138.484375,20200900,138.71875,20200600,138.484375,20200900
2020-05-05 10:00:00,138.453125,20200900,138.6875,20200600,138.453125,20200900
2020-05-05 11:00:00,138.546875,20200900,138.78125,20200600,138.546875,20200900
2020-05-05 12:00:00,138.546875,20200900,138.828125,20200600,138.546875,20200900
2020-05-05 13:00:00,138.53125,20200900,138.796875,20200600,138.53125,20200900
2020-05-05 14:00:00,138.515625,20200900,138.75,20200600,138.515625,20200900
2020-05-05 15:00:00,138.609375,20200900,138.875,20200600,138.609375,20200900
2020-05-05 16:00:00,138.640625,20200900,138.875,20200600,138.640625,20200900
2020-05-05 17:00:00,138.734375,20200900,138.96875,20200600,138.734375,20200900
2020-05-05 18:00:00,138.734375,20200900,138.9375,20200600,138.734375,20200900
2020-05-05 19:00:00,138.6875,20200900,138.859375,20200600,138.6875,20200900
2020-05-05 20:00:00,138.671875,20200900,138.90625,20200600,138.671875,20200900
2020-05-05 21:00:00,138.5625,20200900,138.796875,20200600,138.5625,20200900
2020-05-05 23:00:00,138.5625,20200900,138.828125,20200600,138.5625,20200900
2020-05-06 00:00:00,,20200900,138.734375,20200600,,20200900
2020-05-06 01:00:00,138.53125,20200900,138.796875,20200600,138.53125,20200900
2020-05-06 02:00:00,138.53125,20200900,138.734375,20200600,138.53125,20200900
2020-05-06 03:00:00,,20200900,138.71875,20200600,,20200900
2020-05-06 04:00:00,,20200900,138.71875,20200600,,20200900
2020-05-06 07:00:00,138.34375,20200900,138.609375,20200600,138.34375,20200900
2020-05-06 08:00:00,138.4375,20200900,138.6875,20200600,138.4375,20200900
2020-05-06 09:00:00,138.4375,20200900,138.6875,20200600,138.4375,20200900
2020-05-06 10:00:00,,20200900,138.625,20200600,,20200900
2020-05-06 11:00:00,,20200900,138.59375,20200600,,20200900
2020-05-06 12:00:00,138.390625,20200900,138.65625,20200600,138.390625,20200900
2020-05-06 13:00:00,138.21875,20200900,138.4375,20200600,138.21875,20200900
2020-05-06 14:00:00,138.1875,20200900,138.46875,20200600,138.1875,20200900
2020-05-06 15:00:00,138.171875,20200900,138.453125,20200600,138.171875,20200900
2020-05-06 16:00:00,138.234375,20200900,138.5,20200600,138.234375,20200900
2020-05-06 17:00:00,138.21875,20200900,138.453125,20200600,138.21875,20200900
2020-05-06 18:00:00,138.25,20200900,138.453125,20200600,138.25,20200900
2020-05-06 19:00:00,138.296875,20200900,138.53125,20200600,138.296875,20200900
2020-05-06 20:00:00,138.375,20200900,138.609375,20200600,138.375,20200900
2020-05-06 21:00:00,138.328125,20200900,138.578125,20200600,138.328125,20200900
2020-05-06 23:00:00,138.453125,20200900,138.671875,20200600,138.453125,20200900
2020-05-07 00:00:00,138.46875,20200900,138.71875,20200600,138.46875,20200900
2020-05-07 01:00:00,138.515625,20200900,138.734375,20200600,138.515625,20200900
2020-05-07 02:00:00,138.515625,20200900,138.734375,20200600,138.515625,20200900
2020-05-07 03:00:00,138.46875,20200900,138.734375,20200600,138.46875,20200900
2020-05-07 04:00:00,138.390625,20200900,138.65625,20200600,138.390625,20200900
2020-05-07 07:00:00,138.34375,20200900,138.625,20200600,138.34375,20200900
2020-05-07 08:00:00,138.28125,20200900,138.53125,20200600,138.28125,20200900
2020-05-07 09:00:00,138.25,20200900,138.59375,20200600,138.25,20200900
2020-05-07 10:00:00,138.34375,20200900,138.515625,20200600,138.34375,20200900
2020-05-07 11:00:00,138.328125,20200900,138.578125,20200600,138.328125,20200900
2020-05-07 12:00:00,138.359375,20200900,138.640625,20200600,138.359375,20200900
2020-05-07 13:00:00,138.515625,20200900,138.75,20200600,138.515625,20200900
2020-05-07 14:00:00,138.484375,20200900,138.75,20200600,138.484375,20200900
2020-05-07 15:00:00,138.703125,20200900,138.953125,20200600,138.703125,20200900
2020-05-07 16:00:00,138.84375,20200900,139.09375,20200600,138.84375,20200900
2020-05-07 17:00:00,139.03125,20200900,139.265625,20200600,139.03125,20200900
2020-05-07 18:00:00,139.03125,20200900,139.25,20200600,139.03125,20200900
2020-05-07 19:00:00,139.0625,20200900,139.28125,20200600,139.0625,20200900
2020-05-07 20:00:00,139.03125,20200900,139.296875,20200600,139.03125,20200900
2020-05-07 21:00:00,138.9375,20200900,139.1875,20200600,138.9375,20200900
2020-05-07 23:00:00,138.375,20200900,138.65625,20200600,138.375,20200900
2020-05-08 00:00:00,138.90625,20200900,139.1875,20200600,138.90625,20200900
2020-05-08 01:00:00,138.921875,20200900,139.1875,20200600,138.921875,20200900
2020-05-08 02:00:00,139.0,20200900,139.21875,20200600,139.0,20200900
2020-05-08 03:00:00,138.984375,20200900,139.1875,20200600,138.984375,20200900
2020-05-08 04:00:00,,20200900,139.203125,20200600,,20200900
2020-05-08 07:00:00,139.125,20200900,139.359375,20200600,139.125,20200900
2020-05-08 08:00:00,139.1875,20200900,139.421875,20200600,139.1875,20200900
2020-05-08 09:00:00,,20200900,139.421875,20200600,,20200900
2020-05-08 10:00:00,139.1875,20200900,139.453125,20200600,139.1875,20200900
2020-05-08 11:00:00,139.171875,20200900,139.390625,20200600,139.171875,20200900
2020-05-08 12:00:00,139.0625,20200900,139.3125,20200600,139.0625,20200900
2020-05-08 13:00:00,138.84375,20200900,139.0625,20200600,138.84375,20200900
2020-05-08 14:00:00,138.875,20200900,139.125,20200600,138.875,20200900
2020-05-08 15:00:00,139.109375,20200900,139.34375,20200600,139.109375,20200900
2020-05-08 16:00:00,139.0,20200900,139.234375,20200600,139.0,20200900
2020-05-08 17:00:00,138.90625,20200900,139.140625,20200600,138.90625,20200900
2020-05-08 18:00:00,138.828125,20200900,139.109375,20200600,138.828125,20200900
2020-05-08 19:00:00,138.6875,20200900,138.9375,20200600,138.6875,20200900
2020-05-08 20:00:00,138.75,20200900,138.984375,20200600,138.75,20200900
2020-05-08 21:00:00,138.640625,20200900,138.875,20200600,138.640625,20200900
2020-05-08 23:00:00,138.96875,20200900,139.234375,20200600,138.96875,20200900
2020-05-10 23:00:00,138.625,20200900,138.828125,20200600,138.625,20200900
2020-05-11 00:00:00,,20200900,138.828125,20200600,,20200900
2020-05-11 01:00:00,138.546875,20200900,138.796875,20200600,138.546875,20200900
2020-05-11 02:00:00,138.53125,20200900,138.765625,20200600,138.53125,20200900
2020-05-11 03:00:00,,20200900,138.796875,20200600,,20200900
2020-05-11 04:00:00,138.5625,20200900,138.796875,20200600,138.5625,20200900
2020-05-11 07:00:00,138.609375,20200900,138.828125,20200600,138.609375,20200900
2020-05-11 08:00:00,138.5,20200900,138.78125,20200600,138.5,20200900
2020-05-11 09:00:00,,20200900,138.828125,20200600,,20200900
2020-05-11 10:00:00,138.703125,20200900,138.828125,20200600,138.703125,20200900
2020-05-11 11:00:00,138.65625,20200900,138.890625,20200600,138.65625,20200900
2020-05-11 12:00:00,138.640625,20200900,138.890625,20200600,138.640625,20200900
2020-05-11 13:00:00,138.765625,20200900,138.96875,20200600,138.765625,20200900
2020-05-11 14:00:00,138.75,20200900,139.0,20200600,138.75,20200900
2020-05-11 15:00:00,138.640625,20200900,138.875,20200600,138.640625,20200900
2020-05-11 16:00:00,138.515625,20200900,138.75,20200600,138.515625,20200900
2020-05-11 17:00:00,138.484375,20200900,138.71875,20200600,138.484375,20200900
2020-05-11 18:00:00,138.421875,20200900,138.703125,20200600,138.421875,20200900
2020-05-11 19:00:00,138.375,20200900,138.625,20200600,138.375,20200900
2020-05-11 20:00:00,138.453125,20200900,138.734375,20200600,138.453125,20200900
2020-05-11 21:00:00,138.515625,20200900,138.71875,20200600,138.515625,20200900
2020-05-11 23:00:00,138.421875,20200900,138.875,20200600,138.421875,20200900
2020-05-12 00:00:00,,20200900,138.734375,20200600,,20200900
2020-05-12 01:00:00,138.5625,20200900,138.84375,20200600,138.5625,20200900
2020-05-12 02:00:00,138.59375,20200900,138.828125,20200600,138.59375,20200900
2020-05-12 03:00:00,,20200900,138.84375,20200600,,20200900
2020-05-12 04:00:00,138.609375,20200900,138.859375,20200600,138.609375,20200900
2020-05-12 07:00:00,138.46875,20200900,138.75,20200600,138.46875,20200900
2020-05-12 08:00:00,138.46875,20200900,138.734375,20200600,138.46875,20200900
2020-05-12 09:00:00,138.484375,20200900,138.78125,20200600,138.484375,20200900
2020-05-12 10:00:00,,20200900,138.703125,20200600,,20200900
2020-05-12 11:00:00,138.375,20200900,138.640625,20200600,138.375,20200900
2020-05-12 12:00:00,138.484375,20200900,138.71875,20200600,138.484375,20200900
2020-05-12 13:00:00,138.421875,20200900,138.671875,20200600,138.421875,20200900
2020-05-12 14:00:00,138.515625,20200900,138.78125,20200600,138.515625,20200900
2020-05-12 15:00:00,138.53125,20200900,138.796875,20200600,138.53125,20200900
2020-05-12 16:00:00,138.46875,20200900,138.734375,20200600,138.46875,20200900
2020-05-12 17:00:00,138.546875,20200900,138.796875,20200600,138.546875,20200900
2020-05-12 18:00:00,138.75,20200900,139.0,20200600,138.75,20200900
2020-05-12 19:00:00,138.734375,20200900,138.953125,20200600,138.734375,20200900
2020-05-12 20:00:00,138.796875,20200900,139.03125,20200600,138.796875,20200900
2020-05-12 21:00:00,138.796875,20200900,139.046875,20200600,138.796875,20200900
2020-05-12 23:00:00,138.59375,20200900,138.8125,20200600,138.59375,20200900
2020-05-13 00:00:00,138.90625,20200900,139.140625,20200600,138.90625,20200900
2020-05-13 01:00:00,138.875,20200900,139.140625,20200600,138.875,20200900
2020-05-13 02:00:00,138.9375,20200900,139.15625,20200600,138.9375,20200900
2020-05-13 03:00:00,138.9375,20200900,139.15625,20200600,138.9375,20200900
2020-05-13 04:00:00,,20200900,139.140625,20200600,,20200900
2020-05-13 07:00:00,,20200900,139.0625,20200600,,20200900
2020-05-13 08:00:00,138.921875,20200900,139.140625,20200600,138.921875,20200900
2020-05-13 09:00:00,138.84375,20200900,139.078125,20200600,138.84375,20200900
2020-05-13 10:00:00,138.859375,20200900,139.078125,20200600,138.859375,20200900
2020-05-13 11:00:00,138.84375,20200900,139.140625,20200600,138.84375,20200900
2020-05-13 12:00:00,138.84375,20200900,139.109375,20200600,138.84375,20200900
2020-05-13 13:00:00,138.875,20200900,139.109375,20200600,138.875,20200900
2020-05-13 14:00:00,138.90625,20200900,139.140625,20200600,138.90625,20200900
2020-05-13 15:00:00,138.984375,20200900,139.21875,20200600,138.984375,20200900
2020-05-13 16:00:00,139.0625,20200900,139.296875,20200600,139.0625,20200900
2020-05-13 17:00:00,139.03125,20200900,139.265625,20200600,139.03125,20200900
2020-05-13 18:00:00,138.953125,20200900,139.203125,20200600,138.953125,20200900
2020-05-13 19:00:00,138.96875,20200900,139.21875,20200600,138.96875,20200900
2020-05-13 20:00:00,138.984375,20200900,139.21875,20200600,138.984375,20200900
2020-05-13 21:00:00,138.921875,20200900,139.203125,20200600,138.921875,20200900
2020-05-13 23:00:00,138.859375,20200900,139.09375,20200600,138.859375,20200900
2020-05-14 00:00:00,139.0,20200900,139.25,20200600,139.0,20200900
2020-05-14 01:00:00,139.0625,20200900,139.28125,20200600,139.0625,20200900
2020-05-14 02:00:00,139.0625,20200900,139.296875,20200600,139.0625,20200900
2020-05-14 03:00:00,139.0625,20200900,139.265625,20200600,139.0625,20200900
2020-05-14 04:00:00,,20200900,139.265625,20200600,,20200900
2020-05-14 07:00:00,139.140625,20200900,139.375,20200600,139.140625,20200900
2020-05-14 08:00:00,139.15625,20200900,139.40625,20200600,139.15625,20200900
2020-05-14 09:00:00,139.1875,20200900,139.40625,20200600,139.1875,20200900
2020-05-14 10:00:00,139.140625,20200900,139.390625,20200600,139.140625,20200900
2020-05-14 11:00:00,139.125,20200900,139.421875,20200600,139.125,20200900
2020-05-14 12:00:00,139.109375,20200900,139.34375,20200600,139.109375,20200900
2020-05-14 13:00:00,139.15625,20200900,139.375,20200600,139.15625,20200900
2020-05-14 14:00:00,139.21875,20200900,139.453125,20200600,139.21875,20200900
2020-05-14 15:00:00,139.1875,20200900,139.4375,20200600,139.1875,20200900
2020-05-14 16:00:00,139.265625,20200900,139.515625,20200600,139.265625,20200900
2020-05-14 17:00:00,139.21875,20200900,139.453125,20200600,139.21875,20200900
2020-05-14 18:00:00,139.1875,20200900,139.421875,20200600,139.1875,20200900
2020-05-14 19:00:00,139.1875,20200900,139.421875,20200600,139.1875,20200900
2020-05-14 20:00:00,139.109375,20200900,139.328125,20200600,139.109375,20200900
2020-05-14 21:00:00,139.125,20200900,139.375,20200600,139.125,20200900
2020-05-14 23:00:00,139.203125,20200900,139.34375,20200600,139.203125,20200900
2020-05-15 00:00:00,,20200900,139.34375,20200600,,20200900
2020-05-15 01:00:00,139.140625,20200900,139.359375,20200600,139.140625,20200900
2020-05-15 02:00:00,139.15625,20200900,139.34375,20200600,139.15625,20200900
2020-05-15 03:00:00,,20200900,139.3125,20200600,,20200900
2020-05-15 04:00:00,139.09375,20200900,139.34375,20200600,139.09375,20200900
2020-05-15 07:00:00,139.203125,20200900,139.4375,20200600,139.203125,20200900
2020-05-15 08:00:00,139.140625,20200900,139.375,20200600,139.140625,20200900
2020-05-15 09:00:00,139.203125,20200900,139.4375,20200600,139.203125,20200900
2020-05-15 10:00:00,139.21875,20200900,139.4375,20200600,139.21875,20200900
2020-05-15 11:00:00,139.296875,20200900,139.53125,20200600,139.296875,20200900
2020-05-15 12:00:00,139.359375,20200900,139.59375,20200600,139.359375,20200900
2020-05-15 13:00:00,139.328125,20200900,139.53125,20200600,139.328125,20200900
2020-05-15 14:00:00,139.171875,20200900,139.40625,20200600,139.171875,20200900
2020-05-15 15:00:00,139.109375,20200900,139.359375,20200600,139.109375,20200900
2020-05-15 16:00:00,139.09375,20200900,139.34375,20200600,139.09375,20200900
2020-05-15 17:00:00,139.078125,20200900,139.296875,20200600,139.078125,20200900
2020-05-15 18:00:00,139.0625,20200900,139.296875,20200600,139.0625,20200900
2020-05-15 19:00:00,139.09375,20200900,139.328125,20200600,139.09375,20200900
2020-05-15 20:00:00,139.078125,20200900,139.296875,20200600,139.078125,20200900
2020-05-15 21:00:00,139.0625,20200900,139.296875,20200600,139.0625,20200900
2020-05-15 23:00:00,139.109375,20200900,139.375,20200600,139.109375,20200900
2020-05-17 23:00:00,139.0625,20200900,139.296875,20200600,139.0625,20200900
2020-05-18 00:00:00,139.078125,20200900,139.328125,20200600,139.078125,20200900
2020-05-18 01:00:00,139.0625,20200900,139.28125,20200600,139.0625,20200900
2020-05-18 02:00:00,139.046875,20200900,139.296875,20200600,139.046875,20200900
2020-05-18 03:00:00,139.03125,20200900,139.28125,20200600,139.03125,20200900
2020-05-18 04:00:00,139.09375,20200900,139.328125,20200600,139.09375,20200900
2020-05-18 07:00:00,139.03125,20200900,139.265625,20200600,139.03125,20200900
2020-05-18 08:00:00,139.125,20200900,139.375,20200600,139.125,20200900
2020-05-18 09:00:00,139.140625,20200900,139.375,20200600,139.140625,20200900
2020-05-18 10:00:00,139.09375,20200900,139.34375,20200600,139.09375,20200900
2020-05-18 11:00:00,139.03125,20200900,139.265625,20200600,139.03125,20200900
2020-05-18 12:00:00,138.953125,20200900,139.1875,20200600,138.953125,20200900
2020-05-18 13:00:00,138.796875,20200900,139.046875,20200600,138.796875,20200900
2020-05-18 14:00:00,138.75,20200900,139.015625,20200600,138.75,20200900
2020-05-18 15:00:00,138.609375,20200900,138.90625,20200600,138.609375,20200900
2020-05-18 16:00:00,138.609375,20200900,138.875,20200600,138.609375,20200900
2020-05-18 17:00:00,138.625,20200900,138.890625,20200600,138.625,20200900
2020-05-18 18:00:00,138.53125,20200900,138.8125,20200600,138.53125,20200900
2020-05-18 19:00:00,138.3125,20200900,138.59375,20200600,138.3125,20200900
2020-05-18 20:00:00,138.421875,20200900,138.703125,20200600,138.421875,20200900
2020-05-18 21:00:00,138.421875,20200900,138.6875,20200600,138.421875,20200900
2020-05-18 23:00:00,139.109375,20200900,139.359375,20200600,139.109375,20200900
2020-05-19 00:00:00,138.40625,20200900,138.703125,20200600,138.40625,20200900
2020-05-19 01:00:00,138.484375,20200900,138.78125,20200600,138.484375,20200900
2020-05-19 02:00:00,138.53125,20200900,138.8125,20200600,138.53125,20200900
2020-05-19 03:00:00,138.5625,20200900,138.8125,20200600,138.5625,20200900
2020-05-19 04:00:00,138.609375,20200900,138.875,20200600,138.609375,20200900
2020-05-19 07:00:00,138.421875,20200900,138.703125,20200600,138.421875,20200900
2020-05-19 08:00:00,138.546875,20200900,138.796875,20200600,138.546875,20200900
2020-05-19 09:00:00,138.59375,20200900,138.859375,20200600,138.59375,20200900
2020-05-19 10:00:00,138.546875,20200900,138.8125,20200600,138.546875,20200900
2020-05-19 11:00:00,138.515625,20200900,138.78125,20200600,138.515625,20200900
2020-05-19 12:00:00,138.421875,20200900,138.6875,20200600,138.421875,20200900
2020-05-19 13:00:00,138.34375,20200900,138.625,20200600,138.34375,20200900
2020-05-19 14:00:00,138.546875,20200900,138.796875,20200600,138.546875,20200900
2020-05-19 15:00:00,138.515625,20200900,138.78125,20200600,138.515625,20200900
2020-05-19 16:00:00,138.578125,20200900,138.84375,20200600,138.578125,20200900
2020-05-19 17:00:00,138.578125,20200900,138.859375,20200600,138.578125,20200900
2020-05-19 18:00:00,138.546875,20200900,138.8125,20200600,138.546875,20200900
2020-05-19 19:00:00,138.59375,20200900,138.859375,20200600,138.59375,20200900
2020-05-19 20:00:00,138.75,20200900,139.03125,20200600,138.75,20200900
2020-05-19 21:00:00,138.75,20200900,139.015625,20200600,138.75,20200900
2020-05-19 23:00:00,138.578125,20200900,138.828125,20200600,138.578125,20200900
2020-05-20 00:00:00,138.765625,20200900,139.03125,20200600,138.765625,20200900
2020-05-20 01:00:00,138.6875,20200900,138.96875,20200600,138.6875,20200900
2020-05-20 02:00:00,138.6875,20200900,138.953125,20200600,138.6875,20200900
2020-05-20 03:00:00,138.703125,20200900,139.015625,20200600,138.703125,20200900
2020-05-20 04:00:00,138.75,20200900,139.015625,20200600,138.75,20200900
2020-05-20 07:00:00,138.703125,20200900,138.96875,20200600,138.703125,20200900
2020-05-20 08:00:00,138.71875,20200900,139.0,20200600,138.71875,20200900
2020-05-20 09:00:00,138.671875,20200900,138.9375,20200600,138.671875,20200900
2020-05-20 10:00:00,138.671875,20200900,138.953125,20200600,138.671875,20200900
2020-05-20 11:00:00,138.71875,20200900,138.96875,20200600,138.71875,20200900
2020-05-20 12:00:00,138.703125,20200900,138.96875,20200600,138.703125,20200900
2020-05-20 13:00:00,138.578125,20200900,138.84375,20200600,138.578125,20200900
2020-05-20 14:00:00,138.5625,20200900,138.859375,20200600,138.5625,20200900
2020-05-20 15:00:00,138.53125,20200900,138.828125,20200600,138.53125,20200900
2020-05-20 16:00:00,138.640625,20200900,138.9375,20200600,138.640625,20200900
2020-05-20 17:00:00,138.65625,20200900,138.953125,20200600,138.65625,20200900
2020-05-20 18:00:00,138.75,20200900,139.03125,20200600,138.75,20200900
2020-05-20 19:00:00,138.796875,20200900,139.078125,20200600,138.796875,20200900
2020-05-20 20:00:00,138.71875,20200900,138.984375,20200600,138.71875,20200900
2020-05-20 21:00:00,138.71875,20200900,139.046875,20200600,138.71875,20200900
2020-05-20 23:00:00,138.734375,20200900,139.0,20200600,138.734375,20200900
2020-05-21 00:00:00,138.78125,20200900,139.0625,20200600,138.78125,20200900
2020-05-21 01:00:00,138.796875,20200900,139.078125,20200600,138.796875,20200900
2020-05-21 02:00:00,138.90625,20200900,139.171875,20200600,138.90625,20200900
2020-05-21 03:00:00,138.90625,20200900,139.1875,20200600,138.90625,20200900
2020-05-21 04:00:00,138.921875,20200900,139.1875,20200600,138.921875,20200900
2020-05-21 07:00:00,138.890625,20200900,139.15625,20200600,138.890625,20200900
2020-05-21 08:00:00,138.859375,20200900,139.140625,20200600,138.859375,20200900
2020-05-21 09:00:00,138.828125,20200900,139.109375,20200600,138.828125,20200900
2020-05-21 10:00:00,138.875,20200900,139.140625,20200600,138.875,20200900
2020-05-21 11:00:00,138.859375,20200900,139.125,20200600,138.859375,20200900
2020-05-21 12:00:00,138.859375,20200900,139.125,20200600,138.859375,20200900
2020-05-21 13:00:00,138.859375,20200900,139.140625,20200600,138.859375,20200900
2020-05-21 14:00:00,138.78125,20200900,139.078125,20200600,138.78125,20200900
2020-05-21 15:00:00,138.859375,20200900,139.140625,20200600,138.859375,20200900
2020-05-21 16:00:00,138.875,20200900,139.15625,20200600,138.875,20200900
2020-05-21 17:00:00,138.828125,20200900,139.125,20200600,138.828125,20200900
2020-05-21 18:00:00,138.796875,20200900,139.09375,20200600,138.796875,20200900
2020-05-21 19:00:00,138.796875,20200900,139.078125,20200600,138.796875,20200900
2020-05-21 20:00:00,138.78125,20200900,139.0625,20200600,138.78125,20200900
2020-05-21 21:00:00,138.75,20200900,139.046875,20200600,138.75,20200900
2020-05-21 23:00:00,138.890625,20200900,139.171875,20200600,138.890625,20200900
2020-05-22 00:00:00,138.828125,20200900,139.09375,20200600,138.828125,20200900
2020-05-22 01:00:00,138.796875,20200900,139.078125,20200600,138.796875,20200900
2020-05-22 02:00:00,138.859375,20200900,139.140625,20200600,138.859375,20200900
2020-05-22 03:00:00,138.9375,20200900,139.21875,20200600,138.9375,20200900
2020-05-22 04:00:00,138.96875,20200900,139.25,20200600,138.96875,20200900
2020-05-22 07:00:00,139.03125,20200900,139.3125,20200600,139.03125,20200900
2020-05-22 08:00:00,139.0625,20200900,139.328125,20200600,139.0625,20200900
2020-05-22 09:00:00,139.015625,20200900,139.28125,20200600,139.015625,20200900
2020-05-22 10:00:00,139.046875,20200900,139.328125,20200600,139.046875,20200900
2020-05-22 11:00:00,139.015625,20200900,139.296875,20200600,139.015625,20200900
2020-05-22 12:00:00,138.890625,20200900,139.171875,20200600,138.890625,20200900
2020-05-22 13:00:00,138.9375,20200900,139.203125,20200600,138.9375,20200900
2020-05-22 14:00:00,138.890625,20200900,139.15625,20200600,138.890625,20200900
2020-05-22 15:00:00,138.9375,20200900,139.21875,20200600,138.9375,20200900
2020-05-22 16:00:00,138.953125,20200900,139.234375,20200600,138.953125,20200900
2020-05-22 17:00:00,138.890625,20200900,139.171875,20200600,138.890625,20200900
2020-05-22 18:00:00,138.890625,20200900,139.171875,20200600,138.890625,20200900
2020-05-22 19:00:00,138.90625,20200900,139.171875,20200600,138.90625,20200900
2020-05-22 20:00:00,138.9375,20200900,139.21875,20200600,138.9375,20200900
2020-05-22 21:00:00,138.90625,20200900,139.171875,20200600,138.90625,20200900
2020-05-22 23:00:00,139.0,20200900,139.28125,20200600,139.0,20200900
2020-05-24 23:00:00,138.90625,20200900,139.1875,20200600,138.90625,20200900
2020-05-25 00:00:00,138.859375,20200900,139.140625,20200600,138.859375,20200900
2020-05-25 01:00:00,138.875,20200900,139.140625,20200600,138.875,20200900
2020-05-25 02:00:00,138.90625,20200900,139.171875,20200600,138.90625,20200900
2020-05-25 03:00:00,138.921875,20200900,139.203125,20200600,138.921875,20200900
2020-05-25 04:00:00,138.9375,20200900,139.1875,20200600,138.9375,20200900
2020-05-25 07:00:00,138.953125,20200900,139.203125,20200600,138.953125,20200900
2020-05-25 08:00:00,138.9375,20200900,139.203125,20200600,138.9375,20200900
2020-05-25 09:00:00,138.875,20200900,139.15625,20200600,138.875,20200900
2020-05-25 10:00:00,138.84375,20200900,139.109375,20200600,138.84375,20200900
2020-05-25 11:00:00,138.875,20200900,139.140625,20200600,138.875,20200900
2020-05-25 12:00:00,138.890625,20200900,139.15625,20200600,138.890625,20200900
2020-05-25 13:00:00,138.90625,20200900,139.171875,20200600,138.90625,20200900
2020-05-25 14:00:00,138.890625,20200900,139.171875,20200600,138.890625,20200900
2020-05-25 15:00:00,138.9375,20200900,139.1875,20200600,138.9375,20200900
2020-05-25 16:00:00,138.9375,20200900,139.1875,20200600,138.9375,20200900
2020-05-25 17:00:00,138.921875,20200900,139.203125,20200600,138.921875,20200900
2020-05-25 23:00:00,138.90625,20200900,139.1875,20200600,138.90625,20200900
2020-05-26 00:00:00,138.921875,20200900,139.1875,20200600,138.921875,20200900
2020-05-26 01:00:00,138.875,20200900,139.140625,20200600,138.875,20200900
2020-05-26 02:00:00,138.84375,20200900,139.125,20200600,138.84375,20200900
2020-05-26 03:00:00,138.828125,20200900,139.09375,20200600,138.828125,20200900
2020-05-26 04:00:00,138.796875,20200900,139.0625,20200600,138.796875,20200900
2020-05-26 07:00:00,138.578125,20200900,138.84375,20200600,138.578125,20200900
2020-05-26 08:00:00,138.609375,20200900,138.890625,20200600,138.609375,20200900
2020-05-26 09:00:00,138.609375,20200900,138.890625,20200600,138.609375,20200900
2020-05-26 10:00:00,138.609375,20200900,138.890625,20200600,138.609375,20200900
2020-05-26 11:00:00,138.65625,20200900,138.921875,20200600,138.65625,20200900
2020-05-26 12:00:00,138.6875,20200900,138.9375,20200600,138.6875,20200900
2020-05-26 13:00:00,138.578125,20200900,138.859375,20200600,138.578125,20200900
2020-05-26 14:00:00,138.625,20200900,138.90625,20200600,138.625,20200900
2020-05-26 15:00:00,138.609375,20200900,138.890625,20200600,138.609375,20200900
2020-05-26 16:00:00,138.65625,20200900,138.90625,20200600,138.65625,20200900
2020-05-26 17:00:00,138.625,20200900,138.875,20200600,138.625,20200900
2020-05-26 18:00:00,138.640625,20200900,138.90625,20200600,138.640625,20200900
2020-05-26 19:00:00,138.6875,20200900,138.953125,20200600,138.6875,20200900
2020-05-26 20:00:00,138.78125,20200900,139.0625,20200600,138.78125,20200900
2020-05-26 21:00:00,138.6875,20200900,138.953125,20200600,138.6875,20200900
2020-05-26 23:00:00,138.734375,20200900,139.015625,20200600,138.734375,20200900
2020-05-27 00:00:00,138.78125,20200900,139.03125,20200600,138.78125,20200900
2020-05-27 01:00:00,138.703125,20200900,138.96875,20200600,138.703125,20200900
2020-05-27 02:00:00,138.703125,20200900,138.96875,20200600,138.703125,20200900
2020-05-27 03:00:00,138.71875,20200900,138.984375,20200600,138.71875,20200900
2020-05-27 04:00:00,138.6875,20200900,138.953125,20200600,138.6875,20200900
2020-05-27 07:00:00,138.796875,20200900,139.078125,20200600,138.796875,20200900
2020-05-27 08:00:00,138.71875,20200900,139.015625,20200600,138.71875,20200900
2020-05-27 09:00:00,138.8125,20200900,139.0625,20200600,138.8125,20200900
2020-05-27 10:00:00,138.640625,20200900,138.921875,20200600,138.640625,20200900
2020-05-27 11:00:00,138.640625,20200900,138.90625,20200600,138.640625,20200900
2020-05-27 12:00:00,138.453125,20200900,138.75,20200600,138.453125,20200900
2020-05-27 13:00:00,138.625,20200900,138.890625,20200600,138.625,20200900
2020-05-27 14:00:00,138.828125,20200900,139.09375,20200600,138.828125,20200900
2020-05-27 15:00:00,138.953125,20200900,139.234375,20200600,138.953125,20200900
2020-05-27 16:00:00,138.828125,20200900,139.109375,20200600,138.828125,20200900
2020-05-27 17:00:00,138.9375,20200900,139.203125,20200600,138.9375,20200900
2020-05-27 18:00:00,138.890625,20200900,139.15625,20200600,138.890625,20200900
2020-05-27 19:00:00,138.84375,20200900,139.125,20200600,138.84375,20200900
2020-05-27 20:00:00,138.84375,20200900,139.125,20200600,138.84375,20200900
2020-05-27 21:00:00,138.78125,20200900,139.046875,20200600,138.78125,20200900
2020-05-27 23:00:00,138.765625,20200900,139.046875,20200600,138.765625,20200900
2020-05-28 00:00:00,138.703125,20200900,139.0,20200600,138.703125,20200900
2020-05-28 01:00:00,138.71875,20200900,139.0,20200600,138.71875,20200900
2020-05-28 02:00:00,138.71875,20200900,139.015625,20200600,138.71875,20200900
2020-05-28 03:00:00,138.71875,20200900,138.984375,20200600,138.71875,20200900
2020-05-28 04:00:00,138.78125,20200900,139.0625,20200600,138.78125,20200900
2020-05-28 07:00:00,138.78125,20200900,139.046875,20200600,138.78125,20200900
2020-05-28 08:00:00,138.8125,20200900,139.09375,20200600,138.8125,20200900
2020-05-28 09:00:00,138.84375,20200900,139.109375,20200600,138.84375,20200900
2020-05-28 10:00:00,138.828125,20200900,139.109375,20200600,138.828125,20200900
2020-05-28 23:00:00,138.71875,20200900,139.0,20200600,138.71875,20200900
2020-05-29 14:30:00,,20201200,138.84375,20200900,,20201200
2020-05-29 15:00:00,,20201200,139.015625,20200900,,20201200
2020-05-29 16:00:00,,20201200,139.0,20200900,,20201200
2020-05-29 17:00:00,,20201200,138.953125,20200900,,20201200
2020-05-29 18:00:00,,20201200,138.96875,20200900,,20201200
2020-05-29 19:00:00,,20201200,139.109375,20200900,,20201200
2020-05-29 20:00:00,,20201200,139.0625,20200900,,20201200
2020-05-29 21:00:00,,20201200,139.015625,20200900,,20201200
2020-06-01 14:30:00,,20201200,138.890625,20200900,,20201200
2020-06-01 15:00:00,,20201200,138.859375,20200900,,20201200
2020-06-01 16:00:00,,20201200,138.953125,20200900,,20201200
2020-06-01 17:00:00,,20201200,138.984375,20200900,,20201200
2020-06-01 18:00:00,,20201200,138.96875,20200900,,20201200
2020-06-01 19:00:00,,20201200,139.015625,20200900,,20201200
2020-06-01 20:00:00,,20201200,139.015625,20200900,,20201200
2020-06-01 21:00:00,,20201200,139.0,20200900,,20201200
2020-06-01 23:00:00,,20201200,139.015625,20200900,,20201200
2020-06-02 14:30:00,,20201200,138.984375,20200900,,20201200
2020-06-02 15:00:00,,20201200,138.921875,20200900,,20201200
2020-06-02 16:00:00,,20201200,138.96875,20200900,,20201200
2020-06-02 17:00:00,,20201200,138.84375,20200900,,20201200
2020-06-02 18:00:00,,20201200,138.8125,20200900,,20201200
2020-06-02 19:00:00,,20201200,138.859375,20200900,,20201200
2020-06-02 20:00:00,,20201200,138.859375,20200900,,20201200
2020-06-02 21:00:00,,20201200,138.828125,20200900,,20201200
2020-06-03 14:30:00,,20201200,138.390625,20200900,,20201200
2020-06-03 15:00:00,,20201200,138.171875,20200900,,20201200
2020-06-03 16:00:00,,20201200,138.25,20200900,,20201200
2020-06-03 17:00:00,,20201200,138.1875,20200900,,20201200
2020-06-03 18:00:00,,20201200,138.1875,20200900,,20201200
2020-06-03 19:00:00,,20201200,138.203125,20200900,,20201200
2020-06-03 20:00:00,,20201200,138.25,20200900,,20201200
2020-06-03 21:00:00,,20201200,138.296875,20200900,,20201200
2020-06-03 23:00:00,,20201200,138.1875,20200900,,20201200
2020-06-04 14:30:00,,20201200,137.78125,20200900,,20201200
2020-06-04 15:00:00,,20201200,137.71875,20200900,,20201200
2020-06-04 16:00:00,,20201200,137.890625,20200900,,20201200
2020-06-04 17:00:00,,20201200,137.8125,20200900,,20201200
2020-06-04 18:00:00,,20201200,137.8125,20200900,,20201200
2020-06-04 19:00:00,,20201200,137.796875,20200900,,20201200
2020-06-04 20:00:00,,20201200,137.828125,20200900,,20201200
2020-06-04 21:00:00,,20201200,137.734375,20200900,,20201200
2020-06-04 23:00:00,,20201200,137.796875,20200900,,20201200
2020-06-05 14:30:00,,20201200,137.046875,20200900,,20201200
2020-06-05 15:00:00,,20201200,137.015625,20200900,,20201200
2020-06-05 16:00:00,,20201200,137.015625,20200900,,20201200
2020-06-05 17:00:00,,20201200,136.9375,20200900,,20201200
2020-06-05 18:00:00,,20201200,136.96875,20200900,,20201200
2020-06-05 19:00:00,,20201200,137.078125,20200900,,20201200
2020-06-05 20:00:00,,20201200,137.25,20200900,,20201200
2020-06-05 21:00:00,,20201200,137.203125,20200900,,20201200
2020-06-05 23:00:00,,20201200,137.09375,20200900,,20201200
2020-06-08 14:30:00,,20201200,137.34375,20200900,,20201200
2020-06-08 15:00:00,,20201200,137.4375,20200900,,20201200
2020-06-08 16:00:00,,20201200,137.46875,20200900,,20201200
2020-06-08 17:00:00,,20201200,137.453125,20200900,,20201200
2020-06-08 18:00:00,,20201200,137.390625,20200900,,20201200
2020-06-08 19:00:00,,20201200,137.3125,20200900,,20201200
2020-06-08 20:00:00,,20201200,137.375,20200900,,20201200
2020-06-08 21:00:00,,20201200,137.34375,20200900,,20201200
2020-06-08 23:00:00,,20201200,137.296875,20200900,,20201200
2020-06-09 14:30:00,,20201200,137.796875,20200900,,20201200
2020-06-09 15:00:00,,20201200,137.734375,20200900,,20201200
2020-06-09 16:00:00,,20201200,137.78125,20200900,,20201200
2020-06-09 17:00:00,,20201200,137.796875,20200900,,20201200
2020-06-09 18:00:00,,20201200,137.78125,20200900,,20201200
2020-06-09 19:00:00,,20201200,137.734375,20200900,,20201200
2020-06-09 20:00:00,,20201200,137.765625,20200900,,20201200
2020-06-09 21:00:00,,20201200,137.734375,20200900,,20201200
2020-06-09 23:00:00,,20201200,137.71875,20200900,,20201200
2020-06-10 14:30:00,,20201200,138.046875,20200900,,20201200
2020-06-10 15:00:00,,20201200,138.171875,20200900,,20201200
2020-06-10 16:00:00,,20201200,138.140625,20200900,,20201200
2020-06-10 17:00:00,,20201200,138.171875,20200900,,20201200
2020-06-10 18:00:00,,20201200,138.140625,20200900,,20201200
2020-06-10 19:00:00,,20201200,138.46875,20200900,,20201200
2020-06-10 20:00:00,,20201200,138.609375,20200900,,20201200
2020-06-10 21:00:00,,20201200,138.640625,20200900,,20201200
2020-06-10 23:00:00,,20201200,138.484375,20200900,,20201200
2020-06-11 14:30:00,,20201200,138.921875,20200900,,20201200
2020-06-11 15:00:00,,20201200,139.0,20200900,,20201200
2020-06-11 16:00:00,,20201200,138.96875,20200900,,20201200
2020-06-11 17:00:00,,20201200,138.890625,20200900,,20201200
2020-06-11 18:00:00,,20201200,139.0,20200900,,20201200
2020-06-11 19:00:00,,20201200,139.046875,20200900,,20201200
2020-06-11 20:00:00,,20201200,138.890625,20200900,,20201200
2020-06-11 21:00:00,,20201200,138.84375,20200900,,20201200
2020-06-11 23:00:00,,20201200,139.046875,20200900,,20201200
2020-06-12 14:30:00,,20201200,138.703125,20200900,,20201200
2020-06-12 15:00:00,,20201200,138.875,20200900,,20201200
2020-06-12 16:00:00,,20201200,138.75,20200900,,20201200
2020-06-12 17:00:00,,20201200,138.75,20200900,,20201200
2020-06-12 18:00:00,,20201200,138.78125,20200900,,20201200
2020-06-12 19:00:00,,20201200,138.734375,20200900,,20201200
2020-06-12 20:00:00,,20201200,138.6875,20200900,,20201200
2020-06-12 21:00:00,,20201200,138.6875,20200900,,20201200
2020-06-12 23:00:00,,20201200,138.734375,20200900,,20201200
2020-06-15 14:30:00,,20201200,138.90625,20200900,,20201200
2020-06-15 15:00:00,,20201200,138.84375,20200900,,20201200
2020-06-15 16:00:00,,20201200,138.84375,20200900,,20201200
2020-06-15 17:00:00,,20201200,138.765625,20200900,,20201200
2020-06-15 18:00:00,,20201200,138.734375,20200900,,20201200
2020-06-15 19:00:00,,20201200,138.71875,20200900,,20201200
2020-06-15 20:00:00,,20201200,138.640625,20200900,,20201200
2020-06-15 21:00:00,,20201200,138.5625,20200900,,20201200
2020-06-15 23:00:00,,20201200,138.734375,20200900,,20201200
2020-06-16 14:30:00,,20201200,138.359375,20200900,,20201200
2020-06-16 15:00:00,,20201200,138.65625,20200900,,20201200
2020-06-16 16:00:00,,20201200,138.484375,20200900,,20201200
2020-06-16 17:00:00,,20201200,138.484375,20200900,,20201200
2020-06-16 18:00:00,,20201200,138.484375,20200900,,20201200
2020-06-16 19:00:00,,20201200,138.4375,20200900,,20201200
2020-06-16 20:00:00,,20201200,138.46875,20200900,,20201200
2020-06-16 21:00:00,,20201200,138.46875,20200900,,20201200
2020-06-16 23:00:00,,20201200,138.4375,20200900,,20201200
2020-06-17 14:30:00,,20201200,138.5625,20200900,,20201200
2020-06-17 15:00:00,,20201200,138.609375,20200900,,20201200
2020-06-17 16:00:00,,20201200,138.5625,20200900,,20201200
2020-06-17 17:00:00,,20201200,138.4375,20200900,,20201200
2020-06-17 18:00:00,,20201200,138.484375,20200900,,20201200
2020-06-17 19:00:00,,20201200,138.59375,20200900,,20201200
2020-06-17 20:00:00,,20201200,138.609375,20200900,,20201200
2020-06-17 21:00:00,,20201200,138.53125,20200900,,20201200
2020-06-18 14:30:00,,20201200,138.796875,20200900,,20201200
2020-06-18 15:00:00,,20201200,138.75,20200900,,20201200
2020-06-18 16:00:00,,20201200,138.796875,20200900,,20201200
2020-06-18 17:00:00,,20201200,138.75,20200900,,20201200
2020-06-18 18:00:00,,20201200,138.75,20200900,,20201200
2020-06-18 19:00:00,,20201200,138.84375,20200900,,20201200
2020-06-18 20:00:00,,20201200,138.75,20200900,,20201200
2020-06-18 21:00:00,,20201200,138.703125,20200900,,20201200
2020-06-18 23:00:00,,20201200,138.828125,20200900,,20201200
2020-06-19 14:30:00,,20201200,138.640625,20200900,,20201200
2020-06-19 15:00:00,,20201200,138.6875,20200900,,20201200
2020-06-19 16:00:00,,20201200,138.734375,20200900,,20201200
2020-06-19 17:00:00,,20201200,138.75,20200900,,20201200
2020-06-19 18:00:00,,20201200,138.765625,20200900,,20201200
2020-06-19 19:00:00,,20201200,138.765625,20200900,,20201200
2020-06-19 20:00:00,,20201200,138.796875,20200900,,20201200
2020-06-19 21:00:00,,20201200,138.78125,20200900,,20201200
2020-06-19 23:00:00,,20201200,138.78125,20200900,,20201200
2020-06-22 14:30:00,,20201200,138.90625,20200900,,20201200
2020-06-22 15:00:00,,20201200,138.921875,20200900,,20201200
2020-06-22 16:00:00,,20201200,138.890625,20200900,,20201200
2020-06-22 17:00:00,,20201200,138.796875,20200900,,20201200
2020-06-22 18:00:00,,20201200,138.75,20200900,,20201200
2020-06-22 19:00:00,,20201200,138.71875,20200900,,20201200
2020-06-22 20:00:00,,20201200,138.6875,20200900,,20201200
2020-06-22 21:00:00,,20201200,138.671875,20200900,,20201200
2020-06-22 23:00:00,,20201200,138.703125,20200900,,20201200
2020-06-23 14:30:00,,20201200,138.703125,20200900,,20201200
2020-06-23 15:00:00,,20201200,138.65625,20200900,,20201200
2020-06-23 16:00:00,,20201200,138.640625,20200900,,20201200
2020-06-23 17:00:00,,20201200,138.640625,20200900,,20201200
2020-06-23 18:00:00,,20201200,138.6875,20200900,,20201200
2020-06-23 19:00:00,,20201200,138.734375,20200900,,20201200
2020-06-23 20:00:00,,20201200,138.703125,20200900,,20201200
2020-06-23 21:00:00,,20201200,138.671875,20200900,,20201200
2020-06-23 23:00:00,,20201200,138.75,20200900,,20201200
2020-06-24 14:30:00,,20201200,138.734375,20200900,,20201200
2020-06-24 15:00:00,,20201200,138.6875,20200900,,20201200
2020-06-24 16:00:00,,20201200,138.828125,20200900,,20201200
2020-06-24 17:00:00,,20201200,138.828125,20200900,,20201200
2020-06-24 18:00:00,,20201200,138.875,20200900,,20201200
2020-06-24 19:00:00,,20201200,138.875,20200900,,20201200
2020-06-24 20:00:00,,20201200,138.890625,20200900,,20201200
2020-06-24 21:00:00,,20201200,138.890625,20200900,,20201200
2020-06-24 23:00:00,,20201200,138.875,20200900,,20201200
2020-06-25 14:30:00,,20201200,139.0,20200900,,20201200
2020-06-25 15:00:00,,20201200,138.921875,20200900,,20201200
2020-06-25 16:00:00,,20201200,138.9375,20200900,,20201200
2020-06-25 17:00:00,,20201200,138.921875,20200900,,20201200
2020-06-25 18:00:00,,20201200,138.921875,20200900,,20201200
2020-06-25 19:00:00,,20201200,138.90625,20200900,,20201200
2020-06-25 20:00:00,,20201200,138.859375,20200900,,20201200
2020-06-25 21:00:00,,20201200,138.828125,20200900,,20201200
2020-06-25 23:00:00,,20201200,138.90625,20200900,,20201200
2020-06-26 14:30:00,,20201200,139.015625,20200900,,20201200
2020-06-26 15:00:00,,20201200,139.171875,20200900,,20201200
2020-06-26 16:00:00,,20201200,139.1875,20200900,,20201200
2020-06-26 17:00:00,,20201200,139.21875,20200900,,20201200
2020-06-26 18:00:00,,20201200,139.234375,20200900,,20201200
2020-06-26 19:00:00,,20201200,139.203125,20200900,,20201200
2020-06-26 20:00:00,,20201200,139.1875,20200900,,20201200
2020-06-26 21:00:00,,20201200,139.171875,20200900,,20201200
2020-06-26 23:00:00,,20201200,139.21875,20200900,,20201200
2020-06-29 14:30:00,,20201200,139.21875,20200900,,20201200
2020-06-29 15:00:00,,20201200,139.28125,20200900,,20201200
2020-06-29 16:00:00,,20201200,139.296875,20200900,,20201200
2020-06-29 17:00:00,,20201200,139.25,20200900,,20201200
2020-06-29 18:00:00,,20201200,139.265625,20200900,,20201200
2020-06-29 19:00:00,,20201200,139.328125,20200900,,20201200
2020-06-29 20:00:00,,20201200,139.3125,20200900,,20201200
2020-06-29 21:00:00,,20201200,139.375,20200900,,20201200
2020-06-29 23:00:00,,20201200,139.328125,20200900,,20201200
2020-06-30 14:30:00,,20201200,139.390625,20200900,,20201200
2020-06-30 15:00:00,,20201200,139.34375,20200900,,20201200
2020-06-30 16:00:00,,20201200,139.25,20200900,,20201200
2020-06-30 17:00:00,,20201200,139.203125,20200900,,20201200
2020-06-30 18:00:00,,20201200,139.109375,20200900,,20201200
2020-06-30 19:00:00,,20201200,139.171875,20200900,,20201200
2020-06-30 20:00:00,,20201200,139.140625,20200900,,20201200
2020-06-30 21:00:00,,20201200,139.15625,20200900,,20201200
2020-06-30 23:00:00,,20201200,139.171875,20200900,,20201200
2020-07-01 14:30:00,,20201200,138.890625,20200900,,20201200
2020-07-01 15:00:00,,20201200,138.875,20200900,,20201200
2020-07-01 16:00:00,,20201200,139.015625,20200900,,20201200
2020-07-01 17:00:00,,20201200,139.046875,20200900,,20201200
2020-07-01 18:00:00,,20201200,139.0,20200900,,20201200
2020-07-01 19:00:00,,20201200,138.953125,20200900,,20201200
2020-07-01 20:00:00,,20201200,138.984375,20200900,,20201200
2020-07-01 21:00:00,,20201200,138.984375,20200900,,20201200
2020-07-02 14:30:00,,20201200,138.859375,20200900,,20201200
2020-07-02 15:00:00,,20201200,139.109375,20200900,,20201200
2020-07-02 16:00:00,,20201200,139.0625,20200900,,20201200
2020-07-02 17:00:00,,20201200,139.09375,20200900,,20201200
2020-07-02 18:00:00,,20201200,139.078125,20200900,,20201200
2020-07-02 19:00:00,,20201200,139.125,20200900,,20201200
2020-07-02 20:00:00,,20201200,139.171875,20200900,,20201200
2020-07-02 21:00:00,,20201200,139.171875,20200900,,20201200
2020-07-02 23:00:00,,20201200,139.09375,20200900,,20201200
2020-07-06 14:30:00,,20201200,138.890625,20200900,,20201200
2020-07-06 15:00:00,,20201200,138.859375,20200900,,20201200
2020-07-06 16:00:00,,20201200,138.90625,20200900,,20201200
2020-07-06 17:00:00,,20201200,138.90625,20200900,,20201200
2020-07-06 18:00:00,,20201200,138.890625,20200900,,20201200
2020-07-06 19:00:00,,20201200,139.0,20200900,,20201200
2020-07-06 20:00:00,,20201200,138.984375,20200900,,20201200
2020-07-06 21:00:00,,20201200,139.015625,20200900,,20201200
2020-07-07 14:30:00,,20201200,139.0625,20200900,,20201200
2020-07-07 15:00:00,,20201200,139.046875,20200900,,20201200
2020-07-07 16:00:00,,20201200,139.078125,20200900,,20201200
2020-07-07 17:00:00,,20201200,139.171875,20200900,,20201200
2020-07-07 18:00:00,,20201200,139.203125,20200900,,20201200
2020-07-07 19:00:00,,20201200,139.203125,20200900,,20201200
2020-07-07 20:00:00,,20201200,139.296875,20200900,,20201200
2020-07-07 21:00:00,,20201200,139.265625,20200900,,20201200
2020-07-08 14:30:00,,20201200,139.0625,20200900,,20201200
2020-07-08 15:00:00,,20201200,139.078125,20200900,,20201200
2020-07-08 16:00:00,,20201200,139.125,20200900,,20201200
2020-07-08 17:00:00,,20201200,139.09375,20200900,,20201200
2020-07-08 18:00:00,,20201200,139.234375,20200900,,20201200
2020-07-08 19:00:00,,20201200,139.1875,20200900,,20201200
2020-07-08 20:00:00,,20201200,139.140625,20200900,,20201200
2020-07-08 21:00:00,,20201200,139.078125,20200900,,20201200
2020-07-08 23:00:00,,20201200,139.1875,20200900,,20201200
2020-07-09 14:30:00,,20201200,139.265625,20200900,,20201200
2020-07-09 15:00:00,139.109375,20201200,139.390625,20200900,139.109375,20201200
2020-07-09 16:00:00,,20201200,139.390625,20200900,,20201200
2020-07-09 17:00:00,139.40625,20201200,139.34375,20200900,139.40625,20201200
2020-07-09 18:00:00,,20201200,139.5,20200900,,20201200
2020-07-09 19:00:00,139.375,20201200,139.5,20200900,139.375,20201200
2020-07-09 20:00:00,,20201200,139.421875,20200900,,20201200
2020-07-09 21:00:00,,20201200,139.375,20200900,,20201200
2020-07-09 23:00:00,139.390625,20201200,139.5,20200900,139.390625,20201200
2020-07-10 14:30:00,,20201200,139.515625,20200900,,20201200
2020-07-10 15:00:00,139.375,20201200,139.4375,20200900,139.375,20201200
2020-07-10 16:00:00,,20201200,139.359375,20200900,,20201200
2020-07-10 17:00:00,,20201200,139.296875,20200900,,20201200
2020-07-10 18:00:00,,20201200,139.265625,20200900,,20201200
2020-07-10 19:00:00,,20201200,139.234375,20200900,,20201200
2020-07-10 20:00:00,,20201200,139.1875,20200900,,20201200
2020-07-10 21:00:00,,20201200,139.140625,20200900,,20201200
2020-07-13 14:30:00,138.6875,20201200,139.09375,20200900,138.6875,20201200
2020-07-13 15:00:00,,20201200,139.109375,20200900,,20201200
2020-07-13 16:00:00,,20201200,139.171875,20200900,,20201200
2020-07-13 17:00:00,,20201200,139.1875,20200900,,20201200
2020-07-13 18:00:00,,20201200,139.15625,20200900,,20201200
2020-07-13 19:00:00,,20201200,139.21875,20200900,,20201200
2020-07-13 20:00:00,,20201200,139.328125,20200900,,20201200
2020-07-13 21:00:00,139.25,20201200,139.359375,20200900,139.25,20201200
2020-07-13 23:00:00,139.109375,20201200,,20200900,139.109375,20201200
2020-07-14 14:30:00,,20201200,139.4375,20200900,,20201200
2020-07-14 15:00:00,,20201200,139.4375,20200900,,20201200
2020-07-14 16:00:00,,20201200,139.46875,20200900,,20201200
2020-07-14 17:00:00,,20201200,139.46875,20200900,,20201200
2020-07-14 18:00:00,,20201200,139.484375,20200900,,20201200
2020-07-14 19:00:00,,20201200,139.4375,20200900,,20201200
2020-07-14 20:00:00,,20201200,139.3125,20200900,,20201200
2020-07-14 21:00:00,,20201200,139.34375,20200900,,20201200
2020-07-15 14:30:00,,20201200,139.265625,20200900,,20201200
2020-07-15 15:00:00,,20201200,139.28125,20200900,,20201200
2020-07-15 16:00:00,,20201200,139.390625,20200900,,20201200
2020-07-15 17:00:00,139.25,20201200,139.375,20200900,139.25,20201200
2020-07-15 18:00:00,,20201200,139.328125,20200900,,20201200
2020-07-15 19:00:00,,20201200,139.359375,20200900,,20201200
2020-07-15 20:00:00,,20201200,139.296875,20200900,,20201200
2020-07-15 21:00:00,,20201200,139.328125,20200900,,20201200
2020-07-16 14:30:00,,20201200,139.421875,20200900,,20201200
2020-07-16 15:00:00,139.484375,20201200,139.546875,20200900,139.484375,20201200
2020-07-16 16:00:00,139.421875,20201200,139.53125,20200900,139.421875,20201200
2020-07-16 17:00:00,,20201200,139.484375,20200900,,20201200
2020-07-16 18:00:00,139.390625,20201200,139.453125,20200900,139.390625,20201200
2020-07-16 19:00:00,,20201200,139.46875,20200900,,20201200
2020-07-16 20:00:00,,20201200,139.421875,20200900,,20201200
2020-07-16 21:00:00,,20201200,139.4375,20200900,,20201200
2020-07-17 14:30:00,,20201200,139.390625,20200900,,20201200
2020-07-17 15:00:00,,20201200,139.4375,20200900,,20201200
2020-07-17 16:00:00,139.34375,20201200,139.359375,20200900,139.34375,20201200
2020-07-17 17:00:00,,20201200,139.34375,20200900,,20201200
2020-07-17 18:00:00,,20201200,139.359375,20200900,,20201200
2020-07-17 19:00:00,,20201200,139.375,20200900,,20201200
2020-07-17 20:00:00,139.25,20201200,139.390625,20200900,139.25,20201200
2020-07-17 21:00:00,,20201200,139.359375,20200900,,20201200
2020-07-17 23:00:00,139.265625,20201200,,20200900,139.265625,20201200
2020-07-20 14:30:00,,20201200,139.53125,20200900,,20201200
2020-07-20 15:00:00,,20201200,139.46875,20200900,,20201200
2020-07-20 16:00:00,,20201200,139.4375,20200900,,20201200
2020-07-20 17:00:00,,20201200,139.40625,20200900,,20201200
2020-07-20 18:00:00,,20201200,139.375,20200900,,20201200
2020-07-20 19:00:00,,20201200,139.390625,20200900,,20201200
2020-07-20 20:00:00,,20201200,139.40625,20200900,,20201200
2020-07-20 21:00:00,,20201200,139.4375,20200900,,20201200
2020-07-21 14:30:00,,20201200,139.484375,20200900,,20201200
2020-07-21 15:00:00,,20201200,139.453125,20200900,,20201200
2020-07-21 16:00:00,,20201200,139.53125,20200900,,20201200
2020-07-21 17:00:00,139.5,20201200,139.53125,20200900,139.5,20201200
2020-07-21 18:00:00,,20201200,139.515625,20200900,,20201200
2020-07-21 19:00:00,,20201200,139.5,20200900,,20201200
2020-07-21 20:00:00,139.484375,20201200,139.546875,20200900,139.484375,20201200
2020-07-21 21:00:00,,20201200,139.546875,20200900,,20201200
2020-07-22 14:30:00,,20201200,139.609375,20200900,,20201200
2020-07-22 15:00:00,139.5625,20201200,139.65625,20200900,139.5625,20201200
2020-07-22 16:00:00,,20201200,139.59375,20200900,,20201200
2020-07-22 17:00:00,,20201200,139.625,20200900,,20201200
2020-07-22 18:00:00,139.53125,20201200,139.609375,20200900,139.53125,20201200
2020-07-22 19:00:00,,20201200,139.5625,20200900,,20201200
2020-07-22 20:00:00,,20201200,139.546875,20200900,,20201200
2020-07-22 21:00:00,,20201200,139.53125,20200900,,20201200
2020-07-23 14:30:00,139.578125,20201200,139.5625,20200900,139.578125,20201200
2020-07-23 15:00:00,,20201200,139.671875,20200900,,20201200
2020-07-23 16:00:00,,20201200,139.578125,20200900,,20201200
2020-07-23 17:00:00,139.484375,20201200,139.609375,20200900,139.484375,20201200
2020-07-23 18:00:00,139.484375,20201200,139.609375,20200900,139.484375,20201200
2020-07-23 19:00:00,,20201200,139.625,20200900,,20201200
2020-07-23 20:00:00,139.53125,20201200,139.625,20200900,139.53125,20201200
2020-07-23 21:00:00,139.53125,20201200,139.609375,20200900,139.53125,20201200
2020-07-24 14:30:00,,20201200,139.59375,20200900,,20201200
2020-07-24 15:00:00,,20201200,139.578125,20200900,,20201200
2020-07-24 16:00:00,139.53125,20201200,139.640625,20200900,139.53125,20201200
2020-07-24 17:00:00,,20201200,139.65625,20200900,,20201200
2020-07-24 18:00:00,,20201200,139.625,20200900,,20201200
2020-07-24 19:00:00,,20201200,139.578125,20200900,,20201200
2020-07-24 20:00:00,139.5,20201200,139.609375,20200900,139.5,20201200
2020-07-24 21:00:00,,20201200,139.5625,20200900,,20201200
2020-07-27 14:30:00,139.609375,20201200,139.59375,20200900,139.609375,20201200
2020-07-27 15:00:00,139.53125,20201200,139.625,20200900,139.53125,20201200
2020-07-27 16:00:00,139.546875,20201200,139.640625,20200900,139.546875,20201200
2020-07-27 17:00:00,139.515625,20201200,139.578125,20200900,139.515625,20201200
2020-07-27 18:00:00,139.421875,20201200,139.515625,20200900,139.421875,20201200
2020-07-27 19:00:00,139.421875,20201200,139.484375,20200900,139.421875,20201200
2020-07-27 20:00:00,139.359375,20201200,139.453125,20200900,139.359375,20201200
2020-07-27 21:00:00,139.328125,20201200,139.421875,20200900,139.328125,20201200
2020-07-28 14:30:00,139.5,20201200,139.625,20200900,139.5,20201200
2020-07-28 15:00:00,139.578125,20201200,139.640625,20200900,139.578125,20201200
2020-07-28 16:00:00,139.484375,20201200,139.578125,20200900,139.484375,20201200
2020-07-28 17:00:00,139.46875,20201200,139.578125,20200900,139.46875,20201200
2020-07-28 18:00:00,139.625,20201200,139.6875,20200900,139.625,20201200
2020-07-28 19:00:00,139.625,20201200,139.6875,20200900,139.625,20201200
2020-07-28 20:00:00,139.625,20201200,139.734375,20200900,139.625,20201200
2020-07-28 21:00:00,139.640625,20201200,139.703125,20200900,139.640625,20201200
2020-07-29 14:30:00,,20201200,139.78125,20200900,,20201200
2020-07-29 15:00:00,,20201200,139.734375,20200900,,20201200
2020-07-29 16:00:00,139.640625,20201200,139.71875,20200900,139.640625,20201200
2020-07-29 17:00:00,139.640625,20201200,139.71875,20200900,139.640625,20201200
2020-07-29 18:00:00,139.609375,20201200,139.65625,20200900,139.609375,20201200
2020-07-29 19:00:00,139.65625,20201200,139.734375,20200900,139.65625,20201200
2020-07-29 20:00:00,139.75,20201200,139.84375,20200900,139.75,20201200
2020-07-29 21:00:00,139.796875,20201200,139.78125,20200900,139.796875,20201200
2020-07-30 14:30:00,139.9375,20201200,140.0,20200900,139.9375,20201200
2020-07-30 15:00:00,139.90625,20201200,139.953125,20200900,139.90625,20201200
2020-07-30 16:00:00,139.875,20201200,139.953125,20200900,139.875,20201200
2020-07-30 17:00:00,139.859375,20201200,139.96875,20200900,139.859375,20201200
2020-07-30 18:00:00,139.921875,20201200,139.984375,20200900,139.921875,20201200
2020-07-30 19:00:00,,20201200,140.0,20200900,,20201200
2020-07-30 20:00:00,139.9375,20201200,140.015625,20200900,139.9375,20201200
2020-07-30 21:00:00,139.96875,20201200,139.984375,20200900,139.96875,20201200
2020-07-31 14:30:00,139.859375,20201200,139.90625,20200900,139.859375,20201200
2020-07-31 15:00:00,139.9375,20201200,140.0,20200900,139.9375,20201200
2020-07-31 16:00:00,139.96875,20201200,140.015625,20200900,139.96875,20201200
2020-07-31 17:00:00,139.9375,20201200,140.0,20200900,139.9375,20201200
2020-07-31 18:00:00,139.875,20201200,139.984375,20200900,139.875,20201200
2020-07-31 19:00:00,140.015625,20201200,140.09375,20200900,140.015625,20201200
2020-07-31 20:00:00,140.0,20201200,140.0625,20200900,140.0,20201200
2020-07-31 21:00:00,140.078125,20201200,140.15625,20200900,140.078125,20201200
2020-08-03 14:30:00,139.84375,20201200,139.90625,20200900,139.84375,20201200
2020-08-03 15:00:00,139.875,20201200,139.96875,20200900,139.875,20201200
2020-08-03 16:00:00,,20201200,140.015625,20200900,,20201200
2020-08-03 17:00:00,139.828125,20201200,139.90625,20200900,139.828125,20201200
2020-08-03 18:00:00,,20201200,139.96875,20200900,,20201200
2020-08-03 19:00:00,139.859375,20201200,139.9375,20200900,139.859375,20201200
2020-08-03 20:00:00,,20201200,140.015625,20200900,,20201200
2020-08-03 21:00:00,139.9375,20201200,140.0,20200900,139.9375,20201200
2020-08-04 14:30:00,140.234375,20201200,140.296875,20200900,140.234375,20201200
2020-08-04 15:00:00,140.171875,20201200,140.234375,20200900,140.171875,20201200
2020-08-04 16:00:00,140.1875,20201200,140.25,20200900,140.1875,20201200
2020-08-04 17:00:00,140.25,20201200,140.328125,20200900,140.25,20201200
2020-08-04 18:00:00,140.265625,20201200,140.328125,20200900,140.265625,20201200
2020-08-04 19:00:00,140.28125,20201200,140.34375,20200900,140.28125,20201200
2020-08-04 20:00:00,140.3125,20201200,140.390625,20200900,140.3125,20201200
2020-08-04 21:00:00,140.3125,20201200,140.359375,20200900,140.3125,20201200
2020-08-05 14:30:00,,20201200,140.125,20200900,,20201200
2020-08-05 15:00:00,139.9375,20201200,140.015625,20200900,139.9375,20201200
2020-08-05 16:00:00,140.0,20201200,140.0625,20200900,140.0,20201200
2020-08-05 17:00:00,140.0,20201200,140.0625,20200900,140.0,20201200
2020-08-05 18:00:00,140.046875,20201200,140.109375,20200900,140.046875,20201200
2020-08-05 19:00:00,140.03125,20201200,140.078125,20200900,140.03125,20201200
2020-08-05 20:00:00,139.96875,20201200,140.03125,20200900,139.96875,20201200
2020-08-05 21:00:00,,20201200,140.046875,20200900,,20201200
2020-08-06 14:30:00,140.25,20201200,140.3125,20200900,140.25,20201200
2020-08-06 15:00:00,140.28125,20201200,140.34375,20200900,140.28125,20201200
2020-08-06 16:00:00,140.234375,20201200,140.25,20200900,140.234375,20201200
2020-08-06 17:00:00,140.140625,20201200,140.234375,20200900,140.140625,20201200
2020-08-06 18:00:00,140.109375,20201200,140.140625,20200900,140.109375,20201200
2020-08-06 19:00:00,140.0625,20201200,140.15625,20200900,140.0625,20201200
2020-08-06 20:00:00,,20201200,140.125,20200900,,20201200
2020-08-06 21:00:00,140.0625,20201200,140.140625,20200900,140.0625,20201200
2020-08-07 14:30:00,,20201200,140.234375,20200900,,20201200
2020-08-07 15:00:00,139.953125,20201200,140.046875,20200900,139.953125,20201200
2020-08-07 16:00:00,139.90625,20201200,140.0,20200900,139.90625,20201200
2020-08-07 17:00:00,139.890625,20201200,139.9375,20200900,139.890625,20201200
2020-08-07 18:00:00,139.9375,20201200,140.0,20200900,139.9375,20201200
2020-08-07 19:00:00,139.890625,20201200,139.953125,20200900,139.890625,20201200
2020-08-07 20:00:00,139.875,20201200,139.9375,20200900,139.875,20201200
2020-08-07 21:00:00,139.859375,20201200,139.953125,20200900,139.859375,20201200
2020-08-10 14:30:00,139.984375,20201200,140.0625,20200900,139.984375,20201200
2020-08-10 15:00:00,139.9375,20201200,140.015625,20200900,139.9375,20201200
2020-08-10 16:00:00,139.84375,20201200,139.9375,20200900,139.84375,20201200
2020-08-10 17:00:00,139.859375,20201200,139.953125,20200900,139.859375,20201200
2020-08-10 18:00:00,139.828125,20201200,139.90625,20200900,139.828125,20201200
2020-08-10 19:00:00,139.828125,20201200,139.875,20200900,139.828125,20201200
2020-08-10 20:00:00,139.765625,20201200,139.84375,20200900,139.765625,20201200
2020-08-10 21:00:00,139.78125,20201200,139.859375,20200900,139.78125,20201200
2020-08-11 14:30:00,139.296875,20201200,139.40625,20200900,139.296875,20201200
2020-08-11 15:00:00,139.25,20201200,139.359375,20200900,139.25,20201200
2020-08-11 16:00:00,139.265625,20201200,139.359375,20200900,139.265625,20201200
2020-08-11 17:00:00,139.25,20201200,139.359375,20200900,139.25,20201200
2020-08-11 18:00:00,139.171875,20201200,139.3125,20200900,139.171875,20201200
2020-08-11 19:00:00,139.125,20201200,139.265625,20200900,139.125,20201200
2020-08-11 20:00:00,139.40625,20201200,139.5,20200900,139.40625,20201200
2020-08-11 21:00:00,139.3125,20201200,139.390625,20200900,139.3125,20201200
2020-08-12 14:30:00,139.078125,20201200,139.203125,20200900,139.078125,20201200
2020-08-12 15:00:00,138.984375,20201200,139.109375,20200900,138.984375,20201200
2020-08-12 16:00:00,138.984375,20201200,139.125,20200900,138.984375,20201200
2020-08-12 17:00:00,139.125,20201200,139.25,20200900,139.125,20201200
2020-08-12 18:00:00,139.171875,20201200,139.28125,20200900,139.171875,20201200
2020-08-12 19:00:00,139.0625,20201200,139.1875,20200900,139.0625,20201200
2020-08-12 20:00:00,139.0625,20201200,139.21875,20200900,139.0625,20201200
2020-08-12 21:00:00,139.0,20201200,139.125,20200900,139.0,20201200
2020-08-13 14:30:00,139.0,20201200,139.140625,20200900,139.0,20201200
2020-08-13 15:00:00,139.109375,20201200,139.1875,20200900,139.109375,20201200
2020-08-13 16:00:00,139.09375,20201200,139.203125,20200900,139.09375,20201200
2020-08-13 17:00:00,139.0625,20201200,139.171875,20200900,139.0625,20201200
2020-08-13 18:00:00,138.796875,20201200,138.9375,20200900,138.796875,20201200
2020-08-13 19:00:00,138.8125,20201200,138.96875,20200900,138.8125,20201200
2020-08-13 20:00:00,138.859375,20201200,139.0,20200900,138.859375,20201200
2020-08-13 21:00:00,138.8125,20201200,138.921875,20200900,138.8125,20201200
2020-08-14 14:30:00,139.03125,20201200,139.140625,20200900,139.03125,20201200
2020-08-14 15:00:00,139.0,20201200,139.140625,20200900,139.0,20201200
2020-08-14 16:00:00,139.09375,20201200,139.203125,20200900,139.09375,20201200
2020-08-14 17:00:00,139.078125,20201200,139.203125,20200900,139.078125,20201200
2020-08-14 18:00:00,139.03125,20201200,139.140625,20200900,139.03125,20201200
2020-08-14 19:00:00,139.0,20201200,139.125,20200900,139.0,20201200
2020-08-14 20:00:00,138.984375,20201200,139.125,20200900,138.984375,20201200
2020-08-14 21:00:00,139.0,20201200,139.140625,20200900,139.0,20201200
2020-08-17 14:30:00,139.171875,20201200,139.3125,20200900,139.171875,20201200
2020-08-17 15:00:00,139.265625,20201200,139.375,20200900,139.265625,20201200
2020-08-17 16:00:00,139.3125,20201200,139.421875,20200900,139.3125,20201200
2020-08-17 17:00:00,139.28125,20201200,139.40625,20200900,139.28125,20201200
2020-08-17 18:00:00,139.25,20201200,139.359375,20200900,139.25,20201200
2020-08-17 19:00:00,139.203125,20201200,139.328125,20200900,139.203125,20201200
2020-08-17 20:00:00,139.203125,20201200,139.3125,20200900,139.203125,20201200
2020-08-17 21:00:00,139.15625,20201200,139.296875,20200900,139.15625,20201200
2020-08-18 14:30:00,139.21875,20201200,139.328125,20200900,139.21875,20201200
2020-08-18 15:00:00,139.296875,20201200,139.40625,20200900,139.296875,20201200
2020-08-18 16:00:00,139.34375,20201200,139.4375,20200900,139.34375,20201200
2020-08-18 17:00:00,139.359375,20201200,139.484375,20200900,139.359375,20201200
2020-08-18 18:00:00,139.34375,20201200,139.4375,20200900,139.34375,20201200
2020-08-18 19:00:00,139.28125,20201200,139.40625,20200900,139.28125,20201200
2020-08-18 20:00:00,139.296875,20201200,139.421875,20200900,139.296875,20201200
2020-08-18 21:00:00,139.265625,20201200,139.40625,20200900,139.265625,20201200
2020-08-19 14:30:00,139.359375,20201200,139.46875,20200900,139.359375,20201200
2020-08-19 15:00:00,139.359375,20201200,139.46875,20200900,139.359375,20201200
2020-08-19 16:00:00,139.3125,20201200,139.453125,20200900,139.3125,20201200
2020-08-19 17:00:00,139.296875,20201200,139.40625,20200900,139.296875,20201200
2020-08-19 18:00:00,139.359375,20201200,139.484375,20200900,139.359375,20201200
2020-08-19 19:00:00,139.25,20201200,139.375,20200900,139.25,20201200
2020-08-19 20:00:00,139.171875,20201200,139.3125,20200900,139.171875,20201200
2020-08-19 21:00:00,139.1875,20201200,139.328125,20200900,139.1875,20201200
2020-08-20 14:30:00,139.453125,20201200,139.578125,20200900,139.453125,20201200
2020-08-20 15:00:00,139.421875,20201200,139.5625,20200900,139.421875,20201200
2020-08-20 16:00:00,139.4375,20201200,139.578125,20200900,139.4375,20201200
2020-08-20 17:00:00,139.4375,20201200,139.578125,20200900,139.4375,20201200
2020-08-20 18:00:00,139.375,20201200,139.515625,20200900,139.375,20201200
2020-08-20 19:00:00,139.421875,20201200,139.5625,20200900,139.421875,20201200
2020-08-20 20:00:00,139.421875,20201200,139.546875,20200900,139.421875,20201200
2020-08-20 21:00:00,139.390625,20201200,139.515625,20200900,139.390625,20201200
2020-08-20 23:00:00,139.4375,20201200,139.5625,20200900,139.4375,20201200
2020-08-21 14:30:00,139.375,20201200,139.484375,20200900,139.375,20201200
2020-08-21 15:00:00,,20210300,139.484375,20201200,,20210300
2020-08-21 16:00:00,,20210300,139.484375,20201200,,20210300
2020-08-21 17:00:00,,20210300,139.484375,20201200,,20210300
2020-08-21 18:00:00,,20210300,139.453125,20201200,,20210300
2020-08-21 19:00:00,,20210300,139.4375,20201200,,20210300
2020-08-21 20:00:00,,20210300,139.484375,20201200,,20210300
2020-08-21 21:00:00,,20210300,139.53125,20201200,,20210300
2020-08-24 14:30:00,,20210300,139.578125,20201200,,20210300
2020-08-24 15:00:00,,20210300,139.515625,20201200,,20210300
2020-08-24 16:00:00,,20210300,139.375,20201200,,20210300
2020-08-24 17:00:00,,20210300,139.375,20201200,,20210300
2020-08-24 18:00:00,,20210300,139.390625,20201200,,20210300
2020-08-24 19:00:00,,20210300,139.390625,20201200,,20210300
2020-08-24 20:00:00,,20210300,139.34375,20201200,,20210300
2020-08-24 21:00:00,,20210300,139.34375,20201200,,20210300
2020-08-25 14:30:00,,20210300,139.0,20201200,,20210300
2020-08-25 15:00:00,,20210300,138.890625,20201200,,20210300
2020-08-25 16:00:00,,20210300,139.03125,20201200,,20210300
2020-08-25 17:00:00,,20210300,139.140625,20201200,,20210300
2020-08-25 18:00:00,,20210300,139.140625,20201200,,20210300
2020-08-25 19:00:00,,20210300,139.1875,20201200,,20210300
2020-08-25 20:00:00,,20210300,139.15625,20201200,,20210300
2020-08-25 21:00:00,,20210300,139.15625,20201200,,20210300
2020-08-26 14:30:00,,20210300,139.0,20201200,,20210300
2020-08-26 15:00:00,,20210300,138.921875,20201200,,20210300
2020-08-26 16:00:00,,20210300,138.96875,20201200,,20210300
2020-08-26 17:00:00,,20210300,138.96875,20201200,,20210300
2020-08-26 18:00:00,,20210300,139.171875,20201200,,20210300
2020-08-26 19:00:00,,20210300,139.171875,20201200,,20210300
2020-08-26 20:00:00,,20210300,139.125,20201200,,20210300
2020-08-26 21:00:00,,20210300,139.171875,20201200,,20210300
2020-08-27 14:30:00,,20210300,139.046875,20201200,,20210300
2020-08-27 15:00:00,,20210300,138.796875,20201200,,20210300
2020-08-27 16:00:00,,20210300,138.875,20201200,,20210300
2020-08-27 17:00:00,,20210300,138.84375,20201200,,20210300
2020-08-27 18:00:00,,20210300,138.890625,20201200,,20210300
2020-08-27 19:00:00,,20210300,138.84375,20201200,,20210300
2020-08-27 20:00:00,,20210300,138.84375,20201200,,20210300
2020-08-27 21:00:00,,20210300,138.765625,20201200,,20210300
2020-08-28 14:30:00,,20210300,139.140625,20201200,,20210300
2020-08-28 15:00:00,,20210300,139.140625,20201200,,20210300
2020-08-28 16:00:00,,20210300,139.15625,20201200,,20210300
2020-08-28 17:00:00,,20210300,139.0625,20201200,,20210300
2020-08-28 18:00:00,,20210300,139.015625,20201200,,20210300
2020-08-28 19:00:00,,20210300,139.109375,20201200,,20210300
2020-08-28 20:00:00,,20210300,139.078125,20201200,,20210300
2020-08-28 21:00:00,,20210300,139.125,20201200,,20210300
2020-08-31 14:30:00,,20210300,139.109375,20201200,,20210300
2020-08-31 15:00:00,,20210300,139.09375,20201200,,20210300
2020-08-31 16:00:00,,20210300,139.203125,20201200,,20210300
2020-08-31 17:00:00,,20210300,139.25,20201200,,20210300
2020-08-31 18:00:00,,20210300,139.25,20201200,,20210300
2020-08-31 19:00:00,,20210300,139.28125,20201200,,20210300
2020-08-31 20:00:00,,20210300,139.15625,20201200,,20210300
2020-08-31 21:00:00,,20210300,139.203125,20201200,,20210300
2020-09-01 14:30:00,,20210300,139.171875,20201200,,20210300
2020-09-01 15:00:00,,20210300,139.234375,20201200,,20210300
2020-09-01 16:00:00,,20210300,139.34375,20201200,,20210300
2020-09-01 17:00:00,,20210300,139.296875,20201200,,20210300
2020-09-01 18:00:00,,20210300,139.390625,20201200,,20210300
2020-09-01 19:00:00,,20210300,139.4375,20201200,,20210300
2020-09-01 20:00:00,,20210300,139.421875,20201200,,20210300
2020-09-01 21:00:00,,20210300,139.4375,20201200,,20210300
2020-09-02 14:30:00,,20210300,139.484375,20201200,,20210300
2020-09-02 15:00:00,,20210300,139.546875,20201200,,20210300
2020-09-02 16:00:00,,20210300,139.578125,20201200,,20210300
2020-09-02 17:00:00,,20210300,139.546875,20201200,,20210300
2020-09-02 18:00:00,,20210300,139.5625,20201200,,20210300
2020-09-02 19:00:00,,20210300,139.546875,20201200,,20210300
2020-09-02 20:00:00,,20210300,139.5625,20201200,,20210300
2020-09-02 21:00:00,,20210300,139.5625,20201200,,20210300
2020-09-03 14:30:00,,20210300,139.65625,20201200,,20210300
2020-09-03 15:00:00,,20210300,139.765625,20201200,,20210300
2020-09-03 16:00:00,,20210300,139.75,20201200,,20210300
2020-09-03 17:00:00,,20210300,139.796875,20201200,,20210300
2020-09-03 18:00:00,,20210300,139.8125,20201200,,20210300
2020-09-03 19:00:00,,20210300,139.78125,20201200,,20210300
2020-09-03 20:00:00,,20210300,139.671875,20201200,,20210300
2020-09-03 21:00:00,,20210300,139.671875,20201200,,20210300
2020-09-04 14:30:00,,20210300,139.390625,20201200,,20210300
2020-09-04 15:00:00,,20210300,139.375,20201200,,20210300
2020-09-04 16:00:00,,20210300,139.28125,20201200,,20210300
2020-09-04 17:00:00,,20210300,139.203125,20201200,,20210300
2020-09-04 18:00:00,,20210300,139.171875,20201200,,20210300
2020-09-04 19:00:00,,20210300,139.015625,20201200,,20210300
2020-09-04 20:00:00,,20210300,139.109375,20201200,,20210300
2020-09-04 21:00:00,,20210300,139.0625,20201200,,20210300
2020-09-04 23:00:00,,20210300,139.03125,20201200,,20210300
2020-09-08 14:30:00,,20210300,139.421875,20201200,,20210300
2020-09-08 15:00:00,,20210300,139.484375,20201200,,20210300
2020-09-08 16:00:00,,20210300,139.421875,20201200,,20210300
2020-09-08 17:00:00,,20210300,139.390625,20201200,,20210300
2020-09-08 18:00:00,,20210300,139.40625,20201200,,20210300
2020-09-08 19:00:00,,20210300,139.390625,20201200,,20210300
2020-09-08 20:00:00,,20210300,139.375,20201200,,20210300
2020-09-08 21:00:00,,20210300,139.359375,20201200,,20210300
2020-09-09 14:30:00,,20210300,139.390625,20201200,,20210300
2020-09-09 15:00:00,,20210300,139.328125,20201200,,20210300
2020-09-09 16:00:00,,20210300,139.3125,20201200,,20210300
2020-09-09 17:00:00,,20210300,139.328125,20201200,,20210300
2020-09-09 18:00:00,,20210300,139.296875,20201200,,20210300
2020-09-09 19:00:00,,20210300,139.296875,20201200,,20210300
2020-09-09 20:00:00,,20210300,139.375,20201200,,20210300
2020-09-09 21:00:00,,20210300,139.359375,20201200,,20210300
2020-09-10 14:30:00,,20210300,139.265625,20201200,,20210300
2020-09-10 15:00:00,,20210300,139.25,20201200,,20210300
2020-09-10 16:00:00,,20210300,139.21875,20201200,,20210300
2020-09-10 17:00:00,,20210300,139.25,20201200,,20210300
2020-09-10 18:00:00,,20210300,139.40625,20201200,,20210300
2020-09-10 19:00:00,,20210300,139.4375,20201200,,20210300
2020-09-10 20:00:00,,20210300,139.4375,20201200,,20210300
2020-09-10 21:00:00,,20210300,139.4375,20201200,,20210300
2020-09-10 23:00:00,,20210300,139.4375,20201200,,20210300
2020-09-11 14:30:00,,20210300,139.53125,20201200,,20210300
2020-09-11 15:00:00,,20210300,139.5625,20201200,,20210300
2020-09-11 16:00:00,,20210300,139.5625,20201200,,20210300
2020-09-11 17:00:00,,20210300,139.59375,20201200,,20210300
2020-09-11 18:00:00,,20210300,139.59375,20201200,,20210300
2020-09-11 19:00:00,,20210300,139.59375,20201200,,20210300
2020-09-11 20:00:00,,20210300,139.59375,20201200,,20210300
2020-09-11 21:00:00,,20210300,139.59375,20201200,,20210300
2020-09-14 14:30:00,,20210300,139.625,20201200,,20210300
2020-09-14 15:00:00,,20210300,139.640625,20201200,,20210300
2020-09-14 16:00:00,,20210300,139.59375,20201200,,20210300
2020-09-14 17:00:00,,20210300,139.59375,20201200,,20210300
2020-09-14 18:00:00,,20210300,139.609375,20201200,,20210300
2020-09-14 19:00:00,,20210300,139.578125,20201200,,20210300
2020-09-14 20:00:00,,20210300,139.546875,20201200,,20210300
2020-09-14 21:00:00,,20210300,139.53125,20201200,,20210300
2020-09-15 14:30:00,,20210300,139.5,20201200,,20210300
2020-09-15 15:00:00,,20210300,139.5,20201200,,20210300
2020-09-15 16:00:00,,20210300,139.453125,20201200,,20210300
2020-09-15 17:00:00,,20210300,139.453125,20201200,,20210300
2020-09-15 18:00:00,,20210300,139.484375,20201200,,20210300
2020-09-15 19:00:00,,20210300,139.484375,20201200,,20210300
2020-09-15 20:00:00,,20210300,139.5,20201200,,20210300
2020-09-15 21:00:00,,20210300,139.5,20201200,,20210300
2020-09-16 14:30:00,,20210300,139.59375,20201200,,20210300
2020-09-16 15:00:00,,20210300,139.546875,20201200,,20210300
2020-09-16 16:00:00,,20210300,139.53125,20201200,,20210300
2020-09-16 17:00:00,,20210300,139.53125,20201200,,20210300
2020-09-16 18:00:00,,20210300,139.578125,20201200,,20210300
2020-09-16 19:00:00,,20210300,139.453125,20201200,,20210300
2020-09-16 20:00:00,,20210300,139.4375,20201200,,20210300
2020-09-16 21:00:00,,20210300,139.40625,20201200,,20210300
2020-09-17 14:30:00,,20210300,139.59375,20201200,,20210300
2020-09-17 15:00:00,,20210300,139.625,20201200,,20210300
2020-09-17 16:00:00,,20210300,139.46875,20201200,,20210300
2020-09-17 17:00:00,,20210300,139.484375,20201200,,20210300
2020-09-17 18:00:00,,20210300,139.46875,20201200,,20210300
2020-09-17 19:00:00,,20210300,139.453125,20201200,,20210300
2020-09-17 20:00:00,,20210300,139.421875,20201200,,20210300
2020-09-17 21:00:00,,20210300,139.40625,20201200,,20210300
2020-09-18 14:30:00,,20210300,139.484375,20201200,,20210300
2020-09-18 15:00:00,,20210300,139.421875,20201200,,20210300
2020-09-18 16:00:00,,20210300,139.4375,20201200,,20210300
2020-09-18 17:00:00,,20210300,139.453125,20201200,,20210300
2020-09-18 18:00:00,,20210300,139.4375,20201200,,20210300
2020-09-18 19:00:00,,20210300,139.390625,20201200,,20210300
2020-09-18 20:00:00,,20210300,139.359375,20201200,,20210300
2020-09-18 21:00:00,,20210300,139.359375,20201200,,20210300
2020-09-21 14:30:00,,20210300,139.65625,20201200,,20210300
2020-09-21 15:00:00,,20210300,139.65625,20201200,,20210300
2020-09-21 16:00:00,,20210300,139.6875,20201200,,20210300
2020-09-21 17:00:00,,20210300,139.59375,20201200,,20210300
2020-09-21 18:00:00,,20210300,139.609375,20201200,,20210300
2020-09-21 19:00:00,,20210300,139.5625,20201200,,20210300
2020-09-21 20:00:00,,20210300,139.53125,20201200,,20210300
2020-09-21 21:00:00,,20210300,139.578125,20201200,,20210300
2020-09-22 14:30:00,,20210300,139.59375,20201200,,20210300
2020-09-22 15:00:00,,20210300,139.625,20201200,,20210300
2020-09-22 16:00:00,,20210300,139.546875,20201200,,20210300
2020-09-22 17:00:00,,20210300,139.59375,20201200,,20210300
2020-09-22 18:00:00,,20210300,139.59375,20201200,,20210300
2020-09-22 19:00:00,,20210300,139.609375,20201200,,20210300
2020-09-22 20:00:00,,20210300,139.53125,20201200,,20210300
2020-09-22 21:00:00,,20210300,139.5625,20201200,,20210300
2020-09-23 14:30:00,,20210300,139.5,20201200,,20210300
2020-09-23 15:00:00,,20210300,139.4375,20201200,,20210300
2020-09-23 16:00:00,,20210300,139.453125,20201200,,20210300
2020-09-23 17:00:00,,20210300,139.40625,20201200,,20210300
2020-09-23 18:00:00,,20210300,139.484375,20201200,,20210300
2020-09-23 19:00:00,,20210300,139.515625,20201200,,20210300
2020-09-23 20:00:00,,20210300,139.53125,20201200,,20210300
2020-09-23 21:00:00,,20210300,139.5,20201200,,20210300
2020-09-24 14:30:00,,20210300,139.546875,20201200,,20210300
2020-09-24 15:00:00,,20210300,139.53125,20201200,,20210300
2020-09-24 16:00:00,,20210300,139.53125,20201200,,20210300
2020-09-24 17:00:00,,20210300,139.5625,20201200,,20210300
2020-09-24 18:00:00,,20210300,139.546875,20201200,,20210300
2020-09-24 19:00:00,,20210300,139.578125,20201200,,20210300
2020-09-24 20:00:00,,20210300,139.5625,20201200,,20210300
2020-09-24 21:00:00,,20210300,139.5625,20201200,,20210300
2020-09-25 14:30:00,,20210300,139.671875,20201200,,20210300
2020-09-25 15:00:00,,20210300,139.65625,20201200,,20210300
2020-09-25 16:00:00,,20210300,139.703125,20201200,,20210300
2020-09-25 17:00:00,,20210300,139.640625,20201200,,20210300
2020-09-25 18:00:00,,20210300,139.625,20201200,,20210300
2020-09-25 19:00:00,,20210300,139.640625,20201200,,20210300
2020-09-25 20:00:00,,20210300,139.640625,20201200,,20210300
2020-09-25 21:00:00,,20210300,139.65625,20201200,,20210300
2020-09-28 14:30:00,,20210300,139.640625,20201200,,20210300
2020-09-28 15:00:00,,20210300,139.65625,20201200,,20210300
2020-09-28 16:00:00,,20210300,139.625,20201200,,20210300
2020-09-28 17:00:00,,20210300,139.609375,20201200,,20210300
2020-09-28 18:00:00,,20210300,139.609375,20201200,,20210300
2020-09-28 19:00:00,,20210300,139.625,20201200,,20210300
2020-09-28 20:00:00,,20210300,139.65625,20201200,,20210300
2020-09-28 21:00:00,,20210300,139.671875,20201200,,20210300
2020-09-29 14:30:00,,20210300,139.75,20201200,,20210300
2020-09-29 15:00:00,,20210300,139.75,20201200,,20210300
2020-09-29 16:00:00,,20210300,139.765625,20201200,,20210300
2020-09-29 17:00:00,,20210300,139.78125,20201200,,20210300
2020-09-29 18:00:00,,20210300,139.765625,20201200,,20210300
2020-09-29 19:00:00,,20210300,139.765625,20201200,,20210300
2020-09-29 20:00:00,,20210300,139.75,20201200,,20210300
2020-09-29 21:00:00,,20210300,139.71875,20201200,,20210300
2020-09-30 14:30:00,,20210300,139.5625,20201200,,20210300
2020-09-30 15:00:00,,20210300,139.5,20201200,,20210300
2020-09-30 16:00:00,,20210300,139.453125,20201200,,20210300
2020-09-30 17:00:00,,20210300,139.4375,20201200,,20210300
2020-09-30 18:00:00,,20210300,139.421875,20201200,,20210300
2020-09-30 19:00:00,,20210300,139.53125,20201200,,20210300
2020-09-30 20:00:00,,20210300,139.5,20201200,,20210300
2020-09-30 21:00:00,,20210300,139.5,20201200,,20210300
2020-09-30 23:00:00,,20210300,139.53125,20201200,,20210300
2020-10-01 14:30:00,,20210300,139.328125,20201200,,20210300
2020-10-01 15:00:00,,20210300,139.484375,20201200,,20210300
2020-10-01 16:00:00,,20210300,139.578125,20201200,,20210300
2020-10-01 17:00:00,,20210300,139.546875,20201200,,20210300
2020-10-01 18:00:00,139.25,20210300,139.546875,20201200,139.25,20210300
2020-10-01 19:00:00,139.28125,20210300,139.546875,20201200,139.28125,20210300
2020-10-01 20:00:00,,20210300,139.546875,20201200,,20210300
2020-10-01 21:00:00,,20210300,139.546875,20201200,,20210300
2020-10-02 14:30:00,139.21875,20210300,139.515625,20201200,139.21875,20210300
2020-10-02 15:00:00,,20210300,139.484375,20201200,,20210300
2020-10-02 15:30:00,139.21875,20210300,,20201200,139.21875,20210300
2020-10-02 16:00:00,,20210300,139.484375,20201200,,20210300
2020-10-02 17:00:00,,20210300,139.40625,20201200,,20210300
2020-10-02 18:00:00,,20210300,139.453125,20201200,,20210300
2020-10-02 19:00:00,,20210300,139.421875,20201200,,20210300
2020-10-02 20:00:00,,20210300,139.453125,20201200,,20210300
2020-10-02 21:00:00,,20210300,139.46875,20201200,,20210300
2020-10-02 22:00:00,,20210300,139.390625,20201200,,20210300
2020-10-05 15:30:00,138.84375,20210300,139.140625,20201200,138.84375,20210300
2020-10-05 16:00:00,,20210300,139.015625,20201200,,20210300
2020-10-05 17:00:00,138.640625,20210300,138.96875,20201200,138.640625,20210300
2020-10-05 18:00:00,138.65625,20210300,138.984375,20201200,138.65625,20210300
2020-10-05 19:00:00,,20210300,139.015625,20201200,,20210300
2020-10-05 20:00:00,138.59375,20210300,138.921875,20201200,138.59375,20210300
2020-10-05 21:00:00,138.5,20210300,138.8125,20201200,138.5,20210300
2020-10-05 22:00:00,,20210300,138.765625,20201200,,20210300
2020-10-06 15:30:00,,20210300,138.875,20201200,,20210300
2020-10-06 16:00:00,,20210300,138.765625,20201200,,20210300
2020-10-06 17:00:00,,20210300,138.828125,20201200,,20210300
2020-10-06 18:00:00,,20210300,138.828125,20201200,,20210300
2020-10-06 19:00:00,,20210300,138.84375,20201200,,20210300
2020-10-06 20:00:00,138.5625,20210300,139.0625,20201200,138.5625,20210300
2020-10-06 21:00:00,,20210300,139.015625,20201200,,20210300
2020-10-06 22:00:00,,20210300,139.109375,20201200,,20210300
2020-10-07 15:30:00,138.453125,20210300,138.765625,20201200,138.453125,20210300
2020-10-07 16:00:00,,20210300,138.8125,20201200,,20210300
2020-10-07 17:00:00,,20210300,138.84375,20201200,,20210300
2020-10-07 18:00:00,138.515625,20210300,138.890625,20201200,138.515625,20210300
2020-10-07 19:00:00,138.515625,20210300,138.796875,20201200,138.515625,20210300
2020-10-07 20:00:00,138.40625,20210300,138.71875,20201200,138.40625,20210300
2020-10-07 21:00:00,138.34375,20210300,138.734375,20201200,138.34375,20210300
2020-10-07 22:00:00,138.390625,20210300,138.703125,20201200,138.390625,20210300
2020-10-08 15:30:00,,20210300,138.796875,20201200,,20210300
2020-10-08 16:00:00,138.484375,20210300,138.78125,20201200,138.484375,20210300
2020-10-08 17:00:00,,20210300,138.859375,20201200,,20210300
2020-10-08 18:00:00,138.53125,20210300,138.84375,20201200,138.53125,20210300
2020-10-08 19:00:00,138.53125,20210300,138.90625,20201200,138.53125,20210300
2020-10-08 20:00:00,,20210300,138.921875,20201200,,20210300
2020-10-08 21:00:00,,20210300,138.921875,20201200,,20210300
2020-10-08 22:00:00,,20210300,138.78125,20201200,,20210300
2020-10-09 15:30:00,138.46875,20210300,138.90625,20201200,138.46875,20210300
2020-10-09 16:00:00,138.640625,20210300,138.921875,20201200,138.640625,20210300
2020-10-09 17:00:00,,20210300,138.734375,20201200,,20210300
2020-10-09 18:00:00,138.359375,20210300,138.765625,20201200,138.359375,20210300
2020-10-09 19:00:00,138.375,20210300,138.765625,20201200,138.375,20210300
2020-10-09 20:00:00,,20210300,138.8125,20201200,,20210300
2020-10-09 21:00:00,,20210300,138.828125,20201200,,20210300
2020-10-09 22:00:00,,20210300,138.796875,20201200,,20210300
2020-10-09 23:00:00,138.484375,20210300,,20201200,138.484375,20210300
2020-10-12 15:30:00,,20210300,138.859375,20201200,,20210300
2020-10-12 16:00:00,,20210300,138.859375,20201200,,20210300
2020-10-12 17:00:00,,20210300,138.84375,20201200,,20210300
2020-10-12 18:00:00,,20210300,138.84375,20201200,,20210300
2020-10-12 19:00:00,,20210300,138.828125,20201200,,20210300
2020-10-12 20:00:00,,20210300,138.90625,20201200,,20210300
2020-10-12 21:00:00,,20210300,138.9375,20201200,,20210300
2020-10-12 22:00:00,,20210300,138.921875,20201200,,20210300
2020-10-13 15:30:00,,20210300,139.171875,20201200,,20210300
2020-10-13 16:00:00,138.859375,20210300,139.15625,20201200,138.859375,20210300
2020-10-13 17:00:00,138.8125,20210300,139.171875,20201200,138.8125,20210300
2020-10-13 18:00:00,,20210300,139.1875,20201200,,20210300
2020-10-13 19:00:00,,20210300,139.234375,20201200,,20210300
2020-10-13 20:00:00,,20210300,139.203125,20201200,,20210300
2020-10-13 21:00:00,,20210300,139.203125,20201200,,20210300
2020-10-13 22:00:00,,20210300,139.1875,20201200,,20210300
2020-10-14 15:30:00,,20210300,139.203125,20201200,,20210300
2020-10-14 16:00:00,,20210300,139.234375,20201200,,20210300
2020-10-14 17:00:00,138.984375,20210300,139.296875,20201200,138.984375,20210300
2020-10-14 18:00:00,138.9375,20210300,139.265625,20201200,138.9375,20210300
2020-10-14 19:00:00,138.9375,20210300,139.234375,20201200,138.9375,20210300
2020-10-14 20:00:00,138.921875,20210300,139.21875,20201200,138.921875,20210300
2020-10-14 21:00:00,,20210300,139.234375,20201200,,20210300
2020-10-14 22:00:00,,20210300,139.203125,20201200,,20210300
2020-10-15 15:30:00,,20210300,139.25,20201200,,20210300
2020-10-15 16:00:00,138.921875,20210300,139.296875,20201200,138.921875,20210300
2020-10-15 17:00:00,138.875,20210300,139.234375,20201200,138.875,20210300
2020-10-15 18:00:00,138.890625,20210300,139.203125,20201200,138.890625,20210300
2020-10-15 19:00:00,,20210300,139.15625,20201200,,20210300
2020-10-15 20:00:00,138.78125,20210300,139.125,20201200,138.78125,20210300
2020-10-15 21:00:00,,20210300,139.140625,20201200,,20210300
2020-10-15 22:00:00,,20210300,139.109375,20201200,,20210300
2020-10-16 15:30:00,138.859375,20210300,139.171875,20201200,138.859375,20210300
2020-10-16 16:00:00,138.8125,20210300,139.078125,20201200,138.8125,20210300
2020-10-16 17:00:00,,20210300,139.0625,20201200,,20210300
2020-10-16 18:00:00,138.78125,20210300,139.09375,20201200,138.78125,20210300
2020-10-16 19:00:00,,20210300,139.078125,20201200,,20210300
2020-10-16 20:00:00,,20210300,139.046875,20201200,,20210300
2020-10-16 21:00:00,,20210300,139.078125,20201200,,20210300
2020-10-16 22:00:00,,20210300,139.03125,20201200,,20210300
2020-10-19 15:30:00,138.453125,20210300,138.796875,20201200,138.453125,20210300
2020-10-19 16:00:00,138.484375,20210300,138.828125,20201200,138.484375,20210300
2020-10-19 17:00:00,,20210300,138.921875,20201200,,20210300
2020-10-19 18:00:00,,20210300,138.953125,20201200,,20210300
2020-10-19 19:00:00,138.59375,20210300,138.890625,20201200,138.59375,20210300
2020-10-19 20:00:00,,20210300,138.90625,20201200,,20210300
2020-10-19 21:00:00,,20210300,138.90625,20201200,,20210300
2020-10-19 22:00:00,,20210300,138.84375,20201200,,20210300
2020-10-20 15:30:00,138.359375,20210300,138.703125,20201200,138.359375,20210300
2020-10-20 16:00:00,,20210300,138.796875,20201200,,20210300
2020-10-20 17:00:00,138.5,20210300,138.84375,20201200,138.5,20210300
2020-10-20 18:00:00,138.3125,20210300,138.734375,20201200,138.3125,20210300
2020-10-20 19:00:00,138.390625,20210300,138.734375,20201200,138.390625,20210300
2020-10-20 20:00:00,138.390625,20210300,138.703125,20201200,138.390625,20210300
2020-10-20 21:00:00,138.359375,20210300,138.71875,20201200,138.359375,20210300
2020-10-20 22:00:00,,20210300,138.78125,20201200,,20210300
2020-10-21 15:30:00,138.140625,20210300,138.515625,20201200,138.140625,20210300
2020-10-21 16:00:00,138.25,20210300,138.609375,20201200,138.25,20210300
2020-10-21 17:00:00,138.28125,20210300,138.609375,20201200,138.28125,20210300
2020-10-21 18:00:00,138.234375,20210300,138.609375,20201200,138.234375,20210300
2020-10-21 19:00:00,138.28125,20210300,138.625,20201200,138.28125,20210300
2020-10-21 20:00:00,,20210300,138.578125,20201200,,20210300
2020-10-21 21:00:00,138.21875,20210300,138.578125,20201200,138.21875,20210300
2020-10-21 22:00:00,138.1875,20210300,138.5,20201200,138.1875,20210300
2020-10-22 15:30:00,,20210300,138.484375,20201200,,20210300
2020-10-22 16:00:00,,20210300,138.40625,20201200,,20210300
2020-10-22 17:00:00,137.9375,20210300,138.3125,20201200,137.9375,20210300
2020-10-22 18:00:00,137.9375,20210300,138.3125,20201200,137.9375,20210300
2020-10-22 19:00:00,137.96875,20210300,138.359375,20201200,137.96875,20210300
2020-10-22 20:00:00,137.96875,20210300,138.3125,20201200,137.96875,20210300
2020-10-22 21:00:00,137.875,20210300,138.234375,20201200,137.875,20210300
2020-10-22 22:00:00,137.8125,20210300,138.28125,20201200,137.8125,20210300
2020-10-23 15:30:00,137.90625,20210300,138.296875,20201200,137.90625,20210300
2020-10-23 16:00:00,138.0,20210300,138.3125,20201200,138.0,20210300
2020-10-23 17:00:00,,20210300,138.390625,20201200,,20210300
2020-10-23 18:00:00,138.0625,20210300,138.453125,20201200,138.0625,20210300
2020-10-23 19:00:00,138.0625,20210300,138.375,20201200,138.0625,20210300
2020-10-23 20:00:00,138.015625,20210300,138.359375,20201200,138.015625,20210300
2020-10-23 21:00:00,138.0,20210300,138.359375,20201200,138.0,20210300
2020-10-23 22:00:00,,20210300,138.3125,20201200,,20210300
2020-10-26 13:30:00,,20210300,138.5625,20201200,,20210300
2020-10-26 14:00:00,138.21875,20210300,138.578125,20201200,138.21875,20210300
2020-10-26 15:00:00,138.265625,20210300,138.65625,20201200,138.265625,20210300
2020-10-26 16:00:00,,20210300,138.65625,20201200,,20210300
2020-10-26 17:00:00,,20210300,138.6875,20201200,,20210300
2020-10-26 18:00:00,,20210300,138.640625,20201200,,20210300
2020-10-26 19:00:00,138.296875,20210300,138.609375,20201200,138.296875,20210300
2020-10-26 20:00:00,,20210300,138.625,20201200,,20210300
2020-10-27 13:30:00,,20210300,138.75,20201200,,20210300
2020-10-27 14:00:00,138.4375,20210300,138.828125,20201200,138.4375,20210300
2020-10-27 15:00:00,138.46875,20210300,138.828125,20201200,138.46875,20210300
2020-10-27 16:00:00,,20210300,138.8125,20201200,,20210300
2020-10-27 17:00:00,138.546875,20210300,138.84375,20201200,138.546875,20210300
2020-10-27 18:00:00,138.5,20210300,138.859375,20201200,138.5,20210300
2020-10-27 19:00:00,138.484375,20210300,138.84375,20201200,138.484375,20210300
2020-10-27 20:00:00,138.484375,20210300,138.890625,20201200,138.484375,20210300
2020-10-28 13:30:00,138.625,20210300,139.015625,20201200,138.625,20210300
2020-10-28 14:00:00,138.640625,20210300,138.984375,20201200,138.640625,20210300
2020-10-28 15:00:00,138.53125,20210300,138.875,20201200,138.53125,20210300
2020-10-28 16:00:00,138.546875,20210300,138.9375,20201200,138.546875,20210300
2020-10-28 17:00:00,,20210300,138.921875,20201200,,20210300
2020-10-28 18:00:00,138.515625,20210300,138.8125,20201200,138.515625,20210300
2020-10-28 19:00:00,138.453125,20210300,138.8125,20201200,138.453125,20210300
2020-10-28 20:00:00,138.484375,20210300,138.828125,20201200,138.484375,20210300
2020-10-29 13:30:00,,20210300,138.734375,20201200,,20210300
2020-10-29 14:00:00,138.203125,20210300,138.59375,20201200,138.203125,20210300
2020-10-29 15:00:00,138.1875,20210300,138.578125,20201200,138.1875,20210300
2020-10-29 16:00:00,138.234375,20210300,138.609375,20201200,138.234375,20210300
2020-10-29 17:00:00,138.0625,20210300,138.421875,20201200,138.0625,20210300
2020-10-29 18:00:00,138.015625,20210300,138.390625,20201200,138.015625,20210300
2020-10-29 19:00:00,,20210300,138.421875,20201200,,20210300
2020-10-29 20:00:00,,20210300,138.46875,20201200,,20210300
2020-10-30 13:30:00,,20210300,138.34375,20201200,,20210300
2020-10-30 14:00:00,137.875,20210300,138.3125,20201200,137.875,20210300
2020-10-30 15:00:00,137.890625,20210300,138.28125,20201200,137.890625,20210300
2020-10-30 16:00:00,137.859375,20210300,138.21875,20201200,137.859375,20210300
2020-10-30 17:00:00,,20210300,138.25,20201200,,20210300
2020-10-30 18:00:00,137.8125,20210300,138.21875,20201200,137.8125,20210300
2020-10-30 19:00:00,137.765625,20210300,138.125,20201200,137.765625,20210300
2020-10-30 20:00:00,,20210300,138.140625,20201200,,20210300
2020-11-02 14:30:00,138.03125,20210300,138.40625,20201200,138.03125,20210300
2020-11-02 15:00:00,138.0625,20210300,138.46875,20201200,138.0625,20210300
2020-11-02 16:00:00,138.0,20210300,138.375,20201200,138.0,20210300
2020-11-02 17:00:00,,20210300,138.34375,20201200,,20210300
2020-11-02 18:00:00,137.96875,20210300,138.375,20201200,137.96875,20210300
2020-11-02 19:00:00,137.90625,20210300,138.296875,20201200,137.90625,20210300
2020-11-02 20:00:00,137.828125,20210300,138.25,20201200,137.828125,20210300
2020-11-02 21:00:00,137.890625,20210300,138.3125,20201200,137.890625,20210300
2020-11-02 23:00:00,137.90625,20210300,138.296875,20201200,137.90625,20210300
2020-11-03 14:30:00,137.65625,20210300,138.046875,20201200,137.65625,20210300
2020-11-03 15:00:00,137.625,20210300,138.015625,20201200,137.625,20210300
2020-11-03 16:00:00,137.625,20210300,138.015625,20201200,137.625,20210300
2020-11-03 17:00:00,137.671875,20210300,138.078125,20201200,137.671875,20210300
2020-11-03 18:00:00,137.75,20210300,138.09375,20201200,137.75,20210300
2020-11-03 19:00:00,137.71875,20210300,138.09375,20201200,137.71875,20210300
2020-11-03 20:00:00,137.71875,20210300,138.078125,20201200,137.71875,20210300
2020-11-03 21:00:00,,20210300,138.0625,20201200,,20210300
2020-11-04 14:30:00,138.578125,20210300,138.875,20201200,138.578125,20210300
2020-11-04 15:00:00,138.46875,20210300,138.796875,20201200,138.46875,20210300
2020-11-04 16:00:00,138.609375,20210300,138.953125,20201200,138.609375,20210300
2020-11-04 17:00:00,138.53125,20210300,138.890625,20201200,138.53125,20210300
2020-11-04 18:00:00,138.578125,20210300,138.96875,20201200,138.578125,20210300
2020-11-04 19:00:00,138.625,20210300,139.0,20201200,138.625,20210300
2020-11-04 20:00:00,138.5625,20210300,138.921875,20201200,138.5625,20210300
2020-11-04 21:00:00,138.5625,20210300,138.921875,20201200,138.5625,20210300
2020-11-05 14:30:00,138.546875,20210300,138.875,20201200,138.546875,20210300
2020-11-05 15:00:00,138.5625,20210300,138.875,20201200,138.5625,20210300
2020-11-05 16:00:00,138.484375,20210300,138.84375,20201200,138.484375,20210300
2020-11-05 17:00:00,138.453125,20210300,138.828125,20201200,138.453125,20210300
2020-11-05 18:00:00,,20210300,138.90625,20201200,,20210300
2020-11-05 19:00:00,138.5,20210300,138.859375,20201200,138.5,20210300
2020-11-05 20:00:00,138.546875,20210300,138.890625,20201200,138.546875,20210300
2020-11-05 21:00:00,138.546875,20210300,138.890625,20201200,138.546875,20210300
2020-11-06 14:30:00,138.109375,20210300,138.484375,20201200,138.109375,20210300
2020-11-06 15:00:00,138.15625,20210300,138.5,20201200,138.15625,20210300
2020-11-06 16:00:00,138.15625,20210300,138.53125,20201200,138.15625,20210300
2020-11-06 17:00:00,138.21875,20210300,138.546875,20201200,138.21875,20210300
2020-11-06 18:00:00,138.1875,20210300,138.546875,20201200,138.1875,20210300
2020-11-06 19:00:00,138.171875,20210300,138.546875,20201200,138.171875,20210300
2020-11-06 20:00:00,138.1875,20210300,138.5625,20201200,138.1875,20210300
2020-11-06 21:00:00,,20210300,138.5625,20201200,,20210300
2020-11-09 14:30:00,137.3125,20210300,137.734375,20201200,137.3125,20210300
2020-11-09 15:00:00,137.140625,20210300,137.578125,20201200,137.140625,20210300
2020-11-09 16:00:00,137.1875,20210300,137.625,20201200,137.1875,20210300
2020-11-09 17:00:00,137.09375,20210300,137.515625,20201200,137.09375,20210300
2020-11-09 18:00:00,137.171875,20210300,137.609375,20201200,137.171875,20210300
2020-11-09 19:00:00,137.1875,20210300,137.59375,20201200,137.1875,20210300
2020-11-09 20:00:00,137.359375,20210300,137.78125,20201200,137.359375,20210300
2020-11-09 21:00:00,137.375,20210300,137.796875,20201200,137.375,20210300
2020-11-10 14:30:00,137.078125,20210300,137.515625,20201200,137.078125,20210300
2020-11-10 15:00:00,137.171875,20210300,137.578125,20201200,137.171875,20210300
2020-11-10 16:00:00,137.171875,20210300,137.59375,20201200,137.171875,20210300
2020-11-10 17:00:00,137.265625,20210300,137.671875,20201200,137.265625,20210300
2020-11-10 18:00:00,137.125,20210300,137.5625,20201200,137.125,20210300
2020-11-10 19:00:00,137.0,20210300,137.4375,20201200,137.0,20210300
2020-11-10 20:00:00,137.078125,20210300,137.5,20201200,137.078125,20210300
2020-11-10 21:00:00,137.09375,20210300,137.484375,20201200,137.09375,20210300
2020-11-11 14:30:00,137.046875,20210300,137.484375,20201200,137.046875,20210300
2020-11-11 15:00:00,137.03125,20210300,137.484375,20201200,137.03125,20210300
2020-11-11 16:00:00,137.03125,20210300,137.484375,20201200,137.03125,20210300
2020-11-11 17:00:00,137.046875,20210300,137.46875,20201200,137.046875,20210300
2020-11-11 18:00:00,137.109375,20210300,137.546875,20201200,137.109375,20210300
2020-11-11 19:00:00,137.1875,20210300,137.609375,20201200,137.1875,20210300
2020-11-11 20:00:00,137.1875,20210300,137.640625,20201200,137.1875,20210300
2020-11-11 21:00:00,137.140625,20210300,137.59375,20201200,137.140625,20210300
2020-11-12 14:30:00,137.578125,20210300,137.984375,20201200,137.578125,20210300
2020-11-12 15:00:00,137.546875,20210300,137.953125,20201200,137.546875,20210300
2020-11-12 16:00:00,137.703125,20210300,138.109375,20201200,137.703125,20210300
2020-11-12 17:00:00,137.671875,20210300,138.078125,20201200,137.671875,20210300
2020-11-12 18:00:00,137.765625,20210300,138.15625,20201200,137.765625,20210300
2020-11-12 19:00:00,137.78125,20210300,138.15625,20201200,137.78125,20210300
2020-11-12 20:00:00,137.796875,20210300,138.203125,20201200,137.796875,20210300
2020-11-12 21:00:00,137.78125,20210300,138.1875,20201200,137.78125,20210300
2020-11-13 14:30:00,137.71875,20210300,138.125,20201200,137.71875,20210300
2020-11-13 15:00:00,137.71875,20210300,138.125,20201200,137.71875,20210300
2020-11-13 16:00:00,137.75,20210300,138.140625,20201200,137.75,20210300
2020-11-13 17:00:00,137.6875,20210300,138.109375,20201200,137.6875,20210300
2020-11-13 18:00:00,137.6875,20210300,138.09375,20201200,137.6875,20210300
2020-11-13 19:00:00,137.703125,20210300,138.109375,20201200,137.703125,20210300
2020-11-13 20:00:00,137.671875,20210300,138.078125,20201200,137.671875,20210300
2020-11-13 21:00:00,137.6875,20210300,138.078125,20201200,137.6875,20210300
2020-11-16 14:30:00,137.703125,20210300,138.046875,20201200,137.703125,20210300
2020-11-16 15:00:00,137.65625,20210300,138.0625,20201200,137.65625,20210300
2020-11-16 16:00:00,137.625,20210300,138.015625,20201200,137.625,20210300
2020-11-16 17:00:00,137.625,20210300,138.0,20201200,137.625,20210300
2020-11-16 18:00:00,137.671875,20210300,138.0625,20201200,137.671875,20210300
2020-11-16 19:00:00,137.65625,20210300,138.03125,20201200,137.65625,20210300
2020-11-16 20:00:00,137.640625,20210300,138.015625,20201200,137.640625,20210300
2020-11-16 21:00:00,137.640625,20210300,138.03125,20201200,137.640625,20210300
2020-11-17 14:30:00,137.90625,20210300,138.3125,20201200,137.90625,20210300
2020-11-17 15:00:00,137.828125,20210300,138.25,20201200,137.828125,20210300
2020-11-17 16:00:00,137.890625,20210300,138.265625,20201200,137.890625,20210300
2020-11-17 17:00:00,137.859375,20210300,138.25,20201200,137.859375,20210300
2020-11-17 18:00:00,137.90625,20210300,138.28125,20201200,137.90625,20210300
2020-11-17 19:00:00,137.90625,20210300,138.296875,20201200,137.90625,20210300
2020-11-17 20:00:00,137.875,20210300,138.28125,20201200,137.875,20210300
2020-11-17 21:00:00,137.953125,20210300,138.34375,20201200,137.953125,20210300
2020-11-18 14:30:00,137.90625,20210300,138.28125,20201200,137.90625,20210300
2020-11-18 15:00:00,137.890625,20210300,138.28125,20201200,137.890625,20210300
2020-11-18 16:00:00,137.828125,20210300,138.21875,20201200,137.828125,20210300
2020-11-18 17:00:00,137.765625,20210300,138.15625,20201200,137.765625,20210300
2020-11-18 18:00:00,137.78125,20210300,138.171875,20201200,137.78125,20210300
2020-11-18 19:00:00,137.78125,20210300,138.1875,20201200,137.78125,20210300
2020-11-18 20:00:00,137.828125,20210300,138.234375,20201200,137.828125,20210300
2020-11-18 21:00:00,137.828125,20210300,138.25,20201200,137.828125,20210300
2020-11-19 14:30:00,137.953125,20210300,138.3125,20201200,137.953125,20210300
2020-11-19 15:00:00,137.9375,20210300,138.328125,20201200,137.9375,20210300
2020-11-19 16:00:00,138.0,20210300,138.375,20201200,138.0,20210300
2020-11-19 17:00:00,138.0,20210300,138.390625,20201200,138.0,20210300
2020-11-19 18:00:00,137.984375,20210300,138.375,20201200,137.984375,20210300
2020-11-19 19:00:00,137.984375,20210300,138.359375,20201200,137.984375,20210300
2020-11-19 20:00:00,137.96875,20210300,138.34375,20201200,137.96875,20210300
2020-11-19 21:00:00,138.109375,20210300,138.5,20201200,138.109375,20210300
2020-11-20 14:30:00,138.03125,20210300,138.40625,20201200,138.03125,20210300
2020-11-20 15:00:00,138.0625,20210300,138.4375,20201200,138.0625,20210300
2020-11-20 16:00:00,138.03125,20210300,138.4375,20201200,138.03125,20210300
2020-11-20 17:00:00,138.0625,20210300,138.46875,20201200,138.0625,20210300
2020-11-20 18:00:00,138.0625,20210300,138.46875,20201200,138.0625,20210300
2020-11-20 19:00:00,138.109375,20210300,138.515625,20201200,138.109375,20210300
2020-11-20 20:00:00,138.109375,20210300,138.5,20201200,138.109375,20210300
2020-11-20 21:00:00,138.125,20210300,138.53125,20201200,138.125,20210300
2020-11-23 14:30:00,137.921875,20210300,138.328125,20201200,137.921875,20210300
2020-11-23 15:00:00,137.90625,20210300,138.296875,20201200,137.90625,20210300
2020-11-23 16:00:00,137.953125,20210300,138.34375,20201200,137.953125,20210300
2020-11-23 17:00:00,137.96875,20210300,138.359375,20201200,137.96875,20210300
2020-11-23 18:00:00,137.96875,20210300,138.359375,20201200,137.96875,20210300
2020-11-23 19:00:00,137.90625,20210300,138.3125,20201200,137.90625,20210300
2020-11-23 20:00:00,137.953125,20210300,138.359375,20201200,137.953125,20210300
2020-11-23 21:00:00,137.953125,20210300,138.34375,20201200,137.953125,20210300
2020-11-23 23:00:00,137.921875,20210300,138.3125,20201200,137.921875,20210300
2020-11-24 14:30:00,137.90625,20210300,138.296875,20201200,137.90625,20210300
2020-11-24 15:00:00,137.84375,20210300,138.234375,20201200,137.84375,20210300
2020-11-24 16:00:00,137.796875,20210300,138.1875,20201200,137.796875,20210300
2020-11-24 17:00:00,137.796875,20210300,138.1875,20201200,137.796875,20210300
2020-11-24 18:00:00,137.921875,20210300,138.296875,20201200,137.921875,20210300
2020-11-24 19:00:00,137.859375,20210300,138.25,20201200,137.859375,20210300
2020-11-24 20:00:00,137.859375,20210300,138.25,20201200,137.859375,20210300
2020-11-24 21:00:00,137.875,20210300,138.265625,20201200,137.875,20210300
2020-11-24 23:00:00,137.859375,20210300,138.25,20201200,137.859375,20210300
2020-11-25 14:30:00,138.0,20210300,138.390625,20201200,138.0,20210300
2020-11-25 15:00:00,138.015625,20210300,138.390625,20201200,138.015625,20210300
2020-11-25 16:00:00,137.96875,20210300,138.328125,20201200,137.96875,20210300
2020-11-25 17:00:00,137.984375,20210300,138.359375,20201200,137.984375,20210300
2020-11-25 18:00:00,137.953125,20210300,138.34375,20201200,137.953125,20210300
2020-11-25 19:00:00,137.90625,20210300,138.28125,20201200,137.90625,20210300
2020-11-25 20:00:00,137.90625,20210300,138.265625,20201200,137.90625,20210300
2020-11-25 21:00:00,137.859375,20210300,138.234375,20201200,137.859375,20210300
2020-11-25 23:00:00,137.890625,20210300,138.265625,20201200,137.890625,20210300
2020-11-27 14:30:00,138.09375,20210300,138.453125,20201200,138.09375,20210300
2020-11-27 15:00:00,138.0625,20210300,138.421875,20201200,138.0625,20210300
2020-11-27 16:00:00,138.125,20210300,138.515625,20201200,138.125,20210300
2020-11-27 17:00:00,138.1875,20210300,138.53125,20201200,138.1875,20210300
2020-11-27 18:00:00,138.1875,20210300,138.546875,20201200,138.1875,20210300
2020-11-27 18:00:01,,20210600,138.1875,20210300,,20210600
2020-11-30 14:30:00,,20210600,138.125,20210300,,20210600
2020-11-30 15:00:00,,20210600,138.171875,20210300,,20210600
2020-11-30 16:00:00,,20210600,138.125,20210300,,20210600
2020-11-30 17:00:00,,20210600,138.140625,20210300,,20210600
2020-11-30 18:00:00,,20210600,138.234375,20210300,,20210600
2020-11-30 19:00:00,,20210600,138.21875,20210300,,20210600
2020-11-30 20:00:00,,20210600,138.109375,20210300,,20210600
2020-11-30 21:00:00,,20210600,138.125,20210300,,20210600
2020-12-01 14:30:00,,20210600,137.71875,20210300,,20210600
2020-12-01 15:00:00,,20210600,137.546875,20210300,,20210600
2020-12-01 16:00:00,,20210600,137.59375,20210300,,20210600
2020-12-01 17:00:00,,20210600,137.53125,20210300,,20210600
2020-12-01 18:00:00,,20210600,137.484375,20210300,,20210600
2020-12-01 19:00:00,,20210600,137.4375,20210300,,20210600
2020-12-01 20:00:00,,20210600,137.59375,20210300,,20210600
2020-12-01 21:00:00,,20210600,137.515625,20210300,,20210600
2020-12-02 14:30:00,,20210600,137.328125,20210300,,20210600
2020-12-02 15:00:00,,20210600,137.359375,20210300,,20210600
2020-12-02 16:00:00,,20210600,137.390625,20210300,,20210600
2020-12-02 17:00:00,,20210600,137.359375,20210300,,20210600
2020-12-02 18:00:00,,20210600,137.421875,20210300,,20210600
2020-12-02 19:00:00,,20210600,137.4375,20210300,,20210600
2020-12-02 20:00:00,,20210600,137.421875,20210300,,20210600
2020-12-02 21:00:00,,20210600,137.515625,20210300,,20210600
2020-12-03 14:30:00,,20210600,137.59375,20210300,,20210600
2020-12-03 15:00:00,,20210600,137.578125,20210300,,20210600
2020-12-03 16:00:00,,20210600,137.75,20210300,,20210600
2020-12-03 17:00:00,,20210600,137.671875,20210300,,20210600
2020-12-03 18:00:00,,20210600,137.671875,20210300,,20210600
2020-12-03 19:00:00,,20210600,137.65625,20210300,,20210600
2020-12-03 20:00:00,,20210600,137.734375,20210300,,20210600
2020-12-03 21:00:00,,20210600,137.75,20210300,,20210600
2020-12-04 14:30:00,,20210600,137.328125,20210300,,20210600
2020-12-04 15:00:00,,20210600,137.28125,20210300,,20210600
2020-12-04 16:00:00,,20210600,137.3125,20210300,,20210600
2020-12-04 17:00:00,,20210600,137.359375,20210300,,20210600
2020-12-04 18:00:00,,20210600,137.34375,20210300,,20210600
2020-12-04 19:00:00,,20210600,137.359375,20210300,,20210600
2020-12-04 20:00:00,,20210600,137.359375,20210300,,20210600
2020-12-04 21:00:00,,20210600,137.40625,20210300,,20210600
2020-12-07 14:30:00,,20210600,137.640625,20210300,,20210600
2020-12-07 15:00:00,,20210600,137.640625,20210300,,20210600
2020-12-07 16:00:00,,20210600,137.65625,20210300,,20210600
2020-12-07 17:00:00,,20210600,137.671875,20210300,,20210600
2020-12-07 18:00:00,,20210600,137.71875,20210300,,20210600
2020-12-07 19:00:00,,20210600,137.734375,20210300,,20210600
2020-12-07 20:00:00,,20210600,137.6875,20210300,,20210600
2020-12-07 21:00:00,,20210600,137.703125,20210300,,20210600
2020-12-07 23:00:00,,20210600,137.71875,20210300,,20210600
2020-12-08 14:30:00,,20210600,137.953125,20210300,,20210600
2020-12-08 15:00:00,,20210600,137.859375,20210300,,20210600
2020-12-08 16:00:00,,20210600,137.859375,20210300,,20210600
2020-12-08 17:00:00,,20210600,137.84375,20210300,,20210600
2020-12-08 18:00:00,,20210600,137.84375,20210300,,20210600
2020-12-08 19:00:00,,20210600,137.828125,20210300,,20210600
2020-12-08 20:00:00,,20210600,137.78125,20210300,,20210600
2020-12-08 21:00:00,,20210600,137.75,20210300,,20210600
2020-12-09 14:30:00,,20210600,137.5,20210300,,20210600
2020-12-09 15:00:00,,20210600,137.640625,20210300,,20210600
2020-12-09 16:00:00,,20210600,137.546875,20210300,,20210600
2020-12-09 17:00:00,,20210600,137.578125,20210300,,20210600
2020-12-09 18:00:00,,20210600,137.703125,20210300,,20210600
2020-12-09 19:00:00,,20210600,137.625,20210300,,20210600
2020-12-09 20:00:00,,20210600,137.640625,20210300,,20210600
2020-12-09 21:00:00,,20210600,137.625,20210300,,20210600
2020-12-09 23:00:00,,20210600,137.625,20210300,,20210600
2020-12-10 14:30:00,,20210600,137.75,20210300,,20210600
2020-12-10 15:00:00,,20210600,137.65625,20210300,,20210600
2020-12-10 16:00:00,,20210600,137.734375,20210300,,20210600
2020-12-10 17:00:00,,20210600,137.65625,20210300,,20210600
2020-12-10 18:00:00,,20210600,137.796875,20210300,,20210600
2020-12-10 19:00:00,,20210600,137.875,20210300,,20210600
2020-12-10 20:00:00,,20210600,137.84375,20210300,,20210600
2020-12-10 21:00:00,,20210600,137.859375,20210300,,20210600
2020-12-11 14:30:00,,20210600,138.15625,20210300,,20210600
2020-12-11 15:00:00,,20210600,138.1875,20210300,,20210600
2020-12-11 16:00:00,,20210600,138.171875,20210300,,20210600
2020-12-11 17:00:00,137.5,20210600,138.109375,20210300,137.5,20210600
2020-12-11 18:00:00,,20210600,138.078125,20210300,,20210600
2020-12-11 19:00:00,,20210600,138.078125,20210300,,20210600
2020-12-11 20:00:00,,20210600,138.09375,20210300,,20210600
2020-12-11 21:00:00,,20210600,138.078125,20210300,,20210600
2020-12-11 23:00:00,137.46875,20210600,,20210300,137.46875,20210600
2020-12-14 14:30:00,,20210600,137.890625,20210300,,20210600
2020-12-14 15:00:00,,20210600,138.046875,20210300,,20210600
2020-12-14 16:00:00,,20210600,138.046875,20210300,,20210600
2020-12-14 17:00:00,,20210600,138.0625,20210300,,20210600
2020-12-14 18:00:00,,20210600,138.046875,20210300,,20210600
2020-12-14 19:00:00,,20210600,138.09375,20210300,,20210600
2020-12-14 20:00:00,,20210600,138.046875,20210300,,20210600
2020-12-14 21:00:00,,20210600,138.046875,20210300,,20210600
2020-12-15 14:30:00,,20210600,137.921875,20210300,,20210600
2020-12-15 15:00:00,,20210600,137.96875,20210300,,20210600
2020-12-15 16:00:00,,20210600,137.953125,20210300,,20210600
2020-12-15 17:00:00,,20210600,137.890625,20210300,,20210600
2020-12-15 18:00:00,,20210600,137.84375,20210300,,20210600
2020-12-15 19:00:00,,20210600,137.859375,20210300,,20210600
2020-12-15 20:00:00,,20210600,137.953125,20210300,,20210600
2020-12-15 21:00:00,,20210600,137.953125,20210300,,20210600
2020-12-16 14:30:00,,20210600,137.796875,20210300,,20210600
2020-12-16 15:00:00,,20210600,137.921875,20210300,,20210600
2020-12-16 16:00:00,,20210600,137.875,20210300,,20210600
2020-12-16 17:00:00,,20210600,137.875,20210300,,20210600
2020-12-16 18:00:00,,20210600,137.921875,20210300,,20210600
2020-12-16 19:00:00,,20210600,137.890625,20210300,,20210600
2020-12-16 20:00:00,,20210600,137.890625,20210300,,20210600
2020-12-16 21:00:00,,20210600,137.90625,20210300,,20210600
2020-12-17 14:30:00,,20210600,138.078125,20210300,,20210600
2020-12-17 15:00:00,,20210600,138.03125,20210300,,20210600
2020-12-17 16:00:00,,20210600,137.75,20210300,,20210600
2020-12-17 17:00:00,137.0,20210600,137.765625,20210300,137.0,20210600
2020-12-17 18:00:00,,20210600,137.78125,20210300,,20210600
2020-12-17 19:00:00,,20210600,137.84375,20210300,,20210600
2020-12-17 20:00:00,,20210600,137.8125,20210300,,20210600
2020-12-17 21:00:00,,20210600,137.828125,20210300,,20210600
2020-12-18 14:30:00,137.0,20210600,137.90625,20210300,137.0,20210600
2020-12-18 15:00:00,,20210600,137.859375,20210300,,20210600
2020-12-18 16:00:00,,20210600,137.828125,20210300,,20210600
2020-12-18 17:00:00,,20210600,137.828125,20210300,,20210600
2020-12-18 18:00:00,,20210600,137.8125,20210300,,20210600
2020-12-18 19:00:00,,20210600,137.75,20210300,,20210600
2020-12-18 20:00:00,,20210600,137.765625,20210300,,20210600
2020-12-18 21:00:00,,20210600,137.75,20210300,,20210600
2020-12-21 14:30:00,137.03125,20210600,137.84375,20210300,137.03125,20210600
2020-12-21 15:00:00,,20210600,137.875,20210300,,20210600
2020-12-21 16:00:00,,20210600,137.828125,20210300,,20210600
2020-12-21 17:00:00,,20210600,137.796875,20210300,,20210600
2020-12-21 18:00:00,,20210600,137.8125,20210300,,20210600
2020-12-21 19:00:00,,20210600,137.78125,20210300,,20210600
2020-12-21 20:00:00,,20210600,137.8125,20210300,,20210600
2020-12-21 21:00:00,137.109375,20210600,137.8125,20210300,137.109375,20210600
2020-12-21 23:00:00,137.015625,20210600,,20210300,137.015625,20210600
2020-12-22 14:30:00,,20210600,137.921875,20210300,,20210600
2020-12-22 15:00:00,,20210600,137.875,20210300,,20210600
2020-12-22 16:00:00,,20210600,137.9375,20210300,,20210600
2020-12-22 17:00:00,,20210600,137.9375,20210300,,20210600
2020-12-22 18:00:00,,20210600,137.984375,20210300,,20210600
2020-12-22 19:00:00,,20210600,137.96875,20210300,,20210600
2020-12-22 20:00:00,,20210600,137.984375,20210300,,20210600
2020-12-22 21:00:00,,20210600,137.953125,20210300,,20210600
2020-12-23 14:30:00,136.921875,20210600,137.71875,20210300,136.921875,20210600
2020-12-23 15:00:00,137.078125,20210600,137.671875,20210300,137.078125,20210600
2020-12-23 16:00:00,,20210600,137.796875,20210300,,20210600
2020-12-23 17:00:00,,20210600,137.75,20210300,,20210600
2020-12-23 18:00:00,,20210600,137.734375,20210300,,20210600
2020-12-23 19:00:00,,20210600,137.75,20210300,,20210600
2020-12-23 20:00:00,,20210600,137.8125,20210300,,20210600
2020-12-23 21:00:00,,20210600,137.828125,20210300,,20210600
2020-12-24 14:30:00,,20210600,137.890625,20210300,,20210600
2020-12-24 15:00:00,,20210600,137.890625,20210300,,20210600
2020-12-24 16:00:00,,20210600,137.875,20210300,,20210600
2020-12-24 17:00:00,137.0,20210600,137.90625,20210300,137.0,20210600
2020-12-24 18:00:00,,20210600,137.90625,20210300,,20210600
2020-12-24 23:00:00,137.09375,20210600,137.875,20210300,137.09375,20210600
2020-12-28 14:30:00,,20210600,137.71875,20210300,,20210600
2020-12-28 15:00:00,,20210600,137.75,20210300,,20210600
2020-12-28 16:00:00,,20210600,137.734375,20210300,,20210600
2020-12-28 17:00:00,,20210600,137.796875,20210300,,20210600
2020-12-28 18:00:00,,20210600,137.90625,20210300,,20210600
2020-12-28 19:00:00,,20210600,137.90625,20210300,,20210600
2020-12-28 20:00:00,,20210600,137.9375,20210300,,20210600
2020-12-28 21:00:00,,20210600,137.96875,20210300,,20210600
2020-12-29 14:30:00,,20210600,137.890625,20210300,,20210600
2020-12-29 15:00:00,,20210600,137.890625,20210300,,20210600
2020-12-29 16:00:00,,20210600,137.890625,20210300,,20210600
2020-12-29 17:00:00,,20210600,137.9375,20210300,,20210600
2020-12-29 18:00:00,,20210600,137.921875,20210300,,20210600
2020-12-29 19:00:00,,20210600,137.921875,20210300,,20210600
2020-12-29 20:00:00,,20210600,137.9375,20210300,,20210600
2020-12-29 21:00:00,,20210600,137.953125,20210300,,20210600
2020-12-30 14:30:00,,20210600,137.921875,20210300,,20210600
2020-12-30 15:00:00,,20210600,137.90625,20210300,,20210600
2020-12-30 16:00:00,,20210600,137.921875,20210300,,20210600
2020-12-30 17:00:00,,20210600,137.921875,20210300,,20210600
2020-12-30 18:00:00,,20210600,137.9375,20210300,,20210600
2020-12-30 19:00:00,,20210600,137.953125,20210300,,20210600
2020-12-30 20:00:00,,20210600,137.96875,20210300,,20210600
2020-12-30 21:00:00,137.0,20210600,137.96875,20210300,137.0,20210600
2020-12-31 14:30:00,137.0625,20210600,138.0,20210300,137.0625,20210600
2020-12-31 15:00:00,137.09375,20210600,138.046875,20210300,137.09375,20210600
2020-12-31 16:00:00,,20210600,138.078125,20210300,,20210600
2020-12-31 17:00:00,137.171875,20210600,138.09375,20210300,137.171875,20210600
2020-12-31 18:00:00,,20210600,138.046875,20210300,,20210600
2020-12-31 19:00:00,,20210600,138.015625,20210300,,20210600
2020-12-31 20:00:00,,20210600,138.015625,20210300,,20210600
2020-12-31 21:00:00,,20210600,138.03125,20210300,,20210600
2020-12-31 23:00:00,137.1875,20210600,138.078125,20210300,137.1875,20210600
2021-01-04 14:30:00,,20210600,137.96875,20210300,,20210600
2021-01-04 15:00:00,137.15625,20210600,138.03125,20210300,137.15625,20210600
2021-01-04 16:00:00,137.21875,20210600,138.09375,20210300,137.21875,20210600
2021-01-04 17:00:00,,20210600,138.125,20210300,,20210600
2021-01-04 18:00:00,137.265625,20210600,138.125,20210300,137.265625,20210600
2021-01-04 19:00:00,,20210600,138.125,20210300,,20210600
2021-01-04 20:00:00,,20210600,138.125,20210300,,20210600
2021-01-04 21:00:00,,20210600,138.125,20210300,,20210600
2021-01-05 14:30:00,137.09375,20210600,137.984375,20210300,137.09375,20210600
2021-01-05 15:00:00,,20210600,137.953125,20210300,,20210600
2021-01-05 16:00:00,,20210600,137.890625,20210300,,20210600
2021-01-05 17:00:00,136.90625,20210600,137.8125,20210300,136.90625,20210600
2021-01-05 18:00:00,136.90625,20210600,137.8125,20210300,136.90625,20210600
2021-01-05 19:00:00,136.890625,20210600,137.84375,20210300,136.890625,20210600
2021-01-05 20:00:00,136.984375,20210600,137.875,20210300,136.984375,20210600
2021-01-05 21:00:00,136.96875,20210600,137.890625,20210300,136.96875,20210600
2021-01-06 14:30:00,,20210600,137.203125,20210300,,20210600
2021-01-06 15:00:00,136.125,20210600,137.171875,20210300,136.125,20210600
2021-01-06 16:00:00,136.140625,20210600,137.203125,20210300,136.140625,20210600
2021-01-06 17:00:00,,20210600,137.140625,20210300,,20210600
2021-01-06 18:00:00,136.1875,20210600,137.140625,20210300,136.1875,20210600
2021-01-06 19:00:00,136.203125,20210600,137.203125,20210300,136.203125,20210600
2021-01-06 20:00:00,136.3125,20210600,137.296875,20210300,136.3125,20210600
2021-01-06 21:00:00,,20210600,137.28125,20210300,,20210600
2021-01-07 14:30:00,136.03125,20210600,136.96875,20210300,136.03125,20210600
2021-01-07 15:00:00,135.890625,20210600,136.890625,20210300,135.890625,20210600
2021-01-07 16:00:00,135.90625,20210600,136.953125,20210300,135.90625,20210600
2021-01-07 17:00:00,135.953125,20210600,136.890625,20210300,135.953125,20210600
2021-01-07 18:00:00,,20210600,136.9375,20210300,,20210600
2021-01-07 19:00:00,,20210600,136.9375,20210300,,20210600
2021-01-07 20:00:00,,20210600,136.9375,20210300,,20210600
2021-01-07 21:00:00,135.90625,20210600,136.90625,20210300,135.90625,20210600
2021-01-08 14:30:00,135.6875,20210600,136.765625,20210300,135.6875,20210600
2021-01-08 15:00:00,135.703125,20210600,136.703125,20210300,135.703125,20210600
2021-01-08 16:00:00,135.609375,20210600,136.609375,20210300,135.609375,20210600
2021-01-08 17:00:00,,20210600,136.59375,20210300,,20210600
2021-01-08 18:00:00,135.671875,20210600,136.703125,20210300,135.671875,20210600
2021-01-08 19:00:00,,20210600,136.65625,20210300,,20210600
2021-01-08 20:00:00,135.578125,20210600,136.625,20210300,135.578125,20210600
2021-01-08 21:00:00,,20210600,136.578125,20210300,,20210600
2021-01-11 14:30:00,135.453125,20210600,136.46875,20210300,135.453125,20210600
2021-01-11 15:00:00,135.59375,20210600,136.5,20210300,135.59375,20210600
2021-01-11 16:00:00,135.515625,20210600,136.4375,20210300,135.515625,20210600
2021-01-11 17:00:00,,20210600,136.421875,20210300,,20210600
2021-01-11 18:00:00,135.46875,20210600,136.421875,20210300,135.46875,20210600
2021-01-11 19:00:00,,20210600,136.421875,20210300,,20210600
2021-01-11 20:00:00,,20210600,136.421875,20210300,,20210600
2021-01-11 21:00:00,135.296875,20210600,136.390625,20210300,135.296875,20210600
2021-01-12 14:30:00,,20210600,136.171875,20210300,,20210600
2021-01-12 15:00:00,,20210600,136.03125,20210300,,20210600
2021-01-12 16:00:00,135.046875,20210600,136.0625,20210300,135.046875,20210600
2021-01-12 17:00:00,135.046875,20210600,136.125,20210300,135.046875,20210600
2021-01-12 18:00:00,135.328125,20210600,136.3125,20210300,135.328125,20210600
2021-01-12 19:00:00,135.34375,20210600,136.40625,20210300,135.34375,20210600
2021-01-12 20:00:00,135.421875,20210600,136.421875,20210300,135.421875,20210600
2021-01-12 21:00:00,135.390625,20210600,136.390625,20210300,135.390625,20210600
2021-01-12 23:00:00,135.359375,20210600,,20210300,135.359375,20210600
2021-01-13 14:30:00,,20210600,136.609375,20210300,,20210600
2021-01-13 15:00:00,,20210600,136.65625,20210300,,20210600
2021-01-13 16:00:00,,20210600,136.609375,20210300,,20210600
2021-01-13 17:00:00,,20210600,136.671875,20210300,,20210600
2021-01-13 18:00:00,,20210600,136.71875,20210300,,20210600
2021-01-13 19:00:00,,20210600,136.78125,20210300,,20210600
2021-01-13 20:00:00,,20210600,136.734375,20210300,,20210600
2021-01-13 21:00:00,,20210600,136.71875,20210300,,20210600
2021-01-14 14:30:00,135.671875,20210600,136.6875,20210300,135.671875,20210600
2021-01-14 15:00:00,135.75,20210600,136.78125,20210300,135.75,20210600
2021-01-14 16:00:00,,20210600,136.78125,20210300,,20210600
2021-01-14 17:00:00,135.8125,20210600,136.8125,20210300,135.8125,20210600
2021-01-14 18:00:00,135.640625,20210600,136.625,20210300,135.640625,20210600
2021-01-14 19:00:00,135.578125,20210600,136.578125,20210300,135.578125,20210600
2021-01-14 20:00:00,135.546875,20210600,136.578125,20210300,135.546875,20210600
2021-01-14 21:00:00,135.53125,20210600,136.5625,20210300,135.53125,20210600
2021-01-15 14:30:00,135.671875,20210600,136.703125,20210300,135.671875,20210600
2021-01-15 15:00:00,135.796875,20210600,136.875,20210300,135.796875,20210600
2021-01-15 16:00:00,135.921875,20210600,136.921875,20210300,135.921875,20210600
2021-01-15 17:00:00,135.90625,20210600,136.9375,20210300,135.90625,20210600
2021-01-15 18:00:00,135.921875,20210600,136.890625,20210300,135.921875,20210600
2021-01-15 19:00:00,,20210600,136.859375,20210300,,20210600
2021-01-15 20:00:00,135.859375,20210600,136.875,20210300,135.859375,20210600
2021-01-15 21:00:00,,20210600,136.90625,20210300,,20210600
2021-01-15 23:00:00,135.84375,20210600,136.859375,20210300,135.84375,20210600
2021-01-19 14:30:00,,20210600,136.703125,20210300,,20210600
2021-01-19 15:00:00,135.75,20210600,136.8125,20210300,135.75,20210600
2021-01-19 16:00:00,135.828125,20210600,136.859375,20210300,135.828125,20210600
2021-01-19 17:00:00,,20210600,136.90625,20210300,,20210600
2021-01-19 18:00:00,135.921875,20210600,136.921875,20210300,135.921875,20210600
2021-01-19 19:00:00,135.921875,20210600,136.953125,20210300,135.921875,20210600
2021-01-19 20:00:00,,20210600,136.953125,20210300,,20210600
2021-01-19 21:00:00,135.921875,20210600,136.953125,20210300,135.921875,20210600
2021-01-20 14:30:00,135.84375,20210600,136.84375,20210300,135.84375,20210600
2021-01-20 15:00:00,135.90625,20210600,136.921875,20210300,135.90625,20210600
2021-01-20 16:00:00,135.90625,20210600,136.9375,20210300,135.90625,20210600
2021-01-20 17:00:00,,20210600,136.953125,20210300,,20210600
2021-01-20 18:00:00,135.921875,20210600,136.984375,20210300,135.921875,20210600
2021-01-20 19:00:00,135.953125,20210600,136.96875,20210300,135.953125,20210600
2021-01-20 20:00:00,,20210600,137.0,20210300,,20210600
2021-01-20 21:00:00,136.0,20210600,137.015625,20210300,136.0,20210600
2021-01-21 14:30:00,135.828125,20210600,136.84375,20210300,135.828125,20210600
2021-01-21 15:00:00,135.890625,20210600,136.90625,20210300,135.890625,20210600
2021-01-21 16:00:00,135.921875,20210600,136.90625,20210300,135.921875,20210600
2021-01-21 17:00:00,,20210600,136.90625,20210300,,20210600
2021-01-21 18:00:00,135.859375,20210600,136.890625,20210300,135.859375,20210600
2021-01-21 19:00:00,,20210600,136.90625,20210300,,20210600
2021-01-21 20:00:00,135.859375,20210600,136.90625,20210300,135.859375,20210600
2021-01-21 21:00:00,,20210600,136.921875,20210300,,20210600
2021-01-22 14:30:00,135.953125,20210600,136.96875,20210300,135.953125,20210600
2021-01-22 15:00:00,135.96875,20210600,137.0,20210300,135.96875,20210600
2021-01-22 16:00:00,136.046875,20210600,137.03125,20210300,136.046875,20210600
2021-01-22 17:00:00,136.015625,20210600,137.03125,20210300,136.015625,20210600
2021-01-22 18:00:00,136.015625,20210600,137.046875,20210300,136.015625,20210600
2021-01-22 19:00:00,136.0,20210600,137.046875,20210300,136.0,20210600
2021-01-22 20:00:00,136.046875,20210600,137.046875,20210300,136.046875,20210600
2021-01-22 21:00:00,,20210600,137.03125,20210300,,20210600
2021-01-25 14:30:00,136.171875,20210600,137.21875,20210300,136.171875,20210600
2021-01-25 15:00:00,136.40625,20210600,137.390625,20210300,136.40625,20210600
2021-01-25 16:00:00,136.359375,20210600,137.34375,20210300,136.359375,20210600
2021-01-25 17:00:00,136.328125,20210600,137.328125,20210300,136.328125,20210600
2021-01-25 18:00:00,136.375,20210600,137.390625,20210300,136.375,20210600
2021-01-25 19:00:00,136.390625,20210600,137.375,20210300,136.390625,20210600
2021-01-25 20:00:00,136.359375,20210600,137.421875,20210300,136.359375,20210600
2021-01-25 21:00:00,136.390625,20210600,137.4375,20210300,136.390625,20210600
2021-01-26 14:30:00,136.390625,20210600,137.390625,20210300,136.390625,20210600
2021-01-26 15:00:00,136.359375,20210600,137.375,20210300,136.359375,20210600
2021-01-26 16:00:00,136.421875,20210600,137.40625,20210300,136.421875,20210600
2021-01-26 17:00:00,136.375,20210600,137.390625,20210300,136.375,20210600
2021-01-26 18:00:00,136.390625,20210600,137.40625,20210300,136.390625,20210600
2021-01-26 19:00:00,136.375,20210600,137.375,20210300,136.375,20210600
2021-01-26 20:00:00,136.390625,20210600,137.375,20210300,136.390625,20210600
2021-01-26 21:00:00,136.390625,20210600,137.390625,20210300,136.390625,20210600
2021-01-27 14:30:00,136.5625,20210600,137.578125,20210300,136.5625,20210600
2021-01-27 15:00:00,136.5,20210600,137.53125,20210300,136.5,20210600
2021-01-27 16:00:00,136.5625,20210600,137.578125,20210300,136.5625,20210600
2021-01-27 17:00:00,136.515625,20210600,137.546875,20210300,136.515625,20210600
2021-01-27 18:00:00,136.53125,20210600,137.546875,20210300,136.53125,20210600
2021-01-27 19:00:00,136.53125,20210600,137.53125,20210300,136.53125,20210600
2021-01-27 20:00:00,136.453125,20210600,137.484375,20210300,136.453125,20210600
2021-01-27 21:00:00,,20210600,137.5,20210300,,20210600
2021-01-28 14:30:00,136.265625,20210600,137.296875,20210300,136.265625,20210600
2021-01-28 15:00:00,136.3125,20210600,137.296875,20210300,136.3125,20210600
2021-01-28 16:00:00,136.234375,20210600,137.25,20210300,136.234375,20210600
2021-01-28 17:00:00,136.1875,20210600,137.203125,20210300,136.1875,20210600
2021-01-28 18:00:00,136.15625,20210600,137.171875,20210300,136.15625,20210600
2021-01-28 19:00:00,136.234375,20210600,137.25,20210300,136.234375,20210600
2021-01-28 20:00:00,136.21875,20210600,137.21875,20210300,136.21875,20210600
2021-01-28 21:00:00,136.25,20210600,137.28125,20210300,136.25,20210600
2021-01-29 14:30:00,136.03125,20210600,137.046875,20210300,136.03125,20210600
2021-01-29 15:00:00,135.984375,20210600,137.0,20210300,135.984375,20210600
2021-01-29 16:00:00,136.125,20210600,137.109375,20210300,136.125,20210600
2021-01-29 17:00:00,136.140625,20210600,137.140625,20210300,136.140625,20210600
2021-01-29 18:00:00,136.09375,20210600,137.109375,20210300,136.09375,20210600
2021-01-29 19:00:00,135.984375,20210600,137.0,20210300,135.984375,20210600
2021-01-29 20:00:00,136.015625,20210600,137.046875,20210300,136.015625,20210600
2021-01-29 21:00:00,136.140625,20210600,137.21875,20210300,136.140625,20210600
2021-02-01 14:30:00,136.203125,20210600,137.1875,20210300,136.203125,20210600
2021-02-01 15:00:00,136.21875,20210600,137.21875,20210300,136.21875,20210600
2021-02-01 16:00:00,136.25,20210600,137.28125,20210300,136.25,20210600
2021-02-01 17:00:00,136.234375,20210600,137.25,20210300,136.234375,20210600
2021-02-01 18:00:00,136.203125,20210600,137.21875,20210300,136.203125,20210600
2021-02-01 19:00:00,136.171875,20210600,137.171875,20210300,136.171875,20210600
2021-02-01 20:00:00,136.25,20210600,137.28125,20210300,136.25,20210600
2021-02-01 21:00:00,136.1875,20210600,137.171875,20210300,136.1875,20210600
2021-02-02 14:30:00,135.921875,20210600,136.953125,20210300,135.921875,20210600
2021-02-02 15:00:00,135.90625,20210600,136.921875,20210300,135.90625,20210600
2021-02-02 16:00:00,135.96875,20210600,136.96875,20210300,135.96875,20210600
2021-02-02 17:00:00,135.984375,20210600,136.96875,20210300,135.984375,20210600
2021-02-02 18:00:00,,20210600,136.984375,20210300,,20210600
2021-02-02 19:00:00,135.90625,20210600,136.921875,20210300,135.90625,20210600
2021-02-02 20:00:00,135.9375,20210600,136.9375,20210300,135.9375,20210600
2021-02-02 21:00:00,135.984375,20210600,137.0,20210300,135.984375,20210600
2021-02-03 14:30:00,135.75,20210600,136.796875,20210300,135.75,20210600
2021-02-03 15:00:00,135.75,20210600,136.8125,20210300,135.75,20210600
2021-02-03 16:00:00,135.75,20210600,136.78125,20210300,135.75,20210600
2021-02-03 17:00:00,135.734375,20210600,136.78125,20210300,135.734375,20210600
2021-02-03 18:00:00,135.796875,20210600,136.8125,20210300,135.796875,20210600
2021-02-03 19:00:00,135.75,20210600,136.78125,20210300,135.75,20210600
2021-02-03 20:00:00,135.75,20210600,136.78125,20210300,135.75,20210600
2021-02-03 21:00:00,135.71875,20210600,136.75,20210300,135.71875,20210600
2021-02-04 14:30:00,135.578125,20210600,136.625,20210300,135.578125,20210600
2021-02-04 15:00:00,135.671875,20210600,136.765625,20210300,135.671875,20210600
2021-02-04 16:00:00,135.71875,20210600,136.78125,20210300,135.71875,20210600
2021-02-04 17:00:00,135.71875,20210600,136.765625,20210300,135.71875,20210600
2021-02-04 18:00:00,135.71875,20210600,136.765625,20210300,135.71875,20210600
2021-02-04 19:00:00,135.75,20210600,136.796875,20210300,135.75,20210600
2021-02-04 20:00:00,135.75,20210600,136.796875,20210300,135.75,20210600
2021-02-04 21:00:00,135.765625,20210600,136.796875,20210300,135.765625,20210600
2021-02-05 14:30:00,135.828125,20210600,136.859375,20210300,135.828125,20210600
2021-02-05 15:00:00,135.671875,20210600,136.75,20210300,135.671875,20210600
2021-02-05 16:00:00,135.78125,20210600,136.828125,20210300,135.78125,20210600
2021-02-05 17:00:00,135.6875,20210600,136.75,20210300,135.6875,20210600
2021-02-05 18:00:00,135.703125,20210600,136.75,20210300,135.703125,20210600
2021-02-05 19:00:00,135.59375,20210600,136.6875,20210300,135.59375,20210600
2021-02-05 20:00:00,135.578125,20210600,136.65625,20210300,135.578125,20210600
2021-02-05 21:00:00,135.625,20210600,136.703125,20210300,135.625,20210600
2021-02-08 14:30:00,135.46875,20210600,136.546875,20210300,135.46875,20210600
2021-02-08 15:00:00,135.625,20210600,136.6875,20210300,135.625,20210600
2021-02-08 16:00:00,135.703125,20210600,136.765625,20210300,135.703125,20210600
2021-02-08 17:00:00,135.640625,20210600,136.703125,20210300,135.640625,20210600
2021-02-08 18:00:00,135.640625,20210600,136.71875,20210300,135.640625,20210600
2021-02-08 19:00:00,135.625,20210600,136.671875,20210300,135.625,20210600
2021-02-08 20:00:00,135.59375,20210600,136.625,20210300,135.59375,20210600
2021-02-08 21:00:00,135.515625,20210600,136.609375,20210300,135.515625,20210600
2021-02-09 14:30:00,135.71875,20210600,136.765625,20210300,135.71875,20210600
2021-02-09 15:00:00,135.734375,20210600,136.78125,20210300,135.734375,20210600
2021-02-09 16:00:00,135.71875,20210600,136.78125,20210300,135.71875,20210600
2021-02-09 17:00:00,135.703125,20210600,136.75,20210300,135.703125,20210600
2021-02-09 18:00:00,135.671875,20210600,136.703125,20210300,135.671875,20210600
2021-02-09 19:00:00,135.640625,20210600,136.703125,20210300,135.640625,20210600
2021-02-09 20:00:00,135.609375,20210600,136.6875,20210300,135.609375,20210600
2021-02-09 21:00:00,135.640625,20210600,136.703125,20210300,135.640625,20210600
2021-02-10 14:30:00,135.8125,20210600,136.859375,20210300,135.8125,20210600
2021-02-10 15:00:00,135.78125,20210600,136.84375,20210300,135.78125,20210600
2021-02-10 16:00:00,135.75,20210600,136.8125,20210300,135.75,20210600
2021-02-10 17:00:00,135.796875,20210600,136.859375,20210300,135.796875,20210600
2021-02-10 18:00:00,135.828125,20210600,136.890625,20210300,135.828125,20210600
2021-02-10 19:00:00,135.859375,20210600,136.921875,20210300,135.859375,20210600
2021-02-10 20:00:00,135.921875,20210600,136.96875,20210300,135.921875,20210600
2021-02-10 21:00:00,135.921875,20210600,136.96875,20210300,135.921875,20210600
2021-02-11 14:30:00,135.90625,20210600,136.96875,20210300,135.90625,20210600
2021-02-11 15:00:00,135.859375,20210600,136.9375,20210300,135.859375,20210600
2021-02-11 16:00:00,135.859375,20210600,136.90625,20210300,135.859375,20210600
2021-02-11 17:00:00,135.875,20210600,136.9375,20210300,135.875,20210600
2021-02-11 18:00:00,135.765625,20210600,136.828125,20210300,135.765625,20210600
2021-02-11 19:00:00,135.828125,20210600,136.859375,20210300,135.828125,20210600
2021-02-11 20:00:00,135.8125,20210600,136.84375,20210300,135.8125,20210600
2021-02-11 21:00:00,135.796875,20210600,136.859375,20210300,135.796875,20210600
2021-02-12 14:30:00,135.53125,20210600,136.578125,20210300,135.53125,20210600
2021-02-12 15:00:00,135.609375,20210600,136.671875,20210300,135.609375,20210600
2021-02-12 16:00:00,135.578125,20210600,136.65625,20210300,135.578125,20210600
2021-02-12 17:00:00,135.515625,20210600,136.578125,20210300,135.515625,20210600
2021-02-12 18:00:00,135.515625,20210600,136.578125,20210300,135.515625,20210600
2021-02-12 19:00:00,135.484375,20210600,136.546875,20210300,135.484375,20210600
2021-02-12 20:00:00,135.46875,20210600,136.546875,20210300,135.46875,20210600
2021-02-12 21:00:00,135.46875,20210600,136.53125,20210300,135.46875,20210600
2021-02-12 23:00:00,135.484375,20210600,136.546875,20210300,135.484375,20210600
2021-02-16 14:30:00,135.015625,20210600,136.109375,20210300,135.015625,20210600
2021-02-16 15:00:00,134.9375,20210600,136.015625,20210300,134.9375,20210600
2021-02-16 16:00:00,134.828125,20210600,135.90625,20210300,134.828125,20210600
2021-02-16 17:00:00,134.796875,20210600,135.859375,20210300,134.796875,20210600
2021-02-16 18:00:00,134.78125,20210600,135.859375,20210300,134.78125,20210600
2021-02-16 19:00:00,134.703125,20210600,135.78125,20210300,134.703125,20210600
2021-02-16 20:00:00,134.703125,20210600,135.796875,20210300,134.703125,20210600
2021-02-16 21:00:00,134.671875,20210600,135.765625,20210300,134.671875,20210600
2021-02-17 14:30:00,134.734375,20210600,135.828125,20210300,134.734375,20210600
2021-02-17 15:00:00,134.703125,20210600,135.796875,20210300,134.703125,20210600
2021-02-17 16:00:00,134.796875,20210600,135.890625,20210300,134.796875,20210600
2021-02-17 17:00:00,134.78125,20210600,135.875,20210300,134.78125,20210600
2021-02-17 18:00:00,134.703125,20210600,135.796875,20210300,134.703125,20210600
2021-02-17 19:00:00,134.640625,20210600,135.734375,20210300,134.640625,20210600
2021-02-17 20:00:00,134.75,20210600,135.828125,20210300,134.75,20210600
2021-02-17 21:00:00,134.75,20210600,135.828125,20210300,134.75,20210600
2021-02-18 14:30:00,134.5625,20210600,135.65625,20210300,134.5625,20210600
2021-02-18 15:00:00,134.734375,20210600,135.84375,20210300,134.734375,20210600
2021-02-18 16:00:00,134.78125,20210600,135.859375,20210300,134.78125,20210600
2021-02-18 17:00:00,134.78125,20210600,135.875,20210300,134.78125,20210600
2021-02-18 18:00:00,134.84375,20210600,135.921875,20210300,134.84375,20210600
2021-02-18 19:00:00,134.78125,20210600,135.875,20210300,134.78125,20210600
2021-02-18 20:00:00,134.796875,20210600,135.875,20210300,134.796875,20210600
2021-02-18 21:00:00,134.75,20210600,135.84375,20210300,134.75,20210600
2021-02-19 14:30:00,134.53125,20210600,135.609375,20210300,134.53125,20210600
2021-02-19 15:00:00,134.46875,20210600,135.5625,20210300,134.46875,20210600
2021-02-19 16:00:00,134.390625,20210600,135.46875,20210300,134.390625,20210600
2021-02-19 17:00:00,134.34375,20210600,135.453125,20210300,134.34375,20210600
2021-02-19 18:00:00,134.328125,20210600,135.421875,20210300,134.328125,20210600
2021-02-19 19:00:00,134.359375,20210600,135.453125,20210300,134.359375,20210600
2021-02-19 20:00:00,134.375,20210600,135.484375,20210300,134.375,20210600
2021-02-19 21:00:00,134.390625,20210600,135.5,20210300,134.390625,20210600
2021-02-22 14:30:00,134.40625,20210600,135.5,20210300,134.40625,20210600
2021-02-22 15:00:00,134.375,20210600,135.484375,20210300,134.375,20210600
2021-02-22 16:00:00,134.34375,20210600,135.453125,20210300,134.34375,20210600
2021-02-22 17:00:00,134.265625,20210600,135.359375,20210300,134.265625,20210600
2021-02-22 18:00:00,134.25,20210600,135.34375,20210300,134.25,20210600
2021-02-22 19:00:00,134.21875,20210600,135.328125,20210300,134.21875,20210600
2021-02-22 20:00:00,134.265625,20210600,135.34375,20210300,134.265625,20210600
2021-02-22 21:00:00,134.234375,20210600,135.328125,20210300,134.234375,20210600
2021-02-22 23:00:00,134.234375,20210600,135.328125,20210300,134.234375,20210600
2021-02-22 23:00:01,,20210900,134.234375,20210600,,20210900
2021-02-23 14:30:00,,20210900,134.296875,20210600,,20210900
2021-02-23 15:00:00,,20210900,134.390625,20210600,,20210900
2021-02-23 16:00:00,,20210900,134.34375,20210600,,20210900
2021-02-23 17:00:00,,20210900,134.3125,20210600,,20210900
2021-02-23 18:00:00,,20210900,134.34375,20210600,,20210900
2021-02-23 19:00:00,,20210900,134.34375,20210600,,20210900
2021-02-23 20:00:00,,20210900,134.359375,20210600,,20210900
2021-02-23 21:00:00,,20210900,134.390625,20210600,,20210900
2021-02-23 23:00:00,,20210900,134.328125,20210600,,20210900
2021-02-24 14:30:00,,20210900,133.828125,20210600,,20210900
2021-02-24 15:00:00,,20210900,134.046875,20210600,,20210900
2021-02-24 16:00:00,,20210900,134.171875,20210600,,20210900
2021-02-24 17:00:00,,20210900,134.171875,20210600,,20210900
2021-02-24 18:00:00,,20210900,134.0625,20210600,,20210900
2021-02-24 19:00:00,,20210900,134.09375,20210600,,20210900
2021-02-24 20:00:00,,20210900,134.15625,20210600,,20210900
2021-02-24 21:00:00,,20210900,134.203125,20210600,,20210900
2021-02-25 14:30:00,,20210900,133.328125,20210600,,20210900
2021-02-25 15:00:00,,20210900,133.109375,20210600,,20210900
2021-02-25 16:00:00,,20210900,133.359375,20210600,,20210900
2021-02-25 17:00:00,,20210900,132.984375,20210600,,20210900
2021-02-25 18:00:00,,20210900,132.984375,20210600,,20210900
2021-02-25 19:00:00,,20210900,132.59375,20210600,,20210900
2021-02-25 20:00:00,,20210900,132.4375,20210600,,20210900
2021-02-25 21:00:00,,20210900,132.546875,20210600,,20210900
2021-02-25 23:00:00,,20210900,132.578125,20210600,,20210900
2021-02-26 14:30:00,,20210900,132.53125,20210600,,20210900
2021-02-26 15:00:00,,20210900,132.46875,20210600,,20210900
2021-02-26 16:00:00,,20210900,132.453125,20210600,,20210900
2021-02-26 17:00:00,,20210900,132.59375,20210600,,20210900
2021-02-26 18:00:00,,20210900,132.765625,20210600,,20210900
2021-02-26 19:00:00,,20210900,132.734375,20210600,,20210900
2021-02-26 20:00:00,,20210900,133.296875,20210600,,20210900
2021-02-26 21:00:00,,20210900,133.15625,20210600,,20210900
2021-02-26 23:00:00,,20210900,132.71875,20210600,,20210900
2021-03-01 14:30:00,,20210900,133.203125,20210600,,20210900
2021-03-01 15:00:00,,20210900,133.15625,20210600,,20210900
2021-03-01 16:00:00,,20210900,133.15625,20210600,,20210900
2021-03-01 17:00:00,,20210900,133.15625,20210600,,20210900
2021-03-01 18:00:00,,20210900,133.125,20210600,,20210900
2021-03-01 19:00:00,,20210900,133.171875,20210600,,20210900
2021-03-01 20:00:00,,20210900,133.328125,20210600,,20210900
2021-03-01 21:00:00,,20210900,133.328125,20210600,,20210900
2021-03-02 14:30:00,,20210900,133.34375,20210600,,20210900
2021-03-02 15:00:00,,20210900,133.453125,20210600,,20210900
2021-03-02 16:00:00,,20210900,133.5625,20210600,,20210900
2021-03-02 17:00:00,,20210900,133.53125,20210600,,20210900
2021-03-02 18:00:00,,20210900,133.578125,20210600,,20210900
2021-03-02 19:00:00,,20210900,133.53125,20210600,,20210900
2021-03-02 20:00:00,,20210900,133.625,20210600,,20210900
2021-03-02 21:00:00,,20210900,133.640625,20210600,,20210900
2021-03-03 14:30:00,,20210900,132.953125,20210600,,20210900
2021-03-03 15:00:00,,20210900,132.96875,20210600,,20210900
2021-03-03 16:00:00,,20210900,132.953125,20210600,,20210900
2021-03-03 17:00:00,,20210900,133.0,20210600,,20210900
2021-03-03 18:00:00,,20210900,133.046875,20210600,,20210900
2021-03-03 19:00:00,,20210900,133.046875,20210600,,20210900
2021-03-03 20:00:00,,20210900,133.0625,20210600,,20210900
2021-03-03 21:00:00,,20210900,133.09375,20210600,,20210900
2021-03-04 14:30:00,,20210900,133.09375,20210600,,20210900
2021-03-04 15:00:00,,20210900,133.046875,20210600,,20210900
2021-03-04 16:00:00,,20210900,133.03125,20210600,,20210900
2021-03-04 17:00:00,,20210900,132.578125,20210600,,20210900
2021-03-04 18:00:00,,20210900,132.421875,20210600,,20210900
2021-03-04 19:00:00,,20210900,132.375,20210600,,20210900
2021-03-04 20:00:00,,20210900,132.5,20210600,,20210900
2021-03-04 21:00:00,,20210900,132.46875,20210600,,20210900
2021-03-05 14:30:00,,20210900,132.09375,20210600,,20210900
2021-03-05 15:00:00,,20210900,132.09375,20210600,,20210900
2021-03-05 16:00:00,,20210900,132.203125,20210600,,20210900
2021-03-05 17:00:00,,20210900,132.328125,20210600,,20210900
2021-03-05 18:00:00,,20210900,132.328125,20210600,,20210900
2021-03-05 19:00:00,,20210900,132.328125,20210600,,20210900
2021-03-05 20:00:00,,20210900,132.34375,20210600,,20210900
2021-03-05 21:00:00,,20210900,132.234375,20210600,,20210900
2021-03-08 14:30:00,,20210900,131.90625,20210600,,20210900
2021-03-08 15:00:00,,20210900,131.9375,20210600,,20210900
2021-03-08 16:00:00,,20210900,131.84375,20210600,,20210900
2021-03-08 17:00:00,,20210900,131.859375,20210600,,20210900
2021-03-08 18:00:00,130.90625,20210900,131.875,20210600,130.90625,20210900
2021-03-08 19:00:00,,20210900,131.875,20210600,,20210900
2021-03-08 20:00:00,,20210900,131.828125,20210600,,20210900
2021-03-08 21:00:00,,20210900,131.78125,20210600,,20210900
2021-03-09 14:30:00,,20210900,132.40625,20210600,,20210900
2021-03-09 15:00:00,,20210900,132.140625,20210600,,20210900
2021-03-09 16:00:00,,20210900,132.171875,20210600,,20210900
2021-03-09 17:00:00,,20210900,132.1875,20210600,,20210900
2021-03-09 18:00:00,131.515625,20210900,132.3125,20210600,131.515625,20210900
2021-03-09 19:00:00,,20210900,132.296875,20210600,,20210900
2021-03-09 20:00:00,,20210900,132.3125,20210600,,20210900
2021-03-09 21:00:00,,20210900,132.359375,20210600,,20210900
2021-03-09 23:00:00,131.453125,20210900,,20210600,131.453125,20210900
2021-03-10 14:30:00,,20210900,132.34375,20210600,,20210900
2021-03-10 15:00:00,,20210900,132.40625,20210600,,20210900
2021-03-10 16:00:00,,20210900,132.515625,20210600,,20210900
2021-03-10 17:00:00,,20210900,132.59375,20210600,,20210900
2021-03-10 18:00:00,,20210900,132.59375,20210600,,20210900
2021-03-10 19:00:00,,20210900,132.53125,20210600,,20210900
2021-03-10 20:00:00,,20210900,132.546875,20210600,,20210900
2021-03-10 21:00:00,,20210900,132.53125,20210600,,20210900
2021-03-11 14:30:00,,20210900,132.53125,20210600,,20210900
2021-03-11 15:00:00,,20210900,132.5,20210600,,20210900
2021-03-11 16:00:00,,20210900,132.578125,20210600,,20210900
2021-03-11 17:00:00,,20210900,132.53125,20210600,,20210900
2021-03-11 18:00:00,,20210900,132.65625,20210600,,20210900
2021-03-11 19:00:00,,20210900,132.59375,20210600,,20210900
2021-03-11 20:00:00,,20210900,132.59375,20210600,,20210900
2021-03-11 21:00:00,,20210900,132.625,20210600,,20210900
2021-03-12 14:30:00,,20210900,131.859375,20210600,,20210900
2021-03-12 15:00:00,,20210900,131.8125,20210600,,20210900
2021-03-12 16:00:00,131.375,20210900,131.859375,20210600,131.375,20210900
2021-03-12 17:00:00,,20210900,131.8125,20210600,,20210900
2021-03-12 18:00:00,,20210900,131.859375,20210600,,20210900
2021-03-12 19:00:00,,20210900,131.78125,20210600,,20210900
2021-03-12 20:00:00,,20210900,131.859375,20210600,,20210900
2021-03-12 21:00:00,,20210900,131.859375,20210600,,20210900
2021-03-12 23:00:00,130.9375,20210900,,20210600,130.9375,20210900
2021-03-15 13:30:00,,20210900,131.984375,20210600,,20210900
2021-03-15 14:00:00,,20210900,131.875,20210600,,20210900
2021-03-15 15:00:00,,20210900,132.03125,20210600,,20210900
2021-03-15 16:00:00,,20210900,131.96875,20210600,,20210900
2021-03-15 17:00:00,,20210900,131.9375,20210600,,20210900
2021-03-15 18:00:00,,20210900,131.96875,20210600,,20210900
2021-03-15 19:00:00,,20210900,131.953125,20210600,,20210900
2021-03-15 20:00:00,,20210900,131.9375,20210600,,20210900
2021-03-16 13:30:00,,20210900,132.109375,20210600,,20210900
2021-03-16 14:00:00,,20210900,132.109375,20210600,,20210900
2021-03-16 15:00:00,,20210900,132.0625,20210600,,20210900
2021-03-16 16:00:00,,20210900,132.0,20210600,,20210900
2021-03-16 17:00:00,,20210900,131.953125,20210600,,20210900
2021-03-16 18:00:00,,20210900,131.953125,20210600,,20210900
2021-03-16 19:00:00,,20210900,131.984375,20210600,,20210900
2021-03-16 20:00:00,,20210900,131.90625,20210600,,20210900
2021-03-17 13:30:00,130.671875,20210900,131.578125,20210600,130.671875,20210900
2021-03-17 14:00:00,,20210900,131.625,20210600,,20210900
2021-03-17 15:00:00,,20210900,131.5625,20210600,,20210900
2021-03-17 16:00:00,,20210900,131.640625,20210600,,20210900
2021-03-17 17:00:00,,20210900,131.734375,20210600,,20210900
2021-03-17 18:00:00,,20210900,132.109375,20210600,,20210900
2021-03-17 19:00:00,,20210900,131.984375,20210600,,20210900
2021-03-17 20:00:00,,20210900,131.953125,20210600,,20210900
2021-03-18 13:30:00,130.171875,20210900,131.0625,20210600,130.171875,20210900
2021-03-18 14:00:00,,20210900,131.15625,20210600,,20210900
2021-03-18 15:00:00,,20210900,131.171875,20210600,,20210900
2021-03-18 16:00:00,,20210900,131.15625,20210600,,20210900
2021-03-18 17:00:00,,20210900,131.234375,20210600,,20210900
2021-03-18 18:00:00,,20210900,131.28125,20210600,,20210900
2021-03-18 19:00:00,,20210900,131.359375,20210600,,20210900
2021-03-18 20:00:00,,20210900,131.359375,20210600,,20210900
2021-03-19 13:30:00,130.421875,20210900,131.078125,20210600,130.421875,20210900
2021-03-19 14:00:00,,20210900,131.25,20210600,,20210900
2021-03-19 15:00:00,,20210900,131.40625,20210600,,20210900
2021-03-19 16:00:00,,20210900,131.375,20210600,,20210900
2021-03-19 17:00:00,,20210900,131.296875,20210600,,20210900
2021-03-19 18:00:00,,20210900,131.234375,20210600,,20210900
2021-03-19 19:00:00,,20210900,131.25,20210600,,20210900
2021-03-19 20:00:00,,20210900,131.21875,20210600,,20210900
2021-03-22 13:30:00,,20210900,131.4375,20210600,,20210900
2021-03-22 14:00:00,,20210900,131.484375,20210600,,20210900
2021-03-22 15:00:00,,20210900,131.609375,20210600,,20210900
2021-03-22 16:00:00,130.78125,20210900,131.578125,20210600,130.78125,20210900
2021-03-22 17:00:00,,20210900,131.546875,20210600,,20210900
2021-03-22 18:00:00,,20210900,131.5625,20210600,,20210900
2021-03-22 19:00:00,,20210900,131.578125,20210600,,20210900
2021-03-22 20:00:00,,20210900,131.453125,20210600,,20210900
2021-03-23 13:30:00,130.890625,20210900,131.765625,20210600,130.890625,20210900
2021-03-23 14:00:00,131.015625,20210900,131.8125,20210600,131.015625,20210900
2021-03-23 15:00:00,,20210900,131.828125,20210600,,20210900
2021-03-23 16:00:00,,20210900,131.84375,20210600,,20210900
2021-03-23 17:00:00,,20210900,131.875,20210600,,20210900
2021-03-23 18:00:00,,20210900,131.921875,20210600,,20210900
2021-03-23 19:00:00,131.21875,20210900,132.046875,20210600,131.21875,20210900
2021-03-23 20:00:00,,20210900,132.03125,20210600,,20210900
2021-03-24 13:30:00,,20210900,131.875,20210600,,20210900
2021-03-24 14:00:00,,20210900,131.890625,20210600,,20210900
2021-03-24 15:00:00,,20210900,131.890625,20210600,,20210900
2021-03-24 16:00:00,,20210900,131.90625,20210600,,20210900
2021-03-24 17:00:00,131.15625,20210900,132.03125,20210600,131.15625,20210900
2021-03-24 18:00:00,,20210900,132.09375,20210600,,20210900
2021-03-24 19:00:00,,20210900,132.125,20210600,,20210900
2021-03-24 20:00:00,,20210900,132.125,20210600,,20210900
2021-03-25 13:30:00,131.328125,20210900,132.28125,20210600,131.328125,20210900
2021-03-25 14:00:00,,20210900,132.25,20210600,,20210900
2021-03-25 15:00:00,131.25,20210900,132.140625,20210600,131.25,20210900
2021-03-25 16:00:00,,20210900,132.171875,20210600,,20210900
2021-03-25 17:00:00,131.125,20210900,132.09375,20210600,131.125,20210900
2021-03-25 18:00:00,,20210900,132.15625,20210600,,20210900
2021-03-25 19:00:00,,20210900,132.046875,20210600,,20210900
2021-03-25 20:00:00,,20210900,131.96875,20210600,,20210900
2021-03-26 13:30:00,,20210900,131.75,20210600,,20210900
2021-03-26 14:00:00,,20210900,131.875,20210600,,20210900
2021-03-26 15:00:00,,20210900,131.953125,20210600,,20210900
2021-03-26 16:00:00,131.078125,20210900,131.84375,20210600,131.078125,20210900
2021-03-26 17:00:00,,20210900,131.765625,20210600,,20210900
2021-03-26 18:00:00,,20210900,131.765625,20210600,,20210900
2021-03-26 19:00:00,,20210900,131.703125,20210600,,20210900
2021-03-26 20:00:00,,20210900,131.625,20210600,,20210900
2021-03-29 15:30:00,130.765625,20210900,131.546875,20210600,130.765625,20210900
2021-03-29 16:00:00,,20210900,131.609375,20210600,,20210900
2021-03-29 17:00:00,,20210900,131.578125,20210600,,20210900
2021-03-29 18:00:00,130.640625,20210900,131.5625,20210600,130.640625,20210900
2021-03-29 19:00:00,,20210900,131.453125,20210600,,20210900
2021-03-29 20:00:00,,20210900,131.359375,20210600,,20210900
2021-03-29 21:00:00,,20210900,131.375,20210600,,20210900
2021-03-29 22:00:00,,20210900,131.390625,20210600,,20210900
2021-03-30 15:30:00,130.171875,20210900,131.078125,20210600,130.171875,20210900
2021-03-30 16:00:00,,20210900,131.0,20210600,,20210900
2021-03-30 17:00:00,,20210900,131.171875,20210600,,20210900
2021-03-30 18:00:00,,20210900,131.1875,20210600,,20210900
2021-03-30 19:00:00,,20210900,131.203125,20210600,,20210900
2021-03-30 20:00:00,,20210900,131.1875,20210600,,20210900
2021-03-30 21:00:00,130.34375,20210900,131.234375,20210600,130.34375,20210900
2021-03-30 22:00:00,,20210900,131.3125,20210600,,20210900
2021-03-31 15:30:00,130.265625,20210900,131.1875,20210600,130.265625,20210900
2021-03-31 16:00:00,130.359375,20210900,131.234375,20210600,130.359375,20210900
2021-03-31 17:00:00,,20210900,131.21875,20210600,,20210900
2021-03-31 18:00:00,130.265625,20210900,131.203125,20210600,130.265625,20210900
2021-03-31 19:00:00,130.25,20210900,131.0625,20210600,130.25,20210900
2021-03-31 20:00:00,,20210900,130.96875,20210600,,20210900
2021-03-31 21:00:00,130.09375,20210900,131.0625,20210600,130.09375,20210900
2021-03-31 22:00:00,130.109375,20210900,130.953125,20210600,130.109375,20210900
2021-04-01 15:30:00,,20210900,131.34375,20210600,,20210900
2021-04-01 16:00:00,130.5625,20210900,131.453125,20210600,130.5625,20210900
2021-04-01 17:00:00,,20210900,131.53125,20210600,,20210900
2021-04-01 18:00:00,130.578125,20210900,131.421875,20210600,130.578125,20210900
2021-04-01 19:00:00,130.546875,20210900,131.40625,20210600,130.546875,20210900
2021-04-01 20:00:00,,20210900,131.421875,20210600,,20210900
2021-04-01 21:00:00,130.625,20210900,131.4375,20210600,130.625,20210900
2021-04-01 22:00:00,,20210900,131.46875,20210600,,20210900
2021-04-01 23:00:00,130.546875,20210900,131.421875,20210600,130.546875,20210900
2021-04-05 15:30:00,,20210900,130.9375,20210600,,20210900
2021-04-05 16:00:00,130.15625,20210900,131.046875,20210600,130.15625,20210900
2021-04-05 17:00:00,,20210900,131.1875,20210600,,20210900
2021-04-05 18:00:00,130.375,20210900,131.171875,20210600,130.375,20210900
2021-04-05 19:00:00,,20210900,131.125,20210600,,20210900
2021-04-05 20:00:00,,20210900,131.109375,20210600,,20210900
2021-04-05 21:00:00,130.265625,20210900,131.171875,20210600,130.265625,20210900
2021-04-05 22:00:00,130.296875,20210900,131.25,20210600,130.296875,20210900
2021-04-06 15:30:00,130.609375,20210900,131.4375,20210600,130.609375,20210900
2021-04-06 16:00:00,130.5625,20210900,131.578125,20210600,130.5625,20210900
2021-04-06 17:00:00,130.765625,20210900,131.59375,20210600,130.765625,20210900
2021-04-06 18:00:00,130.78125,20210900,131.609375,20210600,130.78125,20210900
2021-04-06 19:00:00,,20210900,131.6875,20210600,,20210900
2021-04-06 20:00:00,,20210900,131.6875,20210600,,20210900
2021-04-06 21:00:00,,20210900,131.71875,20210600,,20210900
2021-04-06 22:00:00,130.78125,20210900,131.671875,20210600,130.78125,20210900
2021-04-07 15:30:00,,20210900,131.796875,20210600,,20210900
2021-04-07 16:00:00,,20210900,131.8125,20210600,,20210900
2021-04-07 17:00:00,131.03125,20210900,131.921875,20210600,131.03125,20210900
2021-04-07 18:00:00,131.09375,20210900,131.890625,20210600,131.09375,20210900
2021-04-07 19:00:00,,20210900,131.84375,20210600,,20210900
2021-04-07 20:00:00,,20210900,131.8125,20210600,,20210900
2021-04-07 21:00:00,,20210900,131.671875,20210600,,20210900
2021-04-07 22:00:00,,20210900,131.640625,20210600,,20210900
2021-04-08 15:30:00,131.15625,20210900,132.0,20210600,131.15625,20210900
2021-04-08 16:00:00,,20210900,131.90625,20210600,,20210900
2021-04-08 17:00:00,131.03125,20210900,131.953125,20210600,131.03125,20210900
2021-04-08 18:00:00,,20210900,131.96875,20210600,,20210900
2021-04-08 19:00:00,131.15625,20210900,132.0,20210600,131.15625,20210900
2021-04-08 20:00:00,,20210900,132.015625,20210600,,20210900
2021-04-08 21:00:00,131.15625,20210900,132.03125,20210600,131.15625,20210900
2021-04-08 22:00:00,131.21875,20210900,132.0625,20210600,131.21875,20210900
2021-04-09 15:30:00,,20210900,131.671875,20210600,,20210900
2021-04-09 16:00:00,130.890625,20210900,131.75,20210600,130.890625,20210900
2021-04-09 17:00:00,130.921875,20210900,131.875,20210600,130.921875,20210900
2021-04-09 18:00:00,130.984375,20210900,131.828125,20210600,130.984375,20210900
2021-04-09 19:00:00,130.953125,20210900,131.796875,20210600,130.953125,20210900
2021-04-09 20:00:00,,20210900,131.734375,20210600,,20210900
2021-04-09 21:00:00,,20210900,131.75,20210600,,20210900
2021-04-09 22:00:00,,20210900,131.78125,20210600,,20210900
2021-04-12 15:30:00,130.75,20210900,131.625,20210600,130.75,20210900
2021-04-12 16:00:00,130.75,20210900,131.5625,20210600,130.75,20210900
2021-04-12 17:00:00,,20210900,131.609375,20210600,,20210900
2021-04-12 18:00:00,,20210900,131.625,20210600,,20210900
2021-04-12 19:00:00,,20210900,131.609375,20210600,,20210900
2021-04-12 20:00:00,,20210900,131.625,20210600,,20210900
2021-04-12 21:00:00,,20210900,131.65625,20210600,,20210900
2021-04-12 22:00:00,,20210900,131.6875,20210600,,20210900
2021-04-13 15:30:00,130.8125,20210900,131.8125,20210600,130.8125,20210900
2021-04-13 16:00:00,,20210900,131.765625,20210600,,20210900
2021-04-13 17:00:00,,20210900,131.84375,20210600,,20210900
2021-04-13 18:00:00,131.0,20210900,131.875,20210600,131.0,20210900
2021-04-13 19:00:00,131.203125,20210900,132.015625,20210600,131.203125,20210900
2021-04-13 20:00:00,131.203125,20210900,132.09375,20210600,131.203125,20210900
2021-04-13 21:00:00,,20210900,132.078125,20210600,,20210900
2021-04-13 22:00:00,131.21875,20210900,132.109375,20210600,131.21875,20210900
2021-04-14 15:30:00,131.078125,20210900,131.890625,20210600,131.078125,20210900
2021-04-14 16:00:00,131.09375,20210900,131.890625,20210600,131.09375,20210900
2021-04-14 17:00:00,,20210900,131.921875,20210600,,20210900
2021-04-14 18:00:00,,20210900,131.828125,20210600,,20210900
2021-04-14 19:00:00,,20210900,131.90625,20210600,,20210900
2021-04-14 20:00:00,131.046875,20210900,131.921875,20210600,131.046875,20210900
2021-04-14 21:00:00,131.046875,20210900,131.953125,20210600,131.046875,20210900
2021-04-14 22:00:00,,20210900,131.9375,20210600,,20210900
2021-04-15 15:30:00,,20210900,132.25,20210600,,20210900
2021-04-15 16:00:00,131.578125,20210900,132.40625,20210600,131.578125,20210900
2021-04-15 17:00:00,131.6875,20210900,132.46875,20210600,131.6875,20210900
2021-04-15 18:00:00,131.78125,20210900,132.625,20210600,131.78125,20210900
2021-04-15 19:00:00,131.828125,20210900,132.625,20210600,131.828125,20210900
2021-04-15 20:00:00,131.875,20210900,132.6875,20210600,131.875,20210900
2021-04-15 21:00:00,131.703125,20210900,132.546875,20210600,131.703125,20210900
2021-04-15 22:00:00,,20210900,132.390625,20210600,,20210900
2021-04-16 15:30:00,131.453125,20210900,132.3125,20210600,131.453125,20210900
2021-04-16 16:00:00,131.546875,20210900,132.359375,20210600,131.546875,20210900
2021-04-16 17:00:00,,20210900,132.359375,20210600,,20210900
2021-04-16 18:00:00,131.5,20210900,132.34375,20210600,131.5,20210900
2021-04-16 19:00:00,131.53125,20210900,132.34375,20210600,131.53125,20210900
2021-04-16 20:00:00,,20210900,132.375,20210600,,20210900
2021-04-16 21:00:00,131.46875,20210900,132.28125,20210600,131.46875,20210900
2021-04-16 22:00:00,,20210900,132.3125,20210600,,20210900
2021-04-19 15:30:00,131.265625,20210900,132.140625,20210600,131.265625,20210900
2021-04-19 16:00:00,,20210900,132.328125,20210600,,20210900
2021-04-19 17:00:00,,20210900,132.328125,20210600,,20210900
2021-04-19 18:00:00,131.46875,20210900,132.296875,20210600,131.46875,20210900
2021-04-19 19:00:00,131.40625,20210900,132.25,20210600,131.40625,20210900
2021-04-19 20:00:00,,20210900,132.21875,20210600,,20210900
2021-04-19 21:00:00,131.421875,20210900,132.21875,20210600,131.421875,20210900
2021-04-19 22:00:00,,20210900,132.1875,20210600,,20210900
2021-04-20 15:30:00,131.515625,20210900,132.375,20210600,131.515625,20210900
2021-04-20 16:00:00,131.625,20210900,132.453125,20210600,131.625,20210900
2021-04-20 17:00:00,131.765625,20210900,132.578125,20210600,131.765625,20210900
2021-04-20 18:00:00,131.734375,20210900,132.53125,20210600,131.734375,20210900
2021-04-20 19:00:00,,20210900,132.5625,20210600,,20210900
2021-04-20 20:00:00,131.71875,20210900,132.5625,20210600,131.71875,20210900
2021-04-20 21:00:00,131.703125,20210900,132.5625,20210600,131.703125,20210900
2021-04-20 22:00:00,131.734375,20210900,132.578125,20210600,131.734375,20210900
2021-04-21 15:30:00,131.796875,20210900,132.640625,20210600,131.796875,20210900
2021-04-21 16:00:00,131.671875,20210900,132.421875,20210600,131.671875,20210900
2021-04-21 17:00:00,131.640625,20210900,132.46875,20210600,131.640625,20210900
2021-04-21 18:00:00,131.671875,20210900,132.46875,20210600,131.671875,20210900
2021-04-21 19:00:00,131.703125,20210900,132.484375,20210600,131.703125,20210900
2021-04-21 20:00:00,131.65625,20210900,132.546875,20210600,131.65625,20210900
2021-04-21 21:00:00,,20210900,132.578125,20210600,,20210900
2021-04-21 22:00:00,,20210900,132.5625,20210600,,20210900
2021-04-22 15:30:00,131.765625,20210900,132.5625,20210600,131.765625,20210900
2021-04-22 16:00:00,131.6875,20210900,132.5,20210600,131.6875,20210900
2021-04-22 17:00:00,131.5,20210900,132.3125,20210600,131.5,20210900
2021-04-22 18:00:00,131.5,20210900,132.359375,20210600,131.5,20210900
2021-04-22 19:00:00,131.734375,20210900,132.5625,20210600,131.734375,20210900
2021-04-22 20:00:00,131.71875,20210900,132.546875,20210600,131.71875,20210900
2021-04-22 21:00:00,131.78125,20210900,132.609375,20210600,131.78125,20210900
2021-04-22 22:00:00,131.828125,20210900,132.640625,20210600,131.828125,20210900
2021-04-23 15:30:00,131.625,20210900,132.4375,20210600,131.625,20210900
2021-04-23 16:00:00,131.5625,20210900,132.375,20210600,131.5625,20210900
2021-04-23 17:00:00,131.625,20210900,132.46875,20210600,131.625,20210900
2021-04-23 18:00:00,131.6875,20210900,132.484375,20210600,131.6875,20210900
2021-04-23 19:00:00,131.640625,20210900,132.46875,20210600,131.640625,20210900
2021-04-23 20:00:00,131.59375,20210900,132.4375,20210600,131.59375,20210900
2021-04-23 21:00:00,131.609375,20210900,132.46875,20210600,131.609375,20210900
2021-04-23 22:00:00,,20210900,132.453125,20210600,,20210900
2021-04-26 15:30:00,131.609375,20210900,132.4375,20210600,131.609375,20210900
2021-04-26 16:00:00,131.59375,20210900,132.421875,20210600,131.59375,20210900
2021-04-26 17:00:00,131.53125,20210900,132.375,20210600,131.53125,20210900
2021-04-26 18:00:00,131.546875,20210900,132.375,20210600,131.546875,20210900
2021-04-26 19:00:00,131.5625,20210900,132.390625,20210600,131.5625,20210900
2021-04-26 20:00:00,131.53125,20210900,132.375,20210600,131.53125,20210900
2021-04-26 21:00:00,,20210900,132.359375,20210600,,20210900
2021-04-26 22:00:00,131.53125,20210900,132.375,20210600,131.53125,20210900
2021-04-27 15:30:00,131.375,20210900,132.25,20210600,131.375,20210900
2021-04-27 16:00:00,131.40625,20210900,132.25,20210600,131.40625,20210900
2021-04-27 17:00:00,,20210900,132.1875,20210600,,20210900
2021-04-27 18:00:00,131.3125,20210900,132.15625,20210600,131.3125,20210900
2021-04-27 19:00:00,131.25,20210900,132.0625,20210600,131.25,20210900
2021-04-27 20:00:00,131.203125,20210900,132.046875,20210600,131.203125,20210900
2021-04-27 21:00:00,131.15625,20210900,132.0,20210600,131.15625,20210900
2021-04-27 22:00:00,131.21875,20210900,132.015625,20210600,131.21875,20210900
2021-04-27 23:00:00,131.21875,20210900,132.015625,20210600,131.21875,20210900
2021-04-28 15:30:00,131.171875,20210900,131.984375,20210600,131.171875,20210900
2021-04-28 16:00:00,131.125,20210900,131.921875,20210600,131.125,20210900
2021-04-28 17:00:00,131.125,20210900,131.953125,20210600,131.125,20210900
2021-04-28 18:00:00,131.078125,20210900,131.90625,20210600,131.078125,20210900
2021-04-28 19:00:00,131.03125,20210900,131.875,20210600,131.03125,20210900
2021-04-28 20:00:00,131.25,20210900,132.078125,20210600,131.25,20210900
2021-04-28 21:00:00,131.3125,20210900,132.140625,20210600,131.3125,20210900
2021-04-28 22:00:00,131.359375,20210900,132.171875,20210600,131.359375,20210900
2021-04-29 15:30:00,130.765625,20210900,131.625,20210600,130.765625,20210900
2021-04-29 16:00:00,130.890625,20210900,131.78125,20210600,130.890625,20210900
2021-04-29 17:00:00,130.96875,20210900,131.828125,20210600,130.96875,20210900
2021-04-29 18:00:00,131.03125,20210900,131.875,20210600,131.03125,20210900
2021-04-29 19:00:00,131.0625,20210900,131.90625,20210600,131.0625,20210900
2021-04-29 20:00:00,131.140625,20210900,131.96875,20210600,131.140625,20210900
2021-04-29 21:00:00,131.140625,20210900,131.984375,20210600,131.140625,20210900
2021-04-29 22:00:00,131.171875,20210900,131.96875,20210600,131.171875,20210900
2021-04-30 15:30:00,131.078125,20210900,131.921875,20210600,131.078125,20210900
2021-04-30 16:00:00,131.15625,20210900,132.0,20210600,131.15625,20210900
2021-04-30 17:00:00,131.171875,20210900,132.046875,20210600,131.171875,20210900
2021-04-30 18:00:00,131.21875,20210900,132.078125,20210600,131.21875,20210900
2021-04-30 19:00:00,131.234375,20210900,132.078125,20210600,131.234375,20210900
2021-04-30 20:00:00,131.171875,20210900,132.03125,20210600,131.171875,20210900
2021-04-30 21:00:00,131.25,20210900,132.125,20210600,131.25,20210900
2021-04-30 22:00:00,131.28125,20210900,132.09375,20210600,131.28125,20210900
2021-05-03 15:30:00,131.296875,20210900,132.1875,20210600,131.296875,20210900
2021-05-03 16:00:00,131.5625,20210900,132.40625,20210600,131.5625,20210900
2021-05-03 17:00:00,131.390625,20210900,132.234375,20210600,131.390625,20210900
2021-05-03 18:00:00,131.40625,20210900,132.265625,20210600,131.40625,20210900
2021-05-03 19:00:00,131.5,20210900,132.296875,20210600,131.5,20210900
2021-05-03 20:00:00,131.46875,20210900,132.3125,20210600,131.46875,20210900
2021-05-03 21:00:00,131.46875,20210900,132.3125,20210600,131.46875,20210900
2021-05-03 22:00:00,131.515625,20210900,132.34375,20210600,131.515625,20210900
2021-05-04 15:30:00,131.796875,20210900,132.640625,20210600,131.796875,20210900
2021-05-04 16:00:00,131.78125,20210900,132.625,20210600,131.78125,20210900
2021-05-04 17:00:00,131.609375,20210900,132.46875,20210600,131.609375,20210900
2021-05-04 18:00:00,131.625,20210900,132.46875,20210600,131.625,20210900
2021-05-04 19:00:00,131.65625,20210900,132.484375,20210600,131.65625,20210900
2021-05-04 20:00:00,131.5625,20210900,132.421875,20210600,131.5625,20210900
2021-05-04 21:00:00,131.578125,20210900,132.40625,20210600,131.578125,20210900
2021-05-04 22:00:00,131.59375,20210900,132.40625,20210600,131.59375,20210900
2021-05-05 15:30:00,131.578125,20210900,132.421875,20210600,131.578125,20210900
2021-05-05 16:00:00,131.65625,20210900,132.515625,20210600,131.65625,20210900
2021-05-05 17:00:00,131.59375,20210900,132.40625,20210600,131.59375,20210900
2021-05-05 18:00:00,131.625,20210900,132.46875,20210600,131.625,20210900
2021-05-05 19:00:00,131.703125,20210900,132.546875,20210600,131.703125,20210900
2021-05-05 20:00:00,131.6875,20210900,132.5625,20210600,131.6875,20210900
2021-05-05 21:00:00,131.75,20210900,132.578125,20210600,131.75,20210900
2021-05-05 22:00:00,131.78125,20210900,132.640625,20210600,131.78125,20210900
2021-05-06 15:30:00,131.84375,20210900,132.6875,20210600,131.84375,20210900
2021-05-06 16:00:00,131.875,20210900,132.734375,20210600,131.875,20210900
2021-05-06 17:00:00,131.78125,20210900,132.640625,20210600,131.78125,20210900
2021-05-06 18:00:00,131.796875,20210900,132.65625,20210600,131.796875,20210900
2021-05-06 19:00:00,131.84375,20210900,132.65625,20210600,131.84375,20210900
2021-05-06 20:00:00,131.8125,20210900,132.671875,20210600,131.8125,20210900
2021-05-06 21:00:00,131.796875,20210900,132.625,20210600,131.796875,20210900
2021-05-06 22:00:00,131.734375,20210900,132.578125,20210600,131.734375,20210900
2021-05-07 15:30:00,132.1875,20210900,133.03125,20210600,132.1875,20210900
2021-05-07 16:00:00,132.109375,20210900,132.953125,20210600,132.109375,20210900
2021-05-07 17:00:00,132.03125,20210900,132.8125,20210600,132.03125,20210900
2021-05-07 18:00:00,131.9375,20210900,132.796875,20210600,131.9375,20210900
2021-05-07 19:00:00,131.890625,20210900,132.734375,20210600,131.890625,20210900
2021-05-07 20:00:00,131.890625,20210900,132.765625,20210600,131.890625,20210900
2021-05-07 21:00:00,131.921875,20210900,132.78125,20210600,131.921875,20210900
2021-05-07 22:00:00,131.890625,20210900,132.71875,20210600,131.890625,20210900
2021-05-10 15:30:00,132.015625,20210900,132.84375,20210600,132.015625,20210900
2021-05-10 16:00:00,132.03125,20210900,132.875,20210600,132.03125,20210900
2021-05-10 17:00:00,132.03125,20210900,132.875,20210600,132.03125,20210900
2021-05-10 18:00:00,131.875,20210900,132.703125,20210600,131.875,20210900
2021-05-10 19:00:00,131.734375,20210900,132.59375,20210600,131.734375,20210900
2021-05-10 20:00:00,131.78125,20210900,132.609375,20210600,131.78125,20210900
2021-05-10 21:00:00,131.75,20210900,132.625,20210600,131.75,20210900
2021-05-10 22:00:00,131.75,20210900,132.59375,20210600,131.75,20210900
2021-05-11 15:30:00,131.609375,20210900,132.453125,20210600,131.609375,20210900
2021-05-11 16:00:00,131.5625,20210900,132.421875,20210600,131.5625,20210900
2021-05-11 17:00:00,131.65625,20210900,132.5,20210600,131.65625,20210900
2021-05-11 18:00:00,131.578125,20210900,132.421875,20210600,131.578125,20210900
2021-05-11 19:00:00,131.578125,20210900,132.453125,20210600,131.578125,20210900
2021-05-11 20:00:00,131.578125,20210900,132.46875,20210600,131.578125,20210900
2021-05-11 21:00:00,131.578125,20210900,132.46875,20210600,131.578125,20210900
2021-05-11 22:00:00,131.5625,20210900,132.453125,20210600,131.5625,20210900
2021-05-12 15:30:00,131.125,20210900,132.0,20210600,131.125,20210900
2021-05-12 16:00:00,131.109375,20210900,132.0,20210600,131.109375,20210900
2021-05-12 17:00:00,131.078125,20210900,131.96875,20210600,131.078125,20210900
2021-05-12 18:00:00,131.046875,20210900,131.921875,20210600,131.046875,20210900
2021-05-12 19:00:00,131.125,20210900,131.984375,20210600,131.125,20210900
2021-05-12 20:00:00,131.015625,20210900,131.90625,20210600,131.015625,20210900
2021-05-12 21:00:00,131.078125,20210900,131.96875,20210600,131.078125,20210900
2021-05-12 22:00:00,131.046875,20210900,131.921875,20210600,131.046875,20210900
2021-05-13 15:30:00,131.265625,20210900,132.140625,20210600,131.265625,20210900
2021-05-13 16:00:00,131.328125,20210900,132.1875,20210600,131.328125,20210900
2021-05-13 17:00:00,131.328125,20210900,132.21875,20210600,131.328125,20210900
2021-05-13 18:00:00,131.375,20210900,132.234375,20210600,131.375,20210900
2021-05-13 19:00:00,131.328125,20210900,132.21875,20210600,131.328125,20210900
2021-05-13 20:00:00,131.328125,20210900,132.203125,20210600,131.328125,20210900
2021-05-13 21:00:00,131.40625,20210900,132.265625,20210600,131.40625,20210900
2021-05-13 22:00:00,131.34375,20210900,132.21875,20210600,131.34375,20210900
2021-05-14 15:30:00,131.640625,20210900,132.515625,20210600,131.640625,20210900
2021-05-14 16:00:00,131.515625,20210900,132.375,20210600,131.515625,20210900
2021-05-14 17:00:00,131.5625,20210900,132.421875,20210600,131.5625,20210900
2021-05-14 18:00:00,131.484375,20210900,132.375,20210600,131.484375,20210900
2021-05-14 19:00:00,131.4375,20210900,132.3125,20210600,131.4375,20210900
2021-05-14 20:00:00,131.5625,20210900,132.421875,20210600,131.5625,20210900
2021-05-14 21:00:00,131.59375,20210900,132.453125,20210600,131.59375,20210900
2021-05-14 22:00:00,131.546875,20210900,132.4375,20210600,131.546875,20210900
2021-05-17 15:30:00,131.53125,20210900,132.40625,20210600,131.53125,20210900
2021-05-17 16:00:00,131.46875,20210900,132.34375,20210600,131.46875,20210900
2021-05-17 17:00:00,131.5,20210900,132.359375,20210600,131.5,20210900
2021-05-17 18:00:00,131.515625,20210900,132.375,20210600,131.515625,20210900
2021-05-17 19:00:00,131.515625,20210900,132.375,20210600,131.515625,20210900
2021-05-17 20:00:00,131.484375,20210900,132.359375,20210600,131.484375,20210900
2021-05-17 21:00:00,131.484375,20210900,132.34375,20210600,131.484375,20210900
2021-05-17 22:00:00,131.390625,20210900,132.265625,20210600,131.390625,20210900
2021-05-18 15:30:00,131.390625,20210900,132.265625,20210600,131.390625,20210900
2021-05-18 16:00:00,131.4375,20210900,132.3125,20210600,131.4375,20210900
2021-05-18 17:00:00,131.390625,20210900,132.28125,20210600,131.390625,20210900
2021-05-18 18:00:00,131.453125,20210900,132.328125,20210600,131.453125,20210900
2021-05-18 19:00:00,131.46875,20210900,132.328125,20210600,131.46875,20210900
2021-05-18 20:00:00,131.515625,20210900,132.375,20210600,131.515625,20210900
2021-05-18 21:00:00,131.53125,20210900,132.390625,20210600,131.53125,20210900
2021-05-18 22:00:00,131.53125,20210900,132.421875,20210600,131.53125,20210900
2021-05-19 15:30:00,131.5,20210900,132.40625,20210600,131.5,20210900
2021-05-19 16:00:00,131.625,20210900,132.515625,20210600,131.625,20210900
2021-05-19 17:00:00,131.546875,20210900,132.421875,20210600,131.546875,20210900
2021-05-19 18:00:00,131.53125,20210900,132.421875,20210600,131.53125,20210900
2021-05-19 19:00:00,131.40625,20210900,132.28125,20210600,131.40625,20210900
2021-05-19 20:00:00,131.125,20210900,132.03125,20210600,131.125,20210900
2021-05-19 21:00:00,131.171875,20210900,132.0625,20210600,131.171875,20210900
2021-05-19 21:00:01,,20211200,131.171875,20210900,,20211200
2021-05-19 22:00:00,,20211200,131.1875,20210900,,20211200
2021-05-19 23:00:00,130.34375,20211200,,20210900,130.34375,20211200
2021-05-20 15:30:00,,20211200,131.453125,20210900,,20211200
2021-05-20 16:00:00,,20211200,131.46875,20210900,,20211200
2021-05-20 17:00:00,,20211200,131.5,20210900,,20211200
2021-05-20 18:00:00,,20211200,131.5625,20210900,,20211200
2021-05-20 19:00:00,,20211200,131.578125,20210900,,20211200
2021-05-20 20:00:00,,20211200,131.578125,20210900,,20211200
2021-05-20 21:00:00,,20211200,131.609375,20210900,,20211200
2021-05-20 22:00:00,,20211200,131.640625,20210900,,20211200
2021-05-21 15:30:00,,20211200,131.59375,20210900,,20211200
2021-05-21 16:00:00,,20211200,131.546875,20210900,,20211200
2021-05-21 17:00:00,130.984375,20211200,131.609375,20210900,130.984375,20211200
2021-05-21 18:00:00,,20211200,131.578125,20210900,,20211200
2021-05-21 19:00:00,,20211200,131.59375,20210900,,20211200
2021-05-21 20:00:00,,20211200,131.515625,20210900,,20211200
2021-05-21 21:00:00,,20211200,131.578125,20210900,,20211200
2021-05-21 22:00:00,,20211200,131.59375,20210900,,20211200
2021-05-24 15:30:00,,20211200,131.609375,20210900,,20211200
2021-05-24 16:00:00,,20211200,131.765625,20210900,,20211200
2021-05-24 17:00:00,,20211200,131.734375,20210900,,20211200
2021-05-24 18:00:00,,20211200,131.71875,20210900,,20211200
2021-05-24 19:00:00,,20211200,131.75,20210900,,20211200
2021-05-24 20:00:00,130.75,20211200,131.75,20210900,130.75,20211200
2021-05-24 21:00:00,,20211200,131.71875,20210900,,20211200
2021-05-24 22:00:00,,20211200,131.75,20210900,,20211200
2021-05-25 15:30:00,131.0,20211200,131.953125,20210900,131.0,20211200
2021-05-25 16:00:00,,20211200,131.953125,20210900,,20211200
2021-05-25 17:00:00,,20211200,131.96875,20210900,,20211200
2021-05-25 18:00:00,,20211200,131.9375,20210900,,20211200
2021-05-25 19:00:00,131.15625,20211200,132.03125,20210900,131.15625,20211200
2021-05-25 20:00:00,,20211200,132.078125,20210900,,20211200
2021-05-25 21:00:00,,20211200,132.09375,20210900,,20211200
2021-05-25 22:00:00,,20211200,132.109375,20210900,,20211200
2021-05-26 15:30:00,,20211200,132.140625,20210900,,20211200
2021-05-26 16:00:00,,20211200,132.125,20210900,,20211200
2021-05-26 17:00:00,,20211200,132.09375,20210900,,20211200
2021-05-26 18:00:00,,20211200,132.109375,20210900,,20211200
2021-05-26 19:00:00,131.140625,20211200,131.984375,20210900,131.140625,20211200
2021-05-26 20:00:00,,20211200,132.046875,20210900,,20211200
2021-05-26 21:00:00,131.28125,20211200,131.984375,20210900,131.28125,20211200
2021-05-26 22:00:00,,20211200,131.984375,20210900,,20211200
2021-05-27 15:30:00,,20211200,131.75,20210900,,20211200
2021-05-27 16:00:00,131.25,20211200,131.71875,20210900,131.25,20211200
2021-05-27 17:00:00,,20211200,131.71875,20210900,,20211200
2021-05-27 18:00:00,,20211200,131.671875,20210900,,20211200
2021-05-27 19:00:00,,20211200,131.796875,20210900,,20211200
2021-05-27 20:00:00,,20211200,131.796875,20210900,,20211200
2021-05-27 21:00:00,,20211200,131.8125,20210900,,20211200
2021-05-27 22:00:00,,20211200,131.765625,20210900,,20211200
2021-05-28 15:30:00,,20211200,131.859375,20210900,,20211200
2021-05-28 16:00:00,,20211200,131.953125,20210900,,20211200
2021-05-28 17:00:00,131.359375,20211200,131.90625,20210900,131.359375,20211200
2021-05-28 18:00:00,,20211200,131.9375,20210900,,20211200
2021-05-28 19:00:00,,20211200,132.03125,20210900,,20211200
2021-05-28 20:00:00,,20211200,131.890625,20210900,,20211200
2021-05-28 21:00:00,,20211200,131.8125,20210900,,20211200
2021-05-28 22:00:00,,20211200,131.8125,20210900,,20211200
2021-05-28 23:00:00,131.359375,20211200,131.8125,20210900,131.359375,20211200
2021-06-01 15:30:00,,20211200,131.625,20210900,,20211200
2021-06-01 16:00:00,,20211200,131.6875,20210900,,20211200
2021-06-01 17:00:00,130.84375,20211200,131.734375,20210900,130.84375,20211200
2021-06-01 18:00:00,,20211200,131.796875,20210900,,20211200
2021-06-01 19:00:00,131.21875,20211200,131.796875,20210900,131.21875,20211200
2021-06-01 20:00:00,,20211200,131.796875,20210900,,20211200
2021-06-01 21:00:00,,20211200,131.8125,20210900,,20211200
2021-06-01 22:00:00,,20211200,131.828125,20210900,,20211200
2021-06-02 15:30:00,,20211200,131.90625,20210900,,20211200
2021-06-02 16:00:00,131.0,20211200,131.921875,20210900,131.0,20211200
2021-06-02 17:00:00,,20211200,131.96875,20210900,,20211200
2021-06-02 18:00:00,,20211200,131.9375,20210900,,20211200
2021-06-02 19:00:00,,20211200,131.90625,20210900,,20211200
2021-06-02 20:00:00,,20211200,131.953125,20210900,,20211200
2021-06-02 21:00:00,,20211200,131.953125,20210900,,20211200
2021-06-02 22:00:00,,20211200,131.953125,20210900,,20211200
2021-06-03 15:30:00,,20211200,131.6875,20210900,,20211200
2021-06-03 16:00:00,,20211200,131.65625,20210900,,20211200
2021-06-03 17:00:00,,20211200,131.640625,20210900,,20211200
2021-06-03 18:00:00,,20211200,131.59375,20210900,,20211200
2021-06-03 19:00:00,,20211200,131.609375,20210900,,20211200
2021-06-03 20:00:00,130.8125,20211200,131.578125,20210900,130.8125,20211200
2021-06-03 21:00:00,130.8125,20211200,131.625,20210900,130.8125,20211200
2021-06-03 22:00:00,,20211200,131.59375,20210900,,20211200
2021-06-04 15:30:00,131.28125,20211200,132.0625,20210900,131.28125,20211200
2021-06-04 16:00:00,131.359375,20211200,132.09375,20210900,131.359375,20211200
2021-06-04 17:00:00,131.375,20211200,132.203125,20210900,131.375,20211200
2021-06-04 18:00:00,,20211200,132.203125,20210900,,20211200
2021-06-04 19:00:00,131.3125,20211200,132.15625,20210900,131.3125,20211200
2021-06-04 20:00:00,,20211200,132.203125,20210900,,20211200
2021-06-04 21:00:00,131.4375,20211200,132.203125,20210900,131.4375,20211200
2021-06-04 22:00:00,131.4375,20211200,132.203125,20210900,131.4375,20211200
2021-06-04 23:00:00,131.4375,20211200,,20210900,131.4375,20211200
2021-06-07 15:30:00,,20211200,132.078125,20210900,,20211200
2021-06-07 16:00:00,,20211200,132.125,20210900,,20211200
2021-06-07 17:00:00,,20211200,132.140625,20210900,,20211200
2021-06-07 18:00:00,,20211200,132.09375,20210900,,20211200
2021-06-07 19:00:00,,20211200,132.125,20210900,,20211200
2021-06-07 20:00:00,,20211200,132.109375,20210900,,20211200
2021-06-07 21:00:00,,20211200,132.109375,20210900,,20211200
2021-06-07 22:00:00,,20211200,132.109375,20210900,,20211200
2021-06-08 15:30:00,131.625,20211200,132.40625,20210900,131.625,20211200
2021-06-08 16:00:00,131.6875,20211200,132.390625,20210900,131.6875,20211200
2021-06-08 17:00:00,,20211200,132.40625,20210900,,20211200
2021-06-08 18:00:00,,20211200,132.40625,20210900,,20211200
2021-06-08 19:00:00,,20211200,132.421875,20210900,,20211200
2021-06-08 20:00:00,,20211200,132.453125,20210900,,20211200
2021-06-08 21:00:00,,20211200,132.421875,20210900,,20211200
2021-06-08 22:00:00,131.59375,20211200,132.390625,20210900,131.59375,20211200
2021-06-09 15:30:00,132.0,20211200,132.796875,20210900,132.0,20211200
2021-06-09 16:00:00,,20211200,132.703125,20210900,,20211200
2021-06-09 17:00:00,131.921875,20211200,132.671875,20210900,131.921875,20211200
2021-06-09 18:00:00,,20211200,132.65625,20210900,,20211200
2021-06-09 19:00:00,131.921875,20211200,132.734375,20210900,131.921875,20211200
2021-06-09 20:00:00,131.953125,20211200,132.765625,20210900,131.953125,20211200
2021-06-09 21:00:00,,20211200,132.75,20210900,,20211200
2021-06-09 22:00:00,,20211200,132.71875,20210900,,20211200
2021-06-10 15:30:00,131.8125,20211200,132.703125,20210900,131.8125,20211200
2021-06-10 16:00:00,,20211200,132.71875,20210900,,20211200
2021-06-10 17:00:00,132.0,20211200,132.84375,20210900,132.0,20211200
2021-06-10 18:00:00,132.015625,20211200,132.875,20210900,132.015625,20211200
2021-06-10 19:00:00,,20211200,132.890625,20210900,,20211200
2021-06-10 20:00:00,,20211200,132.953125,20210900,,20211200
2021-06-10 21:00:00,132.15625,20211200,133.0625,20210900,132.15625,20211200
2021-06-10 22:00:00,132.25,20211200,133.125,20210900,132.25,20211200
2021-06-11 15:30:00,,20211200,132.9375,20210900,,20211200
2021-06-11 16:00:00,131.9375,20211200,132.84375,20210900,131.9375,20211200
2021-06-11 17:00:00,,20211200,132.84375,20210900,,20211200
2021-06-11 18:00:00,,20211200,132.90625,20210900,,20211200
2021-06-11 19:00:00,,20211200,132.890625,20210900,,20211200
2021-06-11 20:00:00,,20211200,132.859375,20210900,,20211200
2021-06-11 21:00:00,,20211200,132.890625,20210900,,20211200
2021-06-11 22:00:00,132.203125,20211200,132.90625,20210900,132.203125,20211200
2021-06-14 15:30:00,,20211200,132.609375,20210900,,20211200
2021-06-14 16:00:00,131.984375,20211200,132.65625,20210900,131.984375,20211200
2021-06-14 17:00:00,131.8125,20211200,132.578125,20210900,131.8125,20211200
2021-06-14 18:00:00,131.75,20211200,132.5,20210900,131.75,20211200
2021-06-14 19:00:00,,20211200,132.5,20210900,,20211200
2021-06-14 20:00:00,,20211200,132.5,20210900,,20211200
2021-06-14 21:00:00,131.78125,20211200,132.53125,20210900,131.78125,20211200
2021-06-14 22:00:00,,20211200,132.53125,20210900,,20211200
2021-06-15 15:30:00,,20211200,132.53125,20210900,,20211200
2021-06-15 16:00:00,,20211200,132.515625,20210900,,20211200
2021-06-15 17:00:00,131.640625,20211200,132.53125,20210900,131.640625,20211200
2021-06-15 18:00:00,,20211200,132.484375,20210900,,20211200
2021-06-15 19:00:00,,20211200,132.546875,20210900,,20211200
2021-06-15 20:00:00,131.84375,20211200,132.53125,20210900,131.84375,20211200
2021-06-15 21:00:00,131.671875,20211200,132.546875,20210900,131.671875,20211200
2021-06-15 22:00:00,,20211200,132.5625,20210900,,20211200
2021-06-16 15:30:00,,20211200,132.609375,20210900,,20211200
2021-06-16 16:00:00,,20211200,132.578125,20210900,,20211200
2021-06-16 17:00:00,,20211200,132.625,20210900,,20211200
2021-06-16 18:00:00,,20211200,132.609375,20210900,,20211200
2021-06-16 19:00:00,131.890625,20211200,132.59375,20210900,131.890625,20211200
2021-06-16 20:00:00,131.546875,20211200,131.734375,20210900,131.546875,20211200
2021-06-16 21:00:00,130.953125,20211200,131.65625,20210900,130.953125,20211200
2021-06-16 22:00:00,130.90625,20211200,131.65625,20210900,130.90625,20211200
2021-06-16 23:00:00,130.90625,20211200,131.65625,20210900,130.90625,20211200
2021-06-17 15:30:00,,20211200,131.78125,20210900,,20211200
2021-06-17 16:00:00,131.078125,20211200,131.875,20210900,131.078125,20211200
2021-06-17 17:00:00,131.15625,20211200,131.953125,20210900,131.15625,20211200
2021-06-17 18:00:00,131.25,20211200,132.0625,20210900,131.25,20211200
2021-06-17 19:00:00,131.140625,20211200,132.109375,20210900,131.140625,20211200
2021-06-17 20:00:00,,20211200,132.015625,20210900,,20211200
2021-06-17 21:00:00,,20211200,131.984375,20210900,,20211200
2021-06-17 22:00:00,,20211200,132.015625,20210900,,20211200
2021-06-18 15:30:00,,20211200,131.75,20210900,,20211200
2021-06-18 16:00:00,131.484375,20211200,132.25,20210900,131.484375,20211200
2021-06-18 17:00:00,,20211200,132.234375,20210900,,20211200
2021-06-18 18:00:00,,20211200,132.25,20210900,,20211200
2021-06-18 19:00:00,131.375,20211200,132.34375,20210900,131.375,20211200
2021-06-18 20:00:00,131.59375,20211200,132.296875,20210900,131.59375,20211200
2021-06-18 21:00:00,131.5625,20211200,132.390625,20210900,131.5625,20211200
2021-06-18 22:00:00,,20211200,132.390625,20210900,,20211200
2021-06-18 23:00:00,131.5625,20211200,132.390625,20210900,131.5625,20211200
2021-06-21 15:30:00,,20211200,132.078125,20210900,,20211200
2021-06-21 16:00:00,,20211200,132.1875,20210900,,20211200
2021-06-21 17:00:00,131.46875,20211200,132.15625,20210900,131.46875,20211200
2021-06-21 18:00:00,,20211200,132.203125,20210900,,20211200
2021-06-21 19:00:00,,20211200,132.171875,20210900,,20211200
2021-06-21 20:00:00,131.40625,20211200,132.1875,20210900,131.40625,20211200
2021-06-21 21:00:00,,20211200,132.171875,20210900,,20211200
2021-06-21 22:00:00,131.390625,20211200,132.15625,20210900,131.390625,20211200
2021-06-22 15:30:00,,20211200,132.140625,20210900,,20211200
2021-06-22 16:00:00,131.34375,20211200,132.296875,20210900,131.34375,20211200
2021-06-22 17:00:00,,20211200,132.328125,20210900,,20211200
2021-06-22 18:00:00,,20211200,132.328125,20210900,,20211200
2021-06-22 19:00:00,,20211200,132.296875,20210900,,20211200
2021-06-22 20:00:00,,20211200,132.34375,20210900,,20211200
2021-06-22 21:00:00,131.546875,20211200,132.40625,20210900,131.546875,20211200
2021-06-22 22:00:00,,20211200,132.375,20210900,,20211200
2021-06-23 15:30:00,131.421875,20211200,132.34375,20210900,131.421875,20211200
2021-06-23 16:00:00,,20211200,132.328125,20210900,,20211200
2021-06-23 17:00:00,,20211200,132.234375,20210900,,20211200
2021-06-23 18:00:00,,20211200,132.15625,20210900,,20211200
2021-06-23 19:00:00,131.4375,20211200,132.171875,20210900,131.4375,20211200
2021-06-23 20:00:00,,20211200,132.1875,20210900,,20211200
2021-06-23 21:00:00,,20211200,132.140625,20210900,,20211200
2021-06-23 22:00:00,,20211200,132.15625,20210900,,20211200
2021-06-24 15:30:00,,20211200,132.265625,20210900,,20211200
2021-06-24 16:00:00,,20211200,132.171875,20210900,,20211200
2021-06-24 17:00:00,131.375,20211200,132.125,20210900,131.375,20211200
2021-06-24 18:00:00,,20211200,132.09375,20210900,,20211200
2021-06-24 19:00:00,131.28125,20211200,132.140625,20210900,131.28125,20211200
2021-06-24 20:00:00,131.359375,20211200,132.171875,20210900,131.359375,20211200
2021-06-24 21:00:00,131.3125,20211200,132.125,20210900,131.3125,20211200
2021-06-24 22:00:00,131.21875,20211200,132.109375,20210900,131.21875,20211200
2021-06-25 15:30:00,,20211200,132.140625,20210900,,20211200
2021-06-25 16:00:00,,20211200,131.984375,20210900,,20211200
2021-06-25 17:00:00,131.109375,20211200,131.9375,20210900,131.109375,20211200
2021-06-25 18:00:00,131.171875,20211200,131.875,20210900,131.171875,20211200
2021-06-25 19:00:00,,20211200,131.765625,20210900,,20211200
2021-06-25 20:00:00,131.109375,20211200,131.875,20210900,131.109375,20211200
2021-06-25 21:00:00,,20211200,131.9375,20210900,,20211200
2021-06-25 22:00:00,,20211200,131.9375,20210900,,20211200
2021-06-28 15:30:00,,20211200,132.1875,20210900,,20211200
2021-06-28 16:00:00,,20211200,132.21875,20210900,,20211200
2021-06-28 17:00:00,131.53125,20211200,132.3125,20210900,131.53125,20211200
2021-06-28 18:00:00,131.546875,20211200,132.296875,20210900,131.546875,20211200
2021-06-28 19:00:00,131.5625,20211200,132.28125,20210900,131.5625,20211200
2021-06-28 20:00:00,131.515625,20211200,132.28125,20210900,131.515625,20211200
2021-06-28 21:00:00,131.5,20211200,132.21875,20210900,131.5,20211200
2021-06-28 22:00:00,,20211200,132.25,20210900,,20211200
2021-06-29 15:30:00,,20211200,132.171875,20210900,,20211200
2021-06-29 16:00:00,,20211200,132.203125,20210900,,20211200
2021-06-29 17:00:00,,20211200,132.234375,20210900,,20211200
2021-06-29 18:00:00,,20211200,132.234375,20210900,,20211200
2021-06-29 19:00:00,,20211200,132.203125,20210900,,20211200
2021-06-29 20:00:00,,20211200,132.265625,20210900,,20211200
2021-06-29 21:00:00,131.515625,20211200,132.265625,20210900,131.515625,20211200
2021-06-29 22:00:00,,20211200,132.28125,20210900,,20211200
2021-06-30 15:30:00,131.71875,20211200,132.453125,20210900,131.71875,20211200
2021-06-30 16:00:00,,20211200,132.53125,20210900,,20211200
2021-06-30 17:00:00,,20211200,132.53125,20210900,,20211200
2021-06-30 18:00:00,,20211200,132.515625,20210900,,20211200
2021-06-30 19:00:00,131.796875,20211200,132.515625,20210900,131.796875,20211200
2021-06-30 20:00:00,131.78125,20211200,132.5,20210900,131.78125,20211200
2021-06-30 21:00:00,131.8125,20211200,132.4375,20210900,131.8125,20211200
2021-06-30 22:00:00,131.640625,20211200,132.328125,20210900,131.640625,20211200
2021-07-01 15:30:00,131.71875,20211200,132.453125,20210900,131.71875,20211200
2021-07-01 16:00:00,131.53125,20211200,132.28125,20210900,131.53125,20211200
2021-07-01 17:00:00,131.53125,20211200,132.234375,20210900,131.53125,20211200
2021-07-01 18:00:00,,20211200,132.25,20210900,,20211200
2021-07-01 19:00:00,,20211200,132.25,20210900,,20211200
2021-07-01 20:00:00,,20211200,132.265625,20210900,,20211200
2021-07-01 21:00:00,131.578125,20211200,132.328125,20210900,131.578125,20211200
2021-07-01 22:00:00,,20211200,132.375,20210900,,20211200
2021-07-02 15:30:00,131.859375,20211200,132.5625,20210900,131.859375,20211200
2021-07-02 16:00:00,131.890625,20211200,132.59375,20210900,131.890625,20211200
2021-07-02 17:00:00,131.921875,20211200,132.609375,20210900,131.921875,20211200
2021-07-02 18:00:00,,20211200,132.6875,20210900,,20211200
2021-07-02 19:00:00,131.984375,20211200,132.71875,20210900,131.984375,20211200
2021-07-02 20:00:00,131.984375,20211200,132.71875,20210900,131.984375,20211200
2021-07-02 21:00:00,132.0,20211200,132.734375,20210900,132.0,20211200
2021-07-02 22:00:00,132.046875,20211200,132.765625,20210900,132.046875,20211200
2021-07-02 23:00:00,132.046875,20211200,132.765625,20210900,132.046875,20211200
2021-07-06 15:30:00,132.390625,20211200,133.109375,20210900,132.390625,20211200
2021-07-06 16:00:00,132.6875,20211200,133.375,20210900,132.6875,20211200
2021-07-06 17:00:00,132.53125,20211200,133.25,20210900,132.53125,20211200
2021-07-06 18:00:00,132.609375,20211200,133.25,20210900,132.609375,20211200
2021-07-06 19:00:00,132.53125,20211200,133.171875,20210900,132.53125,20211200
2021-07-06 20:00:00,,20211200,133.21875,20210900,,20211200
2021-07-06 21:00:00,,20211200,133.296875,20210900,,20211200
2021-07-06 22:00:00,,20211200,133.359375,20210900,,20211200
2021-07-07 15:30:00,132.890625,20211200,133.59375,20210900,132.890625,20211200
2021-07-07 16:00:00,132.9375,20211200,133.59375,20210900,132.9375,20211200
2021-07-07 17:00:00,132.84375,20211200,133.578125,20210900,132.84375,20211200
2021-07-07 18:00:00,132.921875,20211200,133.546875,20210900,132.921875,20211200
2021-07-07 19:00:00,,20211200,133.546875,20210900,,20211200
2021-07-07 20:00:00,,20211200,133.546875,20210900,,20211200
2021-07-07 21:00:00,132.859375,20211200,133.546875,20210900,132.859375,20211200
2021-07-07 22:00:00,132.859375,20211200,133.5625,20210900,132.859375,20211200
2021-07-08 15:30:00,133.21875,20211200,133.90625,20210900,133.21875,20211200
2021-07-08 16:00:00,133.3125,20211200,133.96875,20210900,133.3125,20211200
2021-07-08 17:00:00,133.25,20211200,133.8125,20210900,133.25,20211200
2021-07-08 18:00:00,133.171875,20211200,133.8125,20210900,133.171875,20211200
2021-07-08 19:00:00,133.15625,20211200,133.828125,20210900,133.15625,20211200
2021-07-08 20:00:00,133.21875,20211200,133.890625,20210900,133.21875,20211200
2021-07-08 21:00:00,133.203125,20211200,133.84375,20210900,133.203125,20211200
2021-07-08 22:00:00,133.140625,20211200,133.8125,20210900,133.140625,20211200
2021-07-09 15:30:00,132.8125,20211200,133.4375,20210900,132.8125,20211200
2021-07-09 16:00:00,,20211200,133.46875,20210900,,20211200
2021-07-09 17:00:00,132.78125,20211200,133.484375,20210900,132.78125,20211200
2021-07-09 18:00:00,,20211200,133.40625,20210900,,20211200
2021-07-09 19:00:00,,20211200,133.421875,20210900,,20211200
2021-07-09 20:00:00,132.78125,20211200,133.40625,20210900,132.78125,20211200
2021-07-09 21:00:00,132.75,20211200,133.421875,20210900,132.75,20211200
2021-07-09 22:00:00,132.703125,20211200,133.390625,20210900,132.703125,20211200
2021-07-12 15:30:00,,20211200,133.421875,20210900,,20211200
2021-07-12 16:00:00,132.734375,20211200,133.40625,20210900,132.734375,20211200
2021-07-12 17:00:00,132.6875,20211200,133.296875,20210900,132.6875,20211200
2021-07-12 18:00:00,132.609375,20211200,133.3125,20210900,132.609375,20211200
2021-07-12 19:00:00,132.65625,20211200,133.421875,20210900,132.65625,20211200
2021-07-12 20:00:00,132.71875,20211200,133.40625,20210900,132.71875,20211200
2021-07-12 21:00:00,,20211200,133.390625,20210900,,20211200
2021-07-12 22:00:00,,20211200,133.40625,20210900,,20211200
2021-07-13 15:30:00,,20211200,133.40625,20210900,,20211200
2021-07-13 16:00:00,,20211200,133.375,20210900,,20211200
2021-07-13 17:00:00,,20211200,133.375,20210900,,20211200
2021-07-13 18:00:00,,20211200,133.359375,20210900,,20211200
2021-07-13 19:00:00,132.34375,20211200,133.03125,20210900,132.34375,20211200
2021-07-13 20:00:00,,20211200,132.984375,20210900,,20211200
2021-07-13 21:00:00,,20211200,133.03125,20210900,,20211200
2021-07-13 22:00:00,,20211200,132.984375,20210900,,20211200
2021-07-14 15:30:00,132.671875,20211200,133.359375,20210900,132.671875,20211200
2021-07-14 16:00:00,132.71875,20211200,133.40625,20210900,132.71875,20211200
2021-07-14 17:00:00,,20211200,133.40625,20210900,,20211200
2021-07-14 18:00:00,,20211200,133.375,20210900,,20211200
2021-07-14 19:00:00,132.671875,20211200,133.40625,20210900,132.671875,20211200
2021-07-14 20:00:00,132.75,20211200,133.453125,20210900,132.75,20211200
2021-07-14 21:00:00,132.796875,20211200,133.46875,20210900,132.796875,20211200
2021-07-14 22:00:00,132.8125,20211200,133.5,20210900,132.8125,20211200
2021-07-15 15:30:00,133.046875,20211200,133.65625,20210900,133.046875,20211200
2021-07-15 16:00:00,132.921875,20211200,133.46875,20210900,132.921875,20211200
2021-07-15 17:00:00,132.90625,20211200,133.5625,20210900,132.90625,20211200
2021-07-15 18:00:00,133.0,20211200,133.671875,20210900,133.0,20211200
2021-07-15 19:00:00,133.15625,20211200,133.8125,20210900,133.15625,20211200
2021-07-15 20:00:00,133.171875,20211200,133.8125,20210900,133.171875,20211200
2021-07-15 21:00:00,133.15625,20211200,133.796875,20210900,133.15625,20211200
2021-07-15 22:00:00,,20211200,133.78125,20210900,,20211200
2021-07-16 15:30:00,132.875,20211200,133.578125,20210900,132.875,20211200
2021-07-16 16:00:00,,20211200,133.65625,20210900,,20211200
2021-07-16 17:00:00,,20211200,133.6875,20210900,,20211200
2021-07-16 18:00:00,,20211200,133.734375,20210900,,20211200
2021-07-16 19:00:00,133.171875,20211200,133.78125,20210900,133.171875,20211200
2021-07-16 20:00:00,133.125,20211200,133.796875,20210900,133.125,20211200
2021-07-16 21:00:00,133.125,20211200,133.765625,20210900,133.125,20211200
2021-07-16 22:00:00,133.171875,20211200,133.84375,20210900,133.171875,20211200
2021-07-19 15:30:00,133.90625,20211200,134.5,20210900,133.90625,20211200
2021-07-19 16:00:00,134.09375,20211200,134.703125,20210900,134.09375,20211200
2021-07-19 17:00:00,133.84375,20211200,134.484375,20210900,133.84375,20211200
2021-07-19 18:00:00,134.03125,20211200,134.703125,20210900,134.03125,20211200
2021-07-19 19:00:00,134.046875,20211200,134.6875,20210900,134.046875,20211200
2021-07-19 20:00:00,134.03125,20211200,134.6875,20210900,134.03125,20211200
2021-07-19 21:00:00,133.984375,20211200,134.59375,20210900,133.984375,20211200
2021-07-19 22:00:00,133.9375,20211200,134.578125,20210900,133.9375,20211200
2021-07-20 15:30:00,134.34375,20211200,134.9375,20210900,134.34375,20211200
2021-07-20 16:00:00,134.0625,20211200,134.671875,20210900,134.0625,20211200
2021-07-20 17:00:00,133.890625,20211200,134.546875,20210900,133.890625,20211200
2021-07-20 18:00:00,133.953125,20211200,134.59375,20210900,133.953125,20211200
2021-07-20 19:00:00,134.0,20211200,134.640625,20210900,134.0,20211200
2021-07-20 20:00:00,134.03125,20211200,134.671875,20210900,134.03125,20211200
2021-07-20 21:00:00,134.0,20211200,134.609375,20210900,134.0,20211200
2021-07-20 22:00:00,133.96875,20211200,134.53125,20210900,133.96875,20211200
2021-07-21 15:30:00,133.59375,20211200,134.234375,20210900,133.59375,20211200
2021-07-21 16:00:00,133.46875,20211200,134.078125,20210900,133.46875,20211200
2021-07-21 17:00:00,133.46875,20211200,134.109375,20210900,133.46875,20211200
2021-07-21 18:00:00,133.4375,20211200,134.046875,20210900,133.4375,20211200
2021-07-21 19:00:00,133.484375,20211200,134.03125,20210900,133.484375,20211200
2021-07-21 20:00:00,133.5,20211200,134.09375,20210900,133.5,20211200
2021-07-21 21:00:00,133.375,20211200,134.0,20210900,133.375,20211200
2021-07-21 22:00:00,133.375,20211200,134.03125,20210900,133.375,20211200
2021-07-22 15:30:00,133.609375,20211200,134.203125,20210900,133.609375,20211200
2021-07-22 16:00:00,133.65625,20211200,134.3125,20210900,133.65625,20211200
2021-07-22 17:00:00,133.765625,20211200,134.421875,20210900,133.765625,20211200
2021-07-22 18:00:00,133.703125,20211200,134.328125,20210900,133.703125,20211200
2021-07-22 19:00:00,133.625,20211200,134.265625,20210900,133.625,20211200
2021-07-22 20:00:00,133.609375,20211200,134.234375,20210900,133.609375,20211200
2021-07-22 21:00:00,133.71875,20211200,134.28125,20210900,133.71875,20211200
2021-07-22 22:00:00,133.59375,20211200,134.125,20210900,133.59375,20211200
2021-07-23 15:30:00,133.484375,20211200,134.171875,20210900,133.484375,20211200
2021-07-23 16:00:00,133.4375,20211200,134.09375,20210900,133.4375,20211200
2021-07-23 17:00:00,133.46875,20211200,134.171875,20210900,133.46875,20211200
2021-07-23 18:00:00,133.515625,20211200,134.125,20210900,133.515625,20211200
2021-07-23 19:00:00,133.515625,20211200,134.140625,20210900,133.515625,20211200
2021-07-23 20:00:00,,20211200,134.15625,20210900,,20211200
2021-07-23 21:00:00,133.53125,20211200,134.15625,20210900,133.53125,20211200
2021-07-23 22:00:00,133.53125,20211200,134.1875,20210900,133.53125,20211200
2021-07-26 15:30:00,133.5625,20211200,134.21875,20210900,133.5625,20211200
2021-07-26 16:00:00,133.53125,20211200,134.203125,20210900,133.53125,20211200
2021-07-26 17:00:00,133.578125,20211200,134.21875,20210900,133.578125,20211200
2021-07-26 18:00:00,133.5625,20211200,134.171875,20210900,133.5625,20211200
2021-07-26 19:00:00,,20211200,134.234375,20210900,,20211200
2021-07-26 20:00:00,133.53125,20211200,134.21875,20210900,133.53125,20211200
2021-07-26 21:00:00,133.5,20211200,134.09375,20210900,133.5,20211200
2021-07-26 22:00:00,133.453125,20211200,134.09375,20210900,133.453125,20211200
2021-07-27 15:30:00,133.875,20211200,134.5,20210900,133.875,20211200
2021-07-27 16:00:00,,20211200,134.4375,20210900,,20211200
2021-07-27 17:00:00,133.875,20211200,134.46875,20210900,133.875,20211200
2021-07-27 18:00:00,,20211200,134.484375,20210900,,20211200
2021-07-27 19:00:00,133.84375,20211200,134.484375,20210900,133.84375,20211200
2021-07-27 20:00:00,133.84375,20211200,134.46875,20210900,133.84375,20211200
2021-07-27 21:00:00,133.828125,20211200,134.46875,20210900,133.828125,20211200
2021-07-27 22:00:00,133.78125,20211200,134.390625,20210900,133.78125,20211200
2021-07-28 15:30:00,133.703125,20211200,134.265625,20210900,133.703125,20211200
2021-07-28 16:00:00,133.6875,20211200,134.34375,20210900,133.6875,20211200
2021-07-28 17:00:00,133.703125,20211200,134.359375,20210900,133.703125,20211200
2021-07-28 18:00:00,133.703125,20211200,134.375,20210900,133.703125,20211200
2021-07-28 19:00:00,133.734375,20211200,134.375,20210900,133.734375,20211200
2021-07-28 20:00:00,133.625,20211200,134.265625,20210900,133.625,20211200
2021-07-28 21:00:00,133.875,20211200,134.546875,20210900,133.875,20211200
2021-07-28 22:00:00,133.9375,20211200,134.46875,20210900,133.9375,20211200
2021-07-29 15:30:00,133.59375,20211200,134.1875,20210900,133.59375,20211200
2021-07-29 16:00:00,133.59375,20211200,134.21875,20210900,133.59375,20211200
2021-07-29 17:00:00,133.640625,20211200,134.28125,20210900,133.640625,20211200
2021-07-29 18:00:00,133.609375,20211200,134.25,20210900,133.609375,20211200
2021-07-29 19:00:00,133.5625,20211200,134.234375,20210900,133.5625,20211200
2021-07-29 20:00:00,133.578125,20211200,134.234375,20210900,133.578125,20211200
2021-07-29 21:00:00,133.59375,20211200,134.21875,20210900,133.59375,20211200
2021-07-29 22:00:00,133.546875,20211200,134.203125,20210900,133.546875,20211200
2021-07-30 15:30:00,133.796875,20211200,134.453125,20210900,133.796875,20211200
2021-07-30 16:00:00,133.9375,20211200,134.578125,20210900,133.9375,20211200
2021-07-30 17:00:00,133.9375,20211200,134.5625,20210900,133.9375,20211200
2021-07-30 18:00:00,133.90625,20211200,134.546875,20210900,133.90625,20211200
2021-07-30 19:00:00,133.90625,20211200,134.53125,20210900,133.90625,20211200
2021-07-30 20:00:00,133.859375,20211200,134.46875,20210900,133.859375,20211200
2021-07-30 21:00:00,133.90625,20211200,134.53125,20210900,133.90625,20211200
2021-07-30 22:00:00,133.984375,20211200,134.5625,20210900,133.984375,20211200
2021-08-02 15:30:00,134.046875,20211200,134.671875,20210900,134.046875,20211200
2021-08-02 16:00:00,134.28125,20211200,134.921875,20210900,134.28125,20211200
2021-08-02 17:00:00,134.546875,20211200,135.125,20210900,134.546875,20211200
2021-08-02 18:00:00,134.484375,20211200,135.015625,20210900,134.484375,20211200
2021-08-02 19:00:00,134.359375,20211200,134.953125,20210900,134.359375,20211200
2021-08-02 20:00:00,134.421875,20211200,135.0,20210900,134.421875,20211200
2021-08-02 21:00:00,134.390625,20211200,134.96875,20210900,134.390625,20211200
2021-08-02 22:00:00,134.375,20211200,134.9375,20210900,134.375,20211200
2021-08-03 15:30:00,134.59375,20211200,135.15625,20210900,134.59375,20211200
2021-08-03 16:00:00,134.453125,20211200,135.078125,20210900,134.453125,20211200
2021-08-03 17:00:00,134.4375,20211200,135.0,20210900,134.4375,20211200
2021-08-03 18:00:00,134.40625,20211200,135.0,20210900,134.40625,20211200
2021-08-03 19:00:00,134.40625,20211200,134.984375,20210900,134.40625,20211200
2021-08-03 20:00:00,134.4375,20211200,135.015625,20210900,134.4375,20211200
2021-08-03 21:00:00,134.4375,20211200,135.015625,20210900,134.4375,20211200
2021-08-03 22:00:00,134.4375,20211200,135.015625,20210900,134.4375,20211200
2021-08-04 15:30:00,134.75,20211200,135.34375,20210900,134.75,20211200
2021-08-04 16:00:00,134.171875,20211200,134.796875,20210900,134.171875,20211200
2021-08-04 17:00:00,134.328125,20211200,134.921875,20210900,134.328125,20211200
2021-08-04 18:00:00,134.265625,20211200,134.859375,20210900,134.265625,20211200
2021-08-04 19:00:00,134.28125,20211200,134.828125,20210900,134.28125,20211200
2021-08-04 20:00:00,134.265625,20211200,134.84375,20210900,134.265625,20211200
2021-08-04 21:00:00,134.296875,20211200,134.875,20210900,134.296875,20211200
2021-08-04 22:00:00,134.203125,20211200,134.796875,20210900,134.203125,20211200
2021-08-05 15:30:00,133.96875,20211200,134.53125,20210900,133.96875,20211200
2021-08-05 16:00:00,133.921875,20211200,134.515625,20210900,133.921875,20211200
2021-08-05 17:00:00,133.859375,20211200,134.46875,20210900,133.859375,20211200
2021-08-05 18:00:00,133.90625,20211200,134.5,20210900,133.90625,20211200
2021-08-05 19:00:00,133.890625,20211200,134.46875,20210900,133.890625,20211200
2021-08-05 20:00:00,133.90625,20211200,134.484375,20210900,133.90625,20211200
2021-08-05 21:00:00,133.890625,20211200,134.5,20210900,133.890625,20211200
2021-08-05 22:00:00,133.84375,20211200,134.421875,20210900,133.84375,20211200
2021-08-05 23:00:00,133.84375,20211200,134.421875,20210900,133.84375,20211200
2021-08-06 15:30:00,133.390625,20211200,134.015625,20210900,133.390625,20211200
2021-08-06 16:00:00,133.359375,20211200,133.953125,20210900,133.359375,20211200
2021-08-06 17:00:00,133.390625,20211200,134.0,20210900,133.390625,20211200
2021-08-06 18:00:00,133.390625,20211200,134.0,20210900,133.390625,20211200
2021-08-06 19:00:00,133.390625,20211200,134.0,20210900,133.390625,20211200
2021-08-06 20:00:00,133.390625,20211200,134.0,20210900,133.390625,20211200
2021-08-06 21:00:00,133.3125,20211200,133.9375,20210900,133.3125,20211200
2021-08-06 22:00:00,133.3125,20211200,133.953125,20210900,133.3125,20211200
2021-08-09 15:30:00,133.484375,20211200,134.09375,20210900,133.484375,20211200
2021-08-09 16:00:00,133.171875,20211200,133.78125,20210900,133.171875,20211200
2021-08-09 17:00:00,133.21875,20211200,133.859375,20210900,133.21875,20211200
2021-08-09 18:00:00,133.15625,20211200,133.78125,20210900,133.15625,20211200
2021-08-09 19:00:00,133.140625,20211200,133.78125,20210900,133.140625,20211200
2021-08-09 20:00:00,133.171875,20211200,133.796875,20210900,133.171875,20211200
2021-08-09 21:00:00,133.09375,20211200,133.734375,20210900,133.09375,20211200
2021-08-09 22:00:00,133.09375,20211200,133.734375,20210900,133.09375,20211200
2021-08-10 15:30:00,133.046875,20211200,133.65625,20210900,133.046875,20211200
2021-08-10 16:00:00,132.984375,20211200,133.59375,20210900,132.984375,20211200
2021-08-10 17:00:00,132.953125,20211200,133.578125,20210900,132.953125,20211200
2021-08-10 18:00:00,132.9375,20211200,133.546875,20210900,132.9375,20211200
2021-08-10 19:00:00,132.96875,20211200,133.5625,20210900,132.96875,20211200
2021-08-10 20:00:00,132.921875,20211200,133.546875,20210900,132.921875,20211200
2021-08-10 21:00:00,132.921875,20211200,133.53125,20210900,132.921875,20211200
2021-08-10 22:00:00,132.859375,20211200,133.5,20210900,132.859375,20211200
2021-08-11 15:30:00,132.84375,20211200,133.46875,20210900,132.84375,20211200
2021-08-11 16:00:00,132.90625,20211200,133.53125,20210900,132.90625,20211200
2021-08-11 17:00:00,132.953125,20211200,133.609375,20210900,132.953125,20211200
2021-08-11 18:00:00,132.921875,20211200,133.578125,20210900,132.921875,20211200
2021-08-11 19:00:00,133.109375,20211200,133.75,20210900,133.109375,20211200
2021-08-11 20:00:00,132.9375,20211200,133.59375,20210900,132.9375,20211200
2021-08-11 21:00:00,133.03125,20211200,133.65625,20210900,133.03125,20211200
2021-08-11 22:00:00,132.96875,20211200,133.609375,20210900,132.96875,20211200
2021-08-12 15:30:00,132.84375,20211200,133.5,20210900,132.84375,20211200
2021-08-12 16:00:00,132.96875,20211200,133.625,20210900,132.96875,20211200
2021-08-12 17:00:00,132.96875,20211200,133.609375,20210900,132.96875,20211200
2021-08-12 18:00:00,132.875,20211200,133.5,20210900,132.875,20211200
2021-08-12 19:00:00,132.875,20211200,133.515625,20210900,132.875,20211200
2021-08-12 20:00:00,132.828125,20211200,133.46875,20210900,132.828125,20211200
2021-08-12 21:00:00,132.90625,20211200,133.515625,20210900,132.90625,20211200
2021-08-12 22:00:00,132.859375,20211200,133.515625,20210900,132.859375,20211200
2021-08-13 15:30:00,133.03125,20211200,133.6875,20210900,133.03125,20211200
2021-08-13 16:00:00,133.265625,20211200,133.921875,20210900,133.265625,20211200
2021-08-13 17:00:00,133.3125,20211200,133.953125,20210900,133.3125,20211200
2021-08-13 18:00:00,133.296875,20211200,133.9375,20210900,133.296875,20211200
2021-08-13 19:00:00,133.28125,20211200,133.890625,20210900,133.28125,20211200
2021-08-13 20:00:00,133.328125,20211200,133.96875,20210900,133.328125,20211200
2021-08-13 21:00:00,133.390625,20211200,134.03125,20210900,133.390625,20211200
2021-08-13 22:00:00,133.484375,20211200,134.09375,20210900,133.484375,20211200
2021-08-16 15:30:00,133.9375,20211200,134.5625,20210900,133.9375,20211200
2021-08-16 16:00:00,133.859375,20211200,134.453125,20210900,133.859375,20211200
2021-08-16 17:00:00,133.8125,20211200,134.390625,20210900,133.8125,20211200
2021-08-16 18:00:00,133.765625,20211200,134.375,20210900,133.765625,20211200
2021-08-16 19:00:00,133.78125,20211200,134.375,20210900,133.78125,20211200
2021-08-16 20:00:00,133.734375,20211200,134.328125,20210900,133.734375,20211200
2021-08-16 21:00:00,133.6875,20211200,134.28125,20210900,133.6875,20211200
2021-08-16 22:00:00,133.609375,20211200,134.21875,20210900,133.609375,20211200
2021-08-17 15:30:00,133.6875,20211200,134.28125,20210900,133.6875,20211200
2021-08-17 16:00:00,133.671875,20211200,134.25,20210900,133.671875,20211200
2021-08-17 17:00:00,133.625,20211200,134.25,20210900,133.625,20211200
2021-08-17 18:00:00,133.765625,20211200,134.34375,20210900,133.765625,20211200
2021-08-17 19:00:00,133.765625,20211200,134.34375,20210900,133.765625,20211200
2021-08-17 20:00:00,133.671875,20211200,134.265625,20210900,133.671875,20211200
2021-08-17 21:00:00,133.625,20211200,134.203125,20210900,133.625,20211200
2021-08-17 22:00:00,133.609375,20211200,134.21875,20210900,133.609375,20211200
2021-08-18 15:30:00,133.59375,20211200,134.171875,20210900,133.59375,20211200
2021-08-18 16:00:00,133.546875,20211200,134.125,20210900,133.546875,20211200
2021-08-18 17:00:00,133.578125,20211200,134.171875,20210900,133.578125,20211200
2021-08-18 18:00:00,133.484375,20211200,134.078125,20210900,133.484375,20211200
2021-08-18 19:00:00,133.328125,20211200,133.9375,20210900,133.328125,20211200
2021-08-18 20:00:00,133.5625,20211200,134.15625,20210900,133.5625,20211200
2021-08-18 21:00:00,133.5625,20211200,134.140625,20210900,133.5625,20211200
2021-08-18 22:00:00,133.625,20211200,134.25,20210900,133.625,20211200
2021-08-19 15:30:00,133.75,20211200,134.359375,20210900,133.75,20211200
2021-08-19 16:00:00,133.75,20211200,134.328125,20210900,133.75,20211200
2021-08-19 17:00:00,133.8125,20211200,134.375,20210900,133.8125,20211200
2021-08-19 18:00:00,133.796875,20211200,134.375,20210900,133.796875,20211200
2021-08-19 19:00:00,133.796875,20211200,134.375,20210900,133.796875,20211200
2021-08-19 20:00:00,133.734375,20211200,134.328125,20210900,133.734375,20211200
2021-08-19 21:00:00,133.75,20211200,134.296875,20210900,133.75,20211200
2021-08-19 22:00:00,133.734375,20211200,134.296875,20210900,133.734375,20211200
2021-08-20 15:30:00,133.671875,20211200,134.234375,20210900,133.671875,20211200
2021-08-20 16:00:00,133.703125,20211200,134.28125,20210900,133.703125,20211200
2021-08-20 17:00:00,133.609375,20211200,134.1875,20210900,133.609375,20211200
2021-08-20 18:00:00,133.5625,20211200,134.15625,20210900,133.5625,20211200
2021-08-20 19:00:00,133.546875,20211200,134.125,20210900,133.546875,20211200
2021-08-20 20:00:00,133.546875,20211200,134.140625,20210900,133.546875,20211200
2021-08-20 21:00:00,133.59375,20211200,134.171875,20210900,133.59375,20211200
2021-08-20 22:00:00,133.59375,20211200,134.15625,20210900,133.59375,20211200
2021-08-20 23:00:00,133.59375,20211200,134.15625,20210900,133.59375,20211200
2021-08-23 15:30:00,133.53125,20211200,134.109375,20210900,133.53125,20211200
2021-08-23 16:00:00,133.59375,20211200,134.171875,20210900,133.59375,20211200
2021-08-23 17:00:00,133.625,20211200,134.21875,20210900,133.625,20211200
2021-08-23 18:00:00,133.640625,20211200,134.21875,20210900,133.640625,20211200
2021-08-23 19:00:00,133.625,20211200,134.203125,20210900,133.625,20211200
2021-08-23 20:00:00,133.65625,20211200,134.234375,20210900,133.65625,20211200
2021-08-23 21:00:00,133.65625,20211200,134.21875,20210900,133.65625,20211200
2021-08-24 14:30:00,133.53125,20211200,134.109375,20210900,133.53125,20211200
2021-08-24 15:00:00,133.515625,20211200,134.0625,20210900,133.515625,20211200
2021-08-24 16:00:00,133.53125,20211200,134.09375,20210900,133.53125,20211200
2021-08-24 17:00:00,133.4375,20211200,134.0,20210900,133.4375,20211200
2021-08-24 18:00:00,133.4375,20211200,134.0,20210900,133.4375,20211200
2021-08-24 19:00:00,133.4375,20211200,134.0,20210900,133.4375,20211200
2021-08-24 20:00:00,133.390625,20211200,133.96875,20210900,133.390625,20211200
2021-08-24 21:00:00,133.359375,20211200,133.921875,20210900,133.359375,20211200
2021-08-25 14:30:00,133.3125,20211200,133.875,20210900,133.3125,20211200
2021-08-25 15:00:00,133.046875,20211200,133.609375,20210900,133.046875,20211200
2021-08-25 16:00:00,133.125,20211200,133.703125,20210900,133.125,20211200
2021-08-25 17:00:00,133.125,20211200,133.703125,20210900,133.125,20211200
2021-08-25 18:00:00,133.046875,20211200,133.59375,20210900,133.046875,20211200
2021-08-25 19:00:00,133.03125,20211200,133.609375,20210900,133.03125,20211200
2021-08-25 20:00:00,133.015625,20211200,133.59375,20210900,133.015625,20211200
2021-08-25 21:00:00,133.03125,20211200,133.609375,20210900,133.03125,20211200
2021-08-26 14:30:00,132.859375,20211200,133.453125,20210900,132.859375,20211200
2021-08-26 15:00:00,132.921875,20211200,133.53125,20210900,132.921875,20211200
2021-08-26 16:00:00,132.921875,20211200,133.515625,20210900,132.921875,20211200
2021-08-26 17:00:00,132.875,20211200,133.453125,20210900,132.875,20211200
2021-08-26 18:00:00,133.0,20211200,133.578125,20210900,133.0,20211200
2021-08-26 19:00:00,133.015625,20211200,133.59375,20210900,133.015625,20211200
2021-08-26 19:00:01,,20220300,133.015625,20211200,,20220300
2021-08-26 20:00:00,,20220300,133.015625,20211200,,20220300
2021-08-26 21:00:00,,20220300,132.921875,20211200,,20220300
2021-08-27 14:30:00,,20220300,132.9375,20211200,,20220300
2021-08-27 15:00:00,,20220300,133.25,20211200,,20220300
2021-08-27 16:00:00,,20220300,133.3125,20211200,,20220300
2021-08-27 17:00:00,,20220300,133.328125,20211200,,20220300
2021-08-27 18:00:00,,20220300,133.265625,20211200,,20220300
2021-08-27 19:00:00,,20220300,133.296875,20211200,,20220300
2021-08-27 20:00:00,,20220300,133.359375,20211200,,20220300
2021-08-27 21:00:00,,20220300,133.328125,20211200,,20220300
2021-08-30 14:30:00,,20220300,133.375,20211200,,20220300
2021-08-30 15:00:00,,20220300,133.46875,20211200,,20220300
2021-08-30 16:00:00,,20220300,133.546875,20211200,,20220300
2021-08-30 17:00:00,,20220300,133.546875,20211200,,20220300
2021-08-30 18:00:00,,20220300,133.546875,20211200,,20220300
2021-08-30 19:00:00,,20220300,133.53125,20211200,,20220300
2021-08-30 20:00:00,133.6875,20220300,133.578125,20211200,133.6875,20220300
2021-08-30 21:00:00,,20220300,133.578125,20211200,,20220300
2021-08-30 23:00:00,133.265625,20220300,,20211200,133.265625,20220300
2021-08-31 14:30:00,,20220300,133.609375,20211200,,20220300
2021-08-31 15:00:00,,20220300,133.46875,20211200,,20220300
2021-08-31 16:00:00,,20220300,133.421875,20211200,,20220300
2021-08-31 17:00:00,,20220300,133.46875,20211200,,20220300
2021-08-31 18:00:00,,20220300,133.4375,20211200,,20220300
2021-08-31 19:00:00,,20220300,133.453125,20211200,,20220300
2021-08-31 20:00:00,,20220300,133.421875,20211200,,20220300
2021-08-31 21:00:00,,20220300,133.390625,20211200,,20220300
2021-09-01 14:30:00,,20220300,133.5,20211200,,20220300
2021-09-01 15:00:00,,20220300,133.40625,20211200,,20220300
2021-09-01 16:00:00,,20220300,133.453125,20211200,,20220300
2021-09-01 17:00:00,,20220300,133.40625,20211200,,20220300
2021-09-01 18:00:00,,20220300,133.4375,20211200,,20220300
2021-09-01 19:00:00,,20220300,133.453125,20211200,,20220300
2021-09-01 20:00:00,,20220300,133.484375,20211200,,20220300
2021-09-01 21:00:00,,20220300,133.5,20211200,,20220300
2021-09-02 14:30:00,,20220300,133.515625,20211200,,20220300
2021-09-02 15:00:00,,20220300,133.5,20211200,,20220300
2021-09-02 16:00:00,,20220300,133.515625,20211200,,20220300
2021-09-02 17:00:00,,20220300,133.53125,20211200,,20220300
2021-09-02 18:00:00,,20220300,133.53125,20211200,,20220300
2021-09-02 19:00:00,,20220300,133.515625,20211200,,20220300
2021-09-02 20:00:00,,20220300,133.546875,20211200,,20220300
2021-09-02 21:00:00,,20220300,133.578125,20211200,,20220300
2021-09-03 14:30:00,,20220300,133.3125,20211200,,20220300
2021-09-03 15:00:00,,20220300,133.34375,20211200,,20220300
2021-09-03 16:00:00,,20220300,133.34375,20211200,,20220300
2021-09-03 17:00:00,,20220300,133.359375,20211200,,20220300
2021-09-03 18:00:00,,20220300,133.359375,20211200,,20220300
2021-09-03 19:00:00,,20220300,133.359375,20211200,,20220300
2021-09-03 20:00:00,,20220300,133.390625,20211200,,20220300
2021-09-03 21:00:00,,20220300,133.375,20211200,,20220300
2021-09-03 23:00:00,,20220300,133.375,20211200,,20220300
2021-09-07 14:30:00,,20220300,132.953125,20211200,,20220300
2021-09-07 15:00:00,,20220300,132.96875,20211200,,20220300
2021-09-07 16:00:00,,20220300,133.03125,20211200,,20220300
2021-09-07 17:00:00,,20220300,133.015625,20211200,,20220300
2021-09-07 18:00:00,,20220300,133.0625,20211200,,20220300
2021-09-07 19:00:00,,20220300,133.046875,20211200,,20220300
2021-09-07 20:00:00,132.375,20220300,133.0,20211200,132.375,20220300
2021-09-07 21:00:00,,20220300,132.984375,20211200,,20220300
2021-09-08 14:30:00,,20220300,133.078125,20211200,,20220300
2021-09-08 15:00:00,,20220300,133.125,20211200,,20220300
2021-09-08 16:00:00,132.296875,20220300,133.15625,20211200,132.296875,20220300
2021-09-08 17:00:00,,20220300,133.15625,20211200,,20220300
2021-09-08 18:00:00,,20220300,133.25,20211200,,20220300
2021-09-08 19:00:00,,20220300,133.28125,20211200,,20220300
2021-09-08 20:00:00,,20220300,133.21875,20211200,,20220300
2021-09-08 21:00:00,,20220300,133.203125,20211200,,20220300
2021-09-08 23:00:00,132.90625,20220300,,20211200,132.90625,20220300
2021-09-09 14:30:00,,20220300,133.234375,20211200,,20220300
2021-09-09 15:00:00,,20220300,133.296875,20211200,,20220300
2021-09-09 16:00:00,,20220300,133.390625,20211200,,20220300
2021-09-09 17:00:00,,20220300,133.421875,20211200,,20220300
2021-09-09 18:00:00,,20220300,133.578125,20211200,,20220300
2021-09-09 19:00:00,,20220300,133.484375,20211200,,20220300
2021-09-09 20:00:00,,20220300,133.5,20211200,,20220300
2021-09-09 21:00:00,,20220300,133.46875,20211200,,20220300
2021-09-10 14:30:00,,20220300,133.28125,20211200,,20220300
2021-09-10 15:00:00,132.34375,20220300,133.3125,20211200,132.34375,20220300
2021-09-10 16:00:00,,20220300,133.125,20211200,,20220300
2021-09-10 17:00:00,,20220300,133.171875,20211200,,20220300
2021-09-10 18:00:00,,20220300,133.15625,20211200,,20220300
2021-09-10 19:00:00,,20220300,133.140625,20211200,,20220300
2021-09-10 20:00:00,,20220300,133.15625,20211200,,20220300
2021-09-10 21:00:00,,20220300,133.140625,20211200,,20220300
2021-09-10 23:00:00,132.65625,20220300,,20211200,132.65625,20220300
2021-09-13 14:30:00,,20220300,133.3125,20211200,,20220300
2021-09-13 15:00:00,,20220300,133.359375,20211200,,20220300
2021-09-13 16:00:00,,20220300,133.328125,20211200,,20220300
2021-09-13 17:00:00,,20220300,133.296875,20211200,,20220300
2021-09-13 18:00:00,,20220300,133.3125,20211200,,20220300
2021-09-13 19:00:00,,20220300,133.3125,20211200,,20220300
2021-09-13 20:00:00,,20220300,133.296875,20211200,,20220300
2021-09-13 21:00:00,,20220300,133.265625,20211200,,20220300
2021-09-14 14:30:00,,20220300,133.578125,20211200,,20220300
2021-09-14 15:00:00,,20220300,133.65625,20211200,,20220300
2021-09-14 16:00:00,,20220300,133.609375,20211200,,20220300
2021-09-14 17:00:00,,20220300,133.625,20211200,,20220300
2021-09-14 18:00:00,,20220300,133.59375,20211200,,20220300
2021-09-14 19:00:00,,20220300,133.59375,20211200,,20220300
2021-09-14 20:00:00,132.546875,20220300,133.609375,20211200,132.546875,20220300
2021-09-14 21:00:00,132.640625,20220300,133.546875,20211200,132.640625,20220300
2021-09-14 23:00:00,132.8125,20220300,,20211200,132.8125,20220300
2021-09-15 14:30:00,,20220300,133.4375,20211200,,20220300
2021-09-15 15:00:00,,20220300,133.484375,20211200,,20220300
2021-09-15 16:00:00,,20220300,133.328125,20211200,,20220300
2021-09-15 17:00:00,,20220300,133.296875,20211200,,20220300
2021-09-15 18:00:00,,20220300,133.34375,20211200,,20220300
2021-09-15 19:00:00,,20220300,133.359375,20211200,,20220300
2021-09-15 20:00:00,,20220300,133.4375,20211200,,20220300
2021-09-15 21:00:00,,20220300,133.40625,20211200,,20220300
2021-09-16 14:30:00,,20220300,133.015625,20211200,,20220300
2021-09-16 15:00:00,,20220300,133.140625,20211200,,20220300
2021-09-16 16:00:00,,20220300,133.078125,20211200,,20220300
2021-09-16 17:00:00,,20220300,133.109375,20211200,,20220300
2021-09-16 18:00:00,,20220300,133.09375,20211200,,20220300
2021-09-16 19:00:00,,20220300,133.09375,20211200,,20220300
2021-09-16 20:00:00,,20220300,133.0625,20211200,,20220300
2021-09-16 21:00:00,,20220300,133.046875,20211200,,20220300
2021-09-17 14:30:00,,20220300,132.765625,20211200,,20220300
2021-09-17 15:00:00,132.015625,20220300,132.734375,20211200,132.015625,20220300
2021-09-17 16:00:00,,20220300,132.8125,20211200,,20220300
2021-09-17 17:00:00,,20220300,132.78125,20211200,,20220300
2021-09-17 18:00:00,,20220300,132.796875,20211200,,20220300
2021-09-17 19:00:00,,20220300,132.8125,20211200,,20220300
2021-09-17 20:00:00,132.015625,20220300,132.75,20211200,132.015625,20220300
2021-09-17 21:00:00,,20220300,132.828125,20211200,,20220300
2021-09-20 14:30:00,,20220300,133.09375,20211200,,20220300
2021-09-20 15:00:00,,20220300,133.15625,20211200,,20220300
2021-09-20 16:00:00,,20220300,133.21875,20211200,,20220300
2021-09-20 17:00:00,,20220300,133.28125,20211200,,20220300
2021-09-20 18:00:00,,20220300,133.296875,20211200,,20220300
2021-09-20 19:00:00,132.3125,20220300,133.265625,20211200,132.3125,20220300
2021-09-20 20:00:00,132.3125,20220300,133.25,20211200,132.3125,20220300
2021-09-20 21:00:00,,20220300,133.21875,20211200,,20220300
2021-09-20 23:00:00,132.5,20220300,,20211200,132.5,20220300
2021-09-21 14:30:00,,20220300,133.25,20211200,,20220300
2021-09-21 15:00:00,,20220300,133.34375,20211200,,20220300
2021-09-21 16:00:00,,20220300,133.21875,20211200,,20220300
2021-09-21 17:00:00,,20220300,133.265625,20211200,,20220300
2021-09-21 18:00:00,,20220300,133.203125,20211200,,20220300
2021-09-21 19:00:00,,20220300,133.1875,20211200,,20220300
2021-09-21 20:00:00,,20220300,133.203125,20211200,,20220300
2021-09-21 21:00:00,,20220300,133.171875,20211200,,20220300
2021-09-22 14:30:00,,20220300,133.203125,20211200,,20220300
2021-09-22 15:00:00,132.609375,20220300,133.1875,20211200,132.609375,20220300
2021-09-22 16:00:00,,20220300,133.25,20211200,,20220300
2021-09-22 17:00:00,,20220300,133.25,20211200,,20220300
2021-09-22 18:00:00,132.203125,20220300,133.28125,20211200,132.203125,20220300
2021-09-22 19:00:00,,20220300,133.015625,20211200,,20220300
2021-09-22 20:00:00,132.203125,20220300,133.09375,20211200,132.203125,20220300
2021-09-22 21:00:00,,20220300,133.1875,20211200,,20220300
2021-09-23 14:30:00,,20220300,132.703125,20211200,,20220300
2021-09-23 15:00:00,131.625,20220300,132.59375,20211200,131.625,20220300
2021-09-23 16:00:00,131.546875,20220300,132.46875,20211200,131.546875,20220300
2021-09-23 17:00:00,131.890625,20220300,132.421875,20211200,131.890625,20220300
2021-09-23 18:00:00,,20220300,132.5,20211200,,20220300
2021-09-23 19:00:00,131.84375,20220300,132.375,20211200,131.84375,20220300
2021-09-23 20:00:00,131.640625,20220300,132.390625,20211200,131.640625,20220300
2021-09-23 21:00:00,131.515625,20220300,132.1875,20211200,131.515625,20220300
2021-09-24 14:30:00,,20220300,132.078125,20211200,,20220300
2021-09-24 15:00:00,131.15625,20220300,132.078125,20211200,131.15625,20220300
2021-09-24 16:00:00,,20220300,132.109375,20211200,,20220300
2021-09-24 17:00:00,131.265625,20220300,132.078125,20211200,131.265625,20220300
2021-09-24 18:00:00,,20220300,132.0,20211200,,20220300
2021-09-24 19:00:00,,20220300,132.0,20211200,,20220300
2021-09-24 20:00:00,,20220300,132.015625,20211200,,20220300
2021-09-24 21:00:00,131.21875,20220300,132.09375,20211200,131.21875,20220300
2021-09-27 14:30:00,130.921875,20220300,131.890625,20211200,130.921875,20220300
2021-09-27 15:00:00,,20220300,131.8125,20211200,,20220300
2021-09-27 16:00:00,130.9375,20220300,131.796875,20211200,130.9375,20220300
2021-09-27 17:00:00,,20220300,131.8125,20211200,,20220300
2021-09-27 18:00:00,,20220300,131.875,20211200,,20220300
2021-09-27 19:00:00,,20220300,131.796875,20211200,,20220300
2021-09-27 20:00:00,131.09375,20220300,131.828125,20211200,131.09375,20220300
2021-09-27 21:00:00,,20220300,131.734375,20211200,,20220300
2021-09-28 14:30:00,,20220300,131.34375,20211200,,20220300
2021-09-28 15:00:00,130.640625,20220300,131.4375,20211200,130.640625,20220300
2021-09-28 16:00:00,130.71875,20220300,131.546875,20211200,130.71875,20220300
2021-09-28 17:00:00,,20220300,131.625,20211200,,20220300
2021-09-28 18:00:00,130.78125,20220300,131.546875,20211200,130.78125,20220300
2021-09-28 19:00:00,,20220300,131.453125,20211200,,20220300
2021-09-28 20:00:00,,20220300,131.453125,20211200,,20220300
2021-09-28 21:00:00,,20220300,131.4375,20211200,,20220300
2021-09-29 14:30:00,,20220300,131.703125,20211200,,20220300
2021-09-29 15:00:00,130.796875,20220300,131.59375,20211200,130.796875,20220300
2021-09-29 16:00:00,,20220300,131.609375,20211200,,20220300
2021-09-29 17:00:00,130.734375,20220300,131.5,20211200,130.734375,20220300
2021-09-29 18:00:00,,20220300,131.453125,20211200,,20220300
2021-09-29 19:00:00,,20220300,131.46875,20211200,,20220300
2021-09-29 20:00:00,130.8125,20220300,131.46875,20211200,130.8125,20220300
2021-09-29 21:00:00,,20220300,131.640625,20211200,,20220300
2021-09-30 14:30:00,130.671875,20220300,131.515625,20211200,130.671875,20220300
2021-09-30 15:00:00,,20220300,131.609375,20211200,,20220300
2021-09-30 16:00:00,,20220300,131.671875,20211200,,20220300
2021-09-30 17:00:00,,20220300,131.71875,20211200,,20220300
2021-09-30 18:00:00,,20220300,131.6875,20211200,,20220300
2021-09-30 19:00:00,,20220300,131.609375,20211200,,20220300
2021-09-30 20:00:00,130.90625,20220300,131.65625,20211200,130.90625,20220300
2021-09-30 21:00:00,131.125,20220300,131.90625,20211200,131.125,20220300
2021-10-01 14:30:00,131.25,20220300,132.0,20211200,131.25,20220300
2021-10-01 15:00:00,,20220300,132.078125,20211200,,20220300
2021-10-01 16:00:00,,20220300,132.0625,20211200,,20220300
2021-10-01 17:00:00,131.28125,20220300,132.09375,20211200,131.28125,20220300
2021-10-01 18:00:00,131.28125,20220300,132.109375,20211200,131.28125,20220300
2021-10-01 19:00:00,131.359375,20220300,132.15625,20211200,131.359375,20220300
2021-10-01 20:00:00,,20220300,132.140625,20211200,,20220300
2021-10-01 21:00:00,,20220300,132.15625,20211200,,20220300
2021-10-04 14:30:00,,20220300,131.875,20211200,,20220300
2021-10-04 15:00:00,131.359375,20220300,132.078125,20211200,131.359375,20220300
2021-10-04 16:00:00,131.28125,20220300,132.046875,20211200,131.28125,20220300
2021-10-04 17:00:00,131.3125,20220300,132.109375,20211200,131.3125,20220300
2021-10-04 18:00:00,,20220300,132.0625,20211200,,20220300
2021-10-04 19:00:00,,20220300,132.0625,20211200,,20220300
2021-10-04 20:00:00,131.1875,20220300,132.03125,20211200,131.1875,20220300
2021-10-04 21:00:00,131.21875,20220300,132.03125,20211200,131.21875,20220300
2021-10-05 14:30:00,130.96875,20220300,131.78125,20211200,130.96875,20220300
2021-10-05 15:00:00,130.90625,20220300,131.6875,20211200,130.90625,20220300
2021-10-05 16:00:00,130.890625,20220300,131.71875,20211200,130.890625,20220300
2021-10-05 17:00:00,130.890625,20220300,131.734375,20211200,130.890625,20220300
2021-10-05 18:00:00,130.921875,20220300,131.734375,20211200,130.921875,20220300
2021-10-05 19:00:00,,20220300,131.703125,20211200,,20220300
2021-10-05 20:00:00,,20220300,131.734375,20211200,,20220300
2021-10-05 21:00:00,,20220300,131.6875,20211200,,20220300
2021-10-06 14:30:00,130.9375,20220300,131.796875,20211200,130.9375,20220300
2021-10-06 15:00:00,130.953125,20220300,131.796875,20211200,130.953125,20220300
2021-10-06 16:00:00,130.9375,20220300,131.78125,20211200,130.9375,20220300
2021-10-06 17:00:00,,20220300,131.78125,20211200,,20220300
2021-10-06 18:00:00,,20220300,131.703125,20211200,,20220300
2021-10-06 19:00:00,,20220300,131.71875,20211200,,20220300
2021-10-06 20:00:00,,20220300,131.734375,20211200,,20220300
2021-10-06 21:00:00,130.875,20220300,131.734375,20211200,130.875,20220300
2021-10-07 14:30:00,130.671875,20220300,131.53125,20211200,130.671875,20220300
2021-10-07 15:00:00,130.59375,20220300,131.4375,20211200,130.59375,20220300
2021-10-07 16:00:00,130.578125,20220300,131.421875,20211200,130.578125,20220300
2021-10-07 17:00:00,,20220300,131.4375,20211200,,20220300
2021-10-07 18:00:00,130.609375,20220300,131.390625,20211200,130.609375,20220300
2021-10-07 19:00:00,,20220300,131.375,20211200,,20220300
2021-10-07 20:00:00,130.53125,20220300,131.375,20211200,130.53125,20220300
2021-10-07 21:00:00,,20220300,131.34375,20211200,,20220300
2021-10-08 14:30:00,130.375,20220300,131.203125,20211200,130.375,20220300
2021-10-08 15:00:00,130.3125,20220300,131.15625,20211200,130.3125,20220300
2021-10-08 16:00:00,130.21875,20220300,131.15625,20211200,130.21875,20220300
2021-10-08 17:00:00,130.296875,20220300,131.171875,20211200,130.296875,20220300
2021-10-08 18:00:00,130.296875,20220300,131.203125,20211200,130.296875,20220300
2021-10-08 19:00:00,,20220300,131.15625,20211200,,20220300
2021-10-08 20:00:00,,20220300,131.140625,20211200,,20220300
2021-10-08 21:00:00,,20220300,131.09375,20211200,,20220300
2021-10-11 14:30:00,130.078125,20220300,130.953125,20211200,130.078125,20220300
2021-10-11 15:00:00,130.03125,20220300,130.90625,20211200,130.03125,20220300
2021-10-11 16:00:00,130.078125,20220300,130.9375,20211200,130.078125,20220300
2021-10-11 17:00:00,130.078125,20220300,130.875,20211200,130.078125,20220300
2021-10-11 18:00:00,130.03125,20220300,130.890625,20211200,130.03125,20220300
2021-10-11 19:00:00,130.0,20220300,130.84375,20211200,130.0,20220300
2021-10-11 20:00:00,129.9375,20220300,130.796875,20211200,129.9375,20220300
2021-10-11 21:00:00,,20220300,130.84375,20211200,,20220300
2021-10-12 14:30:00,130.21875,20220300,131.09375,20211200,130.21875,20220300
2021-10-12 15:00:00,130.28125,20220300,131.03125,20211200,130.28125,20220300
2021-10-12 16:00:00,130.125,20220300,130.984375,20211200,130.125,20220300
2021-10-12 17:00:00,130.15625,20220300,131.109375,20211200,130.15625,20220300
2021-10-12 18:00:00,130.234375,20220300,131.140625,20211200,130.234375,20220300
2021-10-12 19:00:00,130.25,20220300,131.140625,20211200,130.25,20220300
2021-10-12 20:00:00,130.359375,20220300,131.203125,20211200,130.359375,20220300
2021-10-12 21:00:00,,20220300,131.140625,20211200,,20220300
2021-10-13 14:30:00,130.5,20220300,131.375,20211200,130.5,20220300
2021-10-13 15:00:00,130.625,20220300,131.390625,20211200,130.625,20220300
2021-10-13 16:00:00,130.390625,20220300,131.234375,20211200,130.390625,20220300
2021-10-13 17:00:00,,20220300,131.171875,20211200,,20220300
2021-10-13 18:00:00,130.453125,20220300,131.296875,20211200,130.453125,20220300
2021-10-13 19:00:00,,20220300,131.265625,20211200,,20220300
2021-10-13 20:00:00,,20220300,131.3125,20211200,,20220300
2021-10-13 21:00:00,,20220300,131.328125,20211200,,20220300
2021-10-14 14:30:00,,20220300,131.421875,20211200,,20220300
2021-10-14 15:00:00,130.640625,20220300,131.453125,20211200,130.640625,20220300
2021-10-14 16:00:00,130.671875,20220300,131.53125,20211200,130.671875,20220300
2021-10-14 17:00:00,130.703125,20220300,131.5,20211200,130.703125,20220300
2021-10-14 18:00:00,130.609375,20220300,131.484375,20211200,130.609375,20220300
2021-10-14 19:00:00,130.671875,20220300,131.46875,20211200,130.671875,20220300
2021-10-14 20:00:00,,20220300,131.53125,20211200,,20220300
2021-10-14 21:00:00,130.703125,20220300,131.53125,20211200,130.703125,20220300
2021-10-15 14:30:00,,20220300,131.078125,20211200,,20220300
2021-10-15 15:00:00,130.375,20220300,131.203125,20211200,130.375,20220300
2021-10-15 16:00:00,,20220300,131.046875,20211200,,20220300
2021-10-15 17:00:00,,20220300,131.078125,20211200,,20220300
2021-10-15 18:00:00,130.21875,20220300,131.03125,20211200,130.21875,20220300
2021-10-15 19:00:00,,20220300,130.984375,20211200,,20220300
2021-10-15 20:00:00,130.109375,20220300,131.0,20211200,130.109375,20220300
2021-10-15 21:00:00,,20220300,130.953125,20211200,,20220300
2021-10-18 14:30:00,129.640625,20220300,130.65625,20211200,129.640625,20220300
2021-10-18 15:00:00,129.90625,20220300,130.75,20211200,129.90625,20220300
2021-10-18 16:00:00,129.859375,20220300,130.734375,20211200,129.859375,20220300
2021-10-18 17:00:00,,20220300,130.65625,20211200,,20220300
2021-10-18 18:00:00,129.8125,20220300,130.765625,20211200,129.8125,20220300
2021-10-18 19:00:00,,20220300,130.765625,20211200,,20220300
2021-10-18 20:00:00,129.921875,20220300,130.78125,20211200,129.921875,20220300
2021-10-18 21:00:00,129.78125,20220300,130.625,20211200,129.78125,20220300
2021-10-19 14:30:00,,20220300,130.703125,20211200,,20220300
2021-10-19 15:00:00,129.765625,20220300,130.640625,20211200,129.765625,20220300
2021-10-19 16:00:00,129.703125,20220300,130.578125,20211200,129.703125,20220300
2021-10-19 17:00:00,129.71875,20220300,130.5625,20211200,129.71875,20220300
2021-10-19 18:00:00,129.765625,20220300,130.578125,20211200,129.765625,20220300
2021-10-19 19:00:00,,20220300,130.578125,20211200,,20220300
2021-10-19 20:00:00,129.65625,20220300,130.515625,20211200,129.65625,20220300
2021-10-19 21:00:00,129.640625,20220300,130.515625,20211200,129.640625,20220300
2021-10-20 14:30:00,129.71875,20220300,130.59375,20211200,129.71875,20220300
2021-10-20 15:00:00,129.71875,20220300,130.53125,20211200,129.71875,20220300
2021-10-20 16:00:00,129.71875,20220300,130.609375,20211200,129.71875,20220300
2021-10-20 17:00:00,,20220300,130.671875,20211200,,20220300
2021-10-20 18:00:00,129.6875,20220300,130.609375,20211200,129.6875,20220300
2021-10-20 19:00:00,,20220300,130.625,20211200,,20220300
2021-10-20 20:00:00,,20220300,130.5625,20211200,,20220300
2021-10-20 21:00:00,129.65625,20220300,130.4375,20211200,129.65625,20220300
2021-10-21 14:30:00,129.453125,20220300,130.28125,20211200,129.453125,20220300
2021-10-21 15:00:00,129.375,20220300,130.234375,20211200,129.375,20220300
2021-10-21 16:00:00,129.453125,20220300,130.34375,20211200,129.453125,20220300
2021-10-21 17:00:00,129.375,20220300,130.265625,20211200,129.375,20220300
2021-10-21 18:00:00,129.328125,20220300,130.171875,20211200,129.328125,20220300
2021-10-21 19:00:00,129.28125,20220300,130.1875,20211200,129.28125,20220300
2021-10-21 20:00:00,129.28125,20220300,130.171875,20211200,129.28125,20220300
2021-10-21 21:00:00,129.25,20220300,129.96875,20211200,129.25,20220300
2021-10-22 14:30:00,129.34375,20220300,130.21875,20211200,129.34375,20220300
2021-10-22 15:00:00,129.453125,20220300,130.34375,20211200,129.453125,20220300
2021-10-22 16:00:00,129.5625,20220300,130.421875,20211200,129.5625,20220300
2021-10-22 17:00:00,129.5625,20220300,130.4375,20211200,129.5625,20220300
2021-10-22 18:00:00,129.4375,20220300,130.3125,20211200,129.4375,20220300
2021-10-22 19:00:00,129.421875,20220300,130.328125,20211200,129.421875,20220300
2021-10-22 20:00:00,129.5,20220300,130.421875,20211200,129.5,20220300
2021-10-22 21:00:00,129.625,20220300,130.484375,20211200,129.625,20220300
2021-10-25 14:30:00,129.765625,20220300,130.625,20211200,129.765625,20220300
2021-10-25 15:00:00,129.75,20220300,130.65625,20211200,129.75,20220300
2021-10-25 16:00:00,129.71875,20220300,130.609375,20211200,129.71875,20220300
2021-10-25 17:00:00,,20220300,130.625,20211200,,20220300
2021-10-25 18:00:00,129.703125,20220300,130.578125,20211200,129.703125,20220300
2021-10-25 19:00:00,129.71875,20220300,130.59375,20211200,129.71875,20220300
2021-10-25 20:00:00,129.6875,20220300,130.5625,20211200,129.6875,20220300
2021-10-25 21:00:00,129.703125,20220300,130.59375,20211200,129.703125,20220300
2021-10-26 14:30:00,129.640625,20220300,130.515625,20211200,129.640625,20220300
2021-10-26 15:00:00,129.5625,20220300,130.4375,20211200,129.5625,20220300
2021-10-26 16:00:00,129.609375,20220300,130.46875,20211200,129.609375,20220300
2021-10-26 17:00:00,129.703125,20220300,130.59375,20211200,129.703125,20220300
2021-10-26 18:00:00,129.734375,20220300,130.578125,20211200,129.734375,20220300
2021-10-26 19:00:00,129.734375,20220300,130.609375,20211200,129.734375,20220300
2021-10-26 20:00:00,129.734375,20220300,130.609375,20211200,129.734375,20220300
2021-10-26 21:00:00,129.78125,20220300,130.65625,20211200,129.78125,20220300
2021-10-27 14:30:00,130.140625,20220300,130.953125,20211200,130.140625,20220300
2021-10-27 15:00:00,129.9375,20220300,130.765625,20211200,129.9375,20220300
2021-10-27 16:00:00,130.03125,20220300,130.859375,20211200,130.03125,20220300
2021-10-27 17:00:00,130.125,20220300,130.96875,20211200,130.125,20220300
2021-10-27 18:00:00,130.34375,20220300,131.171875,20211200,130.34375,20220300
2021-10-27 19:00:00,130.3125,20220300,131.1875,20211200,130.3125,20220300
2021-10-27 20:00:00,130.21875,20220300,131.0625,20211200,130.21875,20220300
2021-10-27 21:00:00,130.1875,20220300,131.03125,20211200,130.1875,20220300
2021-10-28 14:30:00,130.0,20220300,130.796875,20211200,130.0,20220300
2021-10-28 15:00:00,130.03125,20220300,130.90625,20211200,130.03125,20220300
2021-10-28 16:00:00,130.125,20220300,130.859375,20211200,130.125,20220300
2021-10-28 17:00:00,,20220300,130.71875,20211200,,20220300
2021-10-28 18:00:00,129.828125,20220300,130.703125,20211200,129.828125,20220300
2021-10-28 19:00:00,129.890625,20220300,130.734375,20211200,129.890625,20220300
2021-10-28 20:00:00,129.890625,20220300,130.703125,20211200,129.890625,20220300
2021-10-28 21:00:00,129.8125,20220300,130.6875,20211200,129.8125,20220300
2021-10-29 14:30:00,129.46875,20220300,130.421875,20211200,129.46875,20220300
2021-10-29 15:00:00,129.796875,20220300,130.59375,20211200,129.796875,20220300
2021-10-29 16:00:00,129.78125,20220300,130.625,20211200,129.78125,20220300
2021-10-29 17:00:00,129.84375,20220300,130.65625,20211200,129.84375,20220300
2021-10-29 18:00:00,129.875,20220300,130.671875,20211200,129.875,20220300
2021-10-29 19:00:00,129.921875,20220300,130.734375,20211200,129.921875,20220300
2021-10-29 20:00:00,129.828125,20220300,130.671875,20211200,129.828125,20220300
2021-10-29 21:00:00,129.875,20220300,130.703125,20211200,129.875,20220300
2021-11-01 13:30:00,129.59375,20220300,130.421875,20211200,129.59375,20220300
2021-11-01 14:00:00,129.71875,20220300,130.53125,20211200,129.71875,20220300
2021-11-01 15:00:00,129.828125,20220300,130.609375,20211200,129.828125,20220300
2021-11-01 16:00:00,129.796875,20220300,130.5625,20211200,129.796875,20220300
2021-11-01 17:00:00,129.875,20220300,130.671875,20211200,129.875,20220300
2021-11-01 18:00:00,129.859375,20220300,130.640625,20211200,129.859375,20220300
2021-11-01 19:00:00,129.859375,20220300,130.640625,20211200,129.859375,20220300
2021-11-01 20:00:00,129.953125,20220300,130.75,20211200,129.953125,20220300
2021-11-02 13:30:00,130.09375,20220300,130.921875,20211200,130.09375,20220300
2021-11-02 14:00:00,130.171875,20220300,130.96875,20211200,130.171875,20220300
2021-11-02 15:00:00,130.265625,20220300,131.046875,20211200,130.265625,20220300
2021-11-02 16:00:00,130.171875,20220300,130.984375,20211200,130.171875,20220300
2021-11-02 17:00:00,130.203125,20220300,131.0,20211200,130.203125,20220300
2021-11-02 18:00:00,130.1875,20220300,130.984375,20211200,130.1875,20220300
2021-11-02 19:00:00,130.171875,20220300,131.0,20211200,130.171875,20220300
2021-11-02 20:00:00,130.203125,20220300,130.953125,20211200,130.203125,20220300
2021-11-03 13:30:00,130.140625,20220300,130.875,20211200,130.140625,20220300
2021-11-03 14:00:00,129.96875,20220300,130.765625,20211200,129.96875,20220300
2021-11-03 15:00:00,129.921875,20220300,130.75,20211200,129.921875,20220300
2021-11-03 16:00:00,129.9375,20220300,130.734375,20211200,129.9375,20220300
2021-11-03 17:00:00,129.796875,20220300,130.71875,20211200,129.796875,20220300
2021-11-03 18:00:00,129.953125,20220300,130.75,20211200,129.953125,20220300
2021-11-03 19:00:00,129.96875,20220300,130.78125,20211200,129.96875,20220300
2021-11-03 20:00:00,129.796875,20220300,130.59375,20211200,129.796875,20220300
2021-11-04 13:30:00,130.28125,20220300,131.078125,20211200,130.28125,20220300
2021-11-04 14:00:00,130.546875,20220300,131.34375,20211200,130.546875,20220300
2021-11-04 15:00:00,130.46875,20220300,131.25,20211200,130.46875,20220300
2021-11-04 16:00:00,130.40625,20220300,131.234375,20211200,130.40625,20220300
2021-11-04 17:00:00,130.578125,20220300,131.359375,20211200,130.578125,20220300
2021-11-04 18:00:00,130.484375,20220300,131.3125,20211200,130.484375,20220300
2021-11-04 19:00:00,130.53125,20220300,131.328125,20211200,130.53125,20220300
2021-11-04 20:00:00,130.4375,20220300,131.265625,20211200,130.4375,20220300
2021-11-05 13:30:00,130.75,20220300,131.5625,20211200,130.75,20220300
2021-11-05 14:00:00,130.890625,20220300,131.671875,20211200,130.890625,20220300
2021-11-05 15:00:00,131.0,20220300,131.78125,20211200,131.0,20220300
2021-11-05 16:00:00,131.0,20220300,131.796875,20211200,131.0,20220300
2021-11-05 17:00:00,130.96875,20220300,131.75,20211200,130.96875,20220300
2021-11-05 18:00:00,131.046875,20220300,131.8125,20211200,131.046875,20220300
2021-11-05 19:00:00,131.140625,20220300,131.921875,20211200,131.140625,20220300
2021-11-05 20:00:00,131.03125,20220300,131.828125,20211200,131.03125,20220300
2021-11-08 14:30:00,130.78125,20220300,131.5625,20211200,130.78125,20220300
2021-11-08 15:00:00,130.640625,20220300,131.453125,20211200,130.640625,20220300
2021-11-08 16:00:00,130.65625,20220300,131.453125,20211200,130.65625,20220300
2021-11-08 17:00:00,130.546875,20220300,131.3125,20211200,130.546875,20220300
2021-11-08 18:00:00,130.59375,20220300,131.390625,20211200,130.59375,20220300
2021-11-08 19:00:00,130.5625,20220300,131.328125,20211200,130.5625,20220300
2021-11-08 20:00:00,130.5,20220300,131.265625,20211200,130.5,20220300
2021-11-08 21:00:00,130.53125,20220300,131.328125,20211200,130.53125,20220300
2021-11-09 14:30:00,131.03125,20220300,131.78125,20211200,131.03125,20220300
2021-11-09 15:00:00,130.921875,20220300,131.703125,20211200,130.921875,20220300
2021-11-09 16:00:00,131.0625,20220300,131.8125,20211200,131.0625,20220300
2021-11-09 17:00:00,131.140625,20220300,131.921875,20211200,131.140625,20220300
2021-11-09 18:00:00,131.09375,20220300,131.875,20211200,131.09375,20220300
2021-11-09 19:00:00,131.0625,20220300,131.8125,20211200,131.0625,20220300
2021-11-09 20:00:00,131.015625,20220300,131.765625,20211200,131.015625,20220300
2021-11-09 21:00:00,130.96875,20220300,131.75,20211200,130.96875,20220300
2021-11-10 14:30:00,130.40625,20220300,131.15625,20211200,130.40625,20220300
2021-11-10 15:00:00,130.265625,20220300,131.046875,20211200,130.265625,20220300
2021-11-10 16:00:00,130.234375,20220300,131.015625,20211200,130.234375,20220300
2021-11-10 17:00:00,130.109375,20220300,130.875,20211200,130.109375,20220300
2021-11-10 18:00:00,130.09375,20220300,130.890625,20211200,130.09375,20220300
2021-11-10 19:00:00,130.0,20220300,130.84375,20211200,130.0,20220300
2021-11-10 20:00:00,129.890625,20220300,130.671875,20211200,129.890625,20220300
2021-11-10 21:00:00,129.921875,20220300,130.75,20211200,129.921875,20220300
2021-11-11 14:30:00,129.78125,20220300,130.578125,20211200,129.78125,20220300
2021-11-11 15:00:00,129.75,20220300,130.546875,20211200,129.75,20220300
2021-11-11 16:00:00,129.71875,20220300,130.515625,20211200,129.71875,20220300
2021-11-11 17:00:00,129.703125,20220300,130.453125,20211200,129.703125,20220300
2021-11-11 18:00:00,129.59375,20220300,130.40625,20211200,129.59375,20220300
2021-11-11 19:00:00,129.59375,20220300,130.390625,20211200,129.59375,20220300
2021-11-11 20:00:00,129.484375,20220300,130.3125,20211200,129.484375,20220300
2021-11-11 21:00:00,129.578125,20220300,130.359375,20211200,129.578125,20220300
2021-11-12 14:30:00,129.734375,20220300,130.53125,20211200,129.734375,20220300
2021-11-12 15:00:00,129.890625,20220300,130.6875,20211200,129.890625,20220300
2021-11-12 16:00:00,129.796875,20220300,130.625,20211200,129.796875,20220300
2021-11-12 17:00:00,129.78125,20220300,130.5625,20211200,129.78125,20220300
2021-11-12 18:00:00,129.765625,20220300,130.578125,20211200,129.765625,20220300
2021-11-12 19:00:00,129.734375,20220300,130.546875,20211200,129.734375,20220300
2021-11-12 20:00:00,129.75,20220300,130.59375,20211200,129.75,20220300
2021-11-12 21:00:00,129.84375,20220300,130.671875,20211200,129.84375,20220300
2021-11-15 14:30:00,129.609375,20220300,130.4375,20211200,129.609375,20220300
2021-11-15 15:00:00,129.609375,20220300,130.4375,20211200,129.609375,20220300
2021-11-15 16:00:00,129.484375,20220300,130.328125,20211200,129.484375,20220300
2021-11-15 17:00:00,129.484375,20220300,130.296875,20211200,129.484375,20220300
2021-11-15 18:00:00,129.53125,20220300,130.359375,20211200,129.53125,20220300
2021-11-15 19:00:00,129.5,20220300,130.3125,20211200,129.5,20220300
2021-11-15 20:00:00,129.4375,20220300,130.28125,20211200,129.4375,20220300
2021-11-15 21:00:00,129.5,20220300,130.328125,20211200,129.5,20220300
2021-11-16 14:30:00,129.40625,20220300,130.21875,20211200,129.40625,20220300
2021-11-16 15:00:00,129.5,20220300,130.296875,20211200,129.5,20220300
2021-11-16 16:00:00,129.421875,20220300,130.21875,20211200,129.421875,20220300
2021-11-16 17:00:00,129.359375,20220300,130.171875,20211200,129.359375,20220300
2021-11-16 18:00:00,129.390625,20220300,130.203125,20211200,129.390625,20220300
2021-11-16 19:00:00,129.328125,20220300,130.171875,20211200,129.328125,20220300
2021-11-16 20:00:00,129.359375,20220300,130.1875,20211200,129.359375,20220300
2021-11-16 21:00:00,129.359375,20220300,130.171875,20211200,129.359375,20220300
2021-11-17 14:30:00,129.46875,20220300,130.28125,20211200,129.46875,20220300
2021-11-17 15:00:00,129.5,20220300,130.3125,20211200,129.5,20220300
2021-11-17 16:00:00,129.578125,20220300,130.390625,20211200,129.578125,20220300
2021-11-17 17:00:00,129.578125,20220300,130.390625,20211200,129.578125,20220300
2021-11-17 18:00:00,129.65625,20220300,130.46875,20211200,129.65625,20220300
2021-11-17 19:00:00,129.671875,20220300,130.453125,20211200,129.671875,20220300
2021-11-17 20:00:00,129.625,20220300,130.4375,20211200,129.625,20220300
2021-11-17 21:00:00,129.703125,20220300,130.515625,20211200,129.703125,20220300
2021-11-18 14:30:00,129.734375,20220300,130.515625,20211200,129.734375,20220300
2021-11-18 15:00:00,129.8125,20220300,130.625,20211200,129.8125,20220300
2021-11-18 16:00:00,129.859375,20220300,130.65625,20211200,129.859375,20220300
2021-11-18 17:00:00,129.8125,20220300,130.625,20211200,129.8125,20220300
2021-11-18 18:00:00,129.828125,20220300,130.625,20211200,129.828125,20220300
2021-11-18 19:00:00,129.796875,20220300,130.578125,20211200,129.796875,20220300
2021-11-18 20:00:00,129.859375,20220300,130.640625,20211200,129.859375,20220300
2021-11-18 21:00:00,129.765625,20220300,130.59375,20211200,129.765625,20220300
2021-11-19 14:30:00,130.296875,20220300,131.09375,20211200,130.296875,20220300
2021-11-19 15:00:00,130.265625,20220300,131.046875,20211200,130.265625,20220300
2021-11-19 16:00:00,130.234375,20220300,131.015625,20211200,130.234375,20220300
2021-11-19 17:00:00,130.046875,20220300,130.84375,20211200,130.046875,20220300
2021-11-19 18:00:00,130.140625,20220300,130.90625,20211200,130.140625,20220300
2021-11-19 19:00:00,130.109375,20220300,130.890625,20211200,130.109375,20220300
2021-11-19 20:00:00,130.0625,20220300,130.84375,20211200,130.0625,20220300
2021-11-19 21:00:00,129.96875,20220300,130.734375,20211200,129.96875,20220300
2021-11-22 14:30:00,129.5625,20220300,130.359375,20211200,129.5625,20220300
2021-11-22 15:00:00,129.53125,20220300,130.34375,20211200,129.53125,20220300
2021-11-22 16:00:00,129.46875,20220300,130.28125,20211200,129.46875,20220300
2021-11-22 17:00:00,129.390625,20220300,130.1875,20211200,129.390625,20220300
2021-11-22 18:00:00,129.25,20220300,130.078125,20211200,129.25,20220300
2021-11-22 19:00:00,129.1875,20220300,130.0,20211200,129.1875,20220300
2021-11-22 20:00:00,129.1875,20220300,130.015625,20211200,129.1875,20220300
2021-11-22 21:00:00,129.171875,20220300,129.96875,20211200,129.171875,20220300
2021-11-23 14:30:00,128.96875,20220300,129.78125,20211200,128.96875,20220300
2021-11-23 15:00:00,129.0625,20220300,129.859375,20211200,129.0625,20220300
2021-11-23 16:00:00,128.9375,20220300,129.75,20211200,128.9375,20220300
2021-11-23 17:00:00,128.890625,20220300,129.6875,20211200,128.890625,20220300
2021-11-23 18:00:00,128.96875,20220300,129.78125,20211200,128.96875,20220300
2021-11-23 19:00:00,128.96875,20220300,129.78125,20211200,128.96875,20220300
2021-11-23 20:00:00,128.984375,20220300,129.796875,20211200,128.984375,20220300
2021-11-23 21:00:00,128.96875,20220300,129.765625,20211200,128.96875,20220300
2021-11-24 14:30:00,128.8125,20220300,129.625,20211200,128.8125,20220300
2021-11-24 15:00:00,128.953125,20220300,129.75,20211200,128.953125,20220300
2021-11-24 16:00:00,129.0625,20220300,129.859375,20211200,129.0625,20220300
2021-11-24 17:00:00,129.015625,20220300,129.8125,20211200,129.015625,20220300
2021-11-24 18:00:00,128.9375,20220300,129.75,20211200,128.9375,20220300
2021-11-24 19:00:00,129.03125,20220300,129.8125,20211200,129.03125,20220300
2021-11-24 20:00:00,129.0625,20220300,129.84375,20211200,129.0625,20220300
2021-11-24 20:00:01,,20220600,129.0625,20220300,,20220600
2021-11-24 21:00:00,,20220600,129.0625,20220300,,20220600
2021-11-24 23:00:00,128.671875,20220600,129.046875,20220300,128.671875,20220600
2021-11-26 14:30:00,,20220600,130.328125,20220300,,20220600
2021-11-26 15:00:00,,20220600,130.4375,20220300,,20220600
2021-11-26 16:00:00,,20220600,130.328125,20220300,,20220600
2021-11-26 17:00:00,130.25,20220600,130.453125,20220300,130.25,20220600
2021-11-26 18:00:00,,20220600,130.484375,20220300,,20220600
2021-11-26 23:00:00,130.0625,20220600,,20220300,130.0625,20220600
2021-11-29 14:30:00,,20220600,130.0,20220300,,20220600
2021-11-29 15:00:00,,20220600,130.328125,20220300,,20220600
2021-11-29 16:00:00,,20220600,130.359375,20220300,,20220600
2021-11-29 17:00:00,,20220600,130.203125,20220300,,20220600
2021-11-29 18:00:00,,20220600,130.234375,20220300,,20220600
2021-11-29 19:00:00,,20220600,130.296875,20220300,,20220600
2021-11-29 20:00:00,,20220600,130.359375,20220300,,20220600
2021-11-29 21:00:00,130.0,20220600,130.515625,20220300,130.0,20220600
2021-11-29 23:00:00,129.90625,20220600,130.28125,20220300,129.90625,20220600
2021-11-30 14:30:00,,20220600,131.046875,20220300,,20220600
2021-11-30 15:00:00,130.1875,20220600,130.5625,20220300,130.1875,20220600
2021-11-30 16:00:00,,20220600,130.71875,20220300,,20220600
2021-11-30 17:00:00,,20220600,130.734375,20220300,,20220600
2021-11-30 18:00:00,,20220600,130.796875,20220300,,20220600
2021-11-30 19:00:00,,20220600,130.828125,20220300,,20220600
2021-11-30 20:00:00,,20220600,130.8125,20220300,,20220600
